SAMPID,SUBJID,AGE_MID,PRED_AGE,AGE_GAP,SMTSD,ROUTE
GTEX-1I1GR-0011-R11a-SM-CM2T5,GTEX-1I1GR,65.0,62.2766,-2.723399999999998,Brain - Cerebellar Hemisphere,neural
GTEX-ZT9W-2226-SM-57WFU,GTEX-ZT9W,55.0,41.33223,-13.667769999999997,Testis,non_neural
GTEX-11DYG-1226-SM-5N9DC,GTEX-11DYG,65.0,60.34977,-4.6502300000000005,Artery - Aorta,non_neural
GTEX-11DZ1-0011-R7a-SM-DNZZH,GTEX-11DZ1,55.0,56.47503,1.4750299999999967,Brain - Putamen (basal ganglia),neural
GTEX-17HII-0226-SM-7LG4E,GTEX-17HII,55.0,56.697235,1.6972349999999992,Skin - Sun Exposed (Lower leg),non_neural
GTEX-1JJEA-0011-R6a-SM-EXUS1,GTEX-1JJEA,65.0,61.945274,-3.0547260000000023,Brain - Nucleus accumbens (basal ganglia),neural
GTEX-12WSJ-1726-SM-5LZVV,GTEX-12WSJ,45.0,52.420105,7.4201049999999995,Muscle - Skeletal,non_neural
GTEX-1H2FU-0011-R5b-SM-CL552,GTEX-1H2FU,65.0,55.56765,-9.43235,Brain - Caudate (basal ganglia),neural
GTEX-111VG-2626-SM-5GZY2,GTEX-111VG,65.0,66.26738,1.2673800000000028,Muscle - Skeletal,non_neural
GTEX-POYW-0526-SM-2XCEY,GTEX-POYW,65.0,59.249096,-5.7509039999999985,Muscle - Skeletal,non_neural
GTEX-1HSMO-1226-SM-CL548,GTEX-1HSMO,65.0,56.735733,-8.264266999999997,Heart - Left Ventricle,non_neural
GTEX-1B932-0005-SM-9KNTP,GTEX-1B932,45.0,46.261444,1.2614439999999973,Whole Blood,non_neural
GTEX-13QJC-0011-R9b-SM-5PNX3,GTEX-13QJC,65.0,64.12874,-0.8712600000000066,Brain - Spinal cord (cervical c-1),neural
GTEX-1B8SF-0826-SM-73KW8,GTEX-1B8SF,65.0,57.000004,-7.999996000000003,Lung,non_neural
GTEX-P4QT-0008-SM-48TDZ,GTEX-P4QT,55.0,68.26547,13.265469999999993,Cells - Cultured fibroblasts,non_neural
GTEX-1C475-0526-SM-793AC,GTEX-1C475,45.0,44.812077,-0.18792299999999784,Vagina,non_neural
GTEX-N7MS-1926-SM-HPAFN,GTEX-N7MS,65.0,71.345,6.344999999999999,Stomach,non_neural
GTEX-1J8Q3-2126-SM-ARU8O,GTEX-1J8Q3,65.0,49.7413,-15.258699999999997,Esophagus - Gastroesophageal Junction,non_neural
GTEX-1EN7A-0008-SM-EY5XP,GTEX-1EN7A,45.0,50.792885,5.792884999999998,Cells - Cultured fibroblasts,non_neural
GTEX-11LCK-0526-SM-5A5M9,GTEX-11LCK,35.0,44.85806,9.858060000000002,Thyroid,non_neural
GTEX-WRHK-1126-SM-4MVOJ,GTEX-WRHK,25.0,24.052677,-0.9473230000000008,Colon - Sigmoid,non_neural
GTEX-14PJN-0526-SM-68724,GTEX-14PJN,35.0,37.589455,2.589455000000001,Esophagus - Mucosa,non_neural
GTEX-13FHO-0011-R4b-SM-H6611,GTEX-13FHO,65.0,64.29709,-0.7029100000000028,Brain - Amygdala,neural
GTEX-18465-1026-SM-7PC23,GTEX-18465,55.0,55.74958,0.7495800000000017,Artery - Aorta,non_neural
GTEX-1R9PN-1026-SM-DTX87,GTEX-1R9PN,45.0,41.88884,-3.111159999999998,Esophagus - Muscularis,non_neural
GTEX-15RJE-0011-R4a-SM-H7OH4,GTEX-15RJE,45.0,39.707043,-5.292957000000001,Brain - Amygdala,neural
GTEX-1GL5R-0726-SM-9MQL5,GTEX-1GL5R,55.0,64.911575,9.911575,Adipose - Visceral (Omentum),non_neural
GTEX-1KXAM-0726-SM-E9U5I,GTEX-1KXAM,65.0,58.25602,-6.7439800000000005,Esophagus - Gastroesophageal Junction,non_neural
GTEX-16MT8-1626-SM-7EWDW,GTEX-16MT8,65.0,62.973167,-2.0268330000000034,Adrenal Gland,non_neural
GTEX-1S3DN-2226-SM-EVYCD,GTEX-1S3DN,55.0,49.00624,-5.993760000000002,Skin - Sun Exposed (Lower leg),non_neural
GTEX-1R46S-1426-SM-EXOJD,GTEX-1R46S,65.0,56.17352,-8.826479999999997,Pancreas,non_neural
GTEX-1S83E-2126-SM-EWRO6,GTEX-1S83E,45.0,44.051052,-0.9489480000000015,Muscle - Skeletal,non_neural
GTEX-1I4MK-0006-SM-A96RI,GTEX-1I4MK,55.0,51.390514,-3.609485999999997,Whole Blood,non_neural
GTEX-13CF2-0006-SM-5O99L,GTEX-13CF2,65.0,57.533485,-7.466515000000001,Whole Blood,non_neural
GTEX-1ICG6-1025-A-SM-H661L,GTEX-1ICG6,75.0,69.59132,-5.408680000000004,Liver - Mixed Cell,non_neural
GTEX-U8XE-0126-SM-4E3I3,GTEX-U8XE,35.0,44.443146,9.443145999999999,Testis,non_neural
GTEX-1K9T9-0926-SM-D3L9C,GTEX-1K9T9,55.0,55.136658,0.13665799999999706,Lung,non_neural
GTEX-1I6K6-0426-SM-CM2TN,GTEX-1I6K6,35.0,24.363415,-10.636585,Nerve - Tibial,neural
GTEX-1F48J-1026-SM-7P8SO,GTEX-1F48J,55.0,56.24048,1.240479999999998,Heart - Left Ventricle,non_neural
GTEX-11OF3-0003-SM-G8W6C,GTEX-11OF3,65.0,63.748737,-1.2512630000000016,Cells - EBV-transformed lymphocytes,non_neural
GTEX-1QAET-1226-SM-DTX9I,GTEX-1QAET,55.0,49.28353,-5.716470000000001,Adipose - Visceral (Omentum),non_neural
GTEX-ZZPT-0926-SM-5GICZ,GTEX-ZZPT,55.0,62.824432,7.824432000000002,Heart - Atrial Appendage,non_neural
GTEX-1EMGI-0011-R1b-SM-9OSWZ,GTEX-1EMGI,65.0,65.465935,0.46593500000000176,Brain - Hippocampus,neural
GTEX-1PWST-0011-R6a-SM-F341Z,GTEX-1PWST,75.0,75.99569,0.9956899999999962,Brain - Nucleus accumbens (basal ganglia),neural
GTEX-1HSGN-0726-SM-A9G2F,GTEX-1HSGN,45.0,49.197327,4.197327000000001,Thyroid,non_neural
GTEX-1GF9W-1426-SM-7PBYM,GTEX-1GF9W,65.0,59.991714,-5.008285999999998,Skin - Not Sun Exposed (Suprapubic),non_neural
GTEX-147F3-0226-SM-5NQBV,GTEX-147F3,55.0,51.33922,-3.6607800000000026,Muscle - Skeletal,non_neural
GTEX-WYJK-2326-SM-4ONDN,GTEX-WYJK,55.0,49.736847,-5.263153000000003,Colon - Sigmoid,non_neural
GTEX-ZTX8-0626-SM-59HKC,GTEX-ZTX8,25.0,31.997349,6.997349,Thyroid,non_neural
GTEX-T6MO-0226-SM-32QOL,GTEX-T6MO,45.0,50.146313,5.146312999999999,Thyroid,non_neural
GTEX-S32W-0326-SM-2XCBI,GTEX-S32W,55.0,54.06012,-0.9398800000000023,Lung,non_neural
GTEX-XGQ4-0326-SM-4GIEE,GTEX-XGQ4,55.0,53.686176,-1.3138239999999968,Heart - Left Ventricle,non_neural
GTEX-ZTX8-0326-SM-59HLA,GTEX-ZTX8,25.0,33.52031,8.520310000000002,Esophagus - Muscularis,non_neural
GTEX-13NYS-0426-SM-5MR4X,GTEX-13NYS,65.0,60.784233,-4.215767,Nerve - Tibial,neural
GTEX-1EH9U-0326-SM-7P8S2,GTEX-1EH9U,65.0,55.535744,-9.464255999999999,Muscle - Skeletal,non_neural
GTEX-N7MT-0126-SM-2D7VT,GTEX-N7MT,65.0,54.475918,-10.524082,Lung,non_neural
GTEX-U4B1-0226-SM-G8W7X,GTEX-U4B1,45.0,51.072044,6.072043999999998,Artery - Coronary,non_neural
GTEX-11NSD-1726-SM-5N9C3,GTEX-11NSD,25.0,30.453588,5.453588,Small Intestine - Terminal Ileum,non_neural
GTEX-13O3P-0326-SM-5K7VM,GTEX-13O3P,55.0,57.630566,2.6305660000000017,Nerve - Tibial,neural
GTEX-1KD4Q-0011-R5a-SM-EY5Y8,GTEX-1KD4Q,45.0,47.783863,2.7838629999999966,Brain - Caudate (basal ganglia),neural
GTEX-11NSD-0008-SM-5Q5BC,GTEX-11NSD,25.0,38.963757,13.963757000000001,Cells - Cultured fibroblasts,non_neural
GTEX-1GPI6-0005-SM-ADEGT,GTEX-1GPI6,65.0,54.194386,-10.805613999999998,Whole Blood,non_neural
GTEX-YEC4-0001-SM-4W1Y6,GTEX-YEC4,45.0,42.38302,-2.616979999999998,Whole Blood,non_neural
GTEX-11GS4-0011-R6a-SM-GINAG,GTEX-11GS4,65.0,64.05393,-0.946070000000006,Brain - Nucleus accumbens (basal ganglia),neural
GTEX-1I6K7-0926-SM-A96SV,GTEX-1I6K7,45.0,51.603672,6.603672000000003,Minor Salivary Gland,non_neural
GTEX-133LE-0726-SM-5P9IZ,GTEX-133LE,25.0,27.809834,2.8098339999999986,Esophagus - Muscularis,non_neural
GTEX-12WSC-1326-SM-HAV1G,GTEX-12WSC,55.0,58.597054,3.597054,Esophagus - Mucosa,non_neural
GTEX-11I78-0526-SM-5986A,GTEX-11I78,55.0,45.695477,-9.304523000000003,Thyroid,non_neural
GTEX-PVOW-0011-R4A-SM-H6Q8O,GTEX-PVOW,45.0,46.789555,1.789555,Brain - Amygdala,neural
GTEX-15ETS-0126-SM-7KUMW,GTEX-15ETS,45.0,42.326263,-2.6737370000000027,Skin - Sun Exposed (Lower leg),non_neural
GTEX-1J1OQ-0006-SM-HK78Y,GTEX-1J1OQ,45.0,62.385063,17.385063000000002,Whole Blood,non_neural
GTEX-145MH-1426-SM-5QGPO,GTEX-145MH,55.0,64.53611,9.536109999999994,Nerve - Tibial,neural
GTEX-OOBK-0625-SM-3LK5P,GTEX-OOBK,45.0,50.31241,5.31241,Esophagus - Mucosa,non_neural
GTEX-QDVJ-1126-SM-48U1U,GTEX-QDVJ,55.0,55.085842,0.08584199999999953,Adrenal Gland,non_neural
GTEX-ZG7Y-0926-SM-5EQ6O,GTEX-ZG7Y,55.0,59.63659,4.636589999999998,Heart - Left Ventricle,non_neural
GTEX-18A67-0926-SM-7LG5Y,GTEX-18A67,55.0,57.791,2.790999999999997,Artery - Aorta,non_neural
GTEX-146FQ-0426-SM-5NQBA,GTEX-146FQ,35.0,48.605,13.604999999999997,Nerve - Tibial,neural
GTEX-14JG1-1926-SM-HM8T7,GTEX-14JG1,45.0,61.054874,16.054873999999998,Esophagus - Mucosa,non_neural
GTEX-ZVT3-1326-SM-59HL7,GTEX-ZVT3,65.0,71.19086,6.190860000000001,Artery - Aorta,non_neural
GTEX-13S7M-0426-SM-5S2US,GTEX-13S7M,65.0,65.823494,0.8234939999999966,Nerve - Tibial,neural
GTEX-1HUB1-0426-SM-E9U4U,GTEX-1HUB1,65.0,68.359795,3.3597950000000054,Skin - Sun Exposed (Lower leg),non_neural
GTEX-1N5O9-1226-SM-HAUYN,GTEX-1N5O9,65.0,53.458733,-11.541266999999998,Lung,non_neural
GTEX-13FH7-0008-SM-5ZZUJ,GTEX-13FH7,55.0,52.10607,-2.8939299999999974,Cells - Cultured fibroblasts,non_neural
GTEX-1LH75-0011-R5b-SM-F2TAO,GTEX-1LH75,55.0,56.260765,1.2607649999999992,Brain - Caudate (basal ganglia),neural
GTEX-1B996-0011-R5a-SM-7P8PN,GTEX-1B996,65.0,63.373318,-1.6266820000000024,Brain - Caudate (basal ganglia),neural
GTEX-Y3IK-2626-SM-4WWDK,GTEX-Y3IK,55.0,52.399063,-2.600937000000002,Muscle - Skeletal,non_neural
GTEX-WFG7-0926-SM-4LMK7,GTEX-WFG7,25.0,26.257488,1.2574879999999986,Artery - Aorta,non_neural
GTEX-146FR-1526-SM-5MR89,GTEX-146FR,65.0,61.65802,-3.3419799999999995,Adrenal Gland,non_neural
GTEX-1PIGE-1426-SM-E9U61,GTEX-1PIGE,25.0,25.722641,0.7226409999999994,Colon - Transverse,non_neural
GTEX-TMMY-0008-SM-4DXU3,GTEX-TMMY,45.0,47.25565,2.255650000000003,Cells - Cultured fibroblasts,non_neural
GTEX-ZYY3-1726-SM-5EGH3,GTEX-ZYY3,65.0,60.004543,-4.995457000000002,Stomach,non_neural
GTEX-1R9K4-0011-R11a-SM-EZ6N9,GTEX-1R9K4,65.0,66.29633,1.2963299999999975,Brain - Cerebellar Hemisphere,neural
GTEX-S32W-2326-SM-2XCAW,GTEX-S32W,55.0,63.82167,8.821669999999997,Muscle - Skeletal,non_neural
GTEX-15UKP-2026-SM-6LPIC,GTEX-15UKP,25.0,35.54505,10.545050000000003,Esophagus - Muscularis,non_neural
GTEX-1PPGY-1426-SM-EVR3R,GTEX-1PPGY,65.0,61.534916,-3.4650839999999974,Thyroid,non_neural
GTEX-Y111-0526-SM-4TT3M,GTEX-Y111,55.0,57.01599,2.015990000000002,Nerve - Tibial,neural
GTEX-1GMR8-2026-SM-7RHI8,GTEX-1GMR8,55.0,51.59004,-3.409959999999998,Esophagus - Muscularis,non_neural
GTEX-11DXZ-2526-SM-5N9BG,GTEX-11DXZ,55.0,38.51257,-16.487430000000003,Nerve - Tibial,neural
GTEX-1J1R8-0126-SM-CJI36,GTEX-1J1R8,45.0,52.869232,7.869231999999997,Thyroid,non_neural
GTEX-Y3I4-1626-SM-4TT7W,GTEX-Y3I4,55.0,57.372997,2.372996999999998,Stomach,non_neural
GTEX-XYKS-0226-SM-4BRW3,GTEX-XYKS,65.0,54.486427,-10.513573000000001,Heart - Atrial Appendage,non_neural
GTEX-O5YW-0426-SM-3MJHJ,GTEX-O5YW,55.0,50.464348,-4.535651999999999,Artery - Aorta,non_neural
GTEX-OHPM-1426-SM-3TW8Y,GTEX-OHPM,55.0,57.982674,2.982674000000003,Colon - Transverse,non_neural
GTEX-XYKS-0002-SM-4BRWN,GTEX-XYKS,65.0,41.34358,-23.656419999999997,Cells - EBV-transformed lymphocytes,non_neural
GTEX-1HSMO-0011-R9b-SM-CM2T2,GTEX-1HSMO,65.0,64.97675,-0.023250000000004434,Brain - Spinal cord (cervical c-1),neural
GTEX-16GPK-2526-SM-GQ1DH,GTEX-16GPK,65.0,61.46242,-3.5375799999999984,Colon - Sigmoid,non_neural
GTEX-QLQW-0126-SM-447BK,GTEX-QLQW,35.0,47.103775,12.103774999999999,Spleen,non_neural
GTEX-Q2AG-0011-R4A-SM-2HMKA,GTEX-Q2AG,45.0,47.262955,2.262954999999998,Brain - Amygdala,neural
GTEX-YEC3-1326-SM-DO92X,GTEX-YEC3,55.0,55.039314,0.03931399999999741,Skin - Not Sun Exposed (Suprapubic),non_neural
GTEX-RWSA-0526-SM-2XCBC,GTEX-RWSA,45.0,45.70069,0.7006900000000016,Artery - Tibial,non_neural
GTEX-1GF9W-0011-R10a-SM-9OSXH,GTEX-1GF9W,65.0,59.24649,-5.753509999999999,Brain - Frontal Cortex (BA9),neural
GTEX-1R46S-0626-SM-E9J41,GTEX-1R46S,65.0,65.202286,0.20228600000000085,Skin - Sun Exposed (Lower leg),non_neural
GTEX-ZAJG-3026-SM-5HL92,GTEX-ZAJG,55.0,55.21724,0.21723999999999677,Brain - Cerebellum,neural
GTEX-1JMLX-2026-SM-CMKGN,GTEX-1JMLX,55.0,57.19548,2.1954800000000034,Breast - Mammary Tissue,non_neural
GTEX-14PJO-0011-R11a-SM-H6Q8D,GTEX-14PJO,65.0,68.92646,3.926460000000006,Brain - Cerebellar Hemisphere,neural
GTEX-111CU-0005-SM-GJ3PH,GTEX-111CU,55.0,46.20985,-8.790149999999997,Whole Blood,non_neural
GTEX-17F9E-2526-SM-7MGW2,GTEX-17F9E,55.0,52.569817,-2.4301829999999995,Breast - Mammary Tissue,non_neural
GTEX-1KD4Q-0326-SM-E9TJA,GTEX-1KD4Q,45.0,56.370667,11.370666999999997,Muscle - Skeletal,non_neural
GTEX-12WSA-0426-SM-5EQ5X,GTEX-12WSA,65.0,65.188675,0.18867500000000348,Skin - Not Sun Exposed (Suprapubic),non_neural
GTEX-13VXU-0226-SM-5MR6S,GTEX-13VXU,55.0,57.89681,2.896810000000002,Adipose - Subcutaneous,non_neural
GTEX-XPT6-0626-SM-H7OGC,GTEX-XPT6,25.0,27.206345,2.206344999999999,Esophagus - Muscularis,non_neural
GTEX-11GSP-0426-SM-5A5KX,GTEX-11GSP,65.0,58.41809,-6.581910000000001,Pancreas,non_neural
GTEX-1O9I2-0926-SM-GPI8X,GTEX-1O9I2,55.0,65.16588,10.165880000000001,Heart - Atrial Appendage,non_neural
GTEX-XUZC-0426-SM-4BOPE,GTEX-XUZC,35.0,36.400494,1.400494000000002,Esophagus - Mucosa,non_neural
GTEX-132AR-0526-SM-5J2MJ,GTEX-132AR,55.0,61.00032,6.000320000000002,Adipose - Visceral (Omentum),non_neural
GTEX-QVJO-0011-R9A-SM-2S1QH,GTEX-QVJO,65.0,72.38796,7.387960000000007,Brain - Spinal cord (cervical c-1),neural
GTEX-11UD2-0008-SM-5S2P7,GTEX-11UD2,55.0,67.6643,12.664299999999997,Cells - Cultured fibroblasts,non_neural
GTEX-11WQK-0005-SM-5O9AV,GTEX-11WQK,55.0,46.430595,-8.569405000000003,Whole Blood,non_neural
GTEX-12C56-0526-SM-5FQST,GTEX-12C56,25.0,27.615051,2.615051000000001,Stomach,non_neural
GTEX-1PBJJ-1426-SM-G8OMZ,GTEX-1PBJJ,35.0,38.102715,3.1027150000000034,Breast - Mammary Tissue,non_neural
GTEX-1QP2A-1726-SM-E76QC,GTEX-1QP2A,55.0,57.86179,2.861789999999999,Skin - Not Sun Exposed (Suprapubic),non_neural
GTEX-1R9PN-0006-SM-DTX7L,GTEX-1R9PN,45.0,37.734848,-7.2651520000000005,Whole Blood,non_neural
GTEX-1HBPN-0226-SM-9YFM1,GTEX-1HBPN,55.0,53.31351,-1.6864899999999992,Skin - Sun Exposed (Lower leg),non_neural
GTEX-1QP66-1626-SM-E76PC,GTEX-1QP66,55.0,42.013123,-12.986877,Muscle - Skeletal,non_neural
GTEX-ZF3C-1326-SM-5A5MF,GTEX-ZF3C,55.0,62.404884,7.404884000000003,Artery - Coronary,non_neural
GTEX-1MUQO-2326-SM-HK78O,GTEX-1MUQO,65.0,53.836624,-11.163376,Adrenal Gland,non_neural
GTEX-111CU-1826-SM-5GZYN,GTEX-111CU,55.0,46.431416,-8.568584000000001,Adipose - Subcutaneous,non_neural
GTEX-11DXX-2626-SM-5Q5A3,GTEX-11DXX,65.0,66.513,1.5130000000000052,Artery - Tibial,non_neural
GTEX-1GF9W-2626-SM-7P8TA,GTEX-1GF9W,65.0,64.4343,-0.5657000000000068,Brain - Cortex,neural
GTEX-1MGNQ-0726-SM-DPRYH,GTEX-1MGNQ,45.0,46.61602,1.616019999999999,Thyroid,non_neural
GTEX-1C64N-0011-R1b-SM-7P8Q7,GTEX-1C64N,55.0,51.759216,-3.240783999999998,Brain - Hippocampus,neural
GTEX-ZZPU-2326-SM-GOQYU,GTEX-ZZPU,55.0,50.926376,-4.073624000000002,Nerve - Tibial,neural
GTEX-1J1OQ-1726-SM-CL55N,GTEX-1J1OQ,45.0,53.28322,8.28322,Uterus,non_neural
GTEX-1J1OQ-0226-SM-CYPSH,GTEX-1J1OQ,45.0,47.97704,2.9770400000000024,Skin - Sun Exposed (Lower leg),non_neural
GTEX-1CB4I-0006-SM-A96RF,GTEX-1CB4I,55.0,41.227142,-13.772858,Whole Blood,non_neural
GTEX-11EM3-0005-SM-5N9DK,GTEX-11EM3,25.0,42.041103,17.041103,Whole Blood,non_neural
GTEX-1KD4Q-0226-SM-E9TJ9,GTEX-1KD4Q,45.0,43.844124,-1.1558759999999992,Skin - Sun Exposed (Lower leg),non_neural
GTEX-12WSE-1126-SM-7DUEH,GTEX-12WSE,25.0,38.17941,13.179409999999997,Artery - Coronary,non_neural
GTEX-1211K-0826-SM-5FQUP,GTEX-1211K,65.0,55.18067,-9.81933,Lung,non_neural
GTEX-S32W-0526-SM-4AD6F,GTEX-S32W,55.0,60.54261,5.542610000000003,Artery - Coronary,non_neural
GTEX-13FTW-1726-SM-5KM2B,GTEX-13FTW,45.0,50.34553,5.345529999999997,Stomach,non_neural
GTEX-1R46S-1026-SM-E8VN3,GTEX-1R46S,65.0,63.818768,-1.1812320000000014,Artery - Coronary,non_neural
GTEX-1C2JI-1026-SM-73KY1,GTEX-1C2JI,55.0,56.616383,1.616382999999999,Skin - Not Sun Exposed (Suprapubic),non_neural
GTEX-1IE54-1126-SM-A9G2Z,GTEX-1IE54,45.0,43.91838,-1.081620000000001,Skin - Not Sun Exposed (Suprapubic),non_neural
GTEX-131XH-0011-R4b-SM-5DUWB,GTEX-131XH,55.0,48.10535,-6.894649999999999,Brain - Amygdala,neural
GTEX-ZDYS-0726-SM-4WKGN,GTEX-ZDYS,55.0,49.450592,-5.549408,Esophagus - Gastroesophageal Junction,non_neural
GTEX-OHPL-1026-SM-3MJGI,GTEX-OHPL,65.0,63.894806,-1.1051939999999973,Pancreas,non_neural
GTEX-1GN1W-2326-SM-9KNUI,GTEX-1GN1W,55.0,55.535538,0.5355380000000025,Esophagus - Muscularis,non_neural
GTEX-15UF7-1626-SM-HAV2R,GTEX-15UF7,45.0,52.78149,7.781489999999998,Heart - Left Ventricle,non_neural
GTEX-XMK1-1226-SM-H6Q7K,GTEX-XMK1,45.0,45.91977,0.9197699999999998,Esophagus - Muscularis,non_neural
GTEX-13O21-1826-SM-5MR5M,GTEX-13O21,55.0,55.93454,0.9345399999999984,Nerve - Tibial,neural
GTEX-X8HC-0626-SM-4E3HQ,GTEX-X8HC,55.0,64.232185,9.232185000000001,Skin - Not Sun Exposed (Suprapubic),non_neural
GTEX-11TUW-0011-R1a-SM-DO92S,GTEX-11TUW,65.0,60.503784,-4.496215999999997,Brain - Hippocampus,neural
GTEX-13CZV-0006-SM-5P9IN,GTEX-13CZV,65.0,63.324047,-1.6759529999999998,Whole Blood,non_neural
GTEX-UPK5-1526-SM-4JBJA,GTEX-UPK5,45.0,48.988457,3.988456999999997,Artery - Aorta,non_neural
GTEX-13PLJ-0008-SM-H65Z6,GTEX-13PLJ,65.0,59.59137,-5.408630000000002,Cells - Cultured fibroblasts,non_neural
GTEX-13FHO-2926-SM-5L3ES,GTEX-13FHO,65.0,66.87382,1.873819999999995,Brain - Cerebellum,neural
GTEX-V955-1326-SM-4JBHR,GTEX-V955,65.0,61.813606,-3.186394,Stomach,non_neural
GTEX-1EMGI-0126-SM-9KNUE,GTEX-1EMGI,65.0,61.585968,-3.414031999999999,Skin - Sun Exposed (Lower leg),non_neural
GTEX-1NV8Z-2926-SM-DPRYS,GTEX-1NV8Z,65.0,57.63491,-7.365090000000002,Pituitary,non_neural
GTEX-1RAZS-0426-SM-E9J4C,GTEX-1RAZS,55.0,60.49584,5.495840000000001,Nerve - Tibial,neural
GTEX-14PN4-1626-SM-6AJB5,GTEX-14PN4,55.0,48.93765,-6.062350000000002,Pancreas,non_neural
GTEX-1HCUA-1826-SM-GA8Z3,GTEX-1HCUA,55.0,50.710037,-4.289963,Colon - Transverse,non_neural
GTEX-ZDXO-0011-R3a-SM-4WKFS,GTEX-ZDXO,65.0,61.927315,-3.072685,Brain - Anterior cingulate cortex (BA24),neural
GTEX-ZYT6-2826-SM-5GICX,GTEX-ZYT6,35.0,44.934677,9.934677,Colon - Sigmoid,non_neural
GTEX-13X6J-0011-R10b-SM-5PNWA,GTEX-13X6J,55.0,57.07597,2.075969999999998,Brain - Frontal Cortex (BA9),neural
GTEX-ZE7O-2926-SM-51MSG,GTEX-ZE7O,55.0,64.22389,9.223889999999997,Minor Salivary Gland,non_neural
GTEX-1HKZK-1926-SM-9WPPK,GTEX-1HKZK,45.0,51.705116,6.705115999999997,Testis,non_neural
GTEX-18465-2026-SM-718AP,GTEX-18465,55.0,50.741558,-4.258442000000002,Breast - Mammary Tissue,non_neural
GTEX-16NPX-0926-SM-7KUEZ,GTEX-16NPX,55.0,64.39316,9.393159999999995,Heart - Left Ventricle,non_neural
GTEX-1F6RS-0226-SM-9MQKO,GTEX-1F6RS,65.0,58.47573,-6.524270000000001,Adipose - Subcutaneous,non_neural
GTEX-1GF9W-0011-R6b-SM-9QEIE,GTEX-1GF9W,65.0,62.809853,-2.190147000000003,Brain - Nucleus accumbens (basal ganglia),neural
GTEX-18D9U-0006-SM-7SB6M,GTEX-18D9U,45.0,57.51245,12.512450000000001,Whole Blood,non_neural
GTEX-1QMI2-1026-SM-DTX7T,GTEX-1QMI2,65.0,60.863388,-4.1366119999999995,Heart - Atrial Appendage,non_neural
GTEX-ZP4G-0426-SM-4YCER,GTEX-ZP4G,25.0,32.655304,7.655304000000001,Pancreas,non_neural
GTEX-1S82Z-0326-SM-GNTCP,GTEX-1S82Z,35.0,34.17639,-0.8236100000000022,Artery - Aorta,non_neural
GTEX-1L5NE-0826-SM-DHXKU,GTEX-1L5NE,55.0,56.399956,1.399956000000003,Pancreas,non_neural
GTEX-11P81-0226-SM-5HL5M,GTEX-11P81,35.0,40.49032,5.490319999999997,Lung,non_neural
GTEX-1LNCM-0126-SM-F3K65,GTEX-1LNCM,55.0,60.974464,5.9744639999999976,Thyroid,non_neural
GTEX-15SHW-0326-SM-6PAML,GTEX-15SHW,65.0,58.92732,-6.072679999999998,Skin - Sun Exposed (Lower leg),non_neural
GTEX-Y5V5-0126-SM-5S2NW,GTEX-Y5V5,65.0,60.57209,-4.427909999999997,Skin - Not Sun Exposed (Suprapubic),non_neural
GTEX-1B932-2126-SM-7IGMU,GTEX-1B932,45.0,39.632416,-5.367584000000001,Colon - Sigmoid,non_neural
GTEX-145LS-2026-SM-5Q5D7,GTEX-145LS,65.0,67.44242,2.4424199999999985,Esophagus - Gastroesophageal Junction,non_neural
GTEX-1LBAC-0626-SM-D3L9T,GTEX-1LBAC,25.0,32.17531,7.175310000000003,Minor Salivary Gland,non_neural
GTEX-12696-1226-SM-5FQSM,GTEX-12696,65.0,60.152958,-4.847042000000002,Heart - Atrial Appendage,non_neural
GTEX-148VJ-0726-SM-5LU8J,GTEX-148VJ,75.0,80.5845,5.584500000000006,Thyroid,non_neural
GTEX-11GSP-0226-SM-5A5KV,GTEX-11GSP,65.0,57.089615,-7.910384999999998,Ovary,non_neural
GTEX-18A6Q-3026-SM-72D6T,GTEX-18A6Q,65.0,61.024704,-3.975296,Pituitary,non_neural
GTEX-13RTJ-2726-SM-5P9IL,GTEX-13RTJ,65.0,66.23423,1.2342299999999966,Muscle - Skeletal,non_neural
GTEX-R55G-0526-SM-2TC5O,GTEX-R55G,45.0,47.11964,2.119639999999997,Heart - Left Ventricle,non_neural
GTEX-13111-1526-SM-5EGJX,GTEX-13111,55.0,55.88102,0.8810199999999995,Testis,non_neural
GTEX-WHSE-0011-R3A-SM-3P5ZM,GTEX-WHSE,25.0,32.780922,7.780921999999997,Brain - Anterior cingulate cortex (BA24),neural
GTEX-13PVR-1126-SM-5S2NX,GTEX-13PVR,65.0,63.03776,-1.9622400000000013,Artery - Coronary,non_neural
GTEX-14BIN-1126-SM-5RQJZ,GTEX-14BIN,55.0,59.1996,4.199599999999997,Skin - Not Sun Exposed (Suprapubic),non_neural
GTEX-1GZ4H-0926-SM-9WG6Y,GTEX-1GZ4H,55.0,57.805847,2.805847,Adipose - Visceral (Omentum),non_neural
GTEX-18A7A-2326-SM-7KFRH,GTEX-18A7A,55.0,64.516426,9.516425999999996,Esophagus - Mucosa,non_neural
GTEX-1H23P-0005-SM-A9G14,GTEX-1H23P,65.0,62.02796,-2.97204,Whole Blood,non_neural
GTEX-ZVZQ-0011-R10b-SM-51MRT,GTEX-ZVZQ,65.0,56.844627,-8.155372999999997,Brain - Frontal Cortex (BA9),neural
GTEX-1I1CD-1026-SM-COH3G,GTEX-1I1CD,65.0,73.40359,8.403589999999994,Adipose - Visceral (Omentum),non_neural
GTEX-1F75W-0626-SM-7PC13,GTEX-1F75W,65.0,60.219906,-4.780093999999998,Lung,non_neural
GTEX-ZT9X-1726-SM-GOQZ1,GTEX-ZT9X,45.0,39.73729,-5.2627099999999984,Skin - Sun Exposed (Lower leg),non_neural
GTEX-12ZZY-0011-R7a-SM-5EGLB,GTEX-12ZZY,65.0,65.48102,0.4810200000000009,Brain - Putamen (basal ganglia),neural
GTEX-1JMLX-1326-SM-CXZJO,GTEX-1JMLX,55.0,56.157104,1.1571039999999968,Liver,non_neural
GTEX-YFCO-0626-SM-HM8UJ,GTEX-YFCO,45.0,52.486458,7.486457999999999,Esophagus - Mucosa,non_neural
GTEX-1JMPZ-0011-R10b-SM-F6496,GTEX-1JMPZ,35.0,39.324818,4.3248180000000005,Brain - Frontal Cortex (BA9),neural
GTEX-TKQ2-1526-SM-4DXUN,GTEX-TKQ2,55.0,47.40121,-7.598790000000001,Testis,non_neural
GTEX-15CHR-0126-SM-7SB7X,GTEX-15CHR,55.0,49.53228,-5.46772,Artery - Aorta,non_neural
GTEX-14PJ4-1526-SM-664OA,GTEX-14PJ4,65.0,58.916035,-6.083964999999999,Esophagus - Mucosa,non_neural
GTEX-1B97J-2126-SM-79OL6,GTEX-1B97J,55.0,44.642548,-10.357452000000002,Minor Salivary Gland,non_neural
GTEX-15EO6-2826-SM-6PANB,GTEX-15EO6,55.0,59.28193,4.281930000000003,Muscle - Skeletal,non_neural
GTEX-11ZTS-1126-SM-5LU9X,GTEX-11ZTS,65.0,60.472702,-4.527298000000002,Thyroid,non_neural
GTEX-15RJ7-0226-SM-7KUMN,GTEX-15RJ7,45.0,49.265022,4.265022000000002,Heart - Left Ventricle,non_neural
GTEX-1RDX4-0011-R5a-SM-F33ZH,GTEX-1RDX4,55.0,50.160057,-4.839942999999998,Brain - Caudate (basal ganglia),neural
GTEX-RN64-0326-SM-2TC5J,GTEX-RN64,55.0,51.40852,-3.591479999999997,Muscle - Skeletal,non_neural
GTEX-YEC4-0426-SM-4W1ZH,GTEX-YEC4,45.0,40.310493,-4.689506999999999,Artery - Coronary,non_neural
GTEX-1H1CY-2126-SM-9OSXV,GTEX-1H1CY,65.0,64.20686,-0.793139999999994,Uterus,non_neural
GTEX-13YAN-1326-SM-5Q5F1,GTEX-13YAN,65.0,63.28527,-1.714730000000003,Heart - Left Ventricle,non_neural
GTEX-14E6C-0626-SM-664NA,GTEX-14E6C,45.0,49.490536,4.490535999999999,Artery - Aorta,non_neural
GTEX-1F75A-0526-SM-9WYSS,GTEX-1F75A,55.0,57.892097,2.8920969999999997,Artery - Tibial,non_neural
GTEX-1CAMQ-1626-SM-7MGXG,GTEX-1CAMQ,45.0,55.95816,10.95816,Pancreas,non_neural
GTEX-X4EP-1626-SM-4QAS6,GTEX-X4EP,65.0,64.37218,-0.6278199999999998,Esophagus - Mucosa,non_neural
GTEX-QV44-0326-SM-C1YQX,GTEX-QV44,55.0,48.566925,-6.433075000000002,Liver,non_neural
GTEX-11H98-0008-SM-5QGR8,GTEX-11H98,55.0,52.94348,-2.056519999999999,Cells - Cultured fibroblasts,non_neural
GTEX-ZZPU-1326-SM-5GZWS,GTEX-ZZPU,55.0,48.89167,-6.108330000000002,Thyroid,non_neural
GTEX-1JKYR-0126-SM-CNPOJ,GTEX-1JKYR,25.0,37.566956,12.566955999999998,Skin - Sun Exposed (Lower leg),non_neural
GTEX-PVOW-1026-SM-2XCF9,GTEX-PVOW,45.0,43.3322,-1.6677999999999997,Lung,non_neural
GTEX-PWCY-0526-SM-5P9HG,GTEX-PWCY,25.0,40.289894,15.289893999999997,Heart - Left Ventricle,non_neural
GTEX-1IDJD-2426-SM-C1YS6,GTEX-1IDJD,35.0,41.184628,6.1846279999999965,Stomach,non_neural
GTEX-1R46S-0011-R6a-SM-EZ6N6,GTEX-1R46S,65.0,65.82963,0.8296299999999945,Brain - Nucleus accumbens (basal ganglia),neural
GTEX-Z9EW-1826-SM-5CVMA,GTEX-Z9EW,45.0,52.89592,7.895919999999997,Adipose - Subcutaneous,non_neural
GTEX-ZZPU-2126-SM-5EGIU,GTEX-ZZPU,55.0,46.805393,-8.194606999999998,Ovary,non_neural
GTEX-TSE9-3026-SM-3DB76,GTEX-TSE9,65.0,62.44218,-2.5578199999999995,Brain - Cortex,neural
GTEX-1399R-1126-SM-5IFIO,GTEX-1399R,35.0,37.28581,2.285809999999998,Stomach,non_neural
GTEX-12ZZW-0126-SM-5DUVB,GTEX-12ZZW,55.0,55.78672,0.7867200000000025,Skin - Sun Exposed (Lower leg),non_neural
GTEX-ZLV1-2126-SM-4WWD2,GTEX-ZLV1,65.0,46.89118,-18.10882,Muscle - Skeletal,non_neural
GTEX-1KANC-1126-SM-CY8I7,GTEX-1KANC,55.0,46.165672,-8.834328,Uterus,non_neural
GTEX-1JKYR-1926-SM-C1YR7,GTEX-1JKYR,25.0,30.009773,5.009772999999999,Colon - Transverse,non_neural
GTEX-15RJE-0526-SM-6PAMN,GTEX-15RJE,45.0,59.606953,14.606952999999997,Artery - Tibial,non_neural
GTEX-ZF2S-1726-SM-57WFT,GTEX-ZF2S,55.0,53.304058,-1.6959420000000023,Small Intestine - Terminal Ileum,non_neural
GTEX-RNOR-0008-SM-48FEY,GTEX-RNOR,55.0,54.214195,-0.7858050000000034,Cells - Cultured fibroblasts,non_neural
GTEX-1IDJH-2026-SM-CNNQX,GTEX-1IDJH,75.0,64.884865,-10.115134999999995,Esophagus - Mucosa,non_neural
GTEX-1HSKV-0006-SM-ARZL9,GTEX-1HSKV,65.0,62.764893,-2.2351069999999993,Whole Blood,non_neural
GTEX-1IDJH-2926-SM-C1YQ5,GTEX-1IDJH,75.0,51.416317,-23.583683,Pituitary,non_neural
GTEX-13PL7-2426-SM-5J2N3,GTEX-13PL7,65.0,63.03373,-1.9662700000000015,Colon - Sigmoid,non_neural
GTEX-15F5U-5010-SM-AHZ2D,GTEX-15F5U,45.0,50.40864,5.408639999999998,Esophagus - Mucosa,non_neural
GTEX-13PL6-0011-R5b-SM-5O9BI,GTEX-13PL6,45.0,62.00707,17.00707,Brain - Caudate (basal ganglia),neural
GTEX-11ZTS-0011-R8a-SM-57WDI,GTEX-11ZTS,65.0,66.11377,1.1137700000000024,Brain - Hypothalamus,neural
GTEX-13OW8-0426-SM-5J2NR,GTEX-13OW8,65.0,66.460045,1.4600449999999938,Prostate,non_neural
GTEX-1ICLY-0008-SM-F33Z7,GTEX-1ICLY,55.0,59.24752,4.2475200000000015,Cells - Cultured fibroblasts,non_neural
GTEX-1F5PL-1026-SM-7RHI1,GTEX-1F5PL,45.0,50.663094,5.663094000000001,Breast - Mammary Tissue,non_neural
GTEX-146FH-0426-SM-5QGPS,GTEX-146FH,55.0,61.487633,6.487633000000002,Artery - Tibial,non_neural
GTEX-1445S-3226-SM-5TDE1,GTEX-1445S,65.0,60.434456,-4.565544000000003,Pituitary,non_neural
GTEX-XV7Q-1726-SM-4BRUU,GTEX-XV7Q,45.0,46.356804,1.3568039999999968,Adipose - Visceral (Omentum),non_neural
GTEX-1B996-0006-SM-7P8OS,GTEX-1B996,65.0,60.489754,-4.510246000000002,Whole Blood,non_neural
GTEX-1MJK2-1126-SM-E9TJ7,GTEX-1MJK2,55.0,53.589195,-1.4108050000000034,Lung,non_neural
GTEX-1HC8U-0826-SM-ADEIL,GTEX-1HC8U,45.0,43.86776,-1.132240000000003,Breast - Mammary Tissue,non_neural
GTEX-12ZZW-1726-SM-5DUVD,GTEX-12ZZW,55.0,59.726273,4.726272999999999,Esophagus - Mucosa,non_neural
GTEX-QVJO-0011-R2A-SM-2S1QK,GTEX-QVJO,65.0,61.76162,-3.2383799999999994,Brain - Substantia nigra,neural
GTEX-12WSE-0926-SM-5S2VX,GTEX-12WSE,25.0,35.651295,10.651294999999998,Heart - Atrial Appendage,non_neural
GTEX-1F88E-2826-SM-7RHHE,GTEX-1F88E,65.0,64.370384,-0.6296159999999986,Brain - Cortex,neural
GTEX-ZAK1-0526-SM-5K7X4,GTEX-ZAK1,55.0,53.711227,-1.288772999999999,Muscle - Skeletal,non_neural
GTEX-RVPV-0008-SM-47JYW,GTEX-RVPV,65.0,42.81761,-22.182389999999998,Cells - Cultured fibroblasts,non_neural
GTEX-ZPCL-1326-SM-57WFN,GTEX-ZPCL,65.0,55.257008,-9.742992000000001,Esophagus - Gastroesophageal Junction,non_neural
GTEX-P44H-1426-SM-E9U4O,GTEX-P44H,45.0,52.880085,7.880085000000001,Esophagus - Muscularis,non_neural
GTEX-1S5ZU-1226-SM-F3K4A,GTEX-1S5ZU,25.0,31.796068,6.796068000000002,Adipose - Visceral (Omentum),non_neural
GTEX-R55C-1426-SM-48FED,GTEX-R55C,45.0,49.621613,4.6216130000000035,Testis,non_neural
GTEX-1F75W-0011-R6a-SM-9QEI5,GTEX-1F75W,65.0,64.1376,-0.8623999999999938,Brain - Nucleus accumbens (basal ganglia),neural
GTEX-1LB8K-0002-SM-HK79U,GTEX-1LB8K,55.0,60.075645,5.0756450000000015,Cells - EBV-transformed lymphocytes,non_neural
GTEX-1LH75-1926-SM-DIPGD,GTEX-1LH75,55.0,56.92476,1.9247599999999991,Small Intestine - Terminal Ileum,non_neural
GTEX-17MF6-0008-SM-EAZBV,GTEX-17MF6,45.0,49.92399,4.923990000000003,Cells - Cultured fibroblasts,non_neural
GTEX-13X6K-2126-SM-5O9D4,GTEX-13X6K,65.0,70.63277,5.632769999999994,Esophagus - Mucosa,non_neural
GTEX-U8XE-2526-SM-4E3IT,GTEX-U8XE,35.0,45.228134,10.228133999999997,Prostate,non_neural
GTEX-1MCC2-2226-SM-EV7AJ,GTEX-1MCC2,35.0,42.453033,7.453032999999998,Minor Salivary Gland,non_neural
GTEX-1LG7Z-0826-SM-CXKYN,GTEX-1LG7Z,35.0,41.38832,6.38832,Prostate,non_neural
GTEX-15DZA-0826-SM-6AJBF,GTEX-15DZA,35.0,43.887814,8.887813999999999,Small Intestine - Terminal Ileum,non_neural
GTEX-13O61-1626-SM-5KM3T,GTEX-13O61,65.0,57.842373,-7.157626999999998,Colon - Transverse,non_neural
GTEX-1IKOH-0006-SM-CMKFM,GTEX-1IKOH,65.0,61.71039,-3.2896100000000033,Whole Blood,non_neural
GTEX-12126-0011-R6b-SM-GIN99,GTEX-12126,25.0,26.883095,1.8830950000000009,Brain - Nucleus accumbens (basal ganglia),neural
GTEX-ZF29-0426-SM-4WKFN,GTEX-ZF29,65.0,66.785835,1.7858350000000058,Heart - Atrial Appendage,non_neural
GTEX-1IDFM-0008-SM-F33Z8,GTEX-1IDFM,65.0,65.33335,0.3333499999999958,Cells - Cultured fibroblasts,non_neural
GTEX-13OW8-1626-SM-5L3HW,GTEX-13OW8,65.0,58.527107,-6.472892999999999,Artery - Tibial,non_neural
GTEX-1N2DV-2126-SM-HL11J,GTEX-1N2DV,45.0,49.84178,4.84178,Esophagus - Muscularis,non_neural
GTEX-15G1A-0126-SM-GNTCJ,GTEX-15G1A,35.0,48.10956,13.109560000000002,Artery - Aorta,non_neural
GTEX-1399R-2126-SM-5K7WZ,GTEX-1399R,35.0,43.947308,8.947308,Colon - Sigmoid,non_neural
GTEX-146FH-2626-SM-5Q5E1,GTEX-146FH,55.0,59.432632,4.432631999999998,Vagina,non_neural
GTEX-1KANB-0426-SM-HLJRU,GTEX-1KANB,55.0,56.602943,1.6029430000000033,Adipose - Subcutaneous,non_neural
GTEX-ZYFG-1925-A-SM-DLZRL,GTEX-ZYFG,65.0,60.37128,-4.628720000000001,Colon - Transverse - Mixed Cell,non_neural
GTEX-XBEW-0006-SM-4AT4E,GTEX-XBEW,45.0,48.539566,3.5395660000000007,Whole Blood,non_neural
GTEX-1122O-0426-SM-5H12G,GTEX-1122O,65.0,63.012924,-1.9870760000000018,Artery - Coronary,non_neural
GTEX-N7MS-0011-R8a-SM-2YUMK,GTEX-N7MS,65.0,63.226055,-1.7739449999999977,Brain - Hypothalamus,neural
GTEX-1JJ6O-0005-SM-DHXJ4,GTEX-1JJ6O,65.0,67.65996,2.659959999999998,Whole Blood,non_neural
GTEX-ZV6S-2026-SM-5NQ8P,GTEX-ZV6S,45.0,51.34288,6.342880000000001,Artery - Tibial,non_neural
GTEX-1I1GR-1226-SM-ACKWA,GTEX-1I1GR,65.0,62.09787,-2.9021299999999997,Esophagus - Gastroesophageal Junction,non_neural
GTEX-XMD1-0011-R8A-SM-4AT48,GTEX-XMD1,65.0,59.443665,-5.556334999999997,Brain - Hypothalamus,neural
GTEX-X585-2526-SM-4QAS1,GTEX-X585,55.0,67.796936,12.796936000000002,Adipose - Visceral (Omentum),non_neural
GTEX-1H3O1-0005-SM-ACKV8,GTEX-1H3O1,65.0,67.285194,2.285194000000004,Whole Blood,non_neural
GTEX-1I1GR-0011-R6a-SM-CMKHI,GTEX-1I1GR,65.0,59.527557,-5.472442999999998,Brain - Nucleus accumbens (basal ganglia),neural
GTEX-1LBAC-0126-SM-DIPEZ,GTEX-1LBAC,25.0,37.544403,12.544403000000003,Skin - Sun Exposed (Lower leg),non_neural
GTEX-1H1CY-0011-R10a-SM-CE6SD,GTEX-1H1CY,65.0,67.03871,2.0387099999999947,Brain - Frontal Cortex (BA9),neural
GTEX-T8EM-0006-SM-3DB71,GTEX-T8EM,45.0,45.310814,0.3108140000000006,Whole Blood,non_neural
GTEX-1RNSC-0326-SM-G9EPB,GTEX-1RNSC,65.0,70.78262,5.782619999999994,Nerve - Tibial,neural
GTEX-1GF9W-1326-SM-7P8PX,GTEX-1GF9W,65.0,50.335125,-14.664875000000002,Kidney - Cortex,non_neural
GTEX-1399U-0426-SM-5K7UU,GTEX-1399U,55.0,52.021675,-2.978324999999998,Artery - Aorta,non_neural
GTEX-11WQK-0326-SM-5EQL1,GTEX-11WQK,55.0,44.96198,-10.038020000000003,Artery - Aorta,non_neural
GTEX-11EQ8-0526-SM-5N9BC,GTEX-11EQ8,65.0,62.077076,-2.922924000000002,Muscle - Skeletal,non_neural
GTEX-1JK1U-0526-SM-CYPSQ,GTEX-1JK1U,65.0,57.449768,-7.550232000000001,Heart - Left Ventricle,non_neural
GTEX-17HGU-0126-SM-7DHLV,GTEX-17HGU,55.0,51.201294,-3.798706000000003,Adrenal Gland,non_neural
GTEX-17HG3-2926-SM-79ON8,GTEX-17HG3,35.0,39.628803,4.628802999999998,Brain - Cortex,neural
GTEX-15ER7-0011-R7a-SM-6M46N,GTEX-15ER7,25.0,28.307201,3.307200999999999,Brain - Putamen (basal ganglia),neural
GTEX-1CB4E-0526-SM-7MXTK,GTEX-1CB4E,65.0,52.697975,-12.302025,Heart - Left Ventricle,non_neural
GTEX-QVJO-0011-R6A-SM-2S1QN,GTEX-QVJO,65.0,67.25833,2.258330000000001,Brain - Nucleus accumbens (basal ganglia),neural
GTEX-13X6H-1626-SM-5Q5CT,GTEX-13X6H,55.0,51.597878,-3.4021219999999985,Stomach,non_neural
GTEX-ZQUD-1926-SM-51MSA,GTEX-ZQUD,35.0,31.542507,-3.4574929999999995,Breast - Mammary Tissue,non_neural
GTEX-13OVI-0326-SM-5K7X1,GTEX-13OVI,65.0,62.343422,-2.656578000000003,Heart - Atrial Appendage,non_neural
GTEX-ZAJG-0011-R2a-SM-GNTAX,GTEX-ZAJG,55.0,51.895554,-3.104446000000003,Brain - Substantia nigra,neural
GTEX-1R7EU-1926-SM-E9U62,GTEX-1R7EU,65.0,58.82747,-6.172530000000002,Colon - Transverse,non_neural
GTEX-OXRP-2526-SM-GI4XQ,GTEX-OXRP,65.0,61.20189,-3.798110000000001,Nerve - Tibial,neural
GTEX-1PDJ9-1826-SM-E9U66,GTEX-1PDJ9,25.0,37.210365,12.210365000000003,Small Intestine - Terminal Ileum,non_neural
GTEX-13O1R-0011-R9b-SM-5KM33,GTEX-13O1R,65.0,62.711746,-2.288254000000002,Brain - Spinal cord (cervical c-1),neural
GTEX-1HCVE-2926-SM-9WPPJ,GTEX-1HCVE,55.0,53.074387,-1.9256129999999985,Brain - Cerebellum,neural
GTEX-15UF6-1926-SM-7KUDV,GTEX-15UF6,75.0,76.06577,1.0657700000000006,Skin - Not Sun Exposed (Suprapubic),non_neural
GTEX-11NV4-0011-R9a-SM-GHWPP,GTEX-11NV4,65.0,57.864853,-7.1351470000000035,Brain - Spinal cord (cervical c-1),neural
GTEX-1PPH8-0226-SM-E8VND,GTEX-1PPH8,25.0,34.819016,9.819015999999998,Skin - Sun Exposed (Lower leg),non_neural
GTEX-1HCVE-2126-SM-HL9UO,GTEX-1HCVE,55.0,60.46575,5.46575,Kidney - Cortex,non_neural
GTEX-1HR98-2226-SM-ADEI2,GTEX-1HR98,65.0,63.088333,-1.9116670000000013,Skin - Not Sun Exposed (Suprapubic),non_neural
GTEX-VJYA-1126-SM-3GIJU,GTEX-VJYA,65.0,67.466064,2.466064000000003,Skin - Sun Exposed (Lower leg),non_neural
GTEX-ZGAY-1026-SM-4WWBR,GTEX-ZGAY,45.0,39.703484,-5.296515999999997,Thyroid,non_neural
GTEX-183FY-1126-SM-7DHLJ,GTEX-183FY,25.0,35.103836,10.103836000000001,Breast - Mammary Tissue,non_neural
GTEX-WHPG-1426-SM-3NMBB,GTEX-WHPG,55.0,53.04396,-1.9560400000000016,Lung,non_neural
GTEX-1I6K7-1126-SM-A96SW,GTEX-1I6K7,45.0,53.312668,8.312668000000002,Thyroid,non_neural
GTEX-1HCUA-0126-SM-B2LWC,GTEX-1HCUA,55.0,53.671368,-1.328631999999999,Thyroid,non_neural
GTEX-Y8E4-1126-SM-5IFIA,GTEX-Y8E4,45.0,44.61108,-0.3889199999999988,Artery - Aorta,non_neural
GTEX-13O3O-0011-R11b-SM-5KM4G,GTEX-13O3O,65.0,67.74539,2.7453900000000004,Brain - Cerebellar Hemisphere,neural
GTEX-1GN73-0011-R2a-SM-CJI2V,GTEX-1GN73,65.0,59.146652,-5.853347999999997,Brain - Substantia nigra,neural
GTEX-11ZTS-0011-R4b-SM-GINAQ,GTEX-11ZTS,65.0,63.85878,-1.141219999999997,Brain - Amygdala,neural
GTEX-1B933-0011-R9a-SM-79OOR,GTEX-1B933,55.0,55.924564,0.9245639999999966,Brain - Spinal cord (cervical c-1),neural
GTEX-1AYCT-1326-SM-7MKHB,GTEX-1AYCT,55.0,55.470062,0.47006199999999865,Stomach,non_neural
GTEX-1QP67-0626-SM-HLJQ9,GTEX-1QP67,45.0,50.70692,5.706919999999997,Skin - Not Sun Exposed (Suprapubic),non_neural
GTEX-XXEK-1026-SM-4BRUW,GTEX-XXEK,55.0,45.008278,-9.991722000000003,Small Intestine - Terminal Ileum,non_neural
GTEX-1MJK3-1126-SM-E9J3F,GTEX-1MJK3,25.0,29.176445,4.176445000000001,Breast - Mammary Tissue,non_neural
GTEX-RM2N-0426-SM-2TF4T,GTEX-RM2N,55.0,58.30442,3.3044200000000004,Lung,non_neural
GTEX-111YS-1526-SM-5GZYW,GTEX-111YS,65.0,63.520092,-1.4799080000000018,Skin - Not Sun Exposed (Suprapubic),non_neural
GTEX-1JN1M-0011-R6b-SM-G9EQ7,GTEX-1JN1M,65.0,57.886765,-7.113235000000003,Brain - Nucleus accumbens (basal ganglia),neural
GTEX-1R9PN-1826-SM-E76SV,GTEX-1R9PN,45.0,41.718845,-3.2811549999999983,Muscle - Skeletal,non_neural
GTEX-1HB9E-0008-SM-F21JS,GTEX-1HB9E,55.0,63.354954,8.354954,Cells - Cultured fibroblasts,non_neural
GTEX-1PBJI-1326-SM-E9J2V,GTEX-1PBJI,25.0,39.257763,14.257762999999997,Adipose - Visceral (Omentum),non_neural
GTEX-13PVR-1726-SM-5Q5EC,GTEX-13PVR,65.0,63.577568,-1.4224320000000006,Colon - Sigmoid,non_neural
GTEX-117XS-0011-R10b-SM-GIN8Z,GTEX-117XS,65.0,64.583466,-0.4165339999999986,Brain - Frontal Cortex (BA9),neural
GTEX-S33H-1326-SM-4AD6A,GTEX-S33H,35.0,44.002953,9.002952999999998,Adrenal Gland,non_neural
GTEX-WOFM-2126-SM-4M9R4,GTEX-WOFM,25.0,34.092514,9.092514000000001,Minor Salivary Gland,non_neural
GTEX-T6MO-0526-SM-4DM6R,GTEX-T6MO,45.0,38.772976,-6.227024,Esophagus - Mucosa,non_neural
GTEX-UJHI-0226-SM-4IHJL,GTEX-UJHI,55.0,46.994503,-8.005496999999998,Artery - Aorta,non_neural
GTEX-1LVA9-0011-R6a-SM-EYYWH,GTEX-1LVA9,55.0,52.950882,-2.049118,Brain - Nucleus accumbens (basal ganglia),neural
GTEX-PVOW-2626-SM-32PL8,GTEX-PVOW,45.0,53.29463,8.294629999999998,Brain - Cerebellum,neural
GTEX-N7MT-0326-SM-48TDP,GTEX-N7MT,65.0,64.59091,-0.40909000000000617,Esophagus - Mucosa,non_neural
GTEX-11TTK-1926-SM-5PNW8,GTEX-11TTK,65.0,68.98578,3.9857800000000054,Kidney - Cortex,non_neural
GTEX-1H1CY-2626-SM-9MQKJ,GTEX-1H1CY,65.0,59.61915,-5.380850000000002,Adipose - Subcutaneous,non_neural
GTEX-1A32A-1826-SM-72D5G,GTEX-1A32A,55.0,61.201996,6.201996000000001,Esophagus - Mucosa,non_neural
GTEX-QMRM-1626-SM-D4P1U,GTEX-QMRM,55.0,53.723347,-1.2766530000000031,Breast - Mammary Tissue,non_neural
GTEX-YFCO-1226-SM-5LUAT,GTEX-YFCO,45.0,41.910324,-3.089675999999997,Skin - Not Sun Exposed (Suprapubic),non_neural
GTEX-1J1OQ-3126-SM-D4P2O,GTEX-1J1OQ,45.0,49.935486,4.935485999999997,Brain - Cerebellum,neural
GTEX-1I6K6-1826-SM-B2LX5,GTEX-1I6K6,35.0,46.164276,11.164276000000001,Colon - Transverse,non_neural
GTEX-11P82-1826-SM-5PNYJ,GTEX-11P82,25.0,34.084896,9.084896,Muscle - Skeletal,non_neural
GTEX-XK95-0426-SM-4AT4R,GTEX-XK95,45.0,50.098473,5.0984729999999985,Adipose - Subcutaneous,non_neural
GTEX-18A66-2226-SM-7189E,GTEX-18A66,65.0,60.722122,-4.277878000000001,Stomach,non_neural
GTEX-1J1OQ-0011-R6a-SM-H7OFC,GTEX-1J1OQ,45.0,53.109047,8.109046999999997,Brain - Nucleus accumbens (basal ganglia),neural
GTEX-QVJO-2826-SM-F21IP,GTEX-QVJO,65.0,59.712048,-5.287951999999997,Cervix - Endocervix,non_neural
GTEX-1F6I4-0426-SM-7SB7K,GTEX-1F6I4,65.0,61.084167,-3.9158329999999992,Nerve - Tibial,neural
GTEX-1PIIG-2126-SM-EXUSD,GTEX-1PIIG,35.0,41.679314,6.679313999999998,Colon - Sigmoid,non_neural
GTEX-1PIIG-0006-SM-DLZQF,GTEX-1PIIG,35.0,48.851944,13.851944000000003,Whole Blood,non_neural
GTEX-1IKJJ-0526-SM-CMKG8,GTEX-1IKJJ,65.0,75.44298,10.442980000000006,Artery - Tibial,non_neural
GTEX-WHWD-0005-SM-3LK7D,GTEX-WHWD,55.0,40.294804,-14.705196,Whole Blood,non_neural
GTEX-17HII-0011-R1b-SM-7MGVW,GTEX-17HII,55.0,63.631046,8.631045999999998,Brain - Hippocampus,neural
GTEX-13D11-1226-SM-5IFGA,GTEX-13D11,55.0,56.944317,1.944316999999998,Uterus,non_neural
GTEX-1KXAM-1826-SM-D3LAF,GTEX-1KXAM,65.0,59.158333,-5.841667000000001,Testis,non_neural
GTEX-12WSC-0011-R3a-SM-5P9F1,GTEX-12WSC,55.0,54.445652,-0.5543479999999974,Brain - Anterior cingulate cortex (BA24),neural
GTEX-PLZ6-1226-SM-3P5ZS,GTEX-PLZ6,35.0,43.141922,8.141922000000001,Testis,non_neural
GTEX-14PKU-1726-SM-GPI9F,GTEX-14PKU,45.0,50.204147,5.204146999999999,Colon - Sigmoid,non_neural
GTEX-13N1W-0011-R5b-SM-5MR5Q,GTEX-13N1W,75.0,79.3279,4.3279,Brain - Caudate (basal ganglia),neural
GTEX-S341-0726-SM-4AD5R,GTEX-S341,45.0,51.329292,6.329292000000002,Ovary,non_neural
GTEX-Y3I4-0426-SM-4TT29,GTEX-Y3I4,55.0,53.812828,-1.1871719999999968,Lung,non_neural
GTEX-13N1W-0126-SM-5K7VT,GTEX-13N1W,75.0,56.920265,-18.079735,Skin - Sun Exposed (Lower leg),non_neural
GTEX-17HII-1326-SM-7IGOB,GTEX-17HII,55.0,51.777733,-3.222267000000002,Heart - Left Ventricle,non_neural
GTEX-1JMPZ-0011-R3a-SM-EYYWX,GTEX-1JMPZ,35.0,29.331697,-5.668303000000002,Brain - Anterior cingulate cortex (BA24),neural
GTEX-16YQH-0011-R8a-SM-7DUFB,GTEX-16YQH,35.0,35.948677,0.9486770000000035,Brain - Hypothalamus,neural
GTEX-YB5E-0226-SM-5IFHI,GTEX-YB5E,45.0,54.073883,9.073883000000002,Adrenal Gland,non_neural
GTEX-1IDJH-3026-SM-CL53B,GTEX-1IDJH,75.0,73.43881,-1.5611899999999963,Brain - Cortex,neural
GTEX-ZAK1-0826-SM-GRR1A,GTEX-ZAK1,55.0,47.566017,-7.433982999999998,Lung,non_neural
GTEX-14PHX-0326-SM-H7OFQ,GTEX-14PHX,55.0,46.24156,-8.75844,Thyroid,non_neural
GTEX-13OW7-0626-SM-5K7UD,GTEX-13OW7,55.0,60.28889,5.288890000000002,Artery - Tibial,non_neural
GTEX-PVOW-0426-SM-5MR5R,GTEX-PVOW,45.0,52.165154,7.165154000000001,Heart - Left Ventricle,non_neural
GTEX-11ONC-1226-SM-H65ZC,GTEX-11ONC,65.0,61.84793,-3.152070000000002,Adrenal Gland,non_neural
GTEX-1N2EF-0926-SM-E8VNW,GTEX-1N2EF,65.0,63.214073,-1.785927000000001,Adipose - Visceral (Omentum),non_neural
GTEX-POMQ-0008-SM-48TE7,GTEX-POMQ,25.0,48.94753,23.94753,Cells - Cultured fibroblasts,non_neural
GTEX-P44H-0011-R3A-SM-D3L8E,GTEX-P44H,45.0,47.971977,2.9719770000000025,Brain - Anterior cingulate cortex (BA24),neural
GTEX-XPVG-1126-SM-HLJRE,GTEX-XPVG,55.0,53.20391,-1.7960899999999995,Liver,non_neural
GTEX-1OJC3-0001-SM-HM8SW,GTEX-1OJC3,25.0,46.954735,21.954735,Cells - EBV-transformed lymphocytes,non_neural
GTEX-1E1VI-0011-R5b-SM-9WG5V,GTEX-1E1VI,55.0,52.801674,-2.1983260000000016,Brain - Caudate (basal ganglia),neural
GTEX-13OVI-0001-SM-5O9BL,GTEX-13OVI,65.0,63.25138,-1.7486200000000025,Whole Blood,non_neural
GTEX-1IDJI-2326-SM-GA918,GTEX-1IDJI,55.0,55.072216,0.0722159999999974,Colon - Transverse,non_neural
GTEX-11ZVC-2926-SM-5986H,GTEX-11ZVC,55.0,64.63442,9.634420000000006,Artery - Tibial,non_neural
GTEX-1HSKV-0526-SM-COH38,GTEX-1HSKV,65.0,63.58377,-1.4162299999999988,Artery - Tibial,non_neural
GTEX-1IKK5-1426-SM-CJI3U,GTEX-1IKK5,65.0,57.701176,-7.298824000000003,Esophagus - Gastroesophageal Junction,non_neural
GTEX-14PJ6-0726-SM-69LOL,GTEX-14PJ6,65.0,61.06019,-3.9398100000000014,Heart - Left Ventricle,non_neural
GTEX-1O9I2-0526-SM-EYYXI,GTEX-1O9I2,55.0,59.26362,4.263620000000003,Muscle - Skeletal,non_neural
GTEX-13N1W-0326-SM-5IJDJ,GTEX-13N1W,75.0,76.37355,1.3735499999999945,Artery - Tibial,non_neural
GTEX-PWN1-1426-SM-48TDF,GTEX-PWN1,45.0,48.53236,3.532359999999997,Colon - Transverse,non_neural
GTEX-13111-1225-3-SM-7MGVN,GTEX-13111,55.0,53.56734,-1.4326599999999985,Stomach - Muscularis,non_neural
GTEX-147F3-0426-SM-5MR5W,GTEX-147F3,55.0,60.388306,5.388306,Artery - Tibial,non_neural
GTEX-1PWST-1426-SM-EY5YU,GTEX-1PWST,75.0,72.92022,-2.0797799999999995,Adipose - Visceral (Omentum),non_neural
GTEX-11OF3-0011-R6b-SM-57WBG,GTEX-11OF3,65.0,61.401016,-3.5989840000000015,Brain - Nucleus accumbens (basal ganglia),neural
GTEX-ZV6S-0003-SM-4YCCT,GTEX-ZV6S,45.0,42.55522,-2.4447800000000015,Cells - EBV-transformed lymphocytes,non_neural
GTEX-1GZ2Q-0011-R1a-SM-CJI2Y,GTEX-1GZ2Q,45.0,41.91121,-3.088790000000003,Brain - Hippocampus,neural
GTEX-Y3IK-0126-SM-4WWE9,GTEX-Y3IK,55.0,51.117443,-3.8825569999999985,Spleen,non_neural
GTEX-1H1CY-0326-SM-9QEIZ,GTEX-1H1CY,65.0,53.88315,-11.11685,Heart - Left Ventricle,non_neural
GTEX-1EX96-2726-SM-7SB88,GTEX-1EX96,55.0,67.72137,12.721369999999993,Artery - Aorta,non_neural
GTEX-13N11-2926-SM-5K7VD,GTEX-13N11,55.0,53.313473,-1.686526999999998,Artery - Tibial,non_neural
GTEX-R3RS-0008-SM-48FF1,GTEX-R3RS,45.0,59.15016,14.15016,Cells - Cultured fibroblasts,non_neural
GTEX-QCQG-1926-SM-5SI7Q,GTEX-QCQG,55.0,54.143185,-0.8568149999999974,Artery - Tibial,non_neural
GTEX-13OW8-1526-SM-5K7V2,GTEX-13OW8,65.0,62.431267,-2.5687330000000017,Nerve - Tibial,neural
GTEX-1GF9U-1226-SM-ARL9I,GTEX-1GF9U,45.0,45.480362,0.4803619999999995,Adipose - Visceral (Omentum),non_neural
GTEX-15CHQ-0326-SM-69LQD,GTEX-15CHQ,65.0,67.463104,2.4631040000000013,Skin - Not Sun Exposed (Suprapubic),non_neural
GTEX-15DYW-0006-SM-7RHFR,GTEX-15DYW,65.0,55.503494,-9.496505999999997,Whole Blood,non_neural
GTEX-XBEW-0126-SM-4AT66,GTEX-XBEW,45.0,59.215946,14.215946000000002,Thyroid,non_neural
GTEX-1QP6S-1526-SM-EXUSG,GTEX-1QP6S,45.0,59.519844,14.519843999999999,Kidney - Cortex,non_neural
GTEX-1QEPI-1626-SM-EAZ3I,GTEX-1QEPI,65.0,62.13846,-2.861539999999998,Pancreas,non_neural
GTEX-TMMY-0005-SM-33HBN,GTEX-TMMY,45.0,45.55533,0.5553299999999979,Whole Blood,non_neural
GTEX-14XAO-2026-SM-69LOI,GTEX-14XAO,65.0,66.42129,1.421289999999999,Colon - Transverse,non_neural
GTEX-13OW6-0011-R2a-SM-5L3HG,GTEX-13OW6,55.0,58.24202,3.2420199999999966,Brain - Substantia nigra,neural
GTEX-132Q8-0011-R8b-SM-5DUWX,GTEX-132Q8,65.0,62.21186,-2.7881399999999985,Brain - Hypothalamus,neural
GTEX-1MJK2-1026-SM-GNIPF,GTEX-1MJK2,55.0,42.89509,-12.104909999999997,Skin - Not Sun Exposed (Suprapubic),non_neural
GTEX-147GR-0726-SM-5S2PL,GTEX-147GR,65.0,66.26686,1.266859999999994,Thyroid,non_neural
GTEX-ZXES-0926-SM-5E43O,GTEX-ZXES,35.0,35.94211,0.9421099999999996,Adipose - Visceral (Omentum),non_neural
GTEX-ZAJG-1226-SM-5S2MH,GTEX-ZAJG,55.0,49.831,-5.168999999999997,Artery - Aorta,non_neural
GTEX-13NYB-0826-SM-5MR4V,GTEX-13NYB,45.0,51.690582,6.690581999999999,Esophagus - Muscularis,non_neural
GTEX-132NY-1426-SM-5J1MJ,GTEX-132NY,65.0,59.61204,-5.38796,Heart - Atrial Appendage,non_neural
GTEX-PX3G-1326-SM-48U18,GTEX-PX3G,25.0,29.00888,4.008880000000001,Adrenal Gland,non_neural
GTEX-1I1HK-2626-SM-ARU7I,GTEX-1I1HK,65.0,67.30136,2.3013600000000025,Pituitary,non_neural
GTEX-16NGA-0626-SM-72D72,GTEX-16NGA,45.0,42.835697,-2.1643029999999968,Uterus,non_neural
GTEX-ZLFU-1826-SM-4WWBV,GTEX-ZLFU,45.0,58.77298,13.772979999999997,Skin - Not Sun Exposed (Suprapubic),non_neural
GTEX-13RTK-0726-SM-5Q5EN,GTEX-13RTK,25.0,30.019295,5.019295,Adipose - Visceral (Omentum),non_neural
GTEX-1I1HK-0426-SM-ADEHV,GTEX-1I1HK,65.0,62.57447,-2.425530000000002,Nerve - Tibial,neural
GTEX-RM2N-0126-SM-48FDD,GTEX-RM2N,55.0,65.171036,10.171036,Adrenal Gland,non_neural
GTEX-1GN1W-1226-SM-9MQLW,GTEX-1GN1W,55.0,61.1608,6.160800000000002,Adipose - Visceral (Omentum),non_neural
GTEX-13IVO-2426-SM-5K7V9,GTEX-13IVO,75.0,83.27693,8.276929999999993,Adipose - Visceral (Omentum),non_neural
GTEX-1IDJU-2226-SM-ADEIH,GTEX-1IDJU,65.0,67.718475,2.718474999999998,Nerve - Tibial,neural
GTEX-1B8KE-0006-SM-7SB6W,GTEX-1B8KE,55.0,63.288452,8.288452,Whole Blood,non_neural
GTEX-1JMOU-0226-SM-CNNPD,GTEX-1JMOU,65.0,53.721066,-11.278934,Heart - Left Ventricle,non_neural
GTEX-14E6E-2226-SM-5SI6F,GTEX-14E6E,35.0,29.28081,-5.719190000000001,Nerve - Tibial,neural
GTEX-13RTJ-2126-SM-5S2PZ,GTEX-13RTJ,65.0,64.25644,-0.7435600000000022,Prostate,non_neural
GTEX-11EI6-3126-SM-5H111,GTEX-11EI6,65.0,54.942024,-10.057975999999996,Pituitary,non_neural
GTEX-11TTK-0011-R10b-SM-DO925,GTEX-11TTK,65.0,66.570305,1.5703050000000047,Brain - Frontal Cortex (BA9),neural
GTEX-1LNCM-1126-SM-E9U5E,GTEX-1LNCM,55.0,63.22793,8.22793,Skin - Sun Exposed (Lower leg),non_neural
GTEX-11I78-1226-SM-5A5K6,GTEX-11I78,55.0,46.860737,-8.139263,Colon - Transverse,non_neural
GTEX-12ZZX-0011-R6a-SM-5HL8L,GTEX-12ZZX,45.0,43.804993,-1.1950069999999968,Brain - Nucleus accumbens (basal ganglia),neural
GTEX-N7MS-0626-SM-2YUN7,GTEX-N7MS,65.0,67.393936,2.3939359999999965,Artery - Tibial,non_neural
GTEX-13N11-0826-SM-5IJFP,GTEX-13N11,55.0,52.28196,-2.718040000000002,Adrenal Gland,non_neural
GTEX-1LH75-0011-R1a-SM-F341Y,GTEX-1LH75,55.0,57.63429,2.63429,Brain - Hippocampus,neural
GTEX-1POEN-1026-SM-E8VNF,GTEX-1POEN,35.0,43.78766,8.787660000000002,Artery - Aorta,non_neural
GTEX-1OFPY-0426-SM-HL9SZ,GTEX-1OFPY,65.0,68.09214,3.0921400000000006,Prostate,non_neural
GTEX-14ASI-0011-R6a-SM-5S2UZ,GTEX-14ASI,65.0,61.366306,-3.6336939999999984,Brain - Nucleus accumbens (basal ganglia),neural
GTEX-WOFM-0008-SM-4M9RB,GTEX-WOFM,25.0,30.429802,5.429801999999999,Cells - Cultured fibroblasts,non_neural
GTEX-1E1VI-0011-R7b-SM-9QEGR,GTEX-1E1VI,55.0,54.90676,-0.09324000000000154,Brain - Putamen (basal ganglia),neural
GTEX-14PN3-0326-SM-6EU1X,GTEX-14PN3,65.0,60.953297,-4.046703000000001,Adipose - Visceral (Omentum),non_neural
GTEX-WHSE-2926-SM-3NMBG,GTEX-WHSE,25.0,26.871601,1.8716009999999983,Brain - Cerebellum,neural
GTEX-14AS3-0006-SM-5NQC2,GTEX-14AS3,45.0,45.083023,0.08302299999999718,Whole Blood,non_neural
GTEX-13W3W-0426-SM-5MR6E,GTEX-13W3W,65.0,53.04504,-11.95496,Heart - Left Ventricle,non_neural
GTEX-139T6-0826-SM-5J1O2,GTEX-139T6,55.0,46.579277,-8.420723000000002,Esophagus - Gastroesophageal Junction,non_neural
GTEX-14E6E-1425-A-SM-H661B,GTEX-14E6E,35.0,40.291447,5.291446999999998,Pancreas - Mixed Cell,non_neural
GTEX-1PPH8-1126-SM-HL9SW,GTEX-1PPH8,25.0,30.0803,5.080300000000001,Spleen,non_neural
GTEX-1C6VR-0626-SM-79OOY,GTEX-1C6VR,65.0,59.70681,-5.293190000000003,Lung,non_neural
GTEX-11DXZ-1926-SM-5GZZL,GTEX-11DXZ,55.0,51.92342,-3.07658,Breast - Mammary Tissue,non_neural
GTEX-ZLWG-1526-SM-DO12F,GTEX-ZLWG,55.0,52.85382,-2.146180000000001,Stomach,non_neural
GTEX-12BJ1-0008-SM-5TDBZ,GTEX-12BJ1,65.0,45.438927,-19.561073,Cells - Cultured fibroblasts,non_neural
GTEX-OHPK-1826-SM-2YUMR,GTEX-OHPK,55.0,58.32969,3.3296899999999994,Artery - Tibial,non_neural
GTEX-XGQ4-0426-SM-4AT4I,GTEX-XGQ4,55.0,41.44396,-13.556040000000003,Thyroid,non_neural
GTEX-11DXZ-0226-SM-5EGGZ,GTEX-11DXZ,55.0,61.34183,6.341830000000002,Adrenal Gland,non_neural
GTEX-R55F-2726-SM-F21IE,GTEX-R55F,55.0,54.835304,-0.1646959999999993,Pituitary,non_neural
GTEX-139TU-0726-SM-5L3EK,GTEX-139TU,65.0,57.91211,-7.087890000000002,Skin - Not Sun Exposed (Suprapubic),non_neural
GTEX-ZP4G-0526-SM-4YCED,GTEX-ZP4G,25.0,25.585258,0.5852579999999996,Artery - Aorta,non_neural
GTEX-Y5V6-2126-SM-4WWFX,GTEX-Y5V6,65.0,57.63344,-7.36656,Breast - Mammary Tissue,non_neural
GTEX-13OVJ-0006-SM-5O98T,GTEX-13OVJ,55.0,61.827698,6.827697999999998,Whole Blood,non_neural
GTEX-14PJO-2926-SM-686ZI,GTEX-14PJO,65.0,66.78722,1.787220000000005,Brain - Cerebellum,neural
GTEX-14JIY-3326-SM-6871E,GTEX-14JIY,65.0,46.425243,-18.574756999999998,Colon - Transverse,non_neural
GTEX-12WSE-1226-SM-5P9II,GTEX-12WSE,25.0,29.477055,4.477055,Thyroid,non_neural
GTEX-13112-2626-SM-5BC66,GTEX-13112,55.0,53.319534,-1.6804660000000027,Muscle - Skeletal,non_neural
GTEX-13X6I-2426-SM-GJ3PG,GTEX-13X6I,65.0,62.88087,-2.1191299999999984,Stomach,non_neural
GTEX-WRHU-2926-SM-4MVNQ,GTEX-WRHU,55.0,38.853615,-16.146385000000002,Vagina,non_neural
GTEX-1KANC-1426-SM-CYPT9,GTEX-1KANC,55.0,52.454956,-2.545043999999997,Breast - Mammary Tissue,non_neural
GTEX-1POEN-0011-R6b-SM-F3K4E,GTEX-1POEN,35.0,34.86532,-0.13468000000000302,Brain - Nucleus accumbens (basal ganglia),neural
GTEX-ZAJG-0226-SM-5HL81,GTEX-ZAJG,55.0,62.677788,7.677788,Adipose - Subcutaneous,non_neural
GTEX-18A67-1326-SM-7LT8V,GTEX-18A67,55.0,50.860764,-4.139235999999997,Adipose - Visceral (Omentum),non_neural
GTEX-RTLS-0726-SM-46MV4,GTEX-RTLS,65.0,58.761856,-6.238143999999998,Artery - Coronary,non_neural
GTEX-1AMFI-0626-SM-731DR,GTEX-1AMFI,55.0,53.34322,-1.6567799999999977,Adrenal Gland,non_neural
GTEX-1F52S-2226-SM-7MXVE,GTEX-1F52S,65.0,66.63341,1.6334099999999978,Ovary,non_neural
GTEX-REY6-1126-SM-48FDU,GTEX-REY6,65.0,54.907204,-10.092796,Artery - Aorta,non_neural
GTEX-1R9JW-0726-SM-DTXFH,GTEX-1R9JW,35.0,39.656807,4.656807000000001,Artery - Aorta,non_neural
GTEX-1B8L1-1326-SM-7MKG6,GTEX-1B8L1,65.0,52.104843,-12.895156999999998,Adrenal Gland,non_neural
GTEX-1B8KE-0226-SM-7EWEK,GTEX-1B8KE,55.0,50.883907,-4.116092999999999,Artery - Aorta,non_neural
GTEX-1B8L1-0011-R10b-SM-7P8Q4,GTEX-1B8L1,65.0,61.762363,-3.2376369999999994,Brain - Frontal Cortex (BA9),neural
GTEX-1GZ4H-0326-SM-7P8QX,GTEX-1GZ4H,55.0,49.316483,-5.683517000000002,Breast - Mammary Tissue,non_neural
GTEX-13OW5-0011-R1b-SM-5L3GE,GTEX-13OW5,65.0,63.98986,-1.0101399999999998,Brain - Hippocampus,neural
GTEX-1ICLZ-1626-SM-CE6SS,GTEX-1ICLZ,65.0,57.017868,-7.982132,Adipose - Visceral (Omentum),non_neural
GTEX-14PJN-1826-SM-6AJ98,GTEX-14PJN,35.0,39.87119,4.871189999999999,Skin - Not Sun Exposed (Suprapubic),non_neural
GTEX-144GO-0011-R1a-SM-5PNWO,GTEX-144GO,65.0,68.43158,3.4315799999999967,Brain - Hippocampus,neural
GTEX-11DXY-0126-SM-5H11Q,GTEX-11DXY,65.0,62.201305,-2.798695000000002,Skin - Not Sun Exposed (Suprapubic),non_neural
GTEX-13VXT-1826-SM-5KM2F,GTEX-13VXT,25.0,27.510288,2.510287999999999,Esophagus - Gastroesophageal Junction,non_neural
GTEX-13JVG-3026-SM-5IJEV,GTEX-13JVG,65.0,50.42688,-14.573120000000003,Pituitary,non_neural
GTEX-1POEN-0011-R3b-SM-F3412,GTEX-1POEN,35.0,35.273144,0.27314400000000205,Brain - Anterior cingulate cortex (BA24),neural
GTEX-OHPK-0626-SM-GRR2Y,GTEX-OHPK,55.0,51.335213,-3.664786999999997,Esophagus - Muscularis,non_neural
GTEX-X5EB-2426-SM-4E3HX,GTEX-X5EB,45.0,53.166893,8.166893000000002,Adipose - Subcutaneous,non_neural
GTEX-15G1A-0006-SM-7PC1Z,GTEX-15G1A,35.0,49.34974,14.349739999999997,Whole Blood,non_neural
GTEX-11DXZ-0826-SM-HAV1R,GTEX-11DXZ,55.0,55.604027,0.6040270000000021,Pancreas,non_neural
GTEX-RVPV-1626-SM-GMXAK,GTEX-RVPV,65.0,59.992,-5.008000000000003,Breast - Mammary Tissue,non_neural
GTEX-1RQEC-0011-R4b-SM-F342C,GTEX-1RQEC,65.0,55.60717,-9.392829999999996,Brain - Amygdala,neural
GTEX-OXRO-0126-SM-G8W7T,GTEX-OXRO,65.0,69.26549,4.26549,Skin - Sun Exposed (Lower leg),non_neural
GTEX-11TT1-2326-SM-5GU6N,GTEX-11TT1,25.0,41.596756,16.596756,Muscle - Skeletal,non_neural
GTEX-ZWKS-0626-SM-5GIDV,GTEX-ZWKS,35.0,43.746017,8.746017000000002,Skin - Not Sun Exposed (Suprapubic),non_neural
GTEX-13X6I-0011-R4b-SM-5PNU9,GTEX-13X6I,65.0,65.066864,0.06686399999999537,Brain - Amygdala,neural
GTEX-12BJ1-1126-SM-5EGGG,GTEX-12BJ1,65.0,54.619015,-10.380985000000003,Pancreas,non_neural
GTEX-1KAFJ-0626-SM-D3L8X,GTEX-1KAFJ,55.0,60.007065,5.007064999999997,Esophagus - Mucosa,non_neural
GTEX-14PJ4-1926-SM-6LLHG,GTEX-14PJ4,65.0,59.456535,-5.543464999999998,Colon - Transverse,non_neural
GTEX-145MH-2526-SM-GJ3RS,GTEX-145MH,55.0,48.534477,-6.4655229999999975,Colon - Transverse,non_neural
GTEX-13NZA-0011-R11b-SM-5KM4W,GTEX-13NZA,65.0,57.19558,-7.80442,Brain - Cerebellar Hemisphere,neural
GTEX-ZPU1-2126-SM-57WED,GTEX-ZPU1,45.0,52.278175,7.278174999999997,Testis,non_neural
GTEX-11UD2-0726-SM-5EQ69,GTEX-11UD2,55.0,53.075424,-1.9245760000000018,Lung,non_neural
GTEX-OIZF-1526-SM-2I5GR,GTEX-OIZF,65.0,57.984177,-7.0158229999999975,Stomach,non_neural
GTEX-13RTK-0326-SM-5RQHS,GTEX-13RTK,25.0,35.413635,10.413635,Thyroid,non_neural
GTEX-RU1J-1026-SM-46MUR,GTEX-RU1J,25.0,32.764717,7.764716999999997,Uterus,non_neural
GTEX-17F96-0526-SM-79OLE,GTEX-17F96,75.0,69.42348,-5.576520000000002,Thyroid,non_neural
GTEX-1PBJI-0726-SM-EXUSQ,GTEX-1PBJI,25.0,40.976917,15.976917,Thyroid,non_neural
GTEX-1CAMR-0626-SM-7DHMI,GTEX-1CAMR,25.0,30.96331,5.96331,Esophagus - Gastroesophageal Junction,non_neural
GTEX-1NV5F-0011-R2a-SM-G8LME,GTEX-1NV5F,65.0,60.815365,-4.184635,Brain - Substantia nigra,neural
GTEX-13FHO-1726-SM-DPRZX,GTEX-13FHO,65.0,63.19153,-1.8084699999999998,Esophagus - Mucosa,non_neural
GTEX-ZDXO-0126-SM-5S2ND,GTEX-ZDXO,65.0,64.57507,-0.42493000000000336,Breast - Mammary Tissue,non_neural
GTEX-1MCC2-1426-SM-GPI8Q,GTEX-1MCC2,35.0,40.52112,5.521120000000003,Colon - Sigmoid,non_neural
GTEX-T8EM-1626-SM-3DB7K,GTEX-T8EM,45.0,44.460705,-0.5392950000000027,Artery - Tibial,non_neural
GTEX-169BO-0008-SM-EAZ32,GTEX-169BO,55.0,62.129517,7.129517,Cells - Cultured fibroblasts,non_neural
GTEX-13OVL-0006-SM-5O996,GTEX-13OVL,55.0,60.470207,5.470207000000002,Whole Blood,non_neural
GTEX-1KWVE-0011-R10b-SM-F649A,GTEX-1KWVE,35.0,41.4216,6.421599999999998,Brain - Frontal Cortex (BA9),neural
GTEX-1JMPZ-0011-R8b-SM-F341A,GTEX-1JMPZ,35.0,39.63849,4.638489999999997,Brain - Hypothalamus,neural
GTEX-14PJO-0626-SM-6LLHH,GTEX-14PJO,65.0,57.07512,-7.924880000000002,Thyroid,non_neural
GTEX-1EX96-2226-SM-7MKGT,GTEX-1EX96,55.0,51.034332,-3.965668000000001,Esophagus - Mucosa,non_neural
GTEX-11DXY-1026-SM-5987V,GTEX-11DXY,65.0,61.145805,-3.854194999999997,Heart - Atrial Appendage,non_neural
GTEX-TKQ2-0004-SM-3NMAC,GTEX-TKQ2,55.0,44.9778,-10.022199999999998,Cells - EBV-transformed lymphocytes,non_neural
GTEX-1A32A-1726-SM-731BW,GTEX-1A32A,55.0,59.984962,4.984962000000003,Artery - Coronary,non_neural
GTEX-146FQ-1126-SM-5NQBM,GTEX-146FQ,35.0,44.74935,9.74935,Esophagus - Muscularis,non_neural
GTEX-11TUW-0226-SM-5LU8X,GTEX-11TUW,65.0,61.375294,-3.6247060000000033,Thyroid,non_neural
GTEX-1211K-1426-SM-5FQTF,GTEX-1211K,65.0,58.51263,-6.4873699999999985,Stomach,non_neural
GTEX-14A5I-0005-SM-5N9FU,GTEX-14A5I,55.0,62.45689,7.456890000000001,Whole Blood,non_neural
GTEX-1H23P-0011-R9a-SM-CM2T1,GTEX-1H23P,65.0,57.102478,-7.897522000000002,Brain - Spinal cord (cervical c-1),neural
GTEX-1269C-2526-SM-5EGJ3,GTEX-1269C,65.0,64.67116,-0.3288399999999996,Skin - Sun Exposed (Lower leg),non_neural
GTEX-1I1GQ-1126-SM-CNNQT,GTEX-1I1GQ,55.0,48.87032,-6.1296800000000005,Lung,non_neural
GTEX-1RQED-1126-SM-EVYCU,GTEX-1RQED,65.0,69.69798,4.697980000000001,Artery - Aorta,non_neural
GTEX-ZEX8-1626-SM-4WKG7,GTEX-ZEX8,55.0,43.99122,-11.008780000000002,Stomach,non_neural
GTEX-1HCVE-3126-SM-GA8Z9,GTEX-1HCVE,55.0,57.151695,2.1516949999999966,Pituitary,non_neural
GTEX-1GMRU-0326-SM-9WYT6,GTEX-1GMRU,55.0,51.760635,-3.2393649999999994,Muscle - Skeletal,non_neural
GTEX-ZT9X-0126-SM-4YCFC,GTEX-ZT9X,45.0,39.4505,-5.549500000000002,Adrenal Gland,non_neural
GTEX-1C6VR-2526-SM-7DHMT,GTEX-1C6VR,65.0,62.967216,-2.0327839999999995,Muscle - Skeletal,non_neural
GTEX-1HFI7-2326-SM-CGQFS,GTEX-1HFI7,55.0,55.74416,0.7441600000000008,Skin - Not Sun Exposed (Suprapubic),non_neural
GTEX-13O3Q-0011-R1b-SM-5KM3L,GTEX-13O3Q,55.0,52.11648,-2.883519999999997,Brain - Hippocampus,neural
GTEX-1B97I-0526-SM-73KXE,GTEX-1B97I,45.0,44.004578,-0.9954219999999978,Adipose - Visceral (Omentum),non_neural
GTEX-XMK1-2526-SM-4B666,GTEX-XMK1,45.0,50.33592,5.3359200000000016,Artery - Tibial,non_neural
GTEX-YEC3-1126-SM-5IFIH,GTEX-YEC3,55.0,52.094444,-2.905555999999997,Artery - Tibial,non_neural
GTEX-RU1J-1326-SM-46MUL,GTEX-RU1J,25.0,34.829056,9.829056000000001,Colon - Transverse,non_neural
GTEX-1K2DU-2226-SM-CXZJY,GTEX-1K2DU,25.0,31.214918,6.214918000000001,Testis,non_neural
GTEX-ZTPG-1926-SM-HAUZ1,GTEX-ZTPG,25.0,47.088226,22.088226,Ovary,non_neural
GTEX-1JKYR-1026-SM-CGQGI,GTEX-1JKYR,25.0,33.69381,8.69381,Pancreas,non_neural
GTEX-13U4I-0006-SM-5N9CI,GTEX-13U4I,45.0,47.079185,2.0791850000000025,Whole Blood,non_neural
GTEX-16YQH-0006-SM-7P8OQ,GTEX-16YQH,35.0,48.470825,13.470824999999998,Whole Blood,non_neural
GTEX-1H3VE-0326-SM-9YFLH,GTEX-1H3VE,45.0,62.299652,17.299652000000002,Skin - Sun Exposed (Lower leg),non_neural
GTEX-13FTZ-0126-SM-5K7V3,GTEX-13FTZ,65.0,71.24347,6.243470000000002,Artery - Aorta,non_neural
GTEX-16MTA-1725-B-SM-DLZRY,GTEX-16MTA,55.0,59.404755,4.4047550000000015,Colon - Transverse - Mucosa,non_neural
GTEX-1MA7W-1026-SM-DKPQK,GTEX-1MA7W,25.0,44.815002,19.815002,Breast - Mammary Tissue,non_neural
GTEX-XLM4-2326-SM-4AT5E,GTEX-XLM4,65.0,56.302795,-8.697204999999997,Esophagus - Mucosa,non_neural
GTEX-16BQI-0226-SM-7KUEX,GTEX-16BQI,35.0,44.975746,9.975746000000001,Skin - Sun Exposed (Lower leg),non_neural
GTEX-T8EM-1026-SM-3DB7M,GTEX-T8EM,45.0,45.802055,0.8020550000000028,Skin - Sun Exposed (Lower leg),non_neural
GTEX-145MH-0006-SM-GJ3QU,GTEX-145MH,55.0,65.7444,10.744399999999999,Whole Blood,non_neural
GTEX-15CHQ-2226-SM-HAUY2,GTEX-15CHQ,65.0,53.174335,-11.825665,Adrenal Gland,non_neural
GTEX-TSE9-0011-R6A-SM-3DB7L,GTEX-TSE9,65.0,64.590515,-0.40948500000000365,Brain - Nucleus accumbens (basal ganglia),neural
GTEX-15CHC-0226-SM-5YYBB,GTEX-15CHC,65.0,65.48517,0.48516999999999655,Lung,non_neural
GTEX-N7MT-0011-R6a-SM-2I3G3,GTEX-N7MT,65.0,69.55043,4.550430000000006,Brain - Nucleus accumbens (basal ganglia),neural
GTEX-Q734-0526-SM-2I3EH,GTEX-Q734,45.0,48.89617,3.896169999999998,Thyroid,non_neural
GTEX-13PL7-1726-SM-5J2NX,GTEX-13PL7,65.0,56.49588,-8.50412,Lung,non_neural
GTEX-17HII-0826-SM-7DUFH,GTEX-17HII,55.0,56.289673,1.2896730000000005,Adipose - Visceral (Omentum),non_neural
GTEX-ZYW4-0008-SM-G9EPG,GTEX-ZYW4,65.0,56.594246,-8.405754000000002,Cells - Cultured fibroblasts,non_neural
GTEX-13N1W-3026-SM-GIN9V,GTEX-13N1W,75.0,69.177246,-5.822754000000003,Brain - Cortex,neural
GTEX-YJ89-0726-SM-5P9F7,GTEX-YJ89,65.0,60.381516,-4.618484000000002,Thyroid,non_neural
GTEX-111YS-1026-SM-5GZYE,GTEX-111YS,65.0,59.939465,-5.060535000000002,Esophagus - Muscularis,non_neural
GTEX-17KNJ-0926-SM-7IGP2,GTEX-17KNJ,55.0,52.95534,-2.0446600000000004,Lung,non_neural
GTEX-1HKZK-1826-SM-ADEJ2,GTEX-1HKZK,45.0,45.82914,0.8291400000000024,Breast - Mammary Tissue,non_neural
GTEX-ZE7O-3026-SM-51MS4,GTEX-ZE7O,55.0,62.703163,7.7031630000000035,Stomach,non_neural
GTEX-1PBJJ-0126-SM-GPIAI,GTEX-1PBJJ,35.0,46.820915,11.820915,Skin - Sun Exposed (Lower leg),non_neural
GTEX-1C6VQ-2126-SM-7IGNL,GTEX-1C6VQ,55.0,49.72123,-5.2787700000000015,Spleen,non_neural
GTEX-1PPGY-0126-SM-F2I3L,GTEX-1PPGY,65.0,57.61026,-7.389740000000003,Prostate,non_neural
GTEX-1JMPZ-0008-SM-HM8TB,GTEX-1JMPZ,35.0,37.789307,2.789307000000001,Cells - Cultured fibroblasts,non_neural
GTEX-14A5I-1226-SM-5NQBW,GTEX-14A5I,55.0,60.684372,5.684372000000003,Heart - Left Ventricle,non_neural
GTEX-1LH75-0011-R4a-SM-F2TAM,GTEX-1LH75,55.0,56.975815,1.9758149999999972,Brain - Amygdala,neural
GTEX-X5EB-0726-SM-46MVR,GTEX-X5EB,45.0,55.074883,10.074883,Thyroid,non_neural
GTEX-1IDJF-1126-SM-ARU7O,GTEX-1IDJF,25.0,32.55818,7.55818,Esophagus - Gastroesophageal Junction,non_neural
GTEX-1EN7A-1626-SM-79OLV,GTEX-1EN7A,45.0,45.15355,0.15355000000000274,Adipose - Visceral (Omentum),non_neural
GTEX-QV31-0826-SM-CKZNC,GTEX-QV31,35.0,35.87949,0.879489999999997,Colon - Transverse,non_neural
GTEX-14PJO-3126-SM-HAV2P,GTEX-14PJO,65.0,59.02133,-5.978670000000001,Pituitary,non_neural
GTEX-1S82P-0008-SM-HPAF6,GTEX-1S82P,65.0,46.938965,-18.061034999999997,Cells - Cultured fibroblasts,non_neural
GTEX-13OVJ-2426-SM-5KM3I,GTEX-13OVJ,55.0,60.204624,5.204624000000003,Ovary,non_neural
GTEX-1LH75-0926-SM-EAZ5C,GTEX-1LH75,55.0,51.805042,-3.1949579999999997,Liver,non_neural
GTEX-11O72-0008-SM-5Q5DN,GTEX-11O72,45.0,48.31555,3.3155500000000018,Cells - Cultured fibroblasts,non_neural
GTEX-1JMQL-0926-SM-CJI3F,GTEX-1JMQL,55.0,45.219772,-9.780228000000001,Thyroid,non_neural
GTEX-O5YT-1826-SM-32PK9,GTEX-O5YT,25.0,36.053486,11.053486,Artery - Tibial,non_neural
GTEX-1MUQO-0005-SM-DKPPT,GTEX-1MUQO,65.0,47.487633,-17.512366999999998,Whole Blood,non_neural
GTEX-1RMOY-0126-SM-EWRNN,GTEX-1RMOY,55.0,64.26849,9.26849,Thyroid,non_neural
GTEX-POMQ-0426-SM-3P61G,GTEX-POMQ,25.0,29.760021,4.760020999999998,Artery - Aorta,non_neural
GTEX-ZYY3-2926-SM-5GIEB,GTEX-ZYY3,65.0,65.47407,0.47406999999999755,Skin - Not Sun Exposed (Suprapubic),non_neural
GTEX-11EM3-2126-SM-5H11M,GTEX-11EM3,25.0,28.772558,3.772558,Muscle - Skeletal,non_neural
GTEX-1ICLY-1126-SM-D4P37,GTEX-1ICLY,55.0,62.59025,7.5902499999999975,Artery - Aorta,non_neural
GTEX-1A3MX-0011-R7a-SM-7DUEM,GTEX-1A3MX,65.0,64.14768,-0.852320000000006,Brain - Putamen (basal ganglia),neural
GTEX-14ICK-1126-SM-69LOO,GTEX-14ICK,45.0,47.85682,2.856819999999999,Esophagus - Gastroesophageal Junction,non_neural
GTEX-1E1VI-0011-R4b-SM-9QEHV,GTEX-1E1VI,55.0,55.77726,0.7772599999999983,Brain - Amygdala,neural
GTEX-1RNSC-1226-SM-E9U52,GTEX-1RNSC,65.0,64.27138,-0.7286200000000065,Lung,non_neural
GTEX-WQUQ-1626-SM-4M9QT,GTEX-WQUQ,65.0,59.61645,-5.38355,Esophagus - Mucosa,non_neural
GTEX-132Q8-1126-SM-5K7XS,GTEX-132Q8,65.0,64.45942,-0.5405800000000056,Heart - Atrial Appendage,non_neural
GTEX-13X6K-3026-SM-5QGPA,GTEX-13X6K,65.0,59.13969,-5.860309999999998,Pituitary,non_neural
GTEX-1GMR2-2326-SM-7PC18,GTEX-1GMR2,55.0,47.647636,-7.3523640000000015,Nerve - Tibial,neural
GTEX-13FTW-1226-SM-5LZZ1,GTEX-13FTW,45.0,54.630726,9.630726000000003,Prostate,non_neural
GTEX-1JN6P-1126-SM-CKZON,GTEX-1JN6P,65.0,61.305534,-3.6944659999999985,Heart - Left Ventricle,non_neural
GTEX-1F6I4-1326-SM-7P8QQ,GTEX-1F6I4,65.0,59.164623,-5.835377000000001,Prostate,non_neural
GTEX-12584-0011-R9b-SM-GI4WC,GTEX-12584,45.0,56.34607,11.346069999999997,Brain - Spinal cord (cervical c-1),neural
GTEX-1KD5A-0726-SM-DIPEO,GTEX-1KD5A,55.0,52.031525,-2.968474999999998,Muscle - Skeletal,non_neural
GTEX-XLM4-1026-SM-4AT51,GTEX-XLM4,65.0,59.68373,-5.316270000000003,Adipose - Visceral (Omentum),non_neural
GTEX-1LSVX-0011-R9b-SM-G8LL2,GTEX-1LSVX,65.0,67.61861,2.618610000000004,Brain - Spinal cord (cervical c-1),neural
GTEX-17KNJ-0005-SM-7PBYB,GTEX-17KNJ,55.0,48.61779,-6.382210000000001,Whole Blood,non_neural
GTEX-1IL2V-0226-SM-CMKI2,GTEX-1IL2V,75.0,70.404175,-4.595825000000005,Adipose - Subcutaneous,non_neural
GTEX-145LV-2526-SM-5S2VA,GTEX-145LV,55.0,55.92928,0.9292799999999986,Nerve - Tibial,neural
GTEX-NPJ8-0007-SM-2D7VX,GTEX-NPJ8,45.0,44.515316,-0.48468400000000145,Whole Blood,non_neural
GTEX-T5JW-1026-SM-EZ6LR,GTEX-T5JW,25.0,23.288637,-1.7113629999999986,Bladder,non_neural
GTEX-11P81-2026-SM-5P9GT,GTEX-11P81,35.0,36.14556,1.1455600000000032,Minor Salivary Gland,non_neural
GTEX-131XG-1026-SM-5GCMX,GTEX-131XG,55.0,55.451614,0.4516139999999993,Esophagus - Mucosa,non_neural
GTEX-1QCLZ-0726-SM-EY5Z8,GTEX-1QCLZ,65.0,65.65823,0.6582300000000032,Artery - Aorta,non_neural
GTEX-XQ8I-1726-SM-4BOQB,GTEX-XQ8I,55.0,59.915306,4.915306000000001,Spleen,non_neural
GTEX-1GN2E-2026-SM-9JGGG,GTEX-1GN2E,65.0,50.110825,-14.889175000000002,Prostate,non_neural
GTEX-XMD3-0226-SM-GNTAP,GTEX-XMD3,55.0,47.637714,-7.362285999999997,Adipose - Subcutaneous,non_neural
GTEX-1A3MV-0008-SM-EAZDA,GTEX-1A3MV,35.0,46.7882,11.788200000000003,Cells - Cultured fibroblasts,non_neural
GTEX-1LSNM-1726-SM-GQ1EB,GTEX-1LSNM,55.0,56.266876,1.2668760000000034,Testis,non_neural
GTEX-ZT9X-1426-SM-5DUX1,GTEX-ZT9X,45.0,45.48979,0.4897899999999993,Testis,non_neural
GTEX-1EKGG-0011-R7a-SM-CKZNN,GTEX-1EKGG,65.0,62.28131,-2.7186900000000023,Brain - Putamen (basal ganglia),neural
GTEX-Y9LG-0006-SM-4VBRK,GTEX-Y9LG,35.0,31.644524,-3.3554759999999995,Whole Blood,non_neural
GTEX-Y3IK-0926-SM-51MQU,GTEX-Y3IK,55.0,52.54616,-2.4538399999999996,Artery - Coronary,non_neural
GTEX-1EKGG-1226-SM-7IGNO,GTEX-1EKGG,65.0,56.349586,-8.650413999999998,Liver,non_neural
GTEX-1BAJH-2126-SM-7EWFB,GTEX-1BAJH,75.0,63.988213,-11.011786999999998,Adipose - Visceral (Omentum),non_neural
GTEX-1IKK5-0826-SM-ACKWN,GTEX-1IKK5,65.0,58.821106,-6.178894,Adipose - Visceral (Omentum),non_neural
GTEX-1MCC2-1126-SM-EVYD6,GTEX-1MCC2,35.0,34.656708,-0.34329199999999815,Vagina,non_neural
GTEX-15DDE-0126-SM-6LPKH,GTEX-15DDE,55.0,51.986584,-3.0134159999999994,Skin - Sun Exposed (Lower leg),non_neural
GTEX-1B97J-0926-SM-79ONU,GTEX-1B97J,55.0,55.329994,0.32999399999999923,Esophagus - Muscularis,non_neural
GTEX-1HSMQ-2626-SM-A9SML,GTEX-1HSMQ,55.0,58.52909,3.5290899999999965,Skin - Not Sun Exposed (Suprapubic),non_neural
GTEX-1GN73-2226-SM-9YFLF,GTEX-1GN73,65.0,71.56392,6.563919999999996,Artery - Aorta,non_neural
GTEX-14DAR-1826-SM-664N1,GTEX-14DAR,55.0,54.83618,-0.1638200000000012,Muscle - Skeletal,non_neural
GTEX-1LKK1-0011-R11a-SM-EXOIG,GTEX-1LKK1,55.0,56.14245,1.1424499999999966,Brain - Cerebellar Hemisphere,neural
GTEX-1H3VY-2026-SM-9JGHK,GTEX-1H3VY,55.0,54.50915,-0.4908500000000018,Esophagus - Mucosa,non_neural
GTEX-1CAMR-0226-SM-7DUGO,GTEX-1CAMR,25.0,30.139172,5.1391719999999985,Thyroid,non_neural
GTEX-P44H-0526-SM-2XCF1,GTEX-P44H,45.0,53.104347,8.104346999999997,Nerve - Tibial,neural
GTEX-1HCUA-0006-SM-ACKV9,GTEX-1HCUA,55.0,54.17177,-0.8282299999999978,Whole Blood,non_neural
GTEX-POYW-1226-SM-2XCEP,GTEX-POYW,65.0,61.92205,-3.0779500000000013,Lung,non_neural
GTEX-1EKGG-0011-R6a-SM-CL538,GTEX-1EKGG,65.0,57.022743,-7.977257000000002,Brain - Nucleus accumbens (basal ganglia),neural
GTEX-X4EO-2726-SM-4E3HS,GTEX-X4EO,65.0,59.604866,-5.395133999999999,Colon - Sigmoid,non_neural
GTEX-1N2EF-0326-SM-EYYXC,GTEX-1N2EF,65.0,60.201088,-4.798912000000001,Artery - Tibial,non_neural
GTEX-1HT8W-3026-SM-CGQEO,GTEX-1HT8W,35.0,35.27276,0.2727599999999981,Brain - Cortex,neural
GTEX-15SZO-0726-SM-HLJRR,GTEX-15SZO,55.0,49.04905,-5.950949999999999,Testis,non_neural
GTEX-132Q8-2926-SM-5IFFP,GTEX-132Q8,65.0,69.5575,4.5575000000000045,Brain - Cerebellum,neural
GTEX-13NYS-0626-SM-5L3F1,GTEX-13NYS,65.0,52.318394,-12.681606000000002,Skin - Not Sun Exposed (Suprapubic),non_neural
GTEX-13OVG-0226-SM-5LU93,GTEX-13OVG,65.0,62.589886,-2.410114,Thyroid,non_neural
GTEX-1A32A-2626-SM-73KX9,GTEX-1A32A,55.0,65.82064,10.820639999999997,Colon - Sigmoid,non_neural
GTEX-14JFF-0011-R11a-SM-G8W7I,GTEX-14JFF,65.0,62.5093,-2.490699999999997,Brain - Cerebellar Hemisphere,neural
GTEX-1399U-0326-SM-5P9G5,GTEX-1399U,55.0,48.855255,-6.144745,Thyroid,non_neural
GTEX-1JN76-1426-SM-AHZ4F,GTEX-1JN76,25.0,14.165493,-10.834507,Ovary,non_neural
GTEX-X4XX-1026-SM-4QARO,GTEX-X4XX,65.0,62.83839,-2.161610000000003,Lung,non_neural
GTEX-T5JW-1326-SM-4DM5G,GTEX-T5JW,25.0,32.128414,7.128413999999999,Esophagus - Mucosa,non_neural
GTEX-SE5C-0426-SM-4BRUI,GTEX-SE5C,45.0,52.60098,7.60098,Artery - Coronary,non_neural
GTEX-R55D-0326-SM-48FES,GTEX-R55D,55.0,46.66826,-8.331740000000003,Adipose - Subcutaneous,non_neural
GTEX-T6MN-0011-R11A-SM-32QOX,GTEX-T6MN,55.0,56.826256,1.8262560000000008,Brain - Cerebellar Hemisphere,neural
GTEX-13CF3-1526-SM-5J2NB,GTEX-13CF3,65.0,64.62646,-0.37354000000000553,Esophagus - Muscularis,non_neural
GTEX-11XUK-2126-SM-5EQLR,GTEX-11XUK,45.0,42.089924,-2.9100759999999966,Adipose - Subcutaneous,non_neural
GTEX-R55D-0826-SM-48FEA,GTEX-R55D,55.0,45.586376,-9.413623999999999,Breast - Mammary Tissue,non_neural
GTEX-XPVG-2826-SM-4B66J,GTEX-XPVG,55.0,73.555374,18.555374,Nerve - Tibial,neural
GTEX-1POEN-2226-SM-DPRXV,GTEX-1POEN,35.0,34.848583,-0.15141700000000213,Minor Salivary Gland,non_neural
GTEX-17KNJ-2126-SM-718AM,GTEX-17KNJ,55.0,53.663548,-1.3364520000000013,Skin - Not Sun Exposed (Suprapubic),non_neural
GTEX-ZP4G-1226-SM-4WWCJ,GTEX-ZP4G,25.0,35.126896,10.126896000000002,Stomach,non_neural
GTEX-131XG-1526-SM-5GCNQ,GTEX-131XG,55.0,56.50015,1.5001499999999979,Colon - Sigmoid,non_neural
GTEX-1OJC3-1926-SM-DPRYV,GTEX-1OJC3,25.0,31.525478,6.525478,Prostate,non_neural
GTEX-1IE54-0326-SM-ARZMD,GTEX-1IE54,45.0,53.084373,8.084373,Muscle - Skeletal,non_neural
GTEX-1F88F-2626-SM-9WG5K,GTEX-1F88F,65.0,58.097527,-6.9024730000000005,Adipose - Subcutaneous,non_neural
GTEX-1BAJH-1226-SM-7SB7A,GTEX-1BAJH,75.0,75.0941,0.09409999999999741,Artery - Coronary,non_neural
GTEX-ZF3C-0926-SM-DO92P,GTEX-ZF3C,55.0,53.971214,-1.0287859999999966,Lung,non_neural
GTEX-15CHR-5005-SM-HL11N,GTEX-15CHR,55.0,52.745323,-2.254677000000001,Lung,non_neural
GTEX-WFG7-0001-SM-3P61S,GTEX-WFG7,25.0,41.93416,16.93416,Cells - EBV-transformed lymphocytes,non_neural
GTEX-13O21-2926-SM-5J1OU,GTEX-13O21,55.0,59.347622,4.347622000000001,Artery - Coronary,non_neural
GTEX-1AYD5-2626-SM-7PBXY,GTEX-1AYD5,55.0,62.882847,7.882846999999998,Skin - Not Sun Exposed (Suprapubic),non_neural
GTEX-1N2EF-0011-R7a-SM-F2T9O,GTEX-1N2EF,65.0,63.785618,-1.2143820000000005,Brain - Putamen (basal ganglia),neural
GTEX-13D11-0726-SM-5LZZB,GTEX-13D11,55.0,51.319645,-3.6803549999999987,Small Intestine - Terminal Ileum,non_neural
GTEX-1EH9U-2026-SM-7PBYS,GTEX-1EH9U,65.0,70.16138,5.161379999999994,Colon - Transverse,non_neural
GTEX-1JKYN-1126-SM-CGQG5,GTEX-1JKYN,35.0,33.771294,-1.2287060000000025,Thyroid,non_neural
GTEX-13OVK-2226-SM-6LPJY,GTEX-13OVK,45.0,38.255005,-6.744995000000003,Testis,non_neural
GTEX-1AMFI-2126-SM-731BT,GTEX-1AMFI,55.0,47.38666,-7.613340000000001,Adipose - Subcutaneous,non_neural
GTEX-131XE-2526-SM-5EQ57,GTEX-131XE,55.0,62.03142,7.031419999999997,Nerve - Tibial,neural
GTEX-1AX8Z-0826-SM-7DUFZ,GTEX-1AX8Z,65.0,50.08011,-14.919890000000002,Thyroid,non_neural
GTEX-1IY9M-0011-R10b-SM-EY5YG,GTEX-1IY9M,65.0,60.64952,-4.3504799999999975,Brain - Frontal Cortex (BA9),neural
GTEX-11NUK-1026-SM-5HL5J,GTEX-11NUK,55.0,59.83651,4.836509999999997,Thyroid,non_neural
GTEX-WWYW-1326-SM-3NB2S,GTEX-WWYW,55.0,59.184433,4.1844329999999985,Heart - Left Ventricle,non_neural
GTEX-1R9K4-0626-SM-E76OZ,GTEX-1R9K4,65.0,63.543396,-1.4566039999999987,Muscle - Skeletal,non_neural
GTEX-1S82U-0326-SM-GQ1DW,GTEX-1S82U,35.0,41.741707,6.741706999999998,Esophagus - Gastroesophageal Junction,non_neural
GTEX-RNOR-0726-SM-2TF5I,GTEX-RNOR,55.0,59.98016,4.980159999999998,Lung,non_neural
GTEX-1RQED-0011-R8a-SM-G8LKO,GTEX-1RQED,65.0,66.97538,1.9753800000000012,Brain - Hypothalamus,neural
GTEX-12WSA-0011-R8a-SM-5P9EX,GTEX-12WSA,65.0,69.09495,4.094949999999997,Brain - Hypothalamus,neural
GTEX-18A66-2425-B-SM-DLZQR,GTEX-18A66,65.0,48.9879,-16.012099999999997,Colon - Transverse - Mucosa,non_neural
GTEX-1S82U-0001-SM-HPAEW,GTEX-1S82U,35.0,43.5867,8.5867,Cells - EBV-transformed lymphocytes,non_neural
GTEX-1H11D-1426-SM-9MQKY,GTEX-1H11D,45.0,45.61722,0.6172200000000032,Artery - Coronary,non_neural
GTEX-XMK1-2626-SM-4B65R,GTEX-XMK1,45.0,45.668777,0.6687769999999986,Minor Salivary Gland,non_neural
GTEX-1F52S-0006-SM-ARL6X,GTEX-1F52S,65.0,62.76854,-2.2314599999999984,Whole Blood,non_neural
GTEX-17MFQ-1626-SM-7938Z,GTEX-17MFQ,25.0,30.78601,5.786010000000001,Minor Salivary Gland,non_neural
GTEX-15RIF-1426-SM-7KUKQ,GTEX-15RIF,25.0,28.949406,3.9494059999999998,Colon - Sigmoid,non_neural
GTEX-1HT8W-0011-R2a-SM-CMKH9,GTEX-1HT8W,35.0,38.151665,3.1516650000000013,Brain - Substantia nigra,neural
GTEX-17F96-2326-SM-GOQZI,GTEX-17F96,75.0,72.173355,-2.826644999999999,Prostate,non_neural
GTEX-16NPV-0011-R11a-SM-7IGMK,GTEX-16NPV,55.0,46.06101,-8.938989999999997,Brain - Cerebellar Hemisphere,neural
GTEX-1I1CD-1326-SM-A9SMM,GTEX-1I1CD,65.0,71.25054,6.250540000000001,Heart - Atrial Appendage,non_neural
GTEX-1B8SG-1726-SM-73KXK,GTEX-1B8SG,55.0,50.123848,-4.876151999999998,Brain - Cortex,neural
GTEX-ZVT2-0926-SM-5GICE,GTEX-ZVT2,55.0,53.87013,-1.1298699999999968,Heart - Atrial Appendage,non_neural
GTEX-1LGRB-2526-SM-CNPPQ,GTEX-1LGRB,55.0,48.365585,-6.634414999999997,Skin - Sun Exposed (Lower leg),non_neural
GTEX-15SHU-0008-SM-EAZ35,GTEX-15SHU,45.0,51.308292,6.308292000000002,Cells - Cultured fibroblasts,non_neural
GTEX-14ICK-2326-SM-H7OFR,GTEX-14ICK,45.0,56.001476,11.001475999999997,Testis,non_neural
GTEX-12WSF-1526-SM-6PAN6,GTEX-12WSF,75.0,53.27645,-21.723550000000003,Adipose - Visceral (Omentum),non_neural
GTEX-1H3VY-2226-SM-9WYU7,GTEX-1H3VY,55.0,46.387947,-8.612053000000003,Esophagus - Gastroesophageal Junction,non_neural
GTEX-145MI-0126-SM-GI4WU,GTEX-145MI,65.0,69.080734,4.080734000000007,Artery - Tibial,non_neural
GTEX-1IKOE-1326-SM-CE6T6,GTEX-1IKOE,35.0,50.52491,15.524909999999998,Breast - Mammary Tissue,non_neural
GTEX-S3XE-0526-SM-4AD4G,GTEX-S3XE,55.0,56.579742,1.579742000000003,Pancreas,non_neural
GTEX-REY6-0926-SM-48FDA,GTEX-REY6,65.0,55.671165,-9.328834999999998,Artery - Coronary,non_neural
GTEX-1LBAC-0226-SM-DHXJZ,GTEX-1LBAC,25.0,30.363115,5.3631150000000005,Adipose - Subcutaneous,non_neural
GTEX-1KANB-1826-SM-DHXJU,GTEX-1KANB,55.0,48.358044,-6.641956,Esophagus - Mucosa,non_neural
GTEX-145MO-2126-SM-5Q5CZ,GTEX-145MO,65.0,65.22044,0.22043999999999642,Pancreas,non_neural
GTEX-1R46S-0011-R4b-SM-F2TBF,GTEX-1R46S,65.0,70.245705,5.245705000000001,Brain - Amygdala,neural
GTEX-15RIF-1526-SM-6M46K,GTEX-15RIF,25.0,25.893112,0.8931119999999986,Prostate,non_neural
GTEX-WYJK-2526-SM-4ONDF,GTEX-WYJK,55.0,45.894707,-9.105293000000003,Stomach,non_neural
GTEX-U3ZN-2126-SM-4DXU1,GTEX-U3ZN,35.0,41.22018,6.220179999999999,Colon - Transverse,non_neural
GTEX-1RQEC-1726-SM-HKZZX,GTEX-1RQEC,65.0,58.1473,-6.852699999999999,Esophagus - Muscularis,non_neural
GTEX-147F3-0526-SM-5MR69,GTEX-147F3,55.0,59.218582,4.218581999999998,Skin - Sun Exposed (Lower leg),non_neural
GTEX-15CHQ-0011-R6b-SM-69LOX,GTEX-15CHQ,65.0,70.76821,5.768209999999996,Brain - Nucleus accumbens (basal ganglia),neural
GTEX-14BMV-0011-R8a-SM-G9ERM,GTEX-14BMV,55.0,58.969284,3.969284000000002,Brain - Hypothalamus,neural
GTEX-132AR-1825-A-SM-H661J,GTEX-132AR,55.0,52.462387,-2.5376130000000003,Pancreas - Mixed Cell,non_neural
GTEX-1LKK1-3126-SM-EWRNY,GTEX-1LKK1,55.0,44.471786,-10.528213999999998,Brain - Cortex,neural
GTEX-18D9A-0008-SM-EAZBS,GTEX-18D9A,35.0,37.049046,2.049045999999997,Cells - Cultured fibroblasts,non_neural
GTEX-117XS-0005-SM-5PNU6,GTEX-117XS,65.0,61.223366,-3.7766340000000014,Whole Blood,non_neural
GTEX-14A6H-2426-SM-5Q5BO,GTEX-14A6H,35.0,35.60906,0.6090599999999995,Thyroid,non_neural
GTEX-1OJC4-0005-SM-DKPQ4,GTEX-1OJC4,55.0,51.39746,-3.6025399999999976,Whole Blood,non_neural
GTEX-1PPGY-0011-R2b-SM-F33YW,GTEX-1PPGY,65.0,65.951546,0.9515459999999933,Brain - Substantia nigra,neural
GTEX-1399R-0526-SM-5IJEF,GTEX-1399R,35.0,44.177544,9.177543999999997,Prostate,non_neural
GTEX-ZVE2-0826-SM-H6Q6M,GTEX-ZVE2,55.0,61.034378,6.034377999999997,Heart - Atrial Appendage,non_neural
GTEX-1GN2E-0826-SM-9WYT8,GTEX-1GN2E,65.0,68.58005,3.58005,Thyroid,non_neural
GTEX-13OW7-0011-R6a-SM-GJ3Q7,GTEX-13OW7,55.0,56.16374,1.163739999999997,Brain - Nucleus accumbens (basal ganglia),neural
GTEX-1C475-2026-SM-793CI,GTEX-1C475,45.0,55.16348,10.16348,Nerve - Tibial,neural
GTEX-1I1GR-3026-SM-ARU7C,GTEX-1I1GR,65.0,56.49799,-8.502009999999999,Pituitary,non_neural
GTEX-131YS-0011-R1a-SM-5DUXC,GTEX-131YS,65.0,63.7292,-1.2708000000000013,Brain - Hippocampus,neural
GTEX-XV7Q-2726-SM-9WG6W,GTEX-XV7Q,45.0,55.689846,10.689846000000003,Nerve - Tibial,neural
GTEX-1S83E-1426-SM-EV7B8,GTEX-1S83E,45.0,35.970543,-9.029457,Pancreas,non_neural
GTEX-1339X-0008-SM-5ZZUL,GTEX-1339X,45.0,45.564507,0.564506999999999,Cells - Cultured fibroblasts,non_neural
GTEX-14753-0011-R6b-SM-5S2UD,GTEX-14753,65.0,58.426315,-6.573684999999998,Brain - Nucleus accumbens (basal ganglia),neural
GTEX-1HBPM-0926-SM-ARL9C,GTEX-1HBPM,65.0,57.8468,-7.153199999999998,Thyroid,non_neural
GTEX-14PN4-0011-R5a-SM-686ZV,GTEX-14PN4,55.0,49.2342,-5.765799999999999,Brain - Caudate (basal ganglia),neural
GTEX-1J1OQ-0826-SM-CXZJG,GTEX-1J1OQ,45.0,49.92701,4.927010000000003,Liver,non_neural
GTEX-1I1GR-2926-SM-G8LLX,GTEX-1I1GR,65.0,63.59931,-1.4006899999999973,Brain - Cortex,neural
GTEX-XQ3S-1626-SM-4WAYN,GTEX-XQ3S,25.0,39.88436,14.884360000000001,Adipose - Subcutaneous,non_neural
GTEX-S4Z8-1026-SM-72D6N,GTEX-S4Z8,65.0,61.175003,-3.8249970000000033,Colon - Transverse,non_neural
GTEX-RU72-0008-SM-46MV8,GTEX-RU72,55.0,34.773705,-20.226295,Cells - Cultured fibroblasts,non_neural
GTEX-1122O-1926-SM-5EGIQ,GTEX-1122O,65.0,56.22862,-8.77138,Stomach,non_neural
GTEX-1KANA-1126-SM-D3L9M,GTEX-1KANA,25.0,45.15107,20.151069999999997,Stomach,non_neural
GTEX-13O61-0526-SM-5J2M1,GTEX-13O61,65.0,55.548832,-9.451168000000003,Heart - Left Ventricle,non_neural
GTEX-1GF9X-1526-SM-7P8QP,GTEX-1GF9X,45.0,52.70433,7.704329999999999,Colon - Transverse,non_neural
GTEX-15DYW-0011-R4a-SM-6M46V,GTEX-15DYW,65.0,65.25546,0.25545999999999935,Brain - Amygdala,neural
GTEX-1I4MK-0002-SM-EZ6M9,GTEX-1I4MK,55.0,57.244614,2.2446139999999986,Cells - EBV-transformed lymphocytes,non_neural
GTEX-1IKOH-2326-SM-CM2TW,GTEX-1IKOH,65.0,66.337395,1.3373950000000008,Breast - Mammary Tissue,non_neural
GTEX-14E7W-3126-SM-68725,GTEX-14E7W,75.0,60.69964,-14.300359999999998,Pituitary,non_neural
GTEX-14PJ6-0226-SM-6AJ9K,GTEX-14PJ6,65.0,55.40984,-9.590159999999997,Spleen,non_neural
GTEX-11UD1-0011-R6b-SM-GI4WJ,GTEX-11UD1,45.0,54.208004,9.208004000000003,Brain - Nucleus accumbens (basal ganglia),neural
GTEX-SE5C-0626-SM-2XCDV,GTEX-SE5C,45.0,58.45795,13.457949999999997,Heart - Left Ventricle,non_neural
GTEX-13D11-0426-SM-5LZYA,GTEX-13D11,55.0,51.39186,-3.608139999999999,Adrenal Gland,non_neural
GTEX-1HCU9-0826-SM-GA8ZD,GTEX-1HCU9,25.0,40.572437,15.572437,Esophagus - Mucosa,non_neural
GTEX-ZF2S-0326-SM-4WKGD,GTEX-ZF2S,55.0,51.461117,-3.5388829999999984,Spleen,non_neural
GTEX-11ZTS-0011-R7a-SM-GI4XD,GTEX-11ZTS,65.0,61.664455,-3.3355450000000033,Brain - Putamen (basal ganglia),neural
GTEX-16XZY-0126-SM-7IGQ9,GTEX-16XZY,75.0,65.82089,-9.179109999999994,Spleen,non_neural
GTEX-1PBJJ-1226-SM-F3K66,GTEX-1PBJJ,35.0,45.728195,10.728195,Adipose - Visceral (Omentum),non_neural
GTEX-1GF9U-2426-SM-7SB8C,GTEX-1GF9U,45.0,51.121525,6.121524999999998,Nerve - Tibial,neural
GTEX-XLM4-0008-SM-4AT4W,GTEX-XLM4,65.0,54.831524,-10.168475999999998,Cells - Cultured fibroblasts,non_neural
GTEX-1PIIG-1426-SM-EXOIS,GTEX-1PIIG,35.0,44.873856,9.873856000000004,Adrenal Gland,non_neural
GTEX-14PJ6-1226-SM-6LLHJ,GTEX-14PJ6,65.0,66.12786,1.1278599999999983,Artery - Coronary,non_neural
GTEX-P4QT-0226-SM-3LK68,GTEX-P4QT,55.0,68.08632,13.08632,Adipose - Subcutaneous,non_neural
GTEX-ZVZQ-0011-R4b-SM-57WCZ,GTEX-ZVZQ,65.0,61.259342,-3.7406580000000034,Brain - Amygdala,neural
GTEX-1CB4J-0011-R8a-SM-9QEHU,GTEX-1CB4J,65.0,66.17107,1.1710700000000003,Brain - Hypothalamus,neural
GTEX-1C6VS-0726-SM-7EPHF,GTEX-1C6VS,65.0,57.98093,-7.019069999999999,Breast - Mammary Tissue,non_neural
GTEX-1JMOU-2626-SM-AHZ49,GTEX-1JMOU,65.0,59.842915,-5.157085000000002,Pituitary,non_neural
GTEX-1JN76-1026-SM-ARZNI,GTEX-1JN76,25.0,23.49192,-1.5080799999999996,Adipose - Visceral (Omentum),non_neural
GTEX-1RDX4-1926-SM-E6CJJ,GTEX-1RDX4,55.0,55.98896,0.9889599999999987,Colon - Sigmoid,non_neural
GTEX-11EMC-2926-SM-5EQ4F,GTEX-11EMC,65.0,60.91703,-4.082970000000003,Skin - Sun Exposed (Lower leg),non_neural
GTEX-RWSA-0826-SM-2XCBF,GTEX-RWSA,45.0,48.151123,3.1511229999999983,Thyroid,non_neural
GTEX-1CB4E-1026-SM-793AB,GTEX-1CB4E,65.0,56.383656,-8.616343999999998,Esophagus - Mucosa,non_neural
GTEX-11NSD-0926-SM-5N9DR,GTEX-11NSD,25.0,24.460732,-0.5392679999999999,Breast - Mammary Tissue,non_neural
GTEX-131XG-1426-SM-5GCMO,GTEX-131XG,55.0,51.54449,-3.4555099999999968,Pancreas,non_neural
GTEX-1C475-1926-SM-7DUFV,GTEX-1C475,45.0,49.226154,4.226154000000001,Adipose - Subcutaneous,non_neural
GTEX-15CHQ-0011-R7b-SM-D4P1Q,GTEX-15CHQ,65.0,64.36516,-0.634839999999997,Brain - Putamen (basal ganglia),neural
GTEX-1QW4Y-0005-SM-DO93W,GTEX-1QW4Y,35.0,50.18032,15.180320000000002,Whole Blood,non_neural
GTEX-13NZ9-0626-SM-5IJCO,GTEX-13NZ9,55.0,51.487206,-3.5127939999999995,Muscle - Skeletal,non_neural
GTEX-RNOR-2126-SM-EXURR,GTEX-RNOR,55.0,64.10801,9.108009999999993,Bladder,non_neural
GTEX-SIU8-2226-SM-EAZ2T,GTEX-SIU8,55.0,51.335995,-3.664005000000003,Prostate,non_neural
GTEX-1EU9M-0626-SM-7MXUT,GTEX-1EU9M,65.0,58.027946,-6.972054,Thyroid,non_neural
GTEX-ZVE2-0326-SM-57WFC,GTEX-ZVE2,55.0,50.878834,-4.121166000000002,Adipose - Subcutaneous,non_neural
GTEX-14A5H-0826-SM-5QGPJ,GTEX-14A5H,65.0,68.07342,3.0734199999999987,Skin - Not Sun Exposed (Suprapubic),non_neural
GTEX-OXRN-1426-SM-3LK5U,GTEX-OXRN,55.0,62.408424,7.408423999999997,Nerve - Tibial,neural
GTEX-1LGRB-2826-SM-COH46,GTEX-1LGRB,55.0,52.248257,-2.7517429999999976,Nerve - Tibial,neural
GTEX-13NZ9-2026-SM-5KM1U,GTEX-13NZ9,55.0,52.02223,-2.9777699999999996,Adipose - Visceral (Omentum),non_neural
GTEX-1IDJU-1226-SM-A9G2T,GTEX-1IDJU,65.0,65.76189,0.761889999999994,Esophagus - Muscularis,non_neural
GTEX-13111-0626-SM-5LZVR,GTEX-13111,55.0,48.390984,-6.609015999999997,Adipose - Visceral (Omentum),non_neural
GTEX-ZF29-0006-SM-4WKGQ,GTEX-ZF29,65.0,63.824432,-1.1755679999999984,Whole Blood,non_neural
GTEX-1BAJH-1626-SM-73KUV,GTEX-1BAJH,75.0,64.956154,-10.043846000000002,Heart - Left Ventricle,non_neural
GTEX-1ICLZ-2826-SM-CL53U,GTEX-1ICLZ,65.0,62.486507,-2.513492999999997,Brain - Cortex,neural
GTEX-OXRN-1226-SM-2I5EL,GTEX-OXRN,55.0,52.408367,-2.5916330000000016,Artery - Tibial,non_neural
GTEX-1AX8Z-2726-SM-73KUC,GTEX-1AX8Z,65.0,57.051014,-7.948985999999998,Colon - Transverse,non_neural
GTEX-1E2YA-2626-SM-7MGWW,GTEX-1E2YA,55.0,49.82256,-5.177439999999997,Colon - Transverse,non_neural
GTEX-OOBK-3125-SM-3LK5R,GTEX-OOBK,45.0,46.48329,1.4832899999999967,Adrenal Gland,non_neural
GTEX-1A3MV-0126-SM-731FQ,GTEX-1A3MV,35.0,38.129883,3.1298829999999995,Spleen,non_neural
GTEX-1CB4H-2726-SM-7EWFF,GTEX-1CB4H,65.0,61.837925,-3.1620750000000015,Uterus,non_neural
GTEX-1QAET-0926-SM-E76QM,GTEX-1QAET,55.0,57.417526,2.4175260000000023,Skin - Sun Exposed (Lower leg),non_neural
GTEX-14ICK-1826-SM-69LOP,GTEX-14ICK,45.0,50.3455,5.345500000000001,Prostate,non_neural
GTEX-111FC-0011-R6b-SM-GIN8M,GTEX-111FC,65.0,63.219303,-1.7806970000000035,Brain - Nucleus accumbens (basal ganglia),neural
GTEX-RWSA-0926-SM-47JXW,GTEX-RWSA,45.0,50.0802,5.080199999999998,Artery - Aorta,non_neural
GTEX-YECK-1126-SM-G8W5Y,GTEX-YECK,65.0,68.810425,3.810424999999995,Artery - Coronary,non_neural
GTEX-16XZZ-0926-SM-7DHLI,GTEX-16XZZ,65.0,62.85331,-2.1466899999999995,Lung,non_neural
GTEX-Y111-2726-SM-4TT3N,GTEX-Y111,55.0,60.289444,5.289444000000003,Brain - Cortex,neural
GTEX-1EMGI-1926-SM-7938Y,GTEX-1EMGI,65.0,69.192825,4.192824999999999,Esophagus - Mucosa,non_neural
GTEX-WY7C-0426-SM-3NB3C,GTEX-WY7C,55.0,55.97367,0.9736699999999985,Lung,non_neural
GTEX-15CHQ-2826-SM-HAUZ4,GTEX-15CHQ,65.0,69.81715,4.817149999999998,Prostate,non_neural
GTEX-15DYW-1726-SM-7KUM5,GTEX-15DYW,65.0,66.259766,1.259765999999999,Esophagus - Gastroesophageal Junction,non_neural
GTEX-UPJH-0526-SM-4IHK8,GTEX-UPJH,55.0,57.686417,2.6864169999999987,Muscle - Skeletal,non_neural
GTEX-13OW8-0526-SM-5KM24,GTEX-13OW8,65.0,64.08633,-0.9136699999999962,Testis,non_neural
GTEX-1HSGN-0826-SM-ACKW3,GTEX-1HSGN,45.0,45.25183,0.2518299999999982,Skin - Not Sun Exposed (Suprapubic),non_neural
GTEX-12696-1826-SM-5EGJS,GTEX-12696,65.0,62.309906,-2.690094000000002,Adipose - Visceral (Omentum),non_neural
GTEX-1GPI6-0526-SM-9MQKR,GTEX-1GPI6,65.0,58.74847,-6.2515300000000025,Artery - Tibial,non_neural
GTEX-13QJ3-0926-SM-5P9FO,GTEX-13QJ3,55.0,47.24359,-7.7564100000000025,Thyroid,non_neural
GTEX-REY6-1426-SM-48FDK,GTEX-REY6,65.0,46.941704,-18.058296,Esophagus - Muscularis,non_neural
GTEX-1LKK1-0011-R5b-SM-EY5YB,GTEX-1LKK1,55.0,48.67919,-6.320810000000002,Brain - Caudate (basal ganglia),neural
GTEX-1QP28-0426-SM-E8VOL,GTEX-1QP28,55.0,44.037743,-10.962257000000001,Artery - Tibial,non_neural
GTEX-12ZZY-1226-SM-5GCNK,GTEX-12ZZY,65.0,59.37034,-5.629660000000001,Heart - Atrial Appendage,non_neural
GTEX-132QS-2426-SM-62LFI,GTEX-132QS,65.0,47.950775,-17.049225,Nerve - Tibial,neural
GTEX-13SLX-0011-R1a-SM-H6Q8N,GTEX-13SLX,55.0,57.961266,2.961266000000002,Brain - Hippocampus,neural
GTEX-1LG7Z-1226-SM-DHXK4,GTEX-1LG7Z,35.0,43.57206,8.57206,Stomach,non_neural
GTEX-YEC3-2026-SM-DKPOL,GTEX-YEC3,55.0,63.200706,8.200705999999997,Colon - Sigmoid,non_neural
GTEX-1JN1M-2726-SM-CY8I4,GTEX-1JN1M,65.0,65.90781,0.9078099999999978,Skin - Not Sun Exposed (Suprapubic),non_neural
GTEX-1GN1V-3026-SM-9JGH9,GTEX-1GN1V,65.0,67.6414,2.6414000000000044,Pituitary,non_neural
GTEX-14BIN-0626-SM-5PNXJ,GTEX-14BIN,55.0,64.463196,9.463195999999996,Skin - Sun Exposed (Lower leg),non_neural
GTEX-1C6VR-0011-R4b-SM-9QEGZ,GTEX-1C6VR,65.0,66.85989,1.859889999999993,Brain - Amygdala,neural
GTEX-ZVT3-0011-R10b-SM-57WB6,GTEX-ZVT3,65.0,70.12368,5.123679999999993,Brain - Frontal Cortex (BA9),neural
GTEX-11P81-1126-SM-5GU5G,GTEX-11P81,35.0,31.315647,-3.6843530000000015,Colon - Transverse,non_neural
GTEX-14A5H-0226-SM-5S2VK,GTEX-14A5H,65.0,65.27438,0.27437999999999363,Artery - Tibial,non_neural
GTEX-Y114-0326-SM-4TT99,GTEX-Y114,55.0,49.798748,-5.201251999999997,Artery - Coronary,non_neural
GTEX-T5JW-2026-SM-4DM63,GTEX-T5JW,25.0,27.238056,2.2380560000000003,Breast - Mammary Tissue,non_neural
GTEX-1GN73-0626-SM-7PC3I,GTEX-1GN73,65.0,63.94077,-1.0592299999999994,Adipose - Visceral (Omentum),non_neural
GTEX-11EQ9-1726-SM-5HL6U,GTEX-11EQ9,35.0,31.758223,-3.241776999999999,Prostate,non_neural
GTEX-13G51-0011-R11b-SM-5J2NE,GTEX-13G51,65.0,60.074905,-4.925094999999999,Brain - Cerebellar Hemisphere,neural
GTEX-1ICG6-1526-SM-C1YQT,GTEX-1ICG6,75.0,56.970695,-18.029305,Ovary,non_neural
GTEX-18A6Q-0426-SM-731CC,GTEX-18A6Q,65.0,79.79273,14.792730000000006,Nerve - Tibial,neural
GTEX-P4QT-1326-SM-3NMD3,GTEX-P4QT,55.0,51.839355,-3.1606450000000024,Adrenal Gland,non_neural
GTEX-YJ8A-0126-SM-GNTAR,GTEX-YJ8A,25.0,21.66986,-3.33014,Artery - Aorta,non_neural
GTEX-ZVZP-2626-SM-51MR4,GTEX-ZVZP,55.0,53.02367,-1.9763299999999973,Nerve - Tibial,neural
GTEX-13NZA-0011-R9b-SM-5MR5I,GTEX-13NZA,65.0,59.011227,-5.988773000000002,Brain - Spinal cord (cervical c-1),neural
GTEX-ZDYS-0426-SM-5IJEQ,GTEX-ZDYS,55.0,48.15917,-6.840829999999997,Lung,non_neural
GTEX-1H1ZS-0011-R3b-SM-CE6RS,GTEX-1H1ZS,75.0,74.71844,-0.2815599999999989,Brain - Anterior cingulate cortex (BA24),neural
GTEX-1A8FM-1826-SM-7MGXO,GTEX-1A8FM,55.0,53.702732,-1.2972680000000025,Pancreas,non_neural
GTEX-1R7EV-2026-SM-DTX83,GTEX-1R7EV,45.0,53.81339,8.813389999999998,Muscle - Skeletal,non_neural
GTEX-1RAZQ-0926-SM-EAZ4Q,GTEX-1RAZQ,35.0,35.26087,0.26086999999999705,Thyroid,non_neural
GTEX-ZTPG-0008-SM-4YCEK,GTEX-ZTPG,25.0,43.37883,18.37883,Cells - Cultured fibroblasts,non_neural
GTEX-1JMQJ-0726-SM-CXZJJ,GTEX-1JMQJ,55.0,49.47852,-5.521479999999997,Testis,non_neural
GTEX-1I4MK-1926-SM-B2LVQ,GTEX-1I4MK,55.0,65.218834,10.218834000000001,Nerve - Tibial,neural
GTEX-11DXW-0006-SM-5NQ7Y,GTEX-11DXW,45.0,43.47966,-1.5203399999999974,Whole Blood,non_neural
GTEX-131XH-0011-R2b-SM-5DUVY,GTEX-131XH,55.0,61.083347,6.083347000000003,Brain - Substantia nigra,neural
GTEX-ZTX8-0006-SM-4YCE4,GTEX-ZTX8,25.0,32.88901,7.889009999999999,Whole Blood,non_neural
GTEX-1MUQO-0726-SM-E9TJM,GTEX-1MUQO,65.0,49.09413,-15.90587,Thyroid,non_neural
GTEX-1B97I-1526-SM-73KUK,GTEX-1B97I,45.0,42.941658,-2.0583420000000032,Colon - Sigmoid,non_neural
GTEX-ZVT4-1126-SM-GPRX7,GTEX-ZVT4,55.0,60.5306,5.5306,Lung,non_neural
GTEX-1JJE9-2926-SM-CY8HV,GTEX-1JJE9,75.0,67.53883,-7.461169999999996,Brain - Cortex,neural
GTEX-1F52S-0526-SM-7P8TP,GTEX-1F52S,65.0,67.976845,2.9768449999999973,Thyroid,non_neural
GTEX-1OJC3-1826-SM-DTX93,GTEX-1OJC3,25.0,31.119299,6.119299000000002,Colon - Sigmoid,non_neural
GTEX-1E2YA-0008-SM-EXURI,GTEX-1E2YA,55.0,55.59839,0.598390000000002,Cells - Cultured fibroblasts,non_neural
GTEX-16NGA-1326-SM-718AH,GTEX-16NGA,45.0,47.54857,2.548569999999998,Esophagus - Muscularis,non_neural
GTEX-1192W-0008-SM-5QGRE,GTEX-1192W,65.0,54.362114,-10.637886000000002,Cells - Cultured fibroblasts,non_neural
GTEX-13OVJ-1726-SM-5IJDZ,GTEX-13OVJ,55.0,44.170746,-10.829253999999999,Colon - Transverse,non_neural
GTEX-139T4-0008-SM-5S2WF,GTEX-139T4,55.0,55.70622,0.7062200000000018,Cells - Cultured fibroblasts,non_neural
GTEX-1OFPY-0126-SM-EXOJ3,GTEX-1OFPY,65.0,54.785694,-10.214306,Spleen,non_neural
GTEX-1JMQJ-1926-SM-D4P3A,GTEX-1JMQJ,55.0,48.019165,-6.980834999999999,Adipose - Visceral (Omentum),non_neural
GTEX-1H1DG-0826-SM-9QEIW,GTEX-1H1DG,75.0,69.46323,-5.536770000000004,Heart - Atrial Appendage,non_neural
GTEX-14A6H-5019-SM-793DH,GTEX-14A6H,35.0,40.0466,5.046599999999998,Muscle - Skeletal,non_neural
GTEX-WH7G-1326-SM-4LVMS,GTEX-WH7G,45.0,43.792892,-1.207107999999998,Colon - Transverse,non_neural
GTEX-Y5V6-0426-SM-4VBRZ,GTEX-Y5V6,65.0,53.363403,-11.636597000000002,Artery - Aorta,non_neural
GTEX-1212Z-2026-SM-5N9EA,GTEX-1212Z,65.0,64.31697,-0.6830300000000022,Esophagus - Muscularis,non_neural
GTEX-1MJK3-0626-SM-E6CJB,GTEX-1MJK3,25.0,34.195206,9.195205999999999,Adipose - Visceral (Omentum),non_neural
GTEX-1HC8U-0626-SM-B2LWB,GTEX-1HC8U,45.0,45.283085,0.2830849999999998,Heart - Atrial Appendage,non_neural
GTEX-1LG7Z-1826-SM-D4P3R,GTEX-1LG7Z,35.0,34.61358,-0.3864200000000011,Nerve - Tibial,neural
GTEX-1J1OQ-3226-SM-A9G2Q,GTEX-1J1OQ,45.0,52.853764,7.853763999999998,Brain - Cortex,neural
GTEX-1AYD5-0326-SM-7EWEO,GTEX-1AYD5,55.0,52.308945,-2.6910549999999986,Pancreas,non_neural
GTEX-12ZZY-1426-SM-5N9EI,GTEX-12ZZY,65.0,77.76999,12.769990000000007,Esophagus - Mucosa,non_neural
GTEX-ZT9W-1726-SM-51MS3,GTEX-ZT9W,55.0,49.111973,-5.888027000000001,Colon - Sigmoid,non_neural
GTEX-1B8SG-0008-SM-EXOHS,GTEX-1B8SG,55.0,56.25415,1.2541500000000028,Cells - Cultured fibroblasts,non_neural
GTEX-1F75A-0011-R3b-SM-ARL8K,GTEX-1F75A,55.0,58.47709,3.477089999999997,Brain - Anterior cingulate cortex (BA24),neural
GTEX-ZXES-0826-SM-5E43C,GTEX-ZXES,35.0,34.20857,-0.7914299999999983,Breast - Mammary Tissue,non_neural
GTEX-1HSMQ-0426-SM-ADEIM,GTEX-1HSMQ,55.0,62.101654,7.1016540000000035,Heart - Atrial Appendage,non_neural
GTEX-QDVJ-0826-SM-48U1S,GTEX-QDVJ,55.0,54.90532,-0.09467999999999677,Esophagus - Muscularis,non_neural
GTEX-1E1VI-0011-R11a-SM-9OSWI,GTEX-1E1VI,55.0,58.31813,3.3181299999999965,Brain - Cerebellar Hemisphere,neural
GTEX-1H3VY-1926-SM-9JGHJ,GTEX-1H3VY,55.0,48.80986,-6.1901399999999995,Kidney - Cortex,non_neural
GTEX-14XAO-0008-SM-E9U4M,GTEX-14XAO,65.0,54.752853,-10.247146999999998,Cells - Cultured fibroblasts,non_neural
GTEX-1J8JJ-0008-SM-F2T9K,GTEX-1J8JJ,65.0,54.353638,-10.646362000000003,Cells - Cultured fibroblasts,non_neural
GTEX-13CIG-0011-R5b-SM-5L3F2,GTEX-13CIG,55.0,59.636543,4.636543000000003,Brain - Caudate (basal ganglia),neural
GTEX-XMK1-0526-SM-GPRWY,GTEX-XMK1,45.0,52.74757,7.747570000000003,Heart - Atrial Appendage,non_neural
GTEX-1R9JW-1326-SM-E6CQ7,GTEX-1R9JW,35.0,29.666193,-5.333807,Uterus,non_neural
GTEX-1LVAM-1626-SM-EV79Y,GTEX-1LVAM,55.0,49.23067,-5.7693299999999965,Colon - Transverse,non_neural
GTEX-183WM-2526-SM-731BP,GTEX-183WM,75.0,64.71294,-10.287059999999997,Colon - Sigmoid,non_neural
GTEX-W5WG-2226-SM-4LMI3,GTEX-W5WG,55.0,54.03594,-0.9640600000000035,Artery - Tibial,non_neural
GTEX-17MFQ-2126-SM-7LG5W,GTEX-17MFQ,25.0,29.881813,4.881813000000001,Artery - Tibial,non_neural
GTEX-1OJC3-0126-SM-E76QX,GTEX-1OJC3,25.0,27.697601,2.697600999999999,Skin - Sun Exposed (Lower leg),non_neural
GTEX-1B8SF-0011-R1b-SM-7P8Q8,GTEX-1B8SF,65.0,63.520657,-1.479343,Brain - Hippocampus,neural
GTEX-139TS-0011-R10a-SM-5K7TU,GTEX-139TS,65.0,63.037743,-1.962257000000001,Brain - Frontal Cortex (BA9),neural
GTEX-Y3IK-0426-SM-4WWE2,GTEX-Y3IK,55.0,51.94757,-3.052430000000001,Pancreas,non_neural
GTEX-1GMRU-2126-SM-7P8RA,GTEX-1GMRU,55.0,51.889736,-3.110264000000001,Skin - Not Sun Exposed (Suprapubic),non_neural
GTEX-1KANA-0826-SM-D3L9J,GTEX-1KANA,25.0,32.67416,7.6741600000000005,Adipose - Subcutaneous,non_neural
GTEX-ZTTD-0001-SM-4YCD5,GTEX-ZTTD,55.0,39.530403,-15.469597,Cells - EBV-transformed lymphocytes,non_neural
GTEX-15CHQ-0426-SM-HL9UE,GTEX-15CHQ,65.0,37.42872,-27.57128,Breast - Mammary Tissue,non_neural
GTEX-Y5V5-0426-SM-4VBPU,GTEX-Y5V5,65.0,57.91973,-7.080269999999999,Artery - Aorta,non_neural
GTEX-ZUA1-2626-SM-5NQ92,GTEX-ZUA1,45.0,54.878876,9.878875999999998,Skin - Not Sun Exposed (Suprapubic),non_neural
GTEX-YEC3-1026-SM-5IFI5,GTEX-YEC3,55.0,50.282463,-4.717537,Breast - Mammary Tissue,non_neural
GTEX-P4PQ-0526-SM-2HMKR,GTEX-P4PQ,65.0,55.884144,-9.115856,Lung,non_neural
GTEX-1CAMR-1526-SM-79OLP,GTEX-1CAMR,25.0,34.342976,9.342976,Testis,non_neural
GTEX-1212Z-0226-SM-59HLF,GTEX-1212Z,65.0,63.89076,-1.1092399999999998,Liver,non_neural
GTEX-1R7EU-1226-SM-E8VMR,GTEX-1R7EU,65.0,57.32511,-7.674889999999998,Breast - Mammary Tissue,non_neural
GTEX-1122O-0003-SM-5Q5DL,GTEX-1122O,65.0,42.897106,-22.102894,Cells - EBV-transformed lymphocytes,non_neural
GTEX-O5YU-0008-SM-4E3I7,GTEX-O5YU,65.0,55.908848,-9.091152000000001,Cells - Cultured fibroblasts,non_neural
GTEX-1MJK3-0526-SM-F2I3I,GTEX-1MJK3,25.0,21.372917,-3.627082999999999,Stomach,non_neural
GTEX-1R9JW-2426-SM-DTXFI,GTEX-1R9JW,35.0,46.00795,11.007950000000001,Muscle - Skeletal,non_neural
GTEX-U3ZM-0926-SM-4DXSW,GTEX-U3ZM,45.0,42.007328,-2.992671999999999,Prostate,non_neural
GTEX-11H98-0011-R11b-SM-5NQ6U,GTEX-11H98,55.0,67.202194,12.202194000000006,Brain - Cerebellar Hemisphere,neural
GTEX-1F75I-2226-SM-7SB8U,GTEX-1F75I,45.0,50.831413,5.831412999999998,Skin - Not Sun Exposed (Suprapubic),non_neural
GTEX-11UD1-0011-R3a-SM-5BC6S,GTEX-11UD1,45.0,51.02888,6.028880000000001,Brain - Anterior cingulate cortex (BA24),neural
GTEX-1HCUA-0526-SM-A9SMH,GTEX-1HCUA,55.0,60.034107,5.034106999999999,Heart - Left Ventricle,non_neural
GTEX-12ZZZ-0011-R10a-SM-5P9HC,GTEX-12ZZZ,65.0,66.764984,1.7649839999999983,Brain - Frontal Cortex (BA9),neural
GTEX-1JKYN-1326-SM-CGQG9,GTEX-1JKYN,35.0,35.05548,0.05548000000000286,Skin - Sun Exposed (Lower leg),non_neural
GTEX-13OVK-2026-SM-7KUEO,GTEX-13OVK,45.0,40.30085,-4.699150000000003,Skin - Sun Exposed (Lower leg),non_neural
GTEX-11TUW-1126-SM-5EQKJ,GTEX-11TUW,65.0,62.40004,-2.599960000000003,Heart - Atrial Appendage,non_neural
GTEX-13O1R-0126-SM-5L3EH,GTEX-13O1R,65.0,66.365364,1.3653639999999996,Skin - Sun Exposed (Lower leg),non_neural
GTEX-11P7K-2326-SM-5EGKZ,GTEX-11P7K,35.0,45.022366,10.022365999999998,Artery - Tibial,non_neural
GTEX-1QMI2-2126-SM-DPRXQ,GTEX-1QMI2,65.0,57.03049,-7.96951,Stomach,non_neural
GTEX-11WQK-0626-SM-GHWPR,GTEX-11WQK,55.0,42.03826,-12.961739999999999,Adipose - Subcutaneous,non_neural
GTEX-11DZ1-0926-SM-5EQ5R,GTEX-11DZ1,55.0,54.28739,-0.712609999999998,Muscle - Skeletal,non_neural
GTEX-T5JC-0011-R6A-SM-D3L87,GTEX-T5JC,25.0,25.013058,0.013058000000000902,Brain - Nucleus accumbens (basal ganglia),neural
GTEX-18A66-1226-SM-7LT8G,GTEX-18A66,65.0,61.88559,-3.1144099999999995,Heart - Left Ventricle,non_neural
GTEX-1PDJ9-0008-SM-HPAEI,GTEX-1PDJ9,25.0,38.634228,13.634228,Cells - Cultured fibroblasts,non_neural
GTEX-1399T-2626-SM-5L3E4,GTEX-1399T,65.0,64.594055,-0.40594500000000266,Artery - Tibial,non_neural
GTEX-14JG1-0426-SM-6ETZZ,GTEX-14JG1,45.0,55.293983,10.293982999999997,Skin - Sun Exposed (Lower leg),non_neural
GTEX-1LVAO-0526-SM-EWRNS,GTEX-1LVAO,65.0,62.441414,-2.5585859999999983,Muscle - Skeletal,non_neural
GTEX-1B996-1626-SM-7DHLZ,GTEX-1B996,65.0,71.443016,6.443016,Esophagus - Muscularis,non_neural
GTEX-14A5H-0006-SM-5O9AI,GTEX-14A5H,65.0,70.96775,5.967749999999995,Whole Blood,non_neural
GTEX-1F75A-2826-SM-7MXTS,GTEX-1F75A,55.0,57.207718,2.207718,Testis,non_neural
GTEX-T2IS-0008-SM-4DM75,GTEX-T2IS,25.0,31.270222,6.270222,Cells - Cultured fibroblasts,non_neural
GTEX-12WSG-0926-SM-5EGIH,GTEX-12WSG,55.0,50.523056,-4.476944000000003,Spleen,non_neural
GTEX-1KD5A-1926-SM-DKPQA,GTEX-1KD5A,55.0,60.72973,5.7297300000000035,Breast - Mammary Tissue,non_neural
GTEX-1445S-0011-R4a-SM-5PNWN,GTEX-1445S,65.0,69.460075,4.460075000000003,Brain - Amygdala,neural
GTEX-XMD3-2626-SM-GPI8L,GTEX-XMD3,55.0,61.40035,6.400350000000003,Skin - Not Sun Exposed (Suprapubic),non_neural
GTEX-15SDE-1726-SM-6LPJS,GTEX-15SDE,55.0,52.31362,-2.6863799999999998,Vagina,non_neural
GTEX-12BJ1-2026-SM-5FQUH,GTEX-12BJ1,65.0,57.173134,-7.8268660000000025,Colon - Sigmoid,non_neural
GTEX-T5JW-1226-SM-3GACY,GTEX-T5JW,25.0,40.583767,15.583767000000002,Thyroid,non_neural
GTEX-14JFF-2826-SM-6871Q,GTEX-14JFF,65.0,64.71429,-0.2857099999999946,Brain - Cerebellum,neural
GTEX-1QP28-1926-SM-F33YU,GTEX-1QP28,55.0,54.88105,-0.11894999999999811,Esophagus - Muscularis,non_neural
GTEX-1RDX4-0526-SM-EAZ44,GTEX-1RDX4,55.0,64.60852,9.608519999999999,Artery - Tibial,non_neural
GTEX-1CB4E-0626-SM-7DHMW,GTEX-1CB4E,65.0,58.411724,-6.5882760000000005,Heart - Atrial Appendage,non_neural
GTEX-1PPGY-0011-R5a-SM-F33ZV,GTEX-1PPGY,65.0,62.974823,-2.0251769999999993,Brain - Caudate (basal ganglia),neural
GTEX-1ICG6-1326-SM-ACKWR,GTEX-1ICG6,75.0,58.56062,-16.43938,Breast - Mammary Tissue,non_neural
GTEX-1RQEC-0426-SM-E6CHU,GTEX-1RQEC,65.0,62.52149,-2.47851,Skin - Sun Exposed (Lower leg),non_neural
GTEX-WQUQ-0426-SM-3MJFU,GTEX-WQUQ,65.0,66.775024,1.775024000000002,Skin - Sun Exposed (Lower leg),non_neural
GTEX-RUSQ-0826-SM-47JWW,GTEX-RUSQ,55.0,54.261757,-0.7382429999999971,Esophagus - Mucosa,non_neural
GTEX-ZVTK-0726-SM-5GZX6,GTEX-ZVTK,25.0,31.706276,6.706275999999999,Artery - Tibial,non_neural
GTEX-1EX96-0006-SM-ARU6J,GTEX-1EX96,55.0,51.130264,-3.869736000000003,Whole Blood,non_neural
GTEX-1HBPI-0326-SM-A9G3N,GTEX-1HBPI,55.0,52.245308,-2.7546919999999986,Prostate,non_neural
GTEX-OIZI-0226-SM-2XCEE,GTEX-OIZI,45.0,32.560173,-12.439827000000001,Adipose - Subcutaneous,non_neural
GTEX-14E6C-3126-SM-664ON,GTEX-14E6C,45.0,60.19694,15.196939999999998,Pituitary,non_neural
GTEX-1HBPH-1126-SM-A96TU,GTEX-1HBPH,45.0,41.891304,-3.108696000000002,Esophagus - Mucosa,non_neural
GTEX-1F75W-2726-SM-7SB8H,GTEX-1F75W,65.0,57.653908,-7.346091999999999,Skin - Not Sun Exposed (Suprapubic),non_neural
GTEX-1GN73-0011-R1a-SM-CKZNT,GTEX-1GN73,65.0,63.79911,-1.2008900000000011,Brain - Hippocampus,neural
GTEX-ZDTS-0006-SM-4WAYZ,GTEX-ZDTS,65.0,70.407616,5.407616000000004,Whole Blood,non_neural
GTEX-1RAZQ-0726-SM-EAZ43,GTEX-1RAZQ,35.0,36.438663,1.4386629999999982,Skin - Sun Exposed (Lower leg),non_neural
GTEX-11TUW-0926-SM-5EQMW,GTEX-11TUW,65.0,58.52442,-6.475580000000001,Artery - Aorta,non_neural
GTEX-ZTTD-2626-SM-57WEX,GTEX-ZTTD,55.0,54.421997,-0.5780030000000025,Colon - Sigmoid,non_neural
GTEX-SE5C-1226-SM-4BRWV,GTEX-SE5C,45.0,47.3457,2.345700000000001,Esophagus - Mucosa,non_neural
GTEX-1KANA-1226-SM-DHXKE,GTEX-1KANA,25.0,26.955662,1.9556620000000002,Spleen,non_neural
GTEX-1EN7A-2226-SM-7MXU6,GTEX-1EN7A,45.0,55.98521,10.985210000000002,Testis,non_neural
GTEX-ZVT2-2626-SM-51MTD,GTEX-ZVT2,55.0,43.022045,-11.977955000000001,Artery - Tibial,non_neural
GTEX-14PJO-2826-SM-6AJA6,GTEX-14PJO,65.0,68.919525,3.919524999999993,Prostate,non_neural
GTEX-1AX9J-1226-SM-72D6P,GTEX-1AX9J,65.0,59.747772,-5.252228000000002,Testis,non_neural
GTEX-QDVJ-0426-SM-2I5FW,GTEX-QDVJ,55.0,53.399437,-1.600563000000001,Heart - Left Ventricle,non_neural
GTEX-ZDYS-0008-SM-4E3IX,GTEX-ZDYS,55.0,46.94695,-8.053049999999999,Cells - Cultured fibroblasts,non_neural
GTEX-1JJ6O-2526-SM-AHZ3J,GTEX-1JJ6O,65.0,65.39641,0.39641000000000304,Kidney - Cortex,non_neural
GTEX-14JIY-0011-R8a-SM-6AJAP,GTEX-14JIY,65.0,59.912586,-5.0874140000000025,Brain - Hypothalamus,neural
GTEX-11DXX-0326-SM-5PNWC,GTEX-11DXX,65.0,62.10449,-2.8955100000000016,Heart - Left Ventricle,non_neural
GTEX-12126-0826-SM-5FQTZ,GTEX-12126,25.0,33.969986,8.969985999999999,Skin - Not Sun Exposed (Suprapubic),non_neural
GTEX-1A3MV-1626-SM-731C1,GTEX-1A3MV,35.0,34.02258,-0.9774200000000022,Breast - Mammary Tissue,non_neural
GTEX-13O3O-1326-SM-GHWPT,GTEX-13O3O,65.0,63.14136,-1.8586400000000012,Esophagus - Muscularis,non_neural
GTEX-Y9LG-1226-SM-4VBQA,GTEX-Y9LG,35.0,25.774427,-9.225573,Adipose - Visceral (Omentum),non_neural
GTEX-1AX9K-0326-SM-7DHM9,GTEX-1AX9K,55.0,57.615177,2.6151770000000027,Artery - Coronary,non_neural
GTEX-1EN7A-0726-SM-7PBXT,GTEX-1EN7A,45.0,56.148163,11.148162999999997,Heart - Left Ventricle,non_neural
GTEX-1JK1U-1626-SM-CY8HL,GTEX-1JK1U,65.0,65.34682,0.3468199999999939,Esophagus - Gastroesophageal Junction,non_neural
GTEX-12ZZY-0226-SM-5LZVE,GTEX-12ZZY,65.0,60.409603,-4.590397000000003,Skin - Sun Exposed (Lower leg),non_neural
GTEX-1F75B-0011-R2a-SM-ARL8I,GTEX-1F75B,55.0,60.099586,5.099586000000002,Brain - Substantia nigra,neural
GTEX-1J8Q3-1026-SM-CGQED,GTEX-1J8Q3,65.0,68.77964,3.7796400000000006,Artery - Aorta,non_neural
GTEX-1RQED-0011-R11a-SM-F2I2Y,GTEX-1RQED,65.0,69.78442,4.784419999999997,Brain - Cerebellar Hemisphere,neural
GTEX-13OW8-1326-SM-5J1OW,GTEX-13OW8,65.0,63.40139,-1.5986100000000008,Skin - Sun Exposed (Lower leg),non_neural
GTEX-T6MN-1826-SM-EXOHN,GTEX-T6MN,55.0,65.15346,10.153459999999995,Kidney - Cortex,non_neural
GTEX-11EI6-0011-R5a-SM-GINAM,GTEX-11EI6,65.0,66.64114,1.641139999999993,Brain - Caudate (basal ganglia),neural
GTEX-ZLWG-0726-SM-5S2N4,GTEX-ZLWG,55.0,53.58699,-1.4130099999999999,Adipose - Visceral (Omentum),non_neural
GTEX-XQ3S-0006-SM-4BOQ4,GTEX-XQ3S,25.0,40.16347,15.163469999999997,Whole Blood,non_neural
GTEX-1HBPI-0126-SM-CMKGQ,GTEX-1HBPI,55.0,43.973854,-11.026145999999997,Artery - Aorta,non_neural
GTEX-1IDJH-2426-SM-CNNQW,GTEX-1IDJH,75.0,70.64498,-4.355019999999996,Prostate,non_neural
GTEX-QLQW-0226-SM-447BJ,GTEX-QLQW,35.0,47.099342,12.099342,Adrenal Gland,non_neural
GTEX-1J1OQ-2226-SM-A96SS,GTEX-1J1OQ,45.0,52.998768,7.998767999999998,Heart - Atrial Appendage,non_neural
GTEX-1I1GV-0001-SM-F2T9A,GTEX-1I1GV,65.0,58.992424,-6.007576,Cells - EBV-transformed lymphocytes,non_neural
GTEX-13PLJ-0526-SM-5K7VW,GTEX-13PLJ,65.0,60.982,-4.018000000000001,Artery - Tibial,non_neural
GTEX-1I1HK-0011-R9a-SM-CMKHK,GTEX-1I1HK,65.0,70.47979,5.479789999999994,Brain - Spinal cord (cervical c-1),neural
GTEX-13OVK-1126-SM-6PAMR,GTEX-13OVK,45.0,39.10264,-5.897359999999999,Esophagus - Mucosa,non_neural
GTEX-PLZ6-0626-SM-3P61B,GTEX-PLZ6,35.0,35.15332,0.1533200000000008,Esophagus - Muscularis,non_neural
GTEX-13X6I-0011-R10a-SM-5PNWI,GTEX-13X6I,65.0,64.99902,-0.0009799999999984266,Brain - Frontal Cortex (BA9),neural
GTEX-1B996-2626-SM-73KZ1,GTEX-1B996,65.0,60.726017,-4.273983000000001,Colon - Transverse,non_neural
GTEX-OXRN-0126-SM-48TDM,GTEX-OXRN,55.0,53.540245,-1.4597550000000012,Skin - Sun Exposed (Lower leg),non_neural
GTEX-ZVT2-1626-SM-51MRC,GTEX-ZVT2,55.0,54.05882,-0.9411800000000028,Stomach,non_neural
GTEX-11NUK-3126-SM-5986M,GTEX-11NUK,55.0,52.435894,-2.5641060000000024,Pituitary,non_neural
GTEX-139T6-1226-SM-5IFFC,GTEX-139T6,55.0,47.18918,-7.81082,Testis,non_neural
GTEX-1HBPI-0011-R6b-SM-A9G1T,GTEX-1HBPI,55.0,55.447197,0.44719700000000273,Brain - Nucleus accumbens (basal ganglia),neural
GTEX-1O97I-2126-SM-F3K4C,GTEX-1O97I,65.0,61.189865,-3.8101350000000025,Adrenal Gland,non_neural
GTEX-WFG8-0126-SM-4LVMH,GTEX-WFG8,25.0,28.538887,3.538886999999999,Adrenal Gland,non_neural
GTEX-13X6H-1826-SM-5O9D1,GTEX-13X6H,55.0,54.502163,-0.497836999999997,Small Intestine - Terminal Ileum,non_neural
GTEX-1I1GP-1226-SM-A96SC,GTEX-1I1GP,55.0,49.968475,-5.031525000000002,Esophagus - Gastroesophageal Junction,non_neural
GTEX-ZYVF-0226-SM-5GIEG,GTEX-ZYVF,55.0,65.832146,10.832145999999995,Adipose - Subcutaneous,non_neural
GTEX-ZYY3-0011-R8a-SM-H7OHF,GTEX-ZYY3,65.0,61.70825,-3.2917500000000004,Brain - Hypothalamus,neural
GTEX-WYJK-0226-SM-EYYV8,GTEX-WYJK,55.0,49.612293,-5.387706999999999,Adipose - Subcutaneous,non_neural
GTEX-117YX-2026-SM-5GIEF,GTEX-117YX,55.0,41.238323,-13.761676999999999,Testis,non_neural
GTEX-WHPG-0826-SM-3NMBF,GTEX-WHPG,55.0,46.24063,-8.759369999999997,Heart - Left Ventricle,non_neural
GTEX-13111-2226-SM-5LZUE,GTEX-13111,55.0,48.727333,-6.272666999999998,Muscle - Skeletal,non_neural
GTEX-12WSJ-0002-SM-5TDBV,GTEX-12WSJ,45.0,67.01061,22.01061,Cells - EBV-transformed lymphocytes,non_neural
GTEX-1FIGZ-0226-SM-7P8QR,GTEX-1FIGZ,45.0,50.36573,5.365729999999999,Thyroid,non_neural
GTEX-OIZH-0626-SM-3NB1L,GTEX-OIZH,55.0,55.501274,0.5012740000000022,Esophagus - Mucosa,non_neural
GTEX-U3ZN-0826-SM-4DXSZ,GTEX-U3ZN,35.0,52.95776,17.95776,Adrenal Gland,non_neural
GTEX-1I19N-0011-R11b-SM-ARU6Y,GTEX-1I19N,75.0,70.02023,-4.979770000000002,Brain - Cerebellar Hemisphere,neural
GTEX-131XE-1626-SM-5K7VO,GTEX-131XE,55.0,55.57394,0.5739400000000003,Skin - Not Sun Exposed (Suprapubic),non_neural
GTEX-1J1OQ-0926-SM-CJI34,GTEX-1J1OQ,45.0,47.449543,2.4495429999999985,Lung,non_neural
GTEX-1M5QR-1026-SM-DHXK9,GTEX-1M5QR,45.0,51.97149,6.971490000000003,Heart - Left Ventricle,non_neural
GTEX-WRHK-0926-SM-F21IS,GTEX-WRHK,25.0,40.72838,15.728380000000001,Colon - Transverse,non_neural
GTEX-146FQ-0005-SM-H65Z5,GTEX-146FQ,35.0,41.31444,6.314439999999998,Whole Blood,non_neural
GTEX-11TTK-0011-R5a-SM-DNZZV,GTEX-11TTK,65.0,65.18623,0.1862299999999948,Brain - Caudate (basal ganglia),neural
GTEX-1MA7X-1026-SM-DKPQ8,GTEX-1MA7X,65.0,62.763905,-2.236094999999999,Adipose - Visceral (Omentum),non_neural
GTEX-1GN1W-0526-SM-9MQJQ,GTEX-1GN1W,55.0,56.811882,1.811881999999997,Skin - Sun Exposed (Lower leg),non_neural
GTEX-Y114-2326-SM-4TT7X,GTEX-Y114,55.0,55.378803,0.3788029999999978,Adipose - Subcutaneous,non_neural
GTEX-1313W-0011-R3a-SM-5EGLI,GTEX-1313W,55.0,58.555588,3.555588,Brain - Anterior cingulate cortex (BA24),neural
GTEX-TKQ1-0326-SM-4DXSM,GTEX-TKQ1,35.0,38.96286,3.962859999999999,Esophagus - Mucosa,non_neural
GTEX-RWSA-0008-SM-47JYX,GTEX-RWSA,45.0,51.273094,6.273094,Cells - Cultured fibroblasts,non_neural
GTEX-1LVAM-1226-SM-HK7AP,GTEX-1LVAM,55.0,55.13772,0.13772000000000162,Esophagus - Muscularis,non_neural
GTEX-W5WG-0726-SM-EXUQZ,GTEX-W5WG,55.0,67.20586,12.205860000000001,Artery - Aorta,non_neural
GTEX-14PJ4-0326-SM-664OT,GTEX-14PJ4,65.0,52.72451,-12.275489999999998,Thyroid,non_neural
GTEX-WH7G-2126-SM-4M1XU,GTEX-WH7G,45.0,50.191185,5.191184999999997,Minor Salivary Gland,non_neural
GTEX-YF7O-0005-SM-4W1ZU,GTEX-YF7O,55.0,52.08003,-2.9199699999999993,Whole Blood,non_neural
GTEX-1GN2E-1026-SM-9WPOI,GTEX-1GN2E,65.0,62.816067,-2.1839330000000032,Brain - Cerebellar Hemisphere,neural
GTEX-ZT9W-1526-SM-4YCDE,GTEX-ZT9W,55.0,54.93169,-0.06830999999999676,Stomach,non_neural
GTEX-145LS-2426-SM-5TDCZ,GTEX-145LS,65.0,60.756252,-4.2437479999999965,Uterus,non_neural
GTEX-11I78-1526-SM-5A5K7,GTEX-11I78,55.0,50.104687,-4.895313000000002,Esophagus - Mucosa,non_neural
GTEX-11GSP-2326-SM-5HL63,GTEX-11GSP,65.0,69.56601,4.566010000000006,Skin - Not Sun Exposed (Suprapubic),non_neural
GTEX-14ICL-0426-SM-5RQJ3,GTEX-14ICL,35.0,32.823006,-2.1769940000000005,Thyroid,non_neural
GTEX-SNMC-0008-SM-4DM5A,GTEX-SNMC,25.0,36.258015,11.258015,Cells - Cultured fibroblasts,non_neural
GTEX-13X6I-0011-R7b-SM-5PNWP,GTEX-13X6I,65.0,62.307533,-2.6924670000000006,Brain - Putamen (basal ganglia),neural
GTEX-13OW6-1126-SM-5L3HL,GTEX-13OW6,55.0,57.25915,2.259149999999998,Heart - Left Ventricle,non_neural
GTEX-15SZO-0126-SM-GNTBQ,GTEX-15SZO,55.0,56.515175,1.5151749999999993,Skin - Sun Exposed (Lower leg),non_neural
GTEX-14B4R-0226-SM-5TDDO,GTEX-14B4R,35.0,35.619686,0.6196860000000015,Artery - Aorta,non_neural
GTEX-ZQG8-2526-SM-57WEQ,GTEX-ZQG8,65.0,52.323643,-12.676357000000003,Small Intestine - Terminal Ileum,non_neural
GTEX-13O3P-0126-SM-5KM4S,GTEX-13O3P,55.0,46.3433,-8.6567,Skin - Sun Exposed (Lower leg),non_neural
GTEX-139TS-2926-SM-5KM1Z,GTEX-139TS,65.0,57.12017,-7.879829999999998,Pituitary,non_neural
GTEX-1IDJF-1326-SM-A9G2R,GTEX-1IDJF,25.0,31.892496,6.892496000000001,Esophagus - Muscularis,non_neural
GTEX-13PVQ-2226-SM-5L3G9,GTEX-13PVQ,55.0,56.693626,1.6936260000000019,Adipose - Visceral (Omentum),non_neural
GTEX-YJ8O-0226-SM-5S2NL,GTEX-YJ8O,45.0,36.180904,-8.819096000000002,Artery - Aorta,non_neural
GTEX-13OW8-1226-SM-5K7XD,GTEX-13OW8,65.0,59.15527,-5.844729999999998,Adipose - Subcutaneous,non_neural
GTEX-11GSP-2226-SM-5HL5Q,GTEX-11GSP,65.0,63.70528,-1.294719999999998,Vagina,non_neural
GTEX-1N2EF-0011-R4a-SM-F341F,GTEX-1N2EF,65.0,64.29492,-0.7050799999999953,Brain - Amygdala,neural
GTEX-1F75A-1026-SM-7PC3W,GTEX-1F75A,55.0,64.74503,9.74503,Heart - Atrial Appendage,non_neural
GTEX-1AX8Z-0526-SM-7939M,GTEX-1AX8Z,65.0,71.144325,6.144324999999995,Artery - Tibial,non_neural
GTEX-117YX-1726-SM-5GZZS,GTEX-117YX,55.0,38.250053,-16.749947,Artery - Coronary,non_neural
GTEX-12WSD-0011-R4b-SM-5LZUA,GTEX-12WSD,65.0,62.469738,-2.5302620000000005,Brain - Amygdala,neural
GTEX-1JMQK-3026-SM-ARL95,GTEX-1JMQK,65.0,69.57807,4.578069999999997,Brain - Cortex,neural
GTEX-1B8L1-2226-SM-7P8PT,GTEX-1B8L1,65.0,60.753365,-4.246634999999998,Skin - Not Sun Exposed (Suprapubic),non_neural
GTEX-13OW5-0126-SM-DTXFS,GTEX-13OW5,65.0,54.050835,-10.949165,Skin - Sun Exposed (Lower leg),non_neural
GTEX-WFG7-0626-SM-4LMK6,GTEX-WFG7,25.0,26.844921,1.8449209999999994,Artery - Coronary,non_neural
GTEX-OIZG-0008-SM-4E3J2,GTEX-OIZG,55.0,57.56571,2.565710000000003,Cells - Cultured fibroblasts,non_neural
GTEX-N7MT-1926-SM-3LK5N,GTEX-N7MT,65.0,63.30922,-1.6907799999999966,Vagina,non_neural
GTEX-WRHK-1026-SM-4MVOD,GTEX-WRHK,25.0,32.968246,7.968246000000001,Small Intestine - Terminal Ileum,non_neural
GTEX-145LS-0011-R6b-SM-5PNWL,GTEX-145LS,65.0,69.467735,4.467735000000005,Brain - Nucleus accumbens (basal ganglia),neural
GTEX-132AR-1426-SM-5IFF1,GTEX-132AR,55.0,55.8408,0.8408000000000015,Ovary,non_neural
GTEX-16GPK-2926-SM-HL9UI,GTEX-16GPK,65.0,63.63041,-1.3695900000000023,Brain - Cerebellum,neural
GTEX-1PFEY-0626-SM-E76PH,GTEX-1PFEY,35.0,32.738445,-2.2615550000000013,Prostate,non_neural
GTEX-1H1DG-0006-SM-ARZL4,GTEX-1H1DG,75.0,71.197876,-3.8021240000000063,Whole Blood,non_neural
GTEX-14E7W-0426-SM-5S2O4,GTEX-14E7W,75.0,70.67063,-4.329369999999997,Nerve - Tibial,neural
GTEX-1PPGY-0011-R9a-SM-G8LMR,GTEX-1PPGY,65.0,62.179363,-2.820636999999998,Brain - Spinal cord (cervical c-1),neural
GTEX-1BAJH-1526-SM-7RHGI,GTEX-1BAJH,75.0,58.24355,-16.75645,Liver,non_neural
GTEX-1IDJC-1326-SM-CL53H,GTEX-1IDJC,55.0,49.563553,-5.436447000000001,Colon - Transverse,non_neural
GTEX-N7MS-0126-SM-3TW8O,GTEX-N7MS,65.0,58.594765,-6.405234999999998,Testis,non_neural
GTEX-1GMR2-2026-SM-7MKHK,GTEX-1GMR2,55.0,56.97877,1.9787699999999973,Minor Salivary Gland,non_neural
GTEX-1445S-1126-SM-5QGOW,GTEX-1445S,65.0,62.18723,-2.8127700000000004,Artery - Coronary,non_neural
GTEX-ZZ64-0425-B-SM-AW8OF,GTEX-ZZ64,25.0,34.673676,9.673676,Stomach - Mucosa,non_neural
GTEX-14PN3-0126-SM-6AJAU,GTEX-14PN3,65.0,60.649178,-4.350822000000001,Pancreas,non_neural
GTEX-QV31-0008-SM-447AT,GTEX-QV31,35.0,43.565186,8.565185999999997,Cells - Cultured fibroblasts,non_neural
GTEX-13SLW-1226-SM-5S2Q7,GTEX-13SLW,75.0,66.476654,-8.523346000000004,Lung,non_neural
GTEX-1A8G6-0326-SM-72D6F,GTEX-1A8G6,65.0,69.82503,4.825029999999998,Nerve - Tibial,neural
GTEX-13N1W-0526-SM-5MR4I,GTEX-13N1W,75.0,68.102974,-6.897025999999997,Muscle - Skeletal,non_neural
GTEX-13N1W-2626-SM-5IJEP,GTEX-13N1W,75.0,70.65204,-4.3479600000000005,Testis,non_neural
GTEX-W5WG-2726-SM-4LMIC,GTEX-W5WG,55.0,58.14292,3.1429199999999966,Esophagus - Gastroesophageal Junction,non_neural
GTEX-13O3Q-0126-SM-5KM34,GTEX-13O3Q,55.0,56.761986,1.7619860000000003,Skin - Not Sun Exposed (Suprapubic),non_neural
GTEX-1GZ2Q-0426-SM-9WPOU,GTEX-1GZ2Q,45.0,41.78425,-3.21575,Muscle - Skeletal,non_neural
GTEX-1PPGY-0226-SM-G8LMT,GTEX-1PPGY,65.0,72.35247,7.352469999999997,Skin - Sun Exposed (Lower leg),non_neural
GTEX-1OKEX-0726-SM-DPRYE,GTEX-1OKEX,65.0,57.49888,-7.50112,Heart - Left Ventricle,non_neural
GTEX-YJ8A-1126-SM-5IFJU,GTEX-YJ8A,25.0,33.427444,8.427444000000001,Prostate,non_neural
GTEX-1PIGE-0526-SM-DTXFA,GTEX-1PIGE,25.0,26.097464,1.0974639999999987,Adipose - Subcutaneous,non_neural
GTEX-13D11-2726-SM-5K7V7,GTEX-13D11,55.0,57.854603,2.8546029999999973,Artery - Tibial,non_neural
GTEX-1H11D-2526-SM-9JGGU,GTEX-1H11D,45.0,46.534336,1.5343360000000033,Small Intestine - Terminal Ileum,non_neural
GTEX-1RAZR-0226-SM-EVYC6,GTEX-1RAZR,45.0,50.39474,5.394739999999999,Adipose - Subcutaneous,non_neural
GTEX-1MA7W-0226-SM-GMXCJ,GTEX-1MA7W,25.0,19.662888,-5.337112000000001,Artery - Aorta,non_neural
GTEX-1ICLY-0005-SM-A9G16,GTEX-1ICLY,55.0,57.632774,2.6327739999999977,Whole Blood,non_neural
GTEX-ZZ64-1626-SM-5E43W,GTEX-ZZ64,25.0,31.656158,6.656158000000001,Adipose - Subcutaneous,non_neural
GTEX-1L5NE-1926-SM-D3L9R,GTEX-1L5NE,55.0,55.589268,0.589267999999997,Colon - Sigmoid,non_neural
GTEX-1LH75-0011-R9b-SM-EY5Y9,GTEX-1LH75,55.0,66.2929,11.292900000000003,Brain - Spinal cord (cervical c-1),neural
GTEX-1QP2A-2226-SM-DTXF6,GTEX-1QP2A,55.0,64.660774,9.660774000000004,Colon - Sigmoid,non_neural
GTEX-1H11D-2626-SM-9JGH4,GTEX-1H11D,45.0,44.040215,-0.9597849999999966,Colon - Transverse,non_neural
GTEX-O5YV-1226-SM-EV795,GTEX-O5YV,65.0,53.69129,-11.308709999999998,Kidney - Cortex,non_neural
GTEX-1PWST-0011-R9a-SM-G8OMQ,GTEX-1PWST,75.0,72.67438,-2.3256200000000007,Brain - Spinal cord (cervical c-1),neural
GTEX-16BQI-0008-SM-EAZCC,GTEX-16BQI,35.0,48.60086,13.600859999999997,Cells - Cultured fibroblasts,non_neural
GTEX-1JN76-0426-SM-ARZNK,GTEX-1JN76,25.0,25.419163,0.41916300000000106,Nerve - Tibial,neural
GTEX-1LC47-0126-SM-GNIP7,GTEX-1LC47,65.0,52.7478,-12.252200000000002,Skin - Not Sun Exposed (Suprapubic),non_neural
GTEX-P4QS-1526-SM-HPAFM,GTEX-P4QS,65.0,48.353073,-16.646926999999998,Stomach,non_neural
GTEX-1F5PK-0005-SM-A96RM,GTEX-1F5PK,55.0,45.86094,-9.13906,Whole Blood,non_neural
GTEX-ZLFU-1326-SM-DO11R,GTEX-ZLFU,45.0,45.484253,0.4842530000000025,Stomach,non_neural
GTEX-1QPFJ-0626-SM-DTX7Y,GTEX-1QPFJ,35.0,38.468742,3.468741999999999,Thyroid,non_neural
GTEX-13RTK-0226-SM-5RQHR,GTEX-13RTK,25.0,33.77755,8.777549999999998,Stomach,non_neural
GTEX-1J1OQ-0011-R3b-SM-D4P2B,GTEX-1J1OQ,45.0,50.092648,5.092647999999997,Brain - Anterior cingulate cortex (BA24),neural
GTEX-11UD2-0326-SM-5EQLE,GTEX-11UD2,55.0,50.160408,-4.839592000000003,Muscle - Skeletal,non_neural
GTEX-1AX9K-1226-SM-793CN,GTEX-1AX9K,55.0,61.178535,6.178534999999997,Esophagus - Muscularis,non_neural
GTEX-13PDP-0011-R8b-SM-5O9CS,GTEX-13PDP,65.0,58.609623,-6.390377000000001,Brain - Hypothalamus,neural
GTEX-QVJO-2726-SM-GQ1CG,GTEX-QVJO,65.0,65.5096,0.509600000000006,Cervix - Ectocervix,non_neural
GTEX-T6MN-0011-R9A-SM-32QOZ,GTEX-T6MN,55.0,59.83545,4.835450000000002,Brain - Spinal cord (cervical c-1),neural
GTEX-11EM3-2026-SM-GHWOO,GTEX-11EM3,25.0,36.327827,11.327827,Nerve - Tibial,neural
GTEX-12ZZY-0011-R6b-SM-5EGLA,GTEX-12ZZY,65.0,65.29489,0.2948899999999952,Brain - Nucleus accumbens (basal ganglia),neural
GTEX-13QBU-1326-SM-5LU4K,GTEX-13QBU,45.0,38.164833,-6.835166999999998,Adipose - Visceral (Omentum),non_neural
GTEX-WOFM-1926-SM-4M9R2,GTEX-WOFM,25.0,26.139225,1.1392249999999997,Colon - Sigmoid,non_neural
GTEX-15UF6-0011-R9b-SM-GOQZG,GTEX-15UF6,75.0,71.55373,-3.4462699999999984,Brain - Spinal cord (cervical c-1),neural
GTEX-11GSO-2826-SM-5HL6Q,GTEX-11GSO,65.0,61.879227,-3.120773,Pituitary,non_neural
GTEX-ZTPG-2226-SM-57WF9,GTEX-ZTPG,25.0,24.166582,-0.8334180000000018,Vagina,non_neural
GTEX-12126-0011-R10b-SM-5BC6T,GTEX-12126,25.0,28.331182,3.3311819999999983,Brain - Frontal Cortex (BA9),neural
GTEX-1KD4Q-0626-SM-G8LMJ,GTEX-1KD4Q,45.0,43.993866,-1.006134000000003,Heart - Atrial Appendage,non_neural
GTEX-145LS-0226-SM-5O9A5,GTEX-145LS,65.0,54.217537,-10.782463,Adipose - Subcutaneous,non_neural
GTEX-1PPGY-1626-SM-EVYBL,GTEX-1PPGY,65.0,61.344025,-3.655974999999998,Skin - Not Sun Exposed (Suprapubic),non_neural
GTEX-13S7M-1726-SM-5RQK3,GTEX-13S7M,65.0,71.87814,6.878140000000002,Uterus,non_neural
GTEX-1EWIQ-0011-R6a-SM-ARU8G,GTEX-1EWIQ,75.0,56.698414,-18.301586,Brain - Nucleus accumbens (basal ganglia),neural
GTEX-O5YV-1826-SM-2YUNI,GTEX-O5YV,65.0,56.149364,-8.850636000000002,Nerve - Tibial,neural
GTEX-13U4I-2426-SM-5LU34,GTEX-13U4I,45.0,46.77236,1.772359999999999,Colon - Transverse,non_neural
GTEX-1LSVX-2426-SM-E6CJX,GTEX-1LSVX,65.0,63.053875,-1.946125000000002,Breast - Mammary Tissue,non_neural
GTEX-13X6J-0011-R8b-SM-5PNUA,GTEX-13X6J,55.0,56.559742,1.559742,Brain - Hypothalamus,neural
GTEX-1F75A-0011-R4a-SM-ARL8J,GTEX-1F75A,55.0,55.378616,0.37861600000000095,Brain - Amygdala,neural
GTEX-1QP29-0126-SM-EAZ3S,GTEX-1QP29,55.0,45.299805,-9.700195,Spleen,non_neural
GTEX-13NYB-0011-R2a-SM-5MR3C,GTEX-13NYB,45.0,42.03913,-2.96087,Brain - Substantia nigra,neural
GTEX-WVLH-0011-R2A-SM-3MJFJ,GTEX-WVLH,55.0,50.66774,-4.332259999999998,Brain - Substantia nigra,neural
GTEX-17EVQ-0011-R4b-SM-7LT94,GTEX-17EVQ,75.0,67.6288,-7.371200000000002,Brain - Amygdala,neural
GTEX-1P4AB-0011-R3a-SM-F33ZW,GTEX-1P4AB,55.0,49.347797,-5.652203,Brain - Anterior cingulate cortex (BA24),neural
GTEX-1H3VE-0626-SM-9WYSJ,GTEX-1H3VE,45.0,62.514008,17.514007999999997,Nerve - Tibial,neural
GTEX-1CB4H-3126-SM-7IGN4,GTEX-1CB4H,65.0,66.66491,1.664910000000006,Brain - Cortex,neural
GTEX-1F5PL-0726-SM-7MKH8,GTEX-1F5PL,45.0,54.64382,9.643819999999998,Pancreas,non_neural
GTEX-SNOS-1026-SM-4DM4Y,GTEX-SNOS,45.0,50.124966,5.124966000000001,Prostate,non_neural
GTEX-YB5E-1026-SM-5IFI2,GTEX-YB5E,45.0,38.029987,-6.970013000000002,Esophagus - Gastroesophageal Junction,non_neural
GTEX-131YS-0011-R5b-SM-5K7YB,GTEX-131YS,65.0,63.28618,-1.7138199999999983,Brain - Caudate (basal ganglia),neural
GTEX-Y5V5-1526-SM-4VBQ1,GTEX-Y5V5,65.0,68.35939,3.3593900000000048,Esophagus - Gastroesophageal Junction,non_neural
GTEX-ZVT3-0526-SM-5GIE9,GTEX-ZVT3,65.0,65.62905,0.6290500000000065,Muscle - Skeletal,non_neural
GTEX-14E1K-1126-SM-5P9IK,GTEX-14E1K,55.0,60.882698,5.882697999999998,Esophagus - Muscularis,non_neural
GTEX-ZLV1-0926-SM-5S2MR,GTEX-ZLV1,65.0,46.67892,-18.321080000000002,Adipose - Visceral (Omentum),non_neural
GTEX-13PL7-0126-SM-5NQAR,GTEX-13PL7,65.0,59.03526,-5.964739999999999,Stomach,non_neural
GTEX-14JG6-1026-SM-6LLIF,GTEX-14JG6,35.0,36.276787,1.2767869999999988,Esophagus - Gastroesophageal Junction,non_neural
GTEX-1KD5A-0126-SM-E9U54,GTEX-1KD5A,55.0,54.84371,-0.15628999999999849,Skin - Not Sun Exposed (Suprapubic),non_neural
GTEX-ZF28-0526-SM-4WKGW,GTEX-ZF28,65.0,69.91624,4.916240000000002,Muscle - Skeletal,non_neural
GTEX-13S7M-1826-SM-5RQK6,GTEX-13S7M,65.0,55.220905,-9.779094999999998,Stomach,non_neural
GTEX-14H4A-1626-SM-5SI69,GTEX-14H4A,45.0,44.769123,-0.23087699999999955,Esophagus - Mucosa,non_neural
GTEX-15EO6-0011-R3b-SM-7KUDY,GTEX-15EO6,55.0,55.525467,0.525466999999999,Brain - Anterior cingulate cortex (BA24),neural
GTEX-Y8E4-0826-SM-4VBRS,GTEX-Y8E4,45.0,44.57497,-0.4250299999999996,Nerve - Tibial,neural
GTEX-1H23P-0011-R1a-SM-ACKVC,GTEX-1H23P,65.0,64.41442,-0.5855799999999931,Brain - Hippocampus,neural
GTEX-1F75A-0011-R6b-SM-9QEHD,GTEX-1F75A,55.0,61.197422,6.197422000000003,Brain - Nucleus accumbens (basal ganglia),neural
GTEX-Y8E4-1626-SM-5S2MW,GTEX-Y8E4,45.0,43.12809,-1.8719099999999997,Breast - Mammary Tissue,non_neural
GTEX-12696-1726-SM-5EQLH,GTEX-12696,65.0,61.723858,-3.276142,Stomach,non_neural
GTEX-1HFI6-0011-R7b-SM-CM2SS,GTEX-1HFI6,45.0,47.568718,2.568717999999997,Brain - Putamen (basal ganglia),neural
GTEX-13CF2-2826-SM-5LZX9,GTEX-13CF2,65.0,71.686386,6.686385999999999,Nerve - Tibial,neural
GTEX-1EX96-1626-SM-7PBXR,GTEX-1EX96,55.0,43.12201,-11.877989999999997,Skin - Sun Exposed (Lower leg),non_neural
GTEX-1LGOU-0626-SM-D3L8F,GTEX-1LGOU,25.0,32.434994,7.434994000000003,Esophagus - Muscularis,non_neural
GTEX-1H3NZ-1026-SM-A9SM5,GTEX-1H3NZ,65.0,63.01124,-1.9887599999999992,Heart - Atrial Appendage,non_neural
GTEX-YF7O-0526-SM-5P9IO,GTEX-YF7O,55.0,43.37301,-11.62699,Heart - Atrial Appendage,non_neural
GTEX-13FLW-0011-R10b-SM-5LZZF,GTEX-13FLW,55.0,55.43582,0.43581999999999965,Brain - Frontal Cortex (BA9),neural
GTEX-1JMLX-1126-SM-CXZJN,GTEX-1JMLX,55.0,56.37231,1.3723099999999988,Adrenal Gland,non_neural
GTEX-1GN1U-0011-R6a-SM-CKZNO,GTEX-1GN1U,55.0,53.279797,-1.720202999999998,Brain - Nucleus accumbens (basal ganglia),neural
GTEX-13NZA-1026-SM-5MR48,GTEX-13NZA,65.0,59.145905,-5.854095000000001,Thyroid,non_neural
GTEX-11VI4-0326-SM-5EQ6L,GTEX-11VI4,45.0,60.21799,15.21799,Stomach,non_neural
GTEX-1RAZR-0006-SM-DLHBR,GTEX-1RAZR,45.0,41.743294,-3.256706000000001,Whole Blood,non_neural
GTEX-1KANA-1125-B-SM-AW8OI,GTEX-1KANA,25.0,47.68786,22.68786,Stomach - Mucosa,non_neural
GTEX-WYJK-0726-SM-G8W7Z,GTEX-WYJK,55.0,51.785656,-3.214343999999997,Spleen,non_neural
GTEX-13PL7-2226-SM-5L3IC,GTEX-13PL7,65.0,58.11168,-6.88832,Pancreas,non_neural
GTEX-1C64O-0226-SM-73KXB,GTEX-1C64O,65.0,58.139736,-6.860264000000001,Adipose - Subcutaneous,non_neural
GTEX-1E1VI-0008-SM-EY5XM,GTEX-1E1VI,55.0,64.47122,9.471220000000002,Cells - Cultured fibroblasts,non_neural
GTEX-11GS4-0226-SM-5HL77,GTEX-11GS4,65.0,60.015587,-4.9844130000000035,Skin - Not Sun Exposed (Suprapubic),non_neural
GTEX-15SHU-2326-SM-7KUMC,GTEX-15SHU,45.0,51.075077,6.075077,Adipose - Visceral (Omentum),non_neural
GTEX-15EU6-2626-SM-7KUN4,GTEX-15EU6,55.0,55.181847,0.18184699999999765,Minor Salivary Gland,non_neural
GTEX-WFON-1226-SM-3TW8F,GTEX-WFON,45.0,44.681923,-0.3180770000000024,Adipose - Visceral (Omentum),non_neural
GTEX-13VXU-0011-R8b-SM-GJ3RR,GTEX-13VXU,55.0,56.553463,1.5534630000000007,Brain - Hypothalamus,neural
GTEX-ZVT2-1326-SM-5E45H,GTEX-ZVT2,55.0,51.237206,-3.7627939999999995,Esophagus - Mucosa,non_neural
GTEX-1A3MV-1225-C-SM-AW8PK,GTEX-1A3MV,35.0,34.2923,-0.7077000000000027,Stomach - Muscularis,non_neural
GTEX-146FR-0326-SM-5MR5V,GTEX-146FR,65.0,63.137466,-1.8625339999999966,Thyroid,non_neural
GTEX-XPVG-2126-SM-4B667,GTEX-XPVG,55.0,51.383064,-3.6169360000000026,Skin - Not Sun Exposed (Suprapubic),non_neural
GTEX-XMK1-2426-SM-4B66I,GTEX-XMK1,45.0,48.92403,3.924030000000002,Nerve - Tibial,neural
GTEX-11DXZ-1626-SM-5GIDI,GTEX-11DXZ,55.0,49.217743,-5.782257000000001,Colon - Sigmoid,non_neural
GTEX-1LG7Y-2926-SM-CXZKE,GTEX-1LG7Y,55.0,53.5389,-1.4611000000000018,Pituitary,non_neural
GTEX-1MGNQ-2126-SM-EV7AC,GTEX-1MGNQ,45.0,47.209167,2.2091670000000008,Colon - Sigmoid,non_neural
GTEX-1LVAM-0226-SM-GMXBW,GTEX-1LVAM,55.0,45.806755,-9.193244999999997,Adipose - Subcutaneous,non_neural
GTEX-1RAZS-2526-SM-E6CHT,GTEX-1RAZS,55.0,64.48068,9.480680000000007,Skin - Not Sun Exposed (Suprapubic),non_neural
GTEX-ZAK1-0011-R5a-SM-GRR32,GTEX-ZAK1,55.0,54.969894,-0.03010600000000352,Brain - Caudate (basal ganglia),neural
GTEX-1QP6S-1026-SM-DTXFW,GTEX-1QP6S,45.0,56.06223,11.06223,Heart - Atrial Appendage,non_neural
GTEX-XMD3-0726-SM-H6Q8S,GTEX-XMD3,55.0,47.813866,-7.186134000000003,Muscle - Skeletal,non_neural
GTEX-13111-1426-SM-5DUW3,GTEX-13111,55.0,48.11535,-6.884650000000001,Small Intestine - Terminal Ileum,non_neural
GTEX-Y9LG-0001-SM-4VBRQ,GTEX-Y9LG,35.0,38.37433,3.3743300000000005,Cells - EBV-transformed lymphocytes,non_neural
GTEX-1R9PN-0526-SM-DTX86,GTEX-1R9PN,45.0,38.36757,-6.632429999999999,Uterus,non_neural
GTEX-1B97I-0826-SM-731DN,GTEX-1B97I,45.0,57.138664,12.138663999999999,Prostate,non_neural
GTEX-Q734-1426-SM-DTXFX,GTEX-Q734,45.0,47.76469,2.7646900000000016,Vagina,non_neural
GTEX-1O97I-1426-SM-HLJQB,GTEX-1O97I,65.0,62.45096,-2.549039999999998,Adipose - Visceral (Omentum),non_neural
GTEX-XUZC-1226-SM-4BRVJ,GTEX-XUZC,35.0,29.608513,-5.3914870000000015,Vagina,non_neural
GTEX-1S5ZA-1126-SM-EVYBU,GTEX-1S5ZA,25.0,19.528511,-5.471488999999998,Artery - Aorta,non_neural
GTEX-13112-0426-SM-5PNVC,GTEX-13112,55.0,58.59949,3.599490000000003,Heart - Left Ventricle,non_neural
GTEX-1B996-0011-R10b-SM-CJI3T,GTEX-1B996,65.0,66.15233,1.1523300000000063,Brain - Frontal Cortex (BA9),neural
GTEX-1QAET-2426-SM-EY5Z3,GTEX-1QAET,55.0,71.314514,16.314514000000003,Nerve - Tibial,neural
GTEX-O5YV-0526-SM-2I5GE,GTEX-O5YV,65.0,56.379402,-8.620598000000001,Lung,non_neural
GTEX-SE5C-1026-SM-4BRUG,GTEX-SE5C,45.0,52.283096,7.2830960000000005,Bladder,non_neural
GTEX-13OW7-0011-R2b-SM-H6Q8E,GTEX-13OW7,55.0,50.303055,-4.6969449999999995,Brain - Substantia nigra,neural
GTEX-1S831-1526-SM-HLJQS,GTEX-1S831,25.0,34.95188,9.951880000000003,Small Intestine - Terminal Ileum,non_neural
GTEX-14PJ3-1326-SM-664O7,GTEX-14PJ3,55.0,54.957188,-0.04281199999999785,Small Intestine - Terminal Ileum,non_neural
GTEX-1KD4Q-0011-R2a-SM-F649I,GTEX-1KD4Q,45.0,56.299896,11.299895999999997,Brain - Substantia nigra,neural
GTEX-ZLV1-0326-SM-HL9UA,GTEX-ZLV1,65.0,62.57447,-2.425530000000002,Spleen,non_neural
GTEX-NFK9-0926-SM-2HMJU,GTEX-NFK9,45.0,51.946724,6.946724000000003,Heart - Left Ventricle,non_neural
GTEX-ZP4G-0826-SM-4WWF3,GTEX-ZP4G,25.0,34.4982,9.498199999999997,Vagina,non_neural
GTEX-13FXS-2826-SM-5LZYC,GTEX-13FXS,55.0,64.967064,9.967063999999993,Prostate,non_neural
GTEX-1HKZK-0626-SM-ADEHP,GTEX-1HKZK,45.0,41.66818,-3.3318200000000004,Nerve - Tibial,neural
GTEX-QEG4-0008-SM-48TYZ,GTEX-QEG4,35.0,51.24389,16.24389,Cells - Cultured fibroblasts,non_neural
GTEX-13RTL-0426-SM-7LG66,GTEX-13RTL,45.0,61.91227,16.91227,Artery - Tibial,non_neural
GTEX-ZZ64-1426-SM-5NQ8C,GTEX-ZZ64,25.0,40.6678,15.6678,Nerve - Tibial,neural
GTEX-1LG7Y-1626-SM-D4P24,GTEX-1LG7Y,55.0,61.252342,6.252341999999999,Esophagus - Gastroesophageal Junction,non_neural
GTEX-14PN3-0926-SM-H6Q6A,GTEX-14PN3,65.0,71.08894,6.088939999999994,Lung,non_neural
GTEX-QEG5-1426-SM-447AS,GTEX-QEG5,25.0,38.401043,13.401043000000001,Esophagus - Mucosa,non_neural
GTEX-12696-0011-R1a-SM-GHWPW,GTEX-12696,65.0,68.757706,3.757705999999999,Brain - Hippocampus,neural
GTEX-P4QT-1026-SM-F21IA,GTEX-P4QT,55.0,49.567814,-5.4321860000000015,Pancreas,non_neural
GTEX-1JJ6O-2226-SM-AHZ3I,GTEX-1JJ6O,65.0,65.54295,0.5429500000000047,Heart - Atrial Appendage,non_neural
GTEX-1399S-0006-SM-5NQ7U,GTEX-1399S,35.0,36.233883,1.2338829999999987,Whole Blood,non_neural
GTEX-T5JW-0426-SM-4DM7M,GTEX-T5JW,25.0,21.400814,-3.5991859999999996,Ovary,non_neural
GTEX-1GF9W-0011-R4a-SM-CE6RH,GTEX-1GF9W,65.0,59.77397,-5.2260300000000015,Brain - Amygdala,neural
GTEX-XMK1-0726-SM-GQ1CP,GTEX-XMK1,45.0,45.996628,0.9966280000000012,Artery - Coronary,non_neural
GTEX-1CB4G-1826-SM-7MKGO,GTEX-1CB4G,65.0,61.007057,-3.992942999999997,Pancreas,non_neural
GTEX-ZYW4-0126-SM-5E44A,GTEX-ZYW4,65.0,60.554535,-4.445464999999999,Skin - Sun Exposed (Lower leg),non_neural
GTEX-P4QT-1926-SM-HAUYQ,GTEX-P4QT,55.0,49.2665,-5.733499999999999,Bladder,non_neural
GTEX-1PPGY-2226-SM-F2I29,GTEX-1PPGY,65.0,59.889137,-5.110863000000002,Liver,non_neural
GTEX-1HSMP-0126-SM-E6CJS,GTEX-1HSMP,75.0,60.862556,-14.137444000000002,Skin - Sun Exposed (Lower leg),non_neural
GTEX-1NHNU-0926-SM-E9J2T,GTEX-1NHNU,55.0,57.124855,2.1248549999999966,Breast - Mammary Tissue,non_neural
GTEX-1AX9K-0226-SM-793CM,GTEX-1AX9K,55.0,53.41101,-1.5889900000000026,Spleen,non_neural
GTEX-18465-3026-SM-7LG6Y,GTEX-18465,55.0,55.30819,0.3081900000000033,Brain - Cortex,neural
GTEX-17F97-0011-R10b-SM-793BB,GTEX-17F97,55.0,54.471992,-0.5280079999999998,Brain - Frontal Cortex (BA9),neural
GTEX-1HCU6-2526-SM-ADEHL,GTEX-1HCU6,65.0,57.159744,-7.840255999999997,Skin - Not Sun Exposed (Suprapubic),non_neural
GTEX-13PL7-1126-SM-5MR5O,GTEX-13PL7,65.0,63.34539,-1.6546099999999981,Spleen,non_neural
GTEX-1I1GV-2226-SM-ARU7E,GTEX-1I1GV,65.0,61.134163,-3.865836999999999,Esophagus - Mucosa,non_neural
GTEX-1GN1U-1126-SM-9WPPZ,GTEX-1GN1U,55.0,54.2339,-0.7661000000000016,Pancreas,non_neural
GTEX-13VXT-0726-SM-5MR7E,GTEX-13VXT,25.0,36.436054,11.436053999999999,Heart - Atrial Appendage,non_neural
GTEX-1MGNQ-2026-SM-EAZ51,GTEX-1MGNQ,45.0,46.966732,1.9667320000000004,Colon - Transverse,non_neural
GTEX-ZXES-0726-SM-5E451,GTEX-ZXES,35.0,33.058994,-1.9410060000000016,Uterus,non_neural
GTEX-X8HC-0326-SM-GHWQD,GTEX-X8HC,55.0,54.770325,-0.2296750000000003,Nerve - Tibial,neural
GTEX-14B4R-0726-SM-5TDDR,GTEX-14B4R,35.0,36.698353,1.6983529999999973,Stomach,non_neural
GTEX-14C39-2626-SM-5S2QD,GTEX-14C39,45.0,54.40499,9.404989999999998,Artery - Tibial,non_neural
GTEX-1IDJU-0008-SM-F33ZC,GTEX-1IDJU,65.0,48.16811,-16.83189,Cells - Cultured fibroblasts,non_neural
GTEX-144GL-1826-SM-5O9C1,GTEX-144GL,55.0,52.250523,-2.749476999999999,Adrenal Gland,non_neural
GTEX-11GSO-0626-SM-5A5LW,GTEX-11GSO,65.0,67.096664,2.096664000000004,Thyroid,non_neural
GTEX-UTHO-1026-SM-3GAF7,GTEX-UTHO,65.0,57.272015,-7.727984999999997,Breast - Mammary Tissue,non_neural
GTEX-1AMEY-1126-SM-72D79,GTEX-1AMEY,35.0,34.91143,-0.08856999999999715,Minor Salivary Gland,non_neural
GTEX-1GZ4H-1226-SM-9KNUA,GTEX-1GZ4H,55.0,56.96976,1.9697600000000008,Colon - Transverse,non_neural
GTEX-1L5NE-2626-SM-E9U6P,GTEX-1L5NE,55.0,56.51236,1.512360000000001,Adipose - Subcutaneous,non_neural
GTEX-1313W-3126-SM-5LZUI,GTEX-1313W,55.0,56.526398,1.5263980000000004,Brain - Cortex,neural
GTEX-ZF28-3026-SM-4WKHP,GTEX-ZF28,65.0,69.05868,4.058679999999995,Brain - Cortex,neural
GTEX-1HCUA-2026-SM-CGQEJ,GTEX-1HCUA,55.0,54.94272,-0.057279999999998665,Artery - Tibial,non_neural
GTEX-14JIY-2926-SM-69LPT,GTEX-14JIY,65.0,59.725517,-5.2744829999999965,Brain - Cortex,neural
GTEX-12ZZZ-2926-SM-HPAGD,GTEX-12ZZZ,65.0,71.844574,6.844573999999994,Pituitary,non_neural
GTEX-1JMQK-2426-SM-CXZJU,GTEX-1JMQK,65.0,80.04952,15.049520000000001,Small Intestine - Terminal Ileum,non_neural
GTEX-1LG7Y-2226-SM-E9U5K,GTEX-1LG7Y,55.0,57.45735,2.457349999999998,Colon - Sigmoid,non_neural
GTEX-WYVS-2326-SM-3NMAI,GTEX-WYVS,45.0,52.698666,7.698666000000003,Muscle - Skeletal,non_neural
GTEX-WK11-0626-SM-3NMAV,GTEX-WK11,55.0,52.49055,-2.509450000000001,Heart - Atrial Appendage,non_neural
GTEX-16NPX-1826-SM-GPRXR,GTEX-16NPX,55.0,62.740013,7.740012999999998,Esophagus - Gastroesophageal Junction,non_neural
GTEX-1JMQL-0011-R5a-SM-F3424,GTEX-1JMQL,55.0,53.67398,-1.3260199999999998,Brain - Caudate (basal ganglia),neural
GTEX-1J8Q3-1326-SM-CMKI1,GTEX-1J8Q3,65.0,58.516533,-6.483466999999997,Breast - Mammary Tissue,non_neural
GTEX-1H3O1-1726-SM-9WYSR,GTEX-1H3O1,65.0,65.5464,0.5464000000000055,Brain - Cortex,neural
GTEX-131XF-1226-SM-5HL8V,GTEX-131XF,65.0,49.013744,-15.986255999999997,Stomach,non_neural
GTEX-1IDJF-0926-SM-ARL85,GTEX-1IDJF,25.0,31.847414,6.8474140000000006,Artery - Aorta,non_neural
GTEX-1EU9M-2926-SM-793DF,GTEX-1EU9M,65.0,69.83321,4.833209999999994,Brain - Cerebellum,neural
GTEX-1R9PM-0926-SM-DPRYA,GTEX-1R9PM,25.0,37.1104,12.110399999999998,Esophagus - Mucosa,non_neural
GTEX-WOFL-0426-SM-GMXAM,GTEX-WOFL,65.0,63.090107,-1.9098929999999967,Artery - Tibial,non_neural
GTEX-R55D-0426-SM-GNTAK,GTEX-R55D,55.0,59.165413,4.165413000000001,Artery - Tibial,non_neural
GTEX-1MCC2-2726-SM-EWRN3,GTEX-1MCC2,35.0,52.51266,17.512659999999997,Muscle - Skeletal,non_neural
GTEX-1H3NZ-3126-SM-9WPOK,GTEX-1H3NZ,65.0,67.64332,2.643320000000003,Pituitary,non_neural
GTEX-1C6VQ-3126-SM-7MKGH,GTEX-1C6VQ,55.0,58.329956,3.329956000000003,Pituitary,non_neural
GTEX-131XH-2426-SM-5PNZ6,GTEX-131XH,55.0,54.038063,-0.9619369999999989,Artery - Tibial,non_neural
GTEX-1LGRB-2626-SM-CNPPR,GTEX-1LGRB,55.0,50.066788,-4.9332119999999975,Muscle - Skeletal,non_neural
GTEX-Q2AG-0011-R11A-SM-2HMKZ,GTEX-Q2AG,45.0,48.41557,3.4155700000000024,Brain - Cerebellar Hemisphere,neural
GTEX-1AX8Z-0126-SM-7DHM6,GTEX-1AX8Z,65.0,58.312576,-6.687424,Skin - Sun Exposed (Lower leg),non_neural
GTEX-X5EB-2326-SM-46MW5,GTEX-X5EB,45.0,56.826347,11.826346999999998,Muscle - Skeletal,non_neural
GTEX-11PRG-1426-SM-GJ3RU,GTEX-11PRG,55.0,73.11002,18.110020000000006,Thyroid,non_neural
GTEX-ZYT6-0626-SM-5E45V,GTEX-ZYT6,35.0,32.33049,-2.6695100000000025,Liver,non_neural
GTEX-ZA64-0326-SM-5HL8T,GTEX-ZA64,25.0,36.597427,11.597427000000003,Lung,non_neural
GTEX-WEY5-0626-SM-4LMIA,GTEX-WEY5,45.0,55.87275,10.872750000000003,Ovary,non_neural
GTEX-1445S-0011-R8a-SM-5PNWX,GTEX-1445S,65.0,66.606735,1.6067350000000005,Brain - Hypothalamus,neural
GTEX-WYVS-0326-SM-3NM9V,GTEX-WYVS,45.0,47.175472,2.175471999999999,Thyroid,non_neural
GTEX-13O1R-1226-SM-5J1NU,GTEX-13O1R,65.0,60.826878,-4.173121999999999,Heart - Left Ventricle,non_neural
GTEX-11O72-2826-SM-5HL6W,GTEX-11O72,45.0,51.84022,6.840220000000002,Brain - Cerebellum,neural
GTEX-12WSJ-1126-SM-5LZVJ,GTEX-12WSJ,45.0,49.019478,4.019477999999999,Skin - Not Sun Exposed (Suprapubic),non_neural
GTEX-YB5E-1926-SM-5IFIG,GTEX-YB5E,45.0,53.897636,8.897635999999999,Testis,non_neural
GTEX-15RIE-5021-SM-HL11W,GTEX-15RIE,65.0,52.873898,-12.126102000000003,Muscle - Skeletal,non_neural
GTEX-1EKGG-2926-SM-7EPIH,GTEX-1EKGG,65.0,60.378284,-4.621715999999999,Brain - Cortex,neural
GTEX-WXYG-0004-SM-4MVOS,GTEX-WXYG,55.0,55.780712,0.7807120000000012,Cells - EBV-transformed lymphocytes,non_neural
GTEX-17KNJ-1326-SM-7KFTG,GTEX-17KNJ,55.0,45.43068,-9.569319999999998,Esophagus - Mucosa,non_neural
GTEX-QESD-0726-SM-COH23,GTEX-QESD,25.0,30.792067,5.792066999999999,Esophagus - Muscularis,non_neural
GTEX-ZYT6-1526-SM-5E45F,GTEX-ZYT6,35.0,30.627605,-4.372395000000001,Artery - Tibial,non_neural
GTEX-13SLW-3126-SM-HAV2Q,GTEX-13SLW,75.0,79.15747,4.1574700000000036,Brain - Cortex,neural
GTEX-13113-2026-SM-5LZU3,GTEX-13113,65.0,47.873146,-17.126854,Nerve - Tibial,neural
GTEX-1GF9X-0001-SM-EAZCN,GTEX-1GF9X,45.0,43.854538,-1.145462000000002,Cells - EBV-transformed lymphocytes,non_neural
GTEX-ZF3C-1226-SM-4WWCB,GTEX-ZF3C,55.0,63.30063,8.300629999999998,Heart - Left Ventricle,non_neural
GTEX-18A7A-1026-SM-7LT8B,GTEX-18A7A,55.0,50.246723,-4.753276999999997,Lung,non_neural
GTEX-XPVG-0008-SM-4GICH,GTEX-XPVG,55.0,41.778786,-13.221214000000003,Cells - Cultured fibroblasts,non_neural
GTEX-OXRL-1526-SM-E6CHQ,GTEX-OXRL,55.0,45.941647,-9.058352999999997,Stomach,non_neural
GTEX-ZVZQ-2726-SM-GPRY1,GTEX-ZVZQ,65.0,68.52331,3.523309999999995,Vagina,non_neural
GTEX-1I6K7-2426-SM-AHZ2I,GTEX-1I6K7,45.0,52.6509,7.6509,Testis,non_neural
GTEX-139TS-0005-SM-5NQC1,GTEX-139TS,65.0,58.606567,-6.393433000000002,Whole Blood,non_neural
GTEX-X261-0226-SM-3NMD2,GTEX-X261,55.0,48.58515,-6.414850000000001,Adipose - Subcutaneous,non_neural
GTEX-WWYW-0726-SM-GRR17,GTEX-WWYW,55.0,59.090652,4.090651999999999,Breast - Mammary Tissue,non_neural
GTEX-YECK-0926-SM-4W214,GTEX-YECK,65.0,69.81477,4.814769999999996,Lung,non_neural
GTEX-WH7G-0326-SM-3NMBH,GTEX-WH7G,45.0,48.205067,3.2050669999999997,Heart - Atrial Appendage,non_neural
GTEX-1LSNM-0005-SM-CXZIW,GTEX-1LSNM,55.0,44.88386,-10.116140000000001,Whole Blood,non_neural
GTEX-13JVG-0011-R5a-SM-5MR4O,GTEX-13JVG,65.0,61.20724,-3.7927600000000012,Brain - Caudate (basal ganglia),neural
GTEX-11NV4-0011-R7a-SM-57WDH,GTEX-11NV4,65.0,62.018753,-2.9812470000000033,Brain - Putamen (basal ganglia),neural
GTEX-YJ8A-1526-SM-5P9FT,GTEX-YJ8A,25.0,37.338512,12.338512000000001,Stomach,non_neural
GTEX-13111-0126-SM-5EGHO,GTEX-13111,55.0,59.911747,4.911746999999998,Spleen,non_neural
GTEX-12WSN-0126-SM-5DUX5,GTEX-12WSN,45.0,50.35044,5.350439999999999,Spleen,non_neural
GTEX-PSDG-1826-SM-EAZ2S,GTEX-PSDG,55.0,47.22675,-7.773249999999997,Colon - Transverse,non_neural
GTEX-1J8JJ-1126-SM-CL55P,GTEX-1J8JJ,65.0,63.88565,-1.1143500000000017,Lung,non_neural
GTEX-1HSMQ-0526-SM-A96TY,GTEX-1HSMQ,55.0,69.23897,14.238969999999995,Thyroid,non_neural
GTEX-132QS-2526-SM-62LFJ,GTEX-132QS,65.0,56.190475,-8.809525,Adipose - Subcutaneous,non_neural
GTEX-1H1ZS-1726-SM-9WYUC,GTEX-1H1ZS,75.0,73.171814,-1.8281860000000023,Esophagus - Gastroesophageal Junction,non_neural
GTEX-12WSH-1526-SM-5BC5W,GTEX-12WSH,55.0,59.90654,4.90654,Skin - Not Sun Exposed (Suprapubic),non_neural
GTEX-13QJC-0006-SM-HKZYR,GTEX-13QJC,65.0,59.67833,-5.3216699999999975,Whole Blood,non_neural
GTEX-1313W-0011-R8a-SM-5DUVM,GTEX-1313W,55.0,52.45302,-2.546979999999998,Brain - Hypothalamus,neural
GTEX-1GMR8-0011-R6b-SM-CE6RC,GTEX-1GMR8,55.0,57.05675,2.056750000000001,Brain - Nucleus accumbens (basal ganglia),neural
GTEX-1QAET-2126-SM-F2TBS,GTEX-1QAET,55.0,60.57361,5.573610000000002,Kidney - Cortex,non_neural
GTEX-1LSVX-0011-R2a-SM-G8OL9,GTEX-1LSVX,65.0,61.754066,-3.2459339999999983,Brain - Substantia nigra,neural
GTEX-1IOXB-0011-R10a-SM-D3L8I,GTEX-1IOXB,55.0,59.95343,4.953429999999997,Brain - Frontal Cortex (BA9),neural
GTEX-1LNCM-1026-SM-E9U5D,GTEX-1LNCM,55.0,71.38545,16.385450000000006,Vagina,non_neural
GTEX-ZEX8-1026-SM-4WKHE,GTEX-ZEX8,55.0,55.037476,0.037475999999998066,Pancreas,non_neural
GTEX-14A5H-0526-SM-5TDCN,GTEX-14A5H,65.0,76.23128,11.231279999999998,Adipose - Subcutaneous,non_neural
GTEX-ZYT6-2226-SM-5GIC9,GTEX-ZYT6,35.0,36.638885,1.638885000000002,Kidney - Cortex,non_neural
GTEX-SN8G-0126-SM-32PLI,GTEX-SN8G,55.0,67.42009,12.420090000000002,Skin - Sun Exposed (Lower leg),non_neural
GTEX-1F6I4-0011-R6a-SM-CE6R4,GTEX-1F6I4,65.0,59.78143,-5.21857,Brain - Nucleus accumbens (basal ganglia),neural
GTEX-W5WG-1126-SM-4LMK4,GTEX-W5WG,55.0,46.76276,-8.23724,Adrenal Gland,non_neural
GTEX-ZYFG-1426-SM-5GICS,GTEX-ZYFG,65.0,59.177265,-5.8227350000000015,Adipose - Visceral (Omentum),non_neural
GTEX-18D9U-2226-SM-7KFTN,GTEX-18D9U,45.0,45.4876,0.4876000000000005,Minor Salivary Gland,non_neural
GTEX-QLQ7-0008-SM-447AW,GTEX-QLQ7,65.0,51.07537,-13.92463,Cells - Cultured fibroblasts,non_neural
GTEX-1MJIX-1726-SM-HK79H,GTEX-1MJIX,45.0,41.880257,-3.1197429999999997,Colon - Transverse,non_neural
GTEX-1RAZS-0126-SM-G8LMW,GTEX-1RAZS,55.0,53.150616,-1.8493840000000006,Skin - Sun Exposed (Lower leg),non_neural
GTEX-15DZA-2026-SM-6PANE,GTEX-15DZA,35.0,53.914772,18.914772,Muscle - Skeletal,non_neural
GTEX-1N2DV-0006-SM-GPRXT,GTEX-1N2DV,45.0,44.76371,-0.23628999999999678,Whole Blood,non_neural
GTEX-YFC4-3126-SM-5PNV6,GTEX-YFC4,45.0,45.395523,0.3955229999999972,Brain - Cortex,neural
GTEX-11NUK-0426-SM-5HL5V,GTEX-11NUK,55.0,57.97886,2.9788599999999974,Nerve - Tibial,neural
GTEX-15CHC-0526-SM-6EU23,GTEX-15CHC,65.0,60.89864,-4.10136,Artery - Coronary,non_neural
GTEX-1MCC2-2626-SM-GNINA,GTEX-1MCC2,35.0,38.758766,3.7587660000000014,Artery - Tibial,non_neural
GTEX-13VXT-1326-SM-5LU3Y,GTEX-13VXT,25.0,35.300056,10.300055999999998,Spleen,non_neural
GTEX-146FH-0126-SM-5QGPP,GTEX-146FH,55.0,61.995884,6.995883999999997,Skin - Sun Exposed (Lower leg),non_neural
GTEX-13112-0011-R5b-SM-5DUV8,GTEX-13112,55.0,55.79758,0.7975800000000035,Brain - Caudate (basal ganglia),neural
GTEX-1A3MV-1826-SM-731CD,GTEX-1A3MV,35.0,38.663525,3.663525,Skin - Not Sun Exposed (Suprapubic),non_neural
GTEX-144GN-1726-SM-GI4XM,GTEX-144GN,55.0,48.44272,-6.557279999999999,Skin - Not Sun Exposed (Suprapubic),non_neural
GTEX-PWCY-0926-SM-48TD7,GTEX-PWCY,25.0,32.490932,7.490932000000001,Stomach,non_neural
GTEX-ZP4G-1726-SM-4WWCM,GTEX-ZP4G,25.0,36.955624,11.955624,Colon - Transverse,non_neural
GTEX-QV44-0426-SM-4R1KF,GTEX-QV44,55.0,47.563915,-7.4360849999999985,Pancreas,non_neural
GTEX-11DXX-1426-SM-5GIDU,GTEX-11DXX,65.0,60.992645,-4.007354999999997,Ovary,non_neural
GTEX-1A3MV-1926-SM-718BT,GTEX-1A3MV,35.0,35.604836,0.6048359999999988,Skin - Sun Exposed (Lower leg),non_neural
GTEX-X62O-0005-SM-46MV1,GTEX-X62O,55.0,51.67672,-3.323279999999997,Whole Blood,non_neural
GTEX-1BAJH-2626-SM-7EPG6,GTEX-1BAJH,75.0,62.717896,-12.282103999999997,Adrenal Gland,non_neural
GTEX-1EKGG-1426-SM-7PBY2,GTEX-1EKGG,65.0,51.912853,-13.087147000000002,Adipose - Visceral (Omentum),non_neural
GTEX-11ZVC-3226-SM-5FQV1,GTEX-11ZVC,55.0,60.270542,5.270541999999999,Pituitary,non_neural
GTEX-1F6I4-0002-SM-EVR38,GTEX-1F6I4,65.0,58.174805,-6.825195000000001,Cells - EBV-transformed lymphocytes,non_neural
GTEX-1PBJJ-1726-SM-HLJQN,GTEX-1PBJJ,35.0,46.879627,11.879627,Testis,non_neural
GTEX-NPJ7-1326-SM-3MJHO,GTEX-NPJ7,65.0,67.416275,2.416274999999999,Artery - Coronary,non_neural
GTEX-14E6D-1026-SM-5S2RS,GTEX-14E6D,55.0,53.46884,-1.5311599999999999,Lung,non_neural
GTEX-QVUS-0011-R1A-SM-3GAD2,GTEX-QVUS,65.0,67.82797,2.8279699999999934,Brain - Hippocampus,neural
GTEX-14JFF-0011-R4a-SM-5ZZV5,GTEX-14JFF,65.0,66.61354,1.6135400000000004,Brain - Amygdala,neural
GTEX-14PJO-0926-SM-686YT,GTEX-14PJO,65.0,64.32602,-0.6739800000000002,Lung,non_neural
GTEX-1RAZS-0011-R5b-SM-F341U,GTEX-1RAZS,55.0,55.411976,0.4119760000000028,Brain - Caudate (basal ganglia),neural
GTEX-ZPIC-1526-SM-GNTB6,GTEX-ZPIC,45.0,39.493256,-5.506743999999998,Esophagus - Mucosa,non_neural
GTEX-1LKK1-1626-SM-EVR4Y,GTEX-1LKK1,55.0,46.031593,-8.968407,Ovary,non_neural
GTEX-18D9A-0526-SM-7KFSW,GTEX-18D9A,35.0,43.217598,8.217598000000002,Esophagus - Mucosa,non_neural
GTEX-13FH7-0226-SM-5IFGG,GTEX-13FH7,55.0,49.47171,-5.528289999999998,Adrenal Gland,non_neural
GTEX-1JMQK-0011-R4a-SM-G8LLQ,GTEX-1JMQK,65.0,67.105705,2.1057050000000004,Brain - Amygdala,neural
GTEX-11OF3-1826-SM-5987N,GTEX-11OF3,65.0,62.51788,-2.482120000000002,Testis,non_neural
GTEX-18D9U-1726-SM-7LTA5,GTEX-18D9U,45.0,45.69123,0.6912299999999973,Esophagus - Muscularis,non_neural
GTEX-X261-2426-SM-4PQZU,GTEX-X261,55.0,57.572784,2.5727839999999986,Minor Salivary Gland,non_neural
GTEX-1F7RK-0126-SM-7PC2S,GTEX-1F7RK,25.0,39.243454,14.243454,Skin - Sun Exposed (Lower leg),non_neural
GTEX-QMRM-1826-SM-GPI8E,GTEX-QMRM,55.0,54.532223,-0.4677769999999981,Skin - Sun Exposed (Lower leg),non_neural
GTEX-T6MO-1026-SM-4DM72,GTEX-T6MO,45.0,40.615818,-4.384182000000003,Fallopian Tube,non_neural
GTEX-131YS-0726-SM-5P9G9,GTEX-131YS,65.0,71.7599,6.759900000000002,Thyroid,non_neural
GTEX-11ZU8-0005-SM-5PNU5,GTEX-11ZU8,65.0,62.442528,-2.557471999999997,Whole Blood,non_neural
GTEX-WY7C-1726-SM-4ONCC,GTEX-WY7C,55.0,57.65941,2.659410000000001,Stomach,non_neural
GTEX-111FC-3126-SM-5GZZ2,GTEX-111FC,65.0,64.0886,-0.9114000000000004,Brain - Cortex,neural
GTEX-15UF6-1026-SM-7KUF7,GTEX-15UF6,75.0,67.48236,-7.51764,Muscle - Skeletal,non_neural
GTEX-1QEPI-2226-SM-E8VN6,GTEX-1QEPI,65.0,60.71315,-4.286850000000001,Adipose - Visceral (Omentum),non_neural
GTEX-13OW8-1826-SM-5L3H1,GTEX-13OW8,65.0,65.868614,0.8686139999999938,Artery - Aorta,non_neural
GTEX-1C64N-0226-SM-HLJSN,GTEX-1C64N,55.0,51.62971,-3.370289999999997,Adipose - Subcutaneous,non_neural
GTEX-1QP28-0126-SM-G8LMP,GTEX-1QP28,55.0,47.883778,-7.1162220000000005,Skin - Sun Exposed (Lower leg),non_neural
GTEX-14BMV-0011-R6b-SM-5YY9I,GTEX-14BMV,55.0,50.719612,-4.280388000000002,Brain - Nucleus accumbens (basal ganglia),neural
GTEX-TMMY-2226-SM-4DXTN,GTEX-TMMY,45.0,49.695297,4.6952969999999965,Uterus,non_neural
GTEX-139TS-0011-R8a-SM-5J1NP,GTEX-139TS,65.0,64.84523,-0.15476999999999919,Brain - Hypothalamus,neural
GTEX-145ME-1826-SM-5MR6H,GTEX-145ME,45.0,44.315422,-0.6845780000000019,Skin - Sun Exposed (Lower leg),non_neural
GTEX-13PVQ-0526-SM-5LU8Q,GTEX-13PVQ,55.0,61.17209,6.172089999999997,Artery - Tibial,non_neural
GTEX-1AMEY-1026-SM-718AA,GTEX-1AMEY,35.0,42.486977,7.486977000000003,Breast - Mammary Tissue,non_neural
GTEX-12C56-1526-SM-5FQUQ,GTEX-12C56,25.0,33.313847,8.313847000000003,Skin - Not Sun Exposed (Suprapubic),non_neural
GTEX-1IE54-0126-SM-CMKHW,GTEX-1IE54,45.0,48.669075,3.6690749999999994,Skin - Sun Exposed (Lower leg),non_neural
GTEX-WXYG-0826-SM-4ONC7,GTEX-WXYG,55.0,57.710514,2.7105140000000034,Pancreas,non_neural
GTEX-13OW7-0326-SM-5J1MP,GTEX-13OW7,55.0,63.702545,8.702545,Muscle - Skeletal,non_neural
GTEX-1HSMQ-5021-SM-HTQ8B,GTEX-1HSMQ,55.0,54.46767,-0.5323300000000017,Esophagus - Muscularis,non_neural
GTEX-Y111-0626-SM-4SOIT,GTEX-Y111,55.0,50.380386,-4.6196139999999986,Skin - Not Sun Exposed (Suprapubic),non_neural
GTEX-1LG7Z-1626-SM-CXKYR,GTEX-1LG7Z,35.0,46.521797,11.521797,Skin - Not Sun Exposed (Suprapubic),non_neural
GTEX-11WQC-0011-R2a-SM-DO927,GTEX-11WQC,65.0,67.51092,2.5109199999999987,Brain - Substantia nigra,neural
GTEX-ZDTS-1226-SM-4WKGL,GTEX-ZDTS,65.0,64.110245,-0.8897549999999939,Heart - Atrial Appendage,non_neural
GTEX-ZAB4-2226-SM-5HL97,GTEX-ZAB4,45.0,44.554756,-0.4452440000000024,Colon - Transverse,non_neural
GTEX-1S82P-0003-SM-HPAE8,GTEX-1S82P,65.0,39.889267,-25.110733000000003,Cells - EBV-transformed lymphocytes,non_neural
GTEX-1KANA-0926-SM-D3L9K,GTEX-1KANA,25.0,37.53156,12.531559999999999,Muscle - Skeletal,non_neural
GTEX-ZY6K-0006-SM-GRR18,GTEX-ZY6K,55.0,47.566452,-7.433548000000002,Whole Blood,non_neural
GTEX-13OW6-0526-SM-5L3HY,GTEX-13OW6,55.0,66.83507,11.835070000000002,Adipose - Subcutaneous,non_neural
GTEX-1I1GS-0726-SM-C1YS7,GTEX-1I1GS,65.0,56.561195,-8.438805000000002,Thyroid,non_neural
GTEX-14753-0011-R5a-SM-5S2VW,GTEX-14753,65.0,57.46478,-7.5352200000000025,Brain - Caudate (basal ganglia),neural
GTEX-XMK1-1326-SM-4B65Q,GTEX-XMK1,45.0,48.277878,3.277878000000001,Esophagus - Mucosa,non_neural
GTEX-YF7O-1426-SM-GNTBH,GTEX-YF7O,55.0,51.492893,-3.5071069999999978,Adipose - Visceral (Omentum),non_neural
GTEX-11UD2-2526-SM-5CVNU,GTEX-11UD2,55.0,57.017838,2.0178379999999976,Skin - Not Sun Exposed (Suprapubic),non_neural
GTEX-145LV-1426-SM-5Q5BV,GTEX-145LV,55.0,58.482372,3.482371999999998,Esophagus - Muscularis,non_neural
GTEX-13FH7-1926-SM-5J2OL,GTEX-13FH7,55.0,49.85884,-5.141159999999999,Adipose - Visceral (Omentum),non_neural
GTEX-XV7Q-2226-SM-4BRVY,GTEX-XV7Q,45.0,54.283176,9.283175999999997,Colon - Sigmoid,non_neural
GTEX-WRHK-1626-SM-3MJFH,GTEX-WRHK,25.0,29.20001,4.200009999999999,Muscle - Skeletal,non_neural
GTEX-R55F-0226-SM-48FCI,GTEX-R55F,55.0,57.97123,2.9712299999999985,Nerve - Tibial,neural
GTEX-1HCU6-0526-SM-A9SKU,GTEX-1HCU6,65.0,62.72857,-2.2714300000000023,Muscle - Skeletal,non_neural
GTEX-11UD2-0826-SM-5EQKS,GTEX-11UD2,55.0,56.83468,1.8346799999999988,Artery - Aorta,non_neural
GTEX-14E7W-0011-R4b-SM-62LEA,GTEX-14E7W,75.0,70.34635,-4.653649999999999,Brain - Amygdala,neural
GTEX-1F75B-0526-SM-7P8T5,GTEX-1F75B,55.0,59.135098,4.135097999999999,Muscle - Skeletal,non_neural
GTEX-Y8E4-2026-SM-5IFJB,GTEX-Y8E4,45.0,49.71669,4.71669,Skin - Not Sun Exposed (Suprapubic),non_neural
GTEX-18D9B-0526-SM-7LTAS,GTEX-18D9B,65.0,66.838135,1.838134999999994,Skin - Sun Exposed (Lower leg),non_neural
GTEX-YF7O-2426-SM-5IFJL,GTEX-YF7O,55.0,51.55403,-3.4459700000000026,Adipose - Subcutaneous,non_neural
GTEX-QDVN-2026-SM-3GAEP,GTEX-QDVN,55.0,61.20036,6.200360000000003,Skin - Sun Exposed (Lower leg),non_neural
GTEX-ZYT6-1026-SM-DKPOV,GTEX-ZYT6,35.0,29.207043,-5.792957000000001,Artery - Aorta,non_neural
GTEX-17HG3-0011-R7b-SM-7EPGR,GTEX-17HG3,35.0,42.203995,7.203994999999999,Brain - Putamen (basal ganglia),neural
GTEX-ZYY3-0926-SM-5E454,GTEX-ZYY3,65.0,61.972893,-3.027107000000001,Lung,non_neural
GTEX-147JS-1826-SM-5ZZWG,GTEX-147JS,65.0,65.27881,0.2788099999999929,Esophagus - Muscularis,non_neural
GTEX-QMRM-1926-SM-GQ1CJ,GTEX-QMRM,55.0,54.826603,-0.17339700000000136,Muscle - Skeletal,non_neural
GTEX-139YR-0226-SM-5IFEM,GTEX-139YR,55.0,55.170036,0.17003600000000318,Liver,non_neural
GTEX-1AYCT-1026-SM-79ONR,GTEX-1AYCT,55.0,54.578033,-0.4219670000000022,Testis,non_neural
GTEX-13W3W-0726-SM-5IJDQ,GTEX-13W3W,65.0,58.55061,-6.449390000000001,Skin - Not Sun Exposed (Suprapubic),non_neural
GTEX-XYKS-1326-SM-4BRUN,GTEX-XYKS,65.0,56.956135,-8.043864999999997,Breast - Mammary Tissue,non_neural
GTEX-ZPCL-0726-SM-DO91S,GTEX-ZPCL,65.0,56.7116,-8.288400000000003,Pancreas,non_neural
GTEX-18A66-2025-C-SM-H661X,GTEX-18A66,65.0,49.62039,-15.37961,Liver - Hepatocyte,non_neural
GTEX-1JMPY-0826-SM-AHZ4A,GTEX-1JMPY,35.0,37.576416,2.576416000000002,Esophagus - Mucosa,non_neural
GTEX-ZYY3-1526-SM-5MR7A,GTEX-ZYY3,65.0,59.51214,-5.487859999999998,Esophagus - Mucosa,non_neural
GTEX-WFON-0001-SM-3P61W,GTEX-WFON,45.0,47.306347,2.3063470000000024,Cells - EBV-transformed lymphocytes,non_neural
GTEX-1CAMQ-0008-SM-EXOI5,GTEX-1CAMQ,45.0,64.81725,19.81725,Cells - Cultured fibroblasts,non_neural
GTEX-OXRO-0726-SM-E9U4C,GTEX-OXRO,65.0,61.71093,-3.2890700000000024,Colon - Transverse,non_neural
GTEX-14ABY-0126-SM-62LDI,GTEX-14ABY,55.0,55.96232,0.9623199999999983,Muscle - Skeletal,non_neural
GTEX-131YS-0011-R11b-SM-5EGLM,GTEX-131YS,65.0,69.1736,4.173599999999993,Brain - Cerebellar Hemisphere,neural
GTEX-R55C-1226-SM-GOQY7,GTEX-R55C,45.0,51.20164,6.201639999999998,Bladder,non_neural
GTEX-15DYW-0011-R5a-SM-6M46W,GTEX-15DYW,65.0,58.732765,-6.2672349999999994,Brain - Caudate (basal ganglia),neural
GTEX-YB5K-2126-SM-4WWDJ,GTEX-YB5K,45.0,47.299812,2.299812000000003,Skin - Sun Exposed (Lower leg),non_neural
GTEX-ZF28-0126-SM-4WKGK,GTEX-ZF28,65.0,75.30082,10.300820000000002,Skin - Sun Exposed (Lower leg),non_neural
GTEX-PWCY-1826-SM-DHXIZ,GTEX-PWCY,25.0,30.637516,5.6375160000000015,Skin - Sun Exposed (Lower leg),non_neural
GTEX-1IDJI-1026-SM-A96TE,GTEX-1IDJI,55.0,53.815308,-1.1846919999999983,Heart - Left Ventricle,non_neural
GTEX-13113-0926-SM-HK78I,GTEX-13113,65.0,63.75464,-1.245359999999998,Esophagus - Mucosa,non_neural
GTEX-XMK1-1826-SM-4B66F,GTEX-XMK1,45.0,52.466255,7.466254999999997,Small Intestine - Terminal Ileum,non_neural
GTEX-1C6VQ-0526-SM-7MGWD,GTEX-1C6VQ,55.0,56.017944,1.017944,Thyroid,non_neural
GTEX-13CF3-1626-SM-5IFG9,GTEX-13CF3,65.0,59.690174,-5.309826000000001,Esophagus - Mucosa,non_neural
GTEX-14E7W-0526-SM-5S2W8,GTEX-14E7W,75.0,63.14955,-11.850450000000002,Artery - Tibial,non_neural
GTEX-1B933-3126-SM-7P8RL,GTEX-1B933,55.0,56.963276,1.9632760000000005,Brain - Cortex,neural
GTEX-17F96-1126-SM-7EWDF,GTEX-17F96,75.0,73.19388,-1.806120000000007,Artery - Aorta,non_neural
GTEX-12ZZX-0011-R1a-SM-5EQ6B,GTEX-12ZZX,45.0,51.457367,6.457366999999998,Brain - Hippocampus,neural
GTEX-ZA64-0005-SM-GNTAL,GTEX-ZA64,25.0,40.972614,15.972614,Whole Blood,non_neural
GTEX-Q734-0226-SM-48U1A,GTEX-Q734,45.0,43.953506,-1.0464940000000027,Spleen,non_neural
GTEX-1KANA-1125-C-SM-AW8QM,GTEX-1KANA,25.0,35.0718,10.071800000000003,Stomach - Muscularis,non_neural
GTEX-1N2DW-1426-SM-EV7AZ,GTEX-1N2DW,55.0,57.48003,2.4800299999999993,Esophagus - Mucosa,non_neural
GTEX-1S5ZA-0926-SM-EVR55,GTEX-1S5ZA,25.0,25.408272,0.4082720000000002,Esophagus - Gastroesophageal Junction,non_neural
GTEX-TSE9-2726-SM-4DXSQ,GTEX-TSE9,65.0,62.239723,-2.760277000000002,Cervix - Endocervix,non_neural
GTEX-11P7K-1525-B-SM-DLZRO,GTEX-11P7K,35.0,38.64133,3.6413300000000035,Colon - Transverse - Mucosa,non_neural
GTEX-1PPH7-1126-SM-DTX9A,GTEX-1PPH7,45.0,41.595413,-3.4045869999999994,Skin - Not Sun Exposed (Suprapubic),non_neural
GTEX-14PK6-1826-SM-69LOM,GTEX-14PK6,75.0,65.17879,-9.821209999999994,Colon - Sigmoid,non_neural
GTEX-13O21-2526-SM-5J1OZ,GTEX-13O21,55.0,54.638912,-0.3610880000000023,Artery - Tibial,non_neural
GTEX-PWN1-1926-SM-HAUZN,GTEX-PWN1,45.0,44.950935,-0.049064999999998804,Bladder,non_neural
GTEX-UPK5-2026-SM-4JBIM,GTEX-UPK5,45.0,48.86263,3.862630000000003,Small Intestine - Terminal Ileum,non_neural
GTEX-15DCD-0011-R8b-SM-7KUEF,GTEX-15DCD,75.0,68.29674,-6.70326,Brain - Hypothalamus,neural
GTEX-1AX9I-0726-SM-73KWV,GTEX-1AX9I,65.0,66.59774,1.5977400000000017,Breast - Mammary Tissue,non_neural
GTEX-1RAZR-1426-SM-EVR4M,GTEX-1RAZR,45.0,47.01258,2.01258,Esophagus - Gastroesophageal Junction,non_neural
GTEX-13FTW-0726-SM-9WG72,GTEX-13FTW,45.0,59.2833,14.283299999999997,Artery - Aorta,non_neural
GTEX-11TTK-0426-SM-5EQLT,GTEX-11TTK,65.0,67.92131,2.9213100000000054,Nerve - Tibial,neural
GTEX-17GQL-2326-SM-731EJ,GTEX-17GQL,65.0,61.030113,-3.969887,Artery - Aorta,non_neural
GTEX-11EQ9-0006-SM-5LUB6,GTEX-11EQ9,35.0,50.050842,15.050842000000003,Whole Blood,non_neural
GTEX-ZPU1-0004-SM-4WWAV,GTEX-ZPU1,45.0,43.77864,-1.2213599999999971,Cells - EBV-transformed lymphocytes,non_neural
GTEX-1MCC2-0326-SM-EV7AK,GTEX-1MCC2,35.0,47.275383,12.275382999999998,Heart - Left Ventricle,non_neural
GTEX-1H1E6-0008-SM-F21JI,GTEX-1H1E6,35.0,43.08762,8.087620000000001,Cells - Cultured fibroblasts,non_neural
GTEX-14XAO-1826-SM-GQ1D9,GTEX-14XAO,65.0,57.020645,-7.979354999999998,Colon - Sigmoid,non_neural
GTEX-ZVP2-1526-SM-5NQ82,GTEX-ZVP2,55.0,44.523132,-10.476868000000003,Colon - Transverse,non_neural
GTEX-14E6C-0426-SM-5YYA8,GTEX-14E6C,45.0,60.386074,15.386074,Heart - Left Ventricle,non_neural
GTEX-1QP28-0226-SM-E9J2N,GTEX-1QP28,55.0,58.585915,3.585915,Adipose - Subcutaneous,non_neural
GTEX-ZTSS-1226-SM-51MSZ,GTEX-ZTSS,45.0,46.69418,1.694180000000003,Colon - Sigmoid,non_neural
GTEX-1GN1U-1826-SM-9JGH2,GTEX-1GN1U,55.0,51.313034,-3.686965999999998,Esophagus - Mucosa,non_neural
GTEX-1PPH8-1326-SM-DTXFO,GTEX-1PPH8,25.0,24.893398,-0.10660199999999875,Stomach,non_neural
GTEX-1LGOU-0926-SM-DIPFT,GTEX-1LGOU,25.0,28.79272,3.792719999999999,Esophagus - Gastroesophageal Junction,non_neural
GTEX-13VXU-0011-R9b-SM-5SI73,GTEX-13VXU,55.0,59.476734,4.476734,Brain - Spinal cord (cervical c-1),neural
GTEX-13OW5-0011-R6b-SM-5O9BW,GTEX-13OW5,65.0,62.50267,-2.497329999999998,Brain - Nucleus accumbens (basal ganglia),neural
GTEX-ZG7Y-1626-SM-5S2NO,GTEX-ZG7Y,55.0,56.14494,1.1449399999999983,Adipose - Visceral (Omentum),non_neural
GTEX-15SHV-0826-SM-7KUFA,GTEX-15SHV,65.0,63.610733,-1.3892669999999967,Artery - Aorta,non_neural
GTEX-ZQUD-1426-SM-57WER,GTEX-ZQUD,35.0,41.01361,6.01361,Skin - Sun Exposed (Lower leg),non_neural
GTEX-13VXU-0011-R7b-SM-5SI72,GTEX-13VXU,55.0,62.70131,7.701309999999999,Brain - Putamen (basal ganglia),neural
GTEX-1C6VQ-3026-SM-7IGPU,GTEX-1C6VQ,55.0,62.266,7.265999999999998,Brain - Cortex,neural
GTEX-1I1GP-3126-SM-C1YS2,GTEX-1I1GP,55.0,51.871635,-3.1283650000000023,Pituitary,non_neural
GTEX-131XF-2526-SM-5EQ68,GTEX-131XF,65.0,64.06069,-0.9393100000000061,Artery - Tibial,non_neural
GTEX-1A8FM-0626-SM-7PC25,GTEX-1A8FM,55.0,59.693325,4.6933250000000015,Skin - Not Sun Exposed (Suprapubic),non_neural
GTEX-11OF3-0011-R3b-SM-H65ZS,GTEX-11OF3,65.0,60.239384,-4.760615999999999,Brain - Anterior cingulate cortex (BA24),neural
GTEX-S7PM-0626-SM-4AD4Q,GTEX-S7PM,65.0,60.850376,-4.149624000000003,Testis,non_neural
GTEX-1QP2A-1026-SM-EY5ZA,GTEX-1QP2A,55.0,63.81117,8.811169999999997,Heart - Atrial Appendage,non_neural
GTEX-14PJ3-1926-SM-62LEY,GTEX-14PJ3,55.0,52.675632,-2.3243679999999998,Adipose - Subcutaneous,non_neural
GTEX-1IDFM-0726-SM-GQ1CI,GTEX-1IDFM,65.0,63.451927,-1.5480730000000023,Thyroid,non_neural
GTEX-R55E-0011-R2A-SM-EYYV9,GTEX-R55E,25.0,27.060757,2.060756999999999,Brain - Substantia nigra,neural
GTEX-1MCC2-0826-SM-EV7AM,GTEX-1MCC2,35.0,35.504307,0.5043069999999972,Spleen,non_neural
GTEX-XUZC-2126-SM-4BRW8,GTEX-XUZC,35.0,42.47832,7.4783199999999965,Muscle - Skeletal,non_neural
GTEX-1LVA9-0226-SM-E9U5N,GTEX-1LVA9,55.0,54.68872,-0.31127999999999645,Adipose - Subcutaneous,non_neural
GTEX-131XH-0011-R10a-SM-5EGLJ,GTEX-131XH,55.0,52.034218,-2.9657819999999973,Brain - Frontal Cortex (BA9),neural
GTEX-1313W-0326-SM-5LZU5,GTEX-1313W,55.0,45.071896,-9.928103999999998,Nerve - Tibial,neural
GTEX-13S7M-2126-SM-5S2QR,GTEX-13S7M,65.0,63.778572,-1.221428000000003,Lung,non_neural
GTEX-13JVG-1426-SM-5MR4W,GTEX-13JVG,65.0,49.6878,-15.312199999999997,Lung,non_neural
GTEX-1GPI7-1325-B-SM-AW8OS,GTEX-1GPI7,25.0,33.76564,8.765639999999998,Stomach - Mucosa,non_neural
GTEX-1AX9I-0011-R8a-SM-7P8PJ,GTEX-1AX9I,65.0,64.29442,-0.7055799999999977,Brain - Hypothalamus,neural
GTEX-1R46S-0011-R7b-SM-EXUTH,GTEX-1R46S,65.0,59.355225,-5.644775000000003,Brain - Putamen (basal ganglia),neural
GTEX-XQ8I-1526-SM-4BOOH,GTEX-XQ8I,55.0,57.946716,2.946716000000002,Esophagus - Mucosa,non_neural
GTEX-1A3MX-0011-R8a-SM-7P8PI,GTEX-1A3MX,65.0,58.655224,-6.344776000000003,Brain - Hypothalamus,neural
GTEX-1R46S-0011-R9a-SM-EZ6N7,GTEX-1R46S,65.0,70.424164,5.424164000000005,Brain - Spinal cord (cervical c-1),neural
GTEX-1K9T9-2426-SM-DHXKT,GTEX-1K9T9,55.0,58.183567,3.1835669999999965,Ovary,non_neural
GTEX-1NV8Z-2026-SM-E8VMD,GTEX-1NV8Z,65.0,64.51658,-0.4834199999999953,Esophagus - Gastroesophageal Junction,non_neural
GTEX-16NFA-2326-SM-7KUE5,GTEX-16NFA,55.0,51.071022,-3.9289780000000007,Skin - Sun Exposed (Lower leg),non_neural
GTEX-1B932-0226-SM-7PBYH,GTEX-1B932,45.0,45.619488,0.6194879999999969,Adipose - Subcutaneous,non_neural
GTEX-17EVQ-0526-SM-7KFSK,GTEX-17EVQ,75.0,63.844078,-11.155921999999997,Thyroid,non_neural
GTEX-WHPG-0004-SM-3NMDO,GTEX-WHPG,55.0,52.710823,-2.2891770000000022,Cells - EBV-transformed lymphocytes,non_neural
GTEX-147JS-2626-SM-5S2UX,GTEX-147JS,65.0,58.536484,-6.4635159999999985,Colon - Sigmoid,non_neural
GTEX-ZP4G-2326-SM-57WEM,GTEX-ZP4G,25.0,35.705166,10.705165999999998,Adipose - Subcutaneous,non_neural
GTEX-139T6-1826-SM-5KM2E,GTEX-139T6,55.0,42.617477,-12.382522999999999,Artery - Tibial,non_neural
GTEX-1OJC3-1526-SM-GPRXU,GTEX-1OJC3,25.0,30.298439,5.298438999999998,Stomach,non_neural
GTEX-14PJO-1726-SM-68719,GTEX-14PJO,65.0,66.897415,1.8974149999999952,Liver,non_neural
GTEX-1JMQJ-2926-SM-D5OV4,GTEX-1JMQJ,55.0,44.55558,-10.444420000000001,Pituitary,non_neural
GTEX-ZDYS-0002-SM-4WKGR,GTEX-ZDYS,55.0,53.893135,-1.106864999999999,Whole Blood,non_neural
GTEX-1OKEX-0008-SM-HK789,GTEX-1OKEX,65.0,56.243587,-8.756413000000002,Cells - Cultured fibroblasts,non_neural
GTEX-1HSGN-0426-SM-CGQFW,GTEX-1HSGN,45.0,52.190174,7.190173999999999,Nerve - Tibial,neural
GTEX-ZAB4-0011-R2a-SM-4RGNP,GTEX-ZAB4,45.0,45.331467,0.3314670000000035,Brain - Substantia nigra,neural
GTEX-14PKV-1226-SM-6871T,GTEX-14PKV,25.0,27.137884,2.1378839999999997,Ovary,non_neural
GTEX-T5JC-1826-SM-4DM6E,GTEX-T5JC,25.0,31.110838,6.110838000000001,Esophagus - Muscularis,non_neural
GTEX-11EM3-1226-SM-5N9DD,GTEX-11EM3,25.0,34.637917,9.637917000000002,Skin - Not Sun Exposed (Suprapubic),non_neural
GTEX-1GZ4H-0826-SM-9OSXK,GTEX-1GZ4H,55.0,45.167995,-9.832005000000002,Uterus,non_neural
GTEX-1BAJH-2326-SM-7IGMO,GTEX-1BAJH,75.0,59.10592,-15.894080000000002,Colon - Transverse,non_neural
GTEX-11GSO-2526-SM-5PNVX,GTEX-11GSO,65.0,56.422253,-8.577747000000002,Muscle - Skeletal,non_neural
GTEX-1JMOU-0011-R11b-SM-EXUTA,GTEX-1JMOU,65.0,65.45413,0.45413000000000636,Brain - Cerebellar Hemisphere,neural
GTEX-13SLW-0826-SM-5QGP7,GTEX-13SLW,75.0,57.636494,-17.363506,Heart - Atrial Appendage,non_neural
GTEX-178AV-0426-SM-6LPJG,GTEX-178AV,45.0,37.934624,-7.0653760000000005,Prostate,non_neural
GTEX-ZQG8-1526-SM-5HL65,GTEX-ZQG8,65.0,50.181355,-14.818644999999997,Adipose - Subcutaneous,non_neural
GTEX-17HGU-0626-SM-7939Y,GTEX-17HGU,55.0,62.06129,7.06129,Muscle - Skeletal,non_neural
GTEX-1J8Q3-2526-SM-CNNQ4,GTEX-1J8Q3,65.0,57.617004,-7.382995999999999,Small Intestine - Terminal Ileum,non_neural
GTEX-1JJ6O-0326-SM-CYPSZ,GTEX-1JJ6O,65.0,53.731987,-11.268013000000003,Nerve - Tibial,neural
GTEX-1QP2A-0426-SM-E9J44,GTEX-1QP2A,55.0,55.342884,0.34288399999999797,Artery - Tibial,non_neural
GTEX-1HUB1-0011-R11b-SM-CE6SC,GTEX-1HUB1,65.0,62.741405,-2.2585949999999997,Brain - Cerebellar Hemisphere,neural
GTEX-14JG6-2126-SM-6EU2F,GTEX-14JG6,35.0,36.02566,1.025660000000002,Muscle - Skeletal,non_neural
GTEX-WXYG-0926-SM-3NB2O,GTEX-WXYG,55.0,53.90404,-1.095959999999998,Adipose - Visceral (Omentum),non_neural
GTEX-1QP9N-0226-SM-E9J4A,GTEX-1QP9N,35.0,46.56456,11.56456,Artery - Aorta,non_neural
GTEX-1HCVE-1026-SM-ACKXR,GTEX-1HCVE,55.0,58.474785,3.474784999999997,Artery - Aorta,non_neural
GTEX-17HHE-1226-SM-793C6,GTEX-17HHE,55.0,45.815987,-9.184013,Testis,non_neural
GTEX-ZYFG-1826-SM-5GZWX,GTEX-ZYFG,65.0,55.971085,-9.028914999999998,Colon - Sigmoid,non_neural
GTEX-144GN-1126-SM-5LU33,GTEX-144GN,55.0,55.42283,0.4228299999999976,Colon - Transverse,non_neural
GTEX-WHSE-0526-SM-5GZZD,GTEX-WHSE,25.0,30.363186,5.363185999999999,Muscle - Skeletal,non_neural
GTEX-1IOXB-0726-SM-A9G32,GTEX-1IOXB,55.0,56.44623,1.44623,Heart - Atrial Appendage,non_neural
GTEX-QMRM-0426-SM-4R1K2,GTEX-QMRM,55.0,51.437424,-3.562576,Artery - Coronary,non_neural
GTEX-1I1GV-3026-SM-CNNR9,GTEX-1I1GV,65.0,60.182854,-4.817146000000001,Brain - Cerebellum,neural
GTEX-1GMR2-0001-SM-EYYWA,GTEX-1GMR2,55.0,49.011055,-5.988945000000001,Cells - EBV-transformed lymphocytes,non_neural
GTEX-ZZPT-0011-R2a-SM-GNTB1,GTEX-ZZPT,55.0,53.19551,-1.8044900000000013,Brain - Substantia nigra,neural
GTEX-16AAH-0005-SM-7P8RD,GTEX-16AAH,55.0,54.766907,-0.23309299999999666,Whole Blood,non_neural
GTEX-ZTPG-1226-SM-4YCDO,GTEX-ZTPG,25.0,35.7511,10.751100000000001,Heart - Left Ventricle,non_neural
GTEX-13U4I-1326-SM-5KM25,GTEX-13U4I,45.0,50.739265,5.739265000000003,Esophagus - Gastroesophageal Junction,non_neural
GTEX-1QMI2-0011-R4b-SM-F3K4R,GTEX-1QMI2,65.0,62.791985,-2.208015000000003,Brain - Amygdala,neural
GTEX-1B996-1426-SM-7EPIA,GTEX-1B996,65.0,56.052223,-8.947777000000002,Liver,non_neural
GTEX-1GZ4H-1326-SM-7P8TE,GTEX-1GZ4H,55.0,52.309685,-2.6903149999999982,Colon - Sigmoid,non_neural
GTEX-1EWIQ-2226-SM-7MGXJ,GTEX-1EWIQ,75.0,63.291924,-11.708075999999998,Ovary,non_neural
GTEX-15ER7-0011-R11a-SM-6LPIL,GTEX-15ER7,25.0,39.34093,14.34093,Brain - Cerebellar Hemisphere,neural
GTEX-ZYFC-0626-SM-5GIDR,GTEX-ZYFC,55.0,62.13287,7.132869999999997,Nerve - Tibial,neural
GTEX-1399T-0126-SM-5KM15,GTEX-1399T,65.0,64.45885,-0.5411500000000018,Thyroid,non_neural
GTEX-1477Z-0326-SM-7IGLA,GTEX-1477Z,65.0,76.02562,11.025620000000004,Skin - Not Sun Exposed (Suprapubic),non_neural
GTEX-PWCY-0426-SM-48TCW,GTEX-PWCY,25.0,20.816269,-4.183731000000002,Artery - Coronary,non_neural
GTEX-1EX96-0226-SM-7RHHR,GTEX-1EX96,55.0,51.01629,-3.983710000000002,Lung,non_neural
GTEX-12WSJ-1326-SM-5GCOB,GTEX-12WSJ,45.0,50.17199,5.171990000000001,Vagina,non_neural
GTEX-YFC4-0011-R5a-SM-4RGLR,GTEX-YFC4,45.0,49.260433,4.260432999999999,Brain - Caudate (basal ganglia),neural
GTEX-1C64O-1926-SM-79ONP,GTEX-1C64O,65.0,65.10378,0.10378000000000043,Esophagus - Muscularis,non_neural
GTEX-131YS-0826-SM-5PNYV,GTEX-131YS,65.0,64.28279,-0.7172099999999944,Heart - Atrial Appendage,non_neural
GTEX-1HT8W-1326-SM-CGQEN,GTEX-1HT8W,35.0,43.805206,8.805205999999998,Heart - Atrial Appendage,non_neural
GTEX-XQ8I-2426-SM-4WAXY,GTEX-XQ8I,55.0,45.354904,-9.645096000000002,Breast - Mammary Tissue,non_neural
GTEX-14JIY-2326-SM-6AJAJ,GTEX-14JIY,65.0,62.21125,-2.7887500000000003,Brain - Cerebellum,neural
GTEX-14PN3-2426-SM-6LLHS,GTEX-14PN3,65.0,62.71752,-2.2824799999999996,Skin - Sun Exposed (Lower leg),non_neural
GTEX-XV7Q-0826-SM-4BRV7,GTEX-XV7Q,45.0,40.83255,-4.167450000000002,Heart - Left Ventricle,non_neural
GTEX-15EU6-0726-SM-7KUFU,GTEX-15EU6,55.0,48.313873,-6.686126999999999,Artery - Tibial,non_neural
GTEX-1C6VS-0126-SM-7PC2H,GTEX-1C6VS,65.0,69.91637,4.916370000000001,Muscle - Skeletal,non_neural
GTEX-1QCLY-1826-SM-DTX89,GTEX-1QCLY,35.0,34.874252,-0.12574800000000153,Prostate,non_neural
GTEX-1A32A-0006-SM-7PC1Y,GTEX-1A32A,55.0,56.870674,1.870674000000001,Whole Blood,non_neural
GTEX-1C64O-0006-SM-7PC22,GTEX-1C64O,65.0,45.50241,-19.497590000000002,Whole Blood,non_neural
GTEX-16XZZ-3026-SM-79OMJ,GTEX-16XZZ,65.0,63.35903,-1.640970000000003,Brain - Cortex,neural
GTEX-1H23P-0008-SM-F21JM,GTEX-1H23P,65.0,68.32976,3.329759999999993,Cells - Cultured fibroblasts,non_neural
GTEX-14BMV-0011-R3a-SM-5ZZU7,GTEX-14BMV,55.0,52.86936,-2.1306399999999996,Brain - Anterior cingulate cortex (BA24),neural
GTEX-1314G-0008-SM-5YY9K,GTEX-1314G,35.0,49.341335,14.341335,Cells - Cultured fibroblasts,non_neural
GTEX-1HSEH-1326-SM-ADEI1,GTEX-1HSEH,65.0,61.915924,-3.084076000000003,Adipose - Visceral (Omentum),non_neural
GTEX-1L5NE-2526-SM-E6CIE,GTEX-1L5NE,55.0,52.060627,-2.9393730000000033,Skin - Sun Exposed (Lower leg),non_neural
GTEX-1H1E6-0003-SM-EY5XY,GTEX-1H1E6,35.0,44.646896,9.646895999999998,Cells - EBV-transformed lymphocytes,non_neural
GTEX-146FR-1726-SM-5Q5DT,GTEX-146FR,65.0,63.68921,-1.3107899999999972,Muscle - Skeletal,non_neural
GTEX-17F96-2626-SM-GPRXX,GTEX-17F96,75.0,68.95334,-6.046660000000003,Esophagus - Muscularis,non_neural
GTEX-YJ8A-1826-SM-GNTAB,GTEX-YJ8A,25.0,35.46622,10.46622,Minor Salivary Gland,non_neural
GTEX-1HCUA-2326-SM-ACKVJ,GTEX-1HCUA,55.0,50.8155,-4.1845,Muscle - Skeletal,non_neural
GTEX-1313W-0011-R4b-SM-5KLZV,GTEX-1313W,55.0,53.90724,-1.0927599999999984,Brain - Amygdala,neural
GTEX-YEC3-2526-SM-CXZIH,GTEX-YEC3,55.0,53.1669,-1.8331000000000017,Esophagus - Mucosa,non_neural
GTEX-ZLWG-1926-SM-DO92J,GTEX-ZLWG,55.0,55.06571,0.06571000000000282,Breast - Mammary Tissue,non_neural
GTEX-OOBK-0726-SM-3LK5Q,GTEX-OOBK,45.0,49.15668,4.1566800000000015,Esophagus - Muscularis,non_neural
GTEX-13PL6-0011-R9b-SM-5O9CH,GTEX-13PL6,45.0,68.80757,23.80757,Brain - Spinal cord (cervical c-1),neural
GTEX-14C39-1726-SM-5RQIL,GTEX-14C39,45.0,53.62715,8.62715,Skin - Not Sun Exposed (Suprapubic),non_neural
GTEX-PVOW-0011-R3A-SM-32PKX,GTEX-PVOW,45.0,40.04915,-4.950850000000003,Brain - Anterior cingulate cortex (BA24),neural
GTEX-14ABY-0011-R6a-SM-5PNWR,GTEX-14ABY,55.0,56.5006,1.5005999999999986,Brain - Nucleus accumbens (basal ganglia),neural
GTEX-SJXC-0726-SM-2XCFJ,GTEX-SJXC,65.0,67.1489,2.1488999999999976,Thyroid,non_neural
GTEX-S33H-1926-SM-EYYVH,GTEX-S33H,35.0,47.086575,12.086575000000003,Bladder,non_neural
GTEX-14C39-0005-SM-5NQBR,GTEX-14C39,45.0,60.877914,15.877913999999997,Whole Blood,non_neural
GTEX-1RB15-2226-SM-DTXFZ,GTEX-1RB15,65.0,50.978943,-14.021056999999999,Muscle - Skeletal,non_neural
GTEX-1N2DW-0326-SM-E9TK3,GTEX-1N2DW,55.0,61.272926,6.272925999999998,Adipose - Subcutaneous,non_neural
GTEX-WY7C-1026-SM-4OND3,GTEX-WY7C,55.0,43.273403,-11.726596999999998,Pancreas,non_neural
GTEX-1K2DA-1226-SM-CGQGH,GTEX-1K2DA,55.0,37.920662,-17.079338,Prostate,non_neural
GTEX-1NV8Z-0011-R9b-SM-G8OME,GTEX-1NV8Z,65.0,63.0583,-1.9416999999999973,Brain - Spinal cord (cervical c-1),neural
GTEX-WH7G-2026-SM-3NMBL,GTEX-WH7G,45.0,60.709232,15.709232,Skin - Not Sun Exposed (Suprapubic),non_neural
GTEX-RWSA-0626-SM-2XCBD,GTEX-RWSA,45.0,48.32172,3.321719999999999,Heart - Left Ventricle,non_neural
GTEX-P4QS-1926-SM-GQ1BY,GTEX-P4QS,65.0,59.911438,-5.088562000000003,Bladder,non_neural
GTEX-11GS4-2526-SM-5A5KT,GTEX-11GS4,65.0,60.582607,-4.417392999999997,Muscle - Skeletal,non_neural
GTEX-15SDE-0226-SM-H7OEW,GTEX-15SDE,55.0,56.83123,1.831229999999998,Lung,non_neural
GTEX-1RQEC-0526-SM-E6CHV,GTEX-1RQEC,65.0,66.99745,1.9974500000000006,Adipose - Subcutaneous,non_neural
GTEX-1PIEJ-0726-SM-HK799,GTEX-1PIEJ,25.0,29.61197,4.6119699999999995,Thyroid,non_neural
GTEX-1KANA-0726-SM-D3L9I,GTEX-1KANA,25.0,37.26333,12.263330000000003,Skin - Sun Exposed (Lower leg),non_neural
GTEX-WHSB-0226-SM-4M1XE,GTEX-WHSB,55.0,47.476883,-7.523116999999999,Artery - Aorta,non_neural
GTEX-11TT1-1926-SM-5PNYN,GTEX-11TT1,25.0,29.506907,4.506907000000002,Adipose - Visceral (Omentum),non_neural
GTEX-PLZ6-1026-SM-GQ1C8,GTEX-PLZ6,35.0,39.29113,4.2911300000000026,Bladder,non_neural
GTEX-1EU9M-1826-SM-7DUGU,GTEX-1EU9M,65.0,62.41922,-2.580779999999997,Heart - Left Ventricle,non_neural
GTEX-ZT9W-1226-SM-57WE4,GTEX-ZT9W,55.0,51.566467,-3.433532999999997,Esophagus - Muscularis,non_neural
GTEX-16MTA-1025-B-SM-AW8PT,GTEX-16MTA,55.0,54.890984,-0.1090159999999969,Stomach - Mucosa,non_neural
GTEX-11ZUS-0011-R8a-SM-5BC73,GTEX-11ZUS,35.0,52.314606,17.314605999999998,Brain - Hypothalamus,neural
GTEX-ZVE2-0226-SM-59HJB,GTEX-ZVE2,55.0,55.493114,0.4931139999999985,Skin - Sun Exposed (Lower leg),non_neural
GTEX-1HC8U-0001-SM-EYYW3,GTEX-1HC8U,45.0,40.19569,-4.804310000000001,Cells - EBV-transformed lymphocytes,non_neural
GTEX-1HCU6-2426-SM-GA8Z1,GTEX-1HCU6,65.0,62.022507,-2.9774930000000026,Uterus,non_neural
GTEX-1S5ZA-1026-SM-EWRO2,GTEX-1S5ZA,25.0,22.307037,-2.692962999999999,Adipose - Visceral (Omentum),non_neural
GTEX-Y3IK-1026-SM-51MR7,GTEX-Y3IK,55.0,57.50129,2.5012899999999973,Heart - Atrial Appendage,non_neural
GTEX-1MUQO-1126-SM-GPI8W,GTEX-1MUQO,65.0,58.887035,-6.112965000000003,Artery - Coronary,non_neural
GTEX-1F6IF-0126-SM-9MQLB,GTEX-1F6IF,65.0,66.75133,1.7513299999999958,Nerve - Tibial,neural
GTEX-NL4W-0011-R9a-SM-2I3G1,GTEX-NL4W,55.0,58.910645,3.9106450000000024,Brain - Spinal cord (cervical c-1),neural
GTEX-1JN1M-0426-SM-CY8IN,GTEX-1JN1M,65.0,48.68016,-16.31984,Artery - Tibial,non_neural
GTEX-SIU8-0426-SM-4BRUE,GTEX-SIU8,55.0,54.835556,-0.16444400000000314,Artery - Tibial,non_neural
GTEX-1I1GQ-2226-SM-B2LX1,GTEX-1I1GQ,55.0,54.952785,-0.04721500000000134,Pancreas,non_neural
GTEX-12WSC-1726-SM-5GCN3,GTEX-12WSC,55.0,55.433136,0.4331359999999975,Adipose - Visceral (Omentum),non_neural
GTEX-NL3H-0011-R3a-SM-2I3GL,GTEX-NL3H,65.0,63.07888,-1.921120000000002,Brain - Anterior cingulate cortex (BA24),neural
GTEX-14JG1-0006-SM-7SB6P,GTEX-14JG1,45.0,49.582024,4.582023999999997,Whole Blood,non_neural
GTEX-1HR9M-0005-SM-AHZ26,GTEX-1HR9M,65.0,46.69995,-18.30005,Whole Blood,non_neural
GTEX-1LVAN-1826-SM-CNPOP,GTEX-1LVAN,55.0,60.98333,5.983330000000002,Artery - Coronary,non_neural
GTEX-1QP9N-0826-SM-DTX9O,GTEX-1QP9N,35.0,39.97148,4.97148,Colon - Sigmoid,non_neural
GTEX-1IKOE-0005-SM-CMKFL,GTEX-1IKOE,35.0,39.905,4.905000000000001,Whole Blood,non_neural
GTEX-14LZ3-0005-SM-7MXUG,GTEX-14LZ3,65.0,53.137638,-11.862361999999997,Whole Blood,non_neural
GTEX-1EMGI-0426-SM-7P8TR,GTEX-1EMGI,65.0,67.69823,2.6982299999999952,Artery - Tibial,non_neural
GTEX-147JS-1326-SM-5SI6D,GTEX-147JS,65.0,64.78975,-0.21025000000000205,Heart - Atrial Appendage,non_neural
GTEX-1GF9X-0926-SM-7PC2X,GTEX-1GF9X,45.0,55.07644,10.076439999999998,Adipose - Visceral (Omentum),non_neural
GTEX-QVJO-0011-R4A-SM-2S1QL,GTEX-QVJO,65.0,65.12937,0.12936999999999443,Brain - Amygdala,neural
GTEX-14PN3-1726-SM-GRR3A,GTEX-14PN3,65.0,68.05295,3.0529499999999956,Uterus,non_neural
GTEX-ZYFG-0826-SM-5BC5T,GTEX-ZYFG,65.0,55.374645,-9.625354999999999,Pancreas,non_neural
GTEX-13PLJ-0326-SM-5L3I7,GTEX-13PLJ,65.0,59.04696,-5.953040000000001,Muscle - Skeletal,non_neural
GTEX-1EN7A-1526-SM-7MGXC,GTEX-1EN7A,45.0,44.37349,-0.6265100000000032,Esophagus - Gastroesophageal Junction,non_neural
GTEX-1IGQW-0011-R11a-SM-C1YRV,GTEX-1IGQW,65.0,65.133995,0.13399499999999875,Brain - Cerebellar Hemisphere,neural
GTEX-1LVAO-1226-SM-DIPGB,GTEX-1LVAO,65.0,65.74733,0.7473300000000052,Lung,non_neural
GTEX-WYJK-1926-SM-4ONDP,GTEX-WYJK,55.0,46.792336,-8.207664000000001,Esophagus - Mucosa,non_neural
GTEX-1AYD5-2326-SM-73KXF,GTEX-1AYD5,55.0,52.243492,-2.7565079999999966,Adipose - Subcutaneous,non_neural
GTEX-13FH7-1626-SM-5J2O9,GTEX-13FH7,55.0,60.235493,5.235492999999998,Colon - Sigmoid,non_neural
GTEX-13CIG-0002-SM-HTQ7R,GTEX-13CIG,55.0,58.958088,3.9580879999999965,Cells - EBV-transformed lymphocytes,non_neural
GTEX-139UW-0426-SM-5K7V4,GTEX-139UW,65.0,63.577385,-1.4226150000000004,Artery - Aorta,non_neural
GTEX-13111-0326-SM-5DUXF,GTEX-13111,55.0,54.7264,-0.27360000000000184,Adrenal Gland,non_neural
GTEX-15G19-0011-R2b-SM-H6Q7S,GTEX-15G19,65.0,66.85408,1.8540799999999962,Brain - Substantia nigra,neural
GTEX-1GN73-0011-R4b-SM-9QEIK,GTEX-1GN73,65.0,62.933098,-2.066901999999999,Brain - Amygdala,neural
GTEX-1BAJH-2526-SM-7IGOT,GTEX-1BAJH,75.0,65.95045,-9.049549999999996,Small Intestine - Terminal Ileum,non_neural
GTEX-1PIIG-0126-SM-E9J46,GTEX-1PIIG,35.0,45.657066,10.657066,Muscle - Skeletal,non_neural
GTEX-1K9T9-0226-SM-E9U6K,GTEX-1K9T9,55.0,53.29914,-1.7008599999999987,Adipose - Subcutaneous,non_neural
GTEX-145LU-1926-SM-5O99A,GTEX-145LU,55.0,56.211,1.2109999999999985,Skin - Not Sun Exposed (Suprapubic),non_neural
GTEX-Z93S-2426-SM-5HL8N,GTEX-Z93S,55.0,52.737343,-2.2626569999999973,Colon - Transverse,non_neural
GTEX-ZPU1-0008-SM-4E3IR,GTEX-ZPU1,45.0,52.027016,7.027016000000003,Cells - Cultured fibroblasts,non_neural
GTEX-13OW6-2926-SM-5KM29,GTEX-13OW6,55.0,58.01747,3.017470000000003,Brain - Cerebellum,neural
GTEX-15RIE-2026-SM-7KFRW,GTEX-15RIE,65.0,57.07967,-7.92033,Colon - Sigmoid,non_neural
GTEX-13O61-0226-SM-5KM52,GTEX-13O61,65.0,54.47573,-10.524270000000001,Thyroid,non_neural
GTEX-1HSEH-1726-SM-B2LXH,GTEX-1HSEH,65.0,55.81228,-9.187719999999999,Colon - Transverse,non_neural
GTEX-1IKOE-0626-SM-A9G31,GTEX-1IKOE,35.0,44.073494,9.073493999999997,Heart - Atrial Appendage,non_neural
GTEX-1B8L1-2526-SM-9WYTF,GTEX-1B8L1,65.0,55.44444,-9.55556,Skin - Sun Exposed (Lower leg),non_neural
GTEX-13O3Q-0626-SM-5IJG1,GTEX-13O3Q,55.0,61.87627,6.876269999999998,Thyroid,non_neural
GTEX-PVOW-0126-SM-2XCFA,GTEX-PVOW,45.0,44.12903,-0.8709699999999998,Skin - Sun Exposed (Lower leg),non_neural
GTEX-XBED-1626-SM-47JYN,GTEX-XBED,65.0,61.25569,-3.7443099999999987,Breast - Mammary Tissue,non_neural
GTEX-13OVL-3226-SM-5L3H8,GTEX-13OVL,55.0,56.18599,1.1859899999999968,Pituitary,non_neural
GTEX-1IOXB-1526-SM-A96T6,GTEX-1IOXB,55.0,64.55351,9.553510000000003,Testis,non_neural
GTEX-1AMFI-0426-SM-731C7,GTEX-1AMFI,55.0,56.187805,1.1878049999999973,Artery - Aorta,non_neural
GTEX-13FLV-0226-SM-5J2OF,GTEX-13FLV,55.0,53.63112,-1.3688799999999972,Thyroid,non_neural
GTEX-1HBPI-0726-SM-9WG7Z,GTEX-1HBPI,55.0,40.51283,-14.487169999999999,Stomach,non_neural
GTEX-13OW8-0004-SM-I9BP8,GTEX-13OW8,65.0,36.86023,-28.13977,Cells - EBV-transformed lymphocytes,non_neural
GTEX-16NPX-1726-SM-7KULP,GTEX-16NPX,55.0,57.907276,2.907276000000003,Esophagus - Muscularis,non_neural
GTEX-UPJH-0226-SM-3GADV,GTEX-UPJH,55.0,63.755505,8.755505,Skin - Not Sun Exposed (Suprapubic),non_neural
GTEX-12WSE-0011-R7a-SM-5PNWF,GTEX-12WSE,25.0,38.94866,13.948659999999997,Brain - Putamen (basal ganglia),neural
GTEX-15DYW-1326-SM-6LPIV,GTEX-15DYW,65.0,61.134148,-3.8658519999999967,Liver,non_neural
GTEX-18465-0008-SM-EAZBM,GTEX-18465,55.0,51.771484,-3.228515999999999,Cells - Cultured fibroblasts,non_neural
GTEX-1F88E-1626-SM-7SB8Z,GTEX-1F88E,65.0,67.53803,2.5380300000000062,Skin - Not Sun Exposed (Suprapubic),non_neural
GTEX-1QP28-1426-SM-EVR4E,GTEX-1QP28,55.0,56.20954,1.209539999999997,Vagina,non_neural
GTEX-1JMPZ-0426-SM-COH32,GTEX-1JMPZ,35.0,31.056858,-3.9431420000000017,Nerve - Tibial,neural
GTEX-WZTO-2126-SM-4PQYW,GTEX-WZTO,45.0,60.107315,15.107315,Stomach,non_neural
GTEX-VUSG-0626-SM-4KL1Z,GTEX-VUSG,55.0,41.290066,-13.709933999999997,Artery - Coronary,non_neural
GTEX-17F97-0126-SM-7LT8N,GTEX-17F97,55.0,69.23694,14.236940000000004,Nerve - Tibial,neural
GTEX-1S82U-1726-SM-GNIOK,GTEX-1S82U,35.0,38.09954,3.0995399999999975,Artery - Tibial,non_neural
GTEX-1GTWX-0011-R9a-SM-ADEH4,GTEX-1GTWX,65.0,64.28834,-0.7116599999999949,Brain - Spinal cord (cervical c-1),neural
GTEX-1C2JI-1326-SM-7IGMX,GTEX-1C2JI,55.0,47.531425,-7.468575000000001,Esophagus - Gastroesophageal Junction,non_neural
GTEX-1H1DG-0126-SM-9WYU2,GTEX-1H1DG,75.0,66.36739,-8.63261,Skin - Sun Exposed (Lower leg),non_neural
GTEX-13W3W-2226-SM-5LU4M,GTEX-13W3W,65.0,61.149605,-3.850394999999999,Colon - Sigmoid,non_neural
GTEX-ZAB4-0011-R1a-SM-4RGNO,GTEX-ZAB4,45.0,41.832584,-3.167416000000003,Brain - Hippocampus,neural
GTEX-PLZ5-1626-SM-3NB21,GTEX-PLZ5,55.0,51.733677,-3.266323,Nerve - Tibial,neural
GTEX-1JMQK-2226-SM-ARU8U,GTEX-1JMQK,65.0,64.46545,-0.5345499999999959,Prostate,non_neural
GTEX-1GZHY-1926-SM-9WYUL,GTEX-1GZHY,55.0,59.934734,4.934733999999999,Esophagus - Gastroesophageal Junction,non_neural
GTEX-13CF3-0526-SM-5IJBV,GTEX-13CF3,65.0,66.158676,1.1586759999999998,Artery - Aorta,non_neural
GTEX-S33H-1226-SM-4AD69,GTEX-S33H,35.0,43.221447,8.221446999999998,Pancreas,non_neural
GTEX-1477Z-0011-R8b-SM-5S2RG,GTEX-1477Z,65.0,66.14818,1.1481799999999964,Brain - Hypothalamus,neural
GTEX-1HCVE-2526-SM-A9G2G,GTEX-1HCVE,55.0,54.505035,-0.49496500000000054,Colon - Transverse,non_neural
GTEX-13CF3-2426-SM-5IFGX,GTEX-13CF3,65.0,56.203392,-8.796607999999999,Skin - Sun Exposed (Lower leg),non_neural
GTEX-1HBPM-1126-SM-9YFL2,GTEX-1HBPM,65.0,60.879257,-4.120742999999997,Artery - Coronary,non_neural
GTEX-1HCUA-0008-SM-F21JY,GTEX-1HCUA,55.0,55.948715,0.948715,Cells - Cultured fibroblasts,non_neural
GTEX-13111-1126-SM-5GCMZ,GTEX-13111,55.0,52.096233,-2.903767000000002,Esophagus - Gastroesophageal Junction,non_neural
GTEX-1PPH8-1626-SM-E6CQP,GTEX-1PPH8,25.0,30.790924,5.790924,Esophagus - Mucosa,non_neural
GTEX-1HCU7-1026-SM-ADEIP,GTEX-1HCU7,55.0,50.550056,-4.449944000000002,Breast - Mammary Tissue,non_neural
GTEX-YJ89-2926-SM-5P9IT,GTEX-YJ89,65.0,59.247337,-5.752662999999998,Brain - Cerebellum,neural
GTEX-15G19-0011-R3a-SM-6LPIG,GTEX-15G19,65.0,68.54691,3.546909999999997,Brain - Anterior cingulate cortex (BA24),neural
GTEX-1GZ4H-1626-SM-7PC3F,GTEX-1GZ4H,55.0,51.8983,-3.101700000000001,Muscle - Skeletal,non_neural
GTEX-14BMU-0826-SM-5P9IF,GTEX-14BMU,25.0,31.31363,6.31363,Esophagus - Muscularis,non_neural
GTEX-11OF3-0008-SM-5S2NH,GTEX-11OF3,65.0,62.305798,-2.694201999999997,Cells - Cultured fibroblasts,non_neural
GTEX-1F6I4-0226-SM-9MQMA,GTEX-1F6I4,65.0,59.21257,-5.7874300000000005,Adipose - Subcutaneous,non_neural
GTEX-ZVT2-2126-SM-5NQ93,GTEX-ZVT2,55.0,52.0851,-2.914900000000003,Small Intestine - Terminal Ileum,non_neural
GTEX-1HT8W-0726-SM-A9SLB,GTEX-1HT8W,35.0,35.307987,0.3079869999999971,Adipose - Visceral (Omentum),non_neural
GTEX-13YAN-2226-SM-GJ3QA,GTEX-13YAN,65.0,63.79841,-1.201590000000003,Prostate,non_neural
GTEX-NPJ8-0011-R5a-SM-2HMJY,GTEX-NPJ8,45.0,43.16939,-1.83061,Brain - Caudate (basal ganglia),neural
GTEX-RVPV-1126-SM-EAZAV,GTEX-RVPV,65.0,57.162163,-7.837837,Testis,non_neural
GTEX-1HSKV-2326-SM-A9SL9,GTEX-1HSKV,65.0,66.91682,1.9168200000000013,Colon - Sigmoid,non_neural
GTEX-12ZZY-2926-SM-5DUXO,GTEX-12ZZY,65.0,65.62791,0.62791,Brain - Cerebellum,neural
GTEX-ZP4G-0326-SM-4YCEF,GTEX-ZP4G,25.0,33.363735,8.363734999999998,Spleen,non_neural
GTEX-11ONC-0926-SM-5BC5E,GTEX-11ONC,65.0,68.03585,3.0358499999999964,Artery - Aorta,non_neural
GTEX-1LG7Z-2126-SM-CXKYU,GTEX-1LG7Z,35.0,45.865395,10.865395,Muscle - Skeletal,non_neural
GTEX-111VG-2526-SM-5GZXP,GTEX-111VG,65.0,55.166206,-9.833793999999997,Nerve - Tibial,neural
GTEX-1399S-0126-SM-5IJCF,GTEX-1399S,35.0,47.773453,12.773453000000003,Skin - Not Sun Exposed (Suprapubic),non_neural
GTEX-13QJ3-1926-SM-5QGQM,GTEX-13QJ3,55.0,57.114056,2.114055999999998,Esophagus - Gastroesophageal Junction,non_neural
GTEX-1MCQQ-0005-SM-DKPPV,GTEX-1MCQQ,65.0,49.44632,-15.55368,Whole Blood,non_neural
GTEX-O5YV-1926-SM-EV797,GTEX-O5YV,65.0,65.50238,0.5023800000000023,Stomach,non_neural
GTEX-1QP6S-3126-SM-DPRZY,GTEX-1QP6S,45.0,52.55883,7.55883,Pituitary,non_neural
GTEX-15ETS-3126-SM-6LPKN,GTEX-15ETS,45.0,54.000282,9.000281999999999,Spleen,non_neural
GTEX-1MCQQ-2026-SM-G8LMK,GTEX-1MCQQ,65.0,60.65492,-4.345080000000003,Skin - Not Sun Exposed (Suprapubic),non_neural
GTEX-ZTX8-1026-SM-5EGHD,GTEX-ZTX8,25.0,25.582033,0.5820329999999991,Prostate,non_neural
GTEX-1CAMS-2526-SM-7EPH7,GTEX-1CAMS,45.0,40.150127,-4.849873000000002,Colon - Transverse,non_neural
GTEX-15ER7-0426-SM-6PAM3,GTEX-15ER7,25.0,34.4421,9.442100000000003,Adipose - Subcutaneous,non_neural
GTEX-133LE-1325-B-SM-AW8PP,GTEX-133LE,25.0,31.351727,6.351727,Stomach - Mucosa,non_neural
GTEX-14PJN-2226-SM-6872I,GTEX-14PJN,35.0,41.78479,6.784790000000001,Artery - Tibial,non_neural
GTEX-15SHV-0008-SM-EAZCA,GTEX-15SHV,65.0,65.0457,0.04569999999999652,Cells - Cultured fibroblasts,non_neural
GTEX-1I4MK-0826-SM-A9G2J,GTEX-1I4MK,55.0,54.037643,-0.9623569999999972,Esophagus - Gastroesophageal Junction,non_neural
GTEX-1MCYP-0526-SM-E9U6Q,GTEX-1MCYP,25.0,34.797707,9.797707000000003,Skin - Not Sun Exposed (Suprapubic),non_neural
GTEX-145LV-1026-SM-5O9AE,GTEX-145LV,55.0,53.849945,-1.1500550000000018,Adipose - Visceral (Omentum),non_neural
GTEX-12WSF-0005-SM-5NQAQ,GTEX-12WSF,75.0,68.19157,-6.808430000000001,Whole Blood,non_neural
GTEX-1CB4I-0926-SM-7MKFY,GTEX-1CB4I,55.0,54.111217,-0.8887829999999965,Testis,non_neural
GTEX-ZF3C-0008-SM-4E3IL,GTEX-ZF3C,55.0,43.624226,-11.375774,Cells - Cultured fibroblasts,non_neural
GTEX-11DXW-1026-SM-5H11K,GTEX-11DXW,45.0,51.780014,6.780014000000001,Brain - Cerebellum,neural
GTEX-OXRL-0005-SM-3LK6A,GTEX-OXRL,55.0,51.230408,-3.769592000000003,Whole Blood,non_neural
GTEX-1F52S-1326-SM-7SB6Q,GTEX-1F52S,65.0,65.56585,0.5658499999999975,Adipose - Visceral (Omentum),non_neural
GTEX-13OVJ-0726-SM-5KM1W,GTEX-13OVJ,55.0,53.766075,-1.2339249999999993,Lung,non_neural
GTEX-1QP67-1126-SM-EAZ4C,GTEX-1QP67,45.0,44.570168,-0.42983199999999755,Adipose - Visceral (Omentum),non_neural
GTEX-1MGNQ-0526-SM-E9J2W,GTEX-1MGNQ,45.0,49.876495,4.8764949999999985,Artery - Tibial,non_neural
GTEX-POYW-1326-SM-48TCG,GTEX-POYW,65.0,59.418854,-5.581145999999997,Esophagus - Mucosa,non_neural
GTEX-17EVP-0011-R11a-SM-7EWDL,GTEX-17EVP,45.0,53.708214,8.708213999999998,Brain - Cerebellar Hemisphere,neural
GTEX-17JCI-2526-SM-7DHLB,GTEX-17JCI,65.0,51.860847,-13.139153,Vagina,non_neural
GTEX-XMD1-0011-R9A-SM-4AT49,GTEX-XMD1,65.0,56.95653,-8.04347,Brain - Spinal cord (cervical c-1),neural
GTEX-1192X-0011-R1b-SM-GI4VU,GTEX-1192X,55.0,56.441154,1.4411539999999974,Brain - Hippocampus,neural
GTEX-13SLX-3226-SM-5YYA6,GTEX-13SLX,55.0,46.838154,-8.161845999999997,Brain - Cerebellum,neural
GTEX-Y8E4-0426-SM-4V6GB,GTEX-Y8E4,45.0,49.00906,4.009059999999998,Heart - Atrial Appendage,non_neural
GTEX-O5YT-3026-SM-GRR3F,GTEX-O5YT,25.0,28.928053,3.9280529999999985,Artery - Coronary,non_neural
GTEX-16Z82-0011-R6a-SM-7IGLV,GTEX-16Z82,65.0,60.98773,-4.012270000000001,Brain - Nucleus accumbens (basal ganglia),neural
GTEX-1EH9U-1126-SM-7IGLU,GTEX-1EH9U,65.0,63.410587,-1.5894130000000004,Liver,non_neural
GTEX-1LVA9-2826-SM-EAZ5D,GTEX-1LVA9,55.0,51.798874,-3.201126000000002,Testis,non_neural
GTEX-1PIGE-0326-SM-E8VNQ,GTEX-1PIGE,25.0,27.415493,2.4154930000000014,Nerve - Tibial,neural
GTEX-WL46-2126-SM-GQ1DY,GTEX-WL46,55.0,42.096848,-12.903151999999999,Prostate,non_neural
GTEX-ZAB4-2426-SM-5HL8A,GTEX-ZAB4,45.0,43.948097,-1.051903000000003,Colon - Sigmoid,non_neural
GTEX-XGQ4-0526-SM-4AT6C,GTEX-XGQ4,55.0,58.776253,3.776252999999997,Heart - Atrial Appendage,non_neural
GTEX-14BMV-0726-SM-73KVE,GTEX-14BMV,55.0,56.00538,1.0053800000000024,Thyroid,non_neural
GTEX-1HCUA-1126-SM-B2LWD,GTEX-1HCUA,55.0,48.00494,-6.995060000000002,Esophagus - Gastroesophageal Junction,non_neural
GTEX-1K9T9-0726-SM-CXZJZ,GTEX-1K9T9,55.0,55.812103,0.8121030000000005,Liver,non_neural
GTEX-17EUY-0006-SM-7P8SB,GTEX-17EUY,25.0,37.94859,12.948590000000003,Whole Blood,non_neural
GTEX-Q2AH-0126-SM-48U2B,GTEX-Q2AH,45.0,50.516747,5.516747000000002,Adrenal Gland,non_neural
GTEX-1HT8W-0626-SM-A9G2H,GTEX-1HT8W,35.0,47.29549,12.295490000000001,Skin - Not Sun Exposed (Suprapubic),non_neural
GTEX-1S82Z-0008-SM-HPAFI,GTEX-1S82Z,35.0,48.127155,13.127155000000002,Cells - Cultured fibroblasts,non_neural
GTEX-1211K-1425-B-SM-AW8PF,GTEX-1211K,65.0,56.40931,-8.590690000000002,Stomach - Mucosa,non_neural
GTEX-1AX8Z-0626-SM-731EH,GTEX-1AX8Z,65.0,60.973206,-4.026794000000002,Minor Salivary Gland,non_neural
GTEX-15UKP-0126-SM-GPIA8,GTEX-15UKP,25.0,31.117346,6.117346000000001,Artery - Tibial,non_neural
GTEX-QEL4-1226-SM-447A4,GTEX-QEL4,55.0,53.860504,-1.1394960000000012,Liver,non_neural
GTEX-1J8Q2-0011-R2b-SM-EAZ2X,GTEX-1J8Q2,65.0,62.048958,-2.951042000000001,Brain - Substantia nigra,neural
GTEX-11UD2-0626-SM-5GU6L,GTEX-11UD2,55.0,56.759514,1.759514000000003,Thyroid,non_neural
GTEX-1HCUA-1725-D-SM-H661S,GTEX-1HCUA,55.0,40.946537,-14.053463,Small Intestine - Terminal Ileum - Lymphoid Aggregate,non_neural
GTEX-13QBU-0926-SM-5K7WQ,GTEX-13QBU,45.0,43.98287,-1.0171300000000016,Esophagus - Muscularis,non_neural
GTEX-17HHE-0126-SM-79398,GTEX-17HHE,55.0,40.890312,-14.109687999999998,Liver,non_neural
GTEX-ZEX8-1926-SM-4WKFR,GTEX-ZEX8,55.0,48.44992,-6.550080000000001,Colon - Transverse,non_neural
GTEX-1497J-2126-SM-5NQB8,GTEX-1497J,65.0,57.84134,-7.158659999999998,Esophagus - Gastroesophageal Junction,non_neural
GTEX-1A3MW-0526-SM-731BY,GTEX-1A3MW,65.0,65.89516,0.8951600000000042,Muscle - Skeletal,non_neural
GTEX-16NFA-5014-SM-HL121,GTEX-16NFA,55.0,57.230152,2.230151999999997,Prostate,non_neural
GTEX-11DZ1-0226-SM-5A5KF,GTEX-11DZ1,55.0,66.55677,11.55677,Adipose - Subcutaneous,non_neural
GTEX-TML8-0926-SM-4DXSJ,GTEX-TML8,45.0,45.65511,0.6551100000000005,Ovary,non_neural
GTEX-REY6-0326-SM-2TF5A,GTEX-REY6,65.0,45.262672,-19.737327999999998,Adipose - Subcutaneous,non_neural
GTEX-1I1GT-1326-SM-ACKWB,GTEX-1I1GT,65.0,63.43521,-1.5647900000000021,Adipose - Visceral (Omentum),non_neural
GTEX-1GF9W-0126-SM-7PC12,GTEX-1GF9W,65.0,42.49018,-22.509819999999998,Nerve - Tibial,neural
GTEX-13QIC-0011-R4a-SM-5PNX8,GTEX-13QIC,65.0,68.36789,3.3678900000000027,Brain - Amygdala,neural
GTEX-1CB4I-1626-SM-7RHGV,GTEX-1CB4I,55.0,51.62017,-3.3798299999999983,Heart - Left Ventricle,non_neural
GTEX-11ZU8-0011-R5a-SM-GJ3PY,GTEX-11ZU8,65.0,69.39478,4.394779999999997,Brain - Caudate (basal ganglia),neural
GTEX-1HB9E-1626-SM-ARL9J,GTEX-1HB9E,55.0,60.84807,5.84807,Esophagus - Muscularis,non_neural
GTEX-ZYT6-0526-SM-5GIEA,GTEX-ZYT6,35.0,33.41395,-1.5860500000000002,Lung,non_neural
GTEX-1RQED-0011-R6b-SM-F3K5S,GTEX-1RQED,65.0,61.314026,-3.6859740000000016,Brain - Nucleus accumbens (basal ganglia),neural
GTEX-ZVTK-0008-SM-57WDA,GTEX-ZVTK,25.0,32.281227,7.281227000000001,Cells - Cultured fibroblasts,non_neural
GTEX-1RLM8-0426-SM-G8OL5,GTEX-1RLM8,55.0,57.1717,2.1717000000000013,Artery - Coronary,non_neural
GTEX-12WSJ-1526-SM-5GCNI,GTEX-12WSJ,45.0,40.219418,-4.7805820000000026,Colon - Transverse,non_neural
GTEX-X4EO-2526-SM-EWRM8,GTEX-X4EO,65.0,58.25038,-6.74962,Colon - Transverse,non_neural
GTEX-13OW6-0011-R6b-SM-5L3GR,GTEX-13OW6,55.0,53.80637,-1.1936299999999989,Brain - Nucleus accumbens (basal ganglia),neural
GTEX-1MGNQ-0826-SM-EVR41,GTEX-1MGNQ,45.0,43.739956,-1.2600440000000006,Lung,non_neural
GTEX-1QCLZ-2326-SM-DTXDO,GTEX-1QCLZ,65.0,59.46662,-5.533380000000001,Breast - Mammary Tissue,non_neural
GTEX-1GMR2-1126-SM-7RHI6,GTEX-1GMR2,55.0,48.886623,-6.113377,Artery - Aorta,non_neural
GTEX-13FH7-0426-SM-5KM4M,GTEX-13FH7,55.0,63.166115,8.166114999999998,Artery - Coronary,non_neural
GTEX-ZF2S-2326-SM-4WWCE,GTEX-ZF2S,55.0,50.63728,-4.362720000000003,Skin - Sun Exposed (Lower leg),non_neural
GTEX-1I1GS-0005-SM-DHXIW,GTEX-1I1GS,65.0,71.6311,6.6311000000000035,Whole Blood,non_neural
GTEX-X4XX-0011-R11A-SM-46MWQ,GTEX-X4XX,65.0,58.828705,-6.171295000000001,Brain - Cerebellar Hemisphere,neural
GTEX-183WM-0011-R5a-SM-718A4,GTEX-183WM,75.0,73.68167,-1.318330000000003,Brain - Caudate (basal ganglia),neural
GTEX-13O61-1325-D-SM-DLZRC,GTEX-13O61,65.0,59.821846,-5.178153999999999,Small Intestine - Terminal Ileum - Lymphoid Aggregate,non_neural
GTEX-131XH-0426-SM-5DUWU,GTEX-131XH,55.0,53.549828,-1.450172000000002,Lung,non_neural
GTEX-V1D1-2026-SM-3GAF4,GTEX-V1D1,55.0,45.058784,-9.941215999999997,Skin - Not Sun Exposed (Suprapubic),non_neural
GTEX-11ZVC-0126-SM-5986G,GTEX-11ZVC,55.0,47.773895,-7.226104999999997,Thyroid,non_neural
GTEX-1F52S-0226-SM-7SB7U,GTEX-1F52S,65.0,65.024155,0.024154999999993265,Adipose - Subcutaneous,non_neural
GTEX-139TS-0011-R2b-SM-5J1MX,GTEX-139TS,65.0,64.26367,-0.7363299999999953,Brain - Substantia nigra,neural
GTEX-ZPU1-2426-SM-4WWFM,GTEX-ZPU1,45.0,49.068127,4.068126999999997,Adipose - Subcutaneous,non_neural
GTEX-1JMQI-0226-SM-ARZN3,GTEX-1JMQI,55.0,49.882374,-5.117626000000001,Artery - Aorta,non_neural
GTEX-1JMQL-1026-SM-CMKGV,GTEX-1JMQL,55.0,49.0798,-5.920200000000001,Heart - Atrial Appendage,non_neural
GTEX-17F96-1626-SM-7DUFL,GTEX-17F96,75.0,66.66231,-8.337689999999995,Skin - Sun Exposed (Lower leg),non_neural
GTEX-11EI6-2626-SM-5PNVT,GTEX-11EI6,65.0,56.966705,-8.033295000000003,Colon - Sigmoid,non_neural
GTEX-14JG6-1926-SM-6LLIG,GTEX-14JG6,35.0,39.79367,4.793669999999999,Nerve - Tibial,neural
GTEX-16MT9-0326-SM-GNTCH,GTEX-16MT9,65.0,64.26901,-0.7309900000000056,Artery - Tibial,non_neural
GTEX-148VJ-0126-SM-5TDDN,GTEX-148VJ,75.0,70.061676,-4.938323999999994,Skin - Sun Exposed (Lower leg),non_neural
GTEX-14JIY-0226-SM-GNTBC,GTEX-14JIY,65.0,61.135185,-3.864815,Artery - Tibial,non_neural
GTEX-1H3NZ-0008-SM-F21JR,GTEX-1H3NZ,65.0,51.680466,-13.319533999999997,Cells - Cultured fibroblasts,non_neural
GTEX-RU1J-0426-SM-46MUK,GTEX-RU1J,25.0,27.355427,2.355426999999999,Esophagus - Muscularis,non_neural
GTEX-13O21-1726-SM-5MR5A,GTEX-13O21,55.0,64.34436,9.344359999999995,Muscle - Skeletal,non_neural
GTEX-UPJH-0826-SM-4WKFD,GTEX-UPJH,55.0,57.998028,2.998027999999998,Lung,non_neural
GTEX-1QAET-1126-SM-E8VML,GTEX-1QAET,55.0,59.197098,4.197097999999997,Adipose - Subcutaneous,non_neural
GTEX-1FIGZ-1726-SM-9MQKS,GTEX-1FIGZ,45.0,46.9668,1.9667999999999992,Muscle - Skeletal,non_neural
GTEX-14PJ6-1126-SM-6AJ9R,GTEX-14PJ6,65.0,59.80715,-5.19285,Esophagus - Muscularis,non_neural
GTEX-11EQ9-1326-SM-5985X,GTEX-11EQ9,35.0,38.656296,3.6562959999999975,Small Intestine - Terminal Ileum,non_neural
GTEX-1JJ6O-0011-R9a-SM-EYYXP,GTEX-1JJ6O,65.0,62.339165,-2.6608349999999987,Brain - Spinal cord (cervical c-1),neural
GTEX-11PRG-1526-SM-5HL6Z,GTEX-11PRG,55.0,55.001686,0.0016859999999994102,Adipose - Visceral (Omentum),non_neural
GTEX-1HFI6-0011-R4b-SM-A96RT,GTEX-1HFI6,45.0,44.916725,-0.08327500000000043,Brain - Amygdala,neural
GTEX-1192X-0011-R9b-SM-DO934,GTEX-1192X,55.0,54.90253,-0.09747000000000128,Brain - Spinal cord (cervical c-1),neural
GTEX-1JMQK-2826-SM-CXZJV,GTEX-1JMQK,65.0,68.39317,3.393169999999998,Pituitary,non_neural
GTEX-1O97I-1726-SM-EXOIP,GTEX-1O97I,65.0,57.65895,-7.341050000000003,Pancreas,non_neural
GTEX-1RAZS-2926-SM-EVR4T,GTEX-1RAZS,55.0,64.00882,9.00882,Pituitary,non_neural
GTEX-1QEPI-2926-SM-EXOIV,GTEX-1QEPI,65.0,64.49285,-0.5071499999999958,Pituitary,non_neural
GTEX-WFG8-1726-SM-4LVM6,GTEX-WFG8,25.0,34.864212,9.864212000000002,Colon - Sigmoid,non_neural
GTEX-1P4AB-0011-R2a-SM-F649K,GTEX-1P4AB,55.0,55.315266,0.31526600000000116,Brain - Substantia nigra,neural
GTEX-15ETS-0008-SM-E8VNG,GTEX-15ETS,45.0,54.231728,9.231727999999997,Cells - Cultured fibroblasts,non_neural
GTEX-1LG7Y-1226-SM-CXZKD,GTEX-1LG7Y,55.0,64.38518,9.385180000000005,Heart - Left Ventricle,non_neural
GTEX-1AX8Z-2526-SM-731E3,GTEX-1AX8Z,65.0,55.240517,-9.759483000000003,Small Intestine - Terminal Ileum,non_neural
GTEX-1IL2U-2926-SM-GA8ZO,GTEX-1IL2U,65.0,62.6769,-2.3230999999999966,Brain - Cerebellum,neural
GTEX-111YS-0001-SM-HKZYQ,GTEX-111YS,65.0,63.886993,-1.1130070000000032,Cells - EBV-transformed lymphocytes,non_neural
GTEX-12WSG-0826-SM-5EQ5A,GTEX-12WSG,55.0,50.566788,-4.4332119999999975,Kidney - Cortex,non_neural
GTEX-1QCLZ-0826-SM-EWRNA,GTEX-1QCLZ,65.0,64.60941,-0.3905900000000031,Artery - Coronary,non_neural
GTEX-WYBS-1226-SM-3NM9N,GTEX-WYBS,65.0,58.327705,-6.672294999999998,Heart - Atrial Appendage,non_neural
GTEX-1JMQL-3026-SM-D4P2Q,GTEX-1JMQL,55.0,61.045258,6.045257999999997,Pituitary,non_neural
GTEX-1B8KE-0926-SM-7189I,GTEX-1B8KE,55.0,55.98844,0.9884399999999971,Adrenal Gland,non_neural
GTEX-17F98-0226-SM-793BV,GTEX-17F98,45.0,47.828438,2.8284379999999985,Lung,non_neural
GTEX-15RIF-1826-SM-6M469,GTEX-15RIF,25.0,36.152508,11.152507999999997,Testis,non_neural
GTEX-1GN1U-0226-SM-9YFLQ,GTEX-1GN1U,55.0,51.303036,-3.6969640000000012,Adipose - Subcutaneous,non_neural
GTEX-Q2AH-1426-SM-EXOHC,GTEX-Q2AH,45.0,57.517105,12.517105,Prostate,non_neural
GTEX-ZDXO-2926-SM-4WKFM,GTEX-ZDXO,65.0,56.234,-8.765999999999998,Brain - Cerebellum,neural
GTEX-148VI-0526-SM-5TDDG,GTEX-148VI,65.0,45.811813,-19.188187,Thyroid,non_neural
GTEX-RVPV-2626-SM-F21IR,GTEX-RVPV,65.0,60.352577,-4.647423000000003,Pituitary,non_neural
GTEX-131XE-0006-SM-5P9F9,GTEX-131XE,55.0,48.428665,-6.571334999999998,Whole Blood,non_neural
GTEX-15ER7-0726-SM-7KUMF,GTEX-15ER7,25.0,24.968168,-0.031832000000001415,Thyroid,non_neural
GTEX-QLQW-0326-SM-447A8,GTEX-QLQW,35.0,46.098705,11.098705000000002,Pancreas,non_neural
GTEX-OXRL-0426-SM-3NM97,GTEX-OXRL,55.0,55.8809,0.8808999999999969,Artery - Aorta,non_neural
GTEX-13QJ3-0826-SM-5PNV5,GTEX-13QJ3,55.0,59.236794,4.236794000000003,Breast - Mammary Tissue,non_neural
GTEX-1JMQL-0011-R1a-SM-F3K4U,GTEX-1JMQL,55.0,56.04224,1.0422399999999996,Brain - Hippocampus,neural
GTEX-ZXES-0626-SM-5E45P,GTEX-ZXES,35.0,36.605347,1.6053470000000019,Vagina,non_neural
GTEX-OXRP-0226-SM-3NB14,GTEX-OXRP,65.0,63.453423,-1.5465769999999992,Adipose - Subcutaneous,non_neural
GTEX-XMK1-1026-SM-4B65H,GTEX-XMK1,45.0,48.59249,3.592489999999998,Prostate,non_neural
GTEX-1MJK2-0011-R10b-SM-F649G,GTEX-1MJK2,55.0,59.249504,4.249504000000002,Brain - Frontal Cortex (BA9),neural
GTEX-1477Z-2826-SM-5MR6K,GTEX-1477Z,65.0,61.1447,-3.8552999999999997,Pituitary,non_neural
GTEX-14DAR-1026-SM-73KV3,GTEX-14DAR,55.0,47.84948,-7.15052,Prostate,non_neural
GTEX-1L5NE-1426-SM-DHXKV,GTEX-1L5NE,55.0,56.871433,1.8714330000000032,Esophagus - Mucosa,non_neural
GTEX-1M5QR-0426-SM-GNIOM,GTEX-1M5QR,45.0,49.908756,4.908755999999997,Adipose - Visceral (Omentum),non_neural
GTEX-1HSKV-2026-SM-CMKGX,GTEX-1HSKV,65.0,68.39147,3.391469999999998,Breast - Mammary Tissue,non_neural
GTEX-Y3I4-0326-SM-4TT28,GTEX-Y3I4,55.0,54.712074,-0.2879259999999988,Artery - Aorta,non_neural
GTEX-ZE9C-0011-R3a-SM-4WKGT,GTEX-ZE9C,65.0,64.46966,-0.5303399999999954,Brain - Anterior cingulate cortex (BA24),neural
GTEX-1MA7X-0011-R2b-SM-EZ6MT,GTEX-1MA7X,65.0,57.39678,-7.60322,Brain - Substantia nigra,neural
GTEX-1HSMO-0011-R2a-SM-CL553,GTEX-1HSMO,65.0,55.581116,-9.418883999999998,Brain - Substantia nigra,neural
GTEX-1GN1W-0003-SM-EY5XR,GTEX-1GN1W,55.0,48.64335,-6.356650000000002,Cells - EBV-transformed lymphocytes,non_neural
GTEX-1PFEY-1726-SM-DPRZ4,GTEX-1PFEY,35.0,30.386896,-4.613104,Colon - Sigmoid,non_neural
GTEX-12BJ1-0006-SM-5MR86,GTEX-12BJ1,65.0,57.284653,-7.715347000000001,Whole Blood,non_neural
GTEX-ZDTS-0226-SM-5HL7Q,GTEX-ZDTS,65.0,61.21483,-3.785170000000001,Adipose - Subcutaneous,non_neural
GTEX-S32W-0426-SM-4AD6H,GTEX-S32W,55.0,55.86981,0.8698100000000011,Artery - Aorta,non_neural
GTEX-YFCO-0005-SM-4W1ZI,GTEX-YFCO,45.0,42.132732,-2.867268000000003,Whole Blood,non_neural
GTEX-1C6WA-0011-R7b-SM-7P8S8,GTEX-1C6WA,65.0,64.05604,-0.9439600000000041,Brain - Putamen (basal ganglia),neural
GTEX-1I1GP-0126-SM-CYPSG,GTEX-1I1GP,55.0,59.432915,4.432915000000001,Nerve - Tibial,neural
GTEX-15UKP-1926-SM-6LPI9,GTEX-15UKP,25.0,44.565712,19.565711999999998,Lung,non_neural
GTEX-1H23P-0011-R10a-SM-A96RS,GTEX-1H23P,65.0,69.162254,4.162254000000004,Brain - Frontal Cortex (BA9),neural
GTEX-1KD4Q-0126-SM-GMXC1,GTEX-1KD4Q,45.0,45.334267,0.334266999999997,Adipose - Subcutaneous,non_neural
GTEX-O5YT-1426-SM-3MJHC,GTEX-O5YT,25.0,32.00002,7.000019999999999,Colon - Transverse,non_neural
GTEX-18A6Q-2226-SM-7LG61,GTEX-18A6Q,65.0,61.90867,-3.0913299999999992,Colon - Sigmoid,non_neural
GTEX-1C6VQ-2626-SM-7IGMQ,GTEX-1C6VQ,55.0,55.68859,0.6885899999999978,Colon - Sigmoid,non_neural
GTEX-16XZY-1026-SM-HAV39,GTEX-16XZY,75.0,56.970215,-18.029784999999997,Kidney - Cortex,non_neural
GTEX-139T6-0526-SM-5IJC9,GTEX-139T6,55.0,45.706207,-9.293793,Adipose - Visceral (Omentum),non_neural
GTEX-1JMOU-0011-R9b-SM-EY5YI,GTEX-1JMOU,65.0,75.36247,10.362470000000002,Brain - Spinal cord (cervical c-1),neural
GTEX-139T6-1426-SM-5P9J7,GTEX-139T6,55.0,50.231342,-4.768658000000002,Colon - Sigmoid,non_neural
GTEX-11DYG-0011-R7b-SM-EXUS6,GTEX-11DYG,65.0,59.99081,-5.009189999999997,Brain - Putamen (basal ganglia),neural
GTEX-1RDX4-0005-SM-DLHBS,GTEX-1RDX4,55.0,59.51806,4.518059999999998,Whole Blood,non_neural
GTEX-12ZZX-0226-SM-5DUXU,GTEX-12ZZX,45.0,40.96814,-4.031860000000002,Adipose - Subcutaneous,non_neural
GTEX-11PRG-0011-R4a-SM-DNZZR,GTEX-11PRG,55.0,54.906105,-0.09389500000000339,Brain - Amygdala,neural
GTEX-1QCLZ-1526-SM-EXUSS,GTEX-1QCLZ,65.0,59.296074,-5.703926000000003,Esophagus - Gastroesophageal Junction,non_neural
GTEX-1H3VY-0526-SM-9MQKE,GTEX-1H3VY,55.0,48.45797,-6.542029999999997,Nerve - Tibial,neural
GTEX-13112-2526-SM-GHWPV,GTEX-13112,55.0,60.6916,5.691600000000001,Artery - Tibial,non_neural
GTEX-1LH75-2126-SM-EVR5F,GTEX-1LH75,55.0,54.912544,-0.08745600000000309,Colon - Transverse,non_neural
GTEX-14PJ3-0126-SM-69LQP,GTEX-14PJ3,55.0,54.308937,-0.6910629999999998,Thyroid,non_neural
GTEX-ZYFG-1925-B-SM-DLZS1,GTEX-ZYFG,65.0,66.121635,1.1216349999999977,Colon - Transverse - Mucosa,non_neural
GTEX-13X6I-1526-SM-5MR7D,GTEX-13X6I,65.0,57.26049,-7.739510000000003,Adipose - Visceral (Omentum),non_neural
GTEX-1S82Z-1726-SM-E6CHZ,GTEX-1S82Z,35.0,42.31164,7.311639999999997,Stomach,non_neural
GTEX-1A32A-1326-SM-73KWW,GTEX-1A32A,55.0,50.845943,-4.154057000000002,Heart - Atrial Appendage,non_neural
GTEX-11ZTS-1926-SM-5CVLA,GTEX-11ZTS,65.0,86.3937,21.393699999999995,Ovary,non_neural
GTEX-12WSF-0011-R6b-SM-5HL8W,GTEX-12WSF,75.0,73.54678,-1.4532200000000017,Brain - Nucleus accumbens (basal ganglia),neural
GTEX-139TT-2126-SM-5LZWC,GTEX-139TT,65.0,69.43448,4.4344799999999935,Skin - Not Sun Exposed (Suprapubic),non_neural
GTEX-T5JC-0001-SM-3NMAK,GTEX-T5JC,25.0,42.96532,17.96532,Cells - EBV-transformed lymphocytes,non_neural
GTEX-1E2YA-1626-SM-7MGXS,GTEX-1E2YA,55.0,52.640465,-2.359535000000001,Kidney - Cortex,non_neural
GTEX-11DYG-1426-SM-5A5JR,GTEX-11DYG,65.0,57.371964,-7.628036000000002,Esophagus - Muscularis,non_neural
GTEX-1C6VQ-1526-SM-73KU9,GTEX-1C6VQ,55.0,49.94252,-5.057479999999998,Adipose - Visceral (Omentum),non_neural
GTEX-Y3I4-2126-SM-4TT7C,GTEX-Y3I4,55.0,60.679527,5.679527,Skin - Sun Exposed (Lower leg),non_neural
GTEX-ZY6K-1226-SM-5GZYL,GTEX-ZY6K,55.0,40.03305,-14.966949999999997,Colon - Transverse,non_neural
GTEX-WVJS-0126-SM-4MVOT,GTEX-WVJS,55.0,55.89814,0.8981399999999979,Skin - Sun Exposed (Lower leg),non_neural
GTEX-1QAET-0826-SM-E76QR,GTEX-1QAET,55.0,66.207184,11.207183999999998,Artery - Coronary,non_neural
GTEX-1K9T9-1526-SM-DIPFR,GTEX-1K9T9,55.0,52.657333,-2.3426669999999987,Skin - Not Sun Exposed (Suprapubic),non_neural
GTEX-139T8-0011-R4a-SM-5HL54,GTEX-139T8,65.0,61.66887,-3.3311300000000017,Brain - Amygdala,neural
GTEX-OXRK-1026-SM-GQ1C1,GTEX-OXRK,55.0,54.67163,-0.3283699999999996,Artery - Aorta,non_neural
GTEX-S33H-2326-SM-2XCB3,GTEX-S33H,35.0,42.420845,7.420845,Nerve - Tibial,neural
GTEX-147JS-0126-SM-5S2TW,GTEX-147JS,65.0,62.679733,-2.320267000000001,Testis,non_neural
GTEX-1S5ZA-1426-SM-E6CJQ,GTEX-1S5ZA,25.0,29.949251,4.949251,Colon - Sigmoid,non_neural
GTEX-YB5E-0826-SM-4VDRZ,GTEX-YB5E,45.0,37.18898,-7.811019999999999,Esophagus - Muscularis,non_neural
GTEX-13O21-0326-SM-5J1N9,GTEX-13O21,55.0,56.878548,1.878548000000002,Heart - Atrial Appendage,non_neural
GTEX-1B933-2126-SM-7MGXR,GTEX-1B933,55.0,52.2056,-2.794400000000003,Ovary,non_neural
GTEX-1N2DW-2826-SM-E9TK5,GTEX-1N2DW,55.0,59.51644,4.516440000000003,Brain - Cortex,neural
GTEX-13JVG-0005-SM-HKZYO,GTEX-13JVG,65.0,52.679947,-12.320053000000001,Whole Blood,non_neural
GTEX-Y3I4-0226-SM-4TT27,GTEX-Y3I4,55.0,53.322174,-1.6778260000000031,Thyroid,non_neural
GTEX-1J1R8-1026-SM-CJI37,GTEX-1J1R8,45.0,40.083042,-4.916958000000001,Esophagus - Gastroesophageal Junction,non_neural
GTEX-15SDE-0326-SM-GNIOT,GTEX-15SDE,55.0,50.494633,-4.505367,Adipose - Visceral (Omentum),non_neural
GTEX-13FXS-0011-R1a-SM-5K7U6,GTEX-13FXS,55.0,51.657684,-3.3423159999999967,Brain - Hippocampus,neural
GTEX-ZYFD-0011-R11a-SM-H7OHB,GTEX-ZYFD,55.0,54.316074,-0.6839259999999996,Brain - Cerebellar Hemisphere,neural
GTEX-11EQ9-1826-SM-5Q5AJ,GTEX-11EQ9,35.0,31.261051,-3.7389490000000016,Breast - Mammary Tissue,non_neural
GTEX-QLQW-0626-SM-447A6,GTEX-QLQW,35.0,50.95059,15.950589999999998,Esophagus - Muscularis,non_neural
GTEX-17EVP-0005-SM-7P8RC,GTEX-17EVP,45.0,50.230164,5.230164000000002,Whole Blood,non_neural
GTEX-1QEPI-0226-SM-EWRMR,GTEX-1QEPI,65.0,68.10749,3.1074899999999985,Adipose - Subcutaneous,non_neural
GTEX-1A8G6-0011-R7b-SM-7MXTV,GTEX-1A8G6,65.0,68.922905,3.922905,Brain - Putamen (basal ganglia),neural
GTEX-ZAJG-1326-SM-5S2NV,GTEX-ZAJG,55.0,46.52445,-8.475549999999998,Esophagus - Mucosa,non_neural
GTEX-1EKGG-0011-R11a-SM-9QEHZ,GTEX-1EKGG,65.0,57.93519,-7.064810000000001,Brain - Cerebellar Hemisphere,neural
GTEX-111YS-0626-SM-5GZXV,GTEX-111YS,65.0,55.494884,-9.505116000000001,Lung,non_neural
GTEX-1F88F-0008-SM-EAZCT,GTEX-1F88F,65.0,53.82515,-11.17485,Cells - Cultured fibroblasts,non_neural
GTEX-1L5NE-0326-SM-E6CIC,GTEX-1L5NE,55.0,56.92196,1.9219599999999986,Artery - Aorta,non_neural
GTEX-145MO-1526-SM-5QGQC,GTEX-145MO,65.0,65.29257,0.2925699999999978,Esophagus - Muscularis,non_neural
GTEX-1RAZR-1226-SM-E6CRD,GTEX-1RAZR,45.0,42.90417,-2.0958299999999994,Esophagus - Mucosa,non_neural
GTEX-1M4P7-2226-SM-GPI9V,GTEX-1M4P7,65.0,61.819504,-3.180495999999998,Colon - Sigmoid,non_neural
GTEX-WVLH-0011-R11A-SM-3MJFO,GTEX-WVLH,55.0,48.803593,-6.196407000000001,Brain - Cerebellar Hemisphere,neural
GTEX-1CB4I-0126-SM-7RHGG,GTEX-1CB4I,55.0,53.486534,-1.513466000000001,Skin - Not Sun Exposed (Suprapubic),non_neural
GTEX-YB5K-0626-SM-5LUB5,GTEX-YB5K,45.0,53.437317,8.437317,Esophagus - Gastroesophageal Junction,non_neural
GTEX-12C56-1926-SM-5FQUG,GTEX-12C56,25.0,26.9971,1.9970999999999997,Muscle - Skeletal,non_neural
GTEX-1QPFJ-2626-SM-DPRZU,GTEX-1QPFJ,35.0,38.460644,3.460644000000002,Small Intestine - Terminal Ileum,non_neural
GTEX-16NGA-0226-SM-718AI,GTEX-16NGA,45.0,39.924316,-5.0756840000000025,Lung,non_neural
GTEX-1H1DG-2926-SM-9WYU3,GTEX-1H1DG,75.0,64.76814,-10.231859999999998,Brain - Cortex,neural
GTEX-1I19N-0011-R9a-SM-CMKHN,GTEX-1I19N,75.0,66.29735,-8.702650000000006,Brain - Spinal cord (cervical c-1),neural
GTEX-13OVJ-0011-R5a-SM-5P9H7,GTEX-13OVJ,55.0,51.334213,-3.6657870000000017,Brain - Caudate (basal ganglia),neural
GTEX-1269C-2626-SM-5EQ5C,GTEX-1269C,65.0,55.96058,-9.03942,Muscle - Skeletal,non_neural
GTEX-1I1GV-0008-SM-F2I18,GTEX-1I1GV,65.0,59.203785,-5.796214999999997,Cells - Cultured fibroblasts,non_neural
GTEX-17GQL-0826-SM-731AM,GTEX-17GQL,65.0,69.44092,4.4409200000000055,Adipose - Visceral (Omentum),non_neural
GTEX-1LSVX-0011-R8a-SM-F2TB3,GTEX-1LSVX,65.0,62.044308,-2.955691999999999,Brain - Hypothalamus,neural
GTEX-1QW4Y-1326-SM-EWRMZ,GTEX-1QW4Y,35.0,43.681927,8.681927000000002,Colon - Transverse,non_neural
GTEX-1I1HK-2826-SM-CKZPL,GTEX-1I1HK,65.0,68.6455,3.6454999999999984,Brain - Cortex,neural
GTEX-QEG5-0826-SM-2I5GF,GTEX-QEG5,25.0,35.460487,10.460487,Thyroid,non_neural
GTEX-TKQ1-0226-SM-33HB5,GTEX-TKQ1,35.0,29.677792,-5.322208,Breast - Mammary Tissue,non_neural
GTEX-Q2AG-1226-SM-4GICA,GTEX-Q2AG,45.0,47.858784,2.858784,Esophagus - Muscularis,non_neural
GTEX-1CAMR-1326-SM-7PC1F,GTEX-1CAMR,25.0,30.965164,5.9651640000000015,Skin - Not Sun Exposed (Suprapubic),non_neural
GTEX-14ABY-0726-SM-5Q5DF,GTEX-14ABY,55.0,54.28084,-0.7191600000000022,Prostate,non_neural
GTEX-1I1GU-1926-SM-ADEHK,GTEX-1I1GU,45.0,46.500893,1.5008929999999978,Artery - Tibial,non_neural
GTEX-1GN1V-2826-SM-9JGIA,GTEX-1GN1V,65.0,61.599968,-3.400032000000003,Skin - Not Sun Exposed (Suprapubic),non_neural
GTEX-11GS4-3126-SM-5A5LH,GTEX-11GS4,65.0,62.23687,-2.7631299999999968,Brain - Cortex,neural
GTEX-145LS-2926-SM-5O99G,GTEX-145LS,65.0,65.86797,0.8679699999999997,Colon - Sigmoid,non_neural
GTEX-S3LF-1126-SM-EVR33,GTEX-S3LF,75.0,65.91882,-9.081180000000003,Lung,non_neural
GTEX-139YR-1026-SM-5LZYN,GTEX-139YR,55.0,57.736977,2.736977000000003,Skin - Not Sun Exposed (Suprapubic),non_neural
GTEX-17GQL-1626-SM-7LG69,GTEX-17GQL,65.0,58.05828,-6.941719999999997,Colon - Sigmoid,non_neural
GTEX-1E2YA-0011-R5a-SM-9QEGT,GTEX-1E2YA,55.0,59.254852,4.254852,Brain - Caudate (basal ganglia),neural
GTEX-UPJH-0726-SM-4IHJW,GTEX-UPJH,55.0,59.904312,4.904311999999997,Artery - Tibial,non_neural
GTEX-RTLS-1226-SM-46MUP,GTEX-RTLS,65.0,57.41863,-7.58137,Esophagus - Muscularis,non_neural
GTEX-13FHO-0011-R10b-SM-5J2MM,GTEX-13FHO,65.0,61.34271,-3.6572900000000033,Brain - Frontal Cortex (BA9),neural
GTEX-148VJ-2426-SM-5NQ9Y,GTEX-148VJ,75.0,71.47365,-3.5263499999999937,Colon - Sigmoid,non_neural
GTEX-1A3MV-1526-SM-731BO,GTEX-1A3MV,35.0,36.585655,1.5856550000000027,Esophagus - Muscularis,non_neural
GTEX-RWS6-0008-SM-47JYV,GTEX-RWS6,65.0,58.247993,-6.752006999999999,Cells - Cultured fibroblasts,non_neural
GTEX-1E1VI-0011-R8b-SM-ARU8E,GTEX-1E1VI,55.0,52.927277,-2.0727230000000034,Brain - Hypothalamus,neural
GTEX-RU72-0726-SM-46MUW,GTEX-RU72,55.0,49.723698,-5.276302000000001,Esophagus - Mucosa,non_neural
GTEX-14H4A-0426-SM-5ZZWO,GTEX-14H4A,45.0,38.238487,-6.761513000000001,Heart - Atrial Appendage,non_neural
GTEX-13S86-1126-SM-5RQJX,GTEX-13S86,45.0,46.507282,1.5072819999999965,Thyroid,non_neural
GTEX-WHSE-1226-SM-F21KR,GTEX-WHSE,25.0,26.97288,1.97288,Breast - Mammary Tissue,non_neural
GTEX-13SLW-0126-SM-5SI6C,GTEX-13SLW,75.0,64.744774,-10.255225999999993,Skin - Sun Exposed (Lower leg),non_neural
GTEX-OHPL-1326-SM-3MJGG,GTEX-OHPL,65.0,61.200134,-3.7998660000000015,Adrenal Gland,non_neural
GTEX-1F88E-1826-SM-9MQLV,GTEX-1F88E,65.0,74.56965,9.569649999999996,Muscle - Skeletal,non_neural
GTEX-12WSL-1626-SM-5GCMU,GTEX-12WSL,55.0,62.497223,7.497222999999998,Colon - Transverse,non_neural
GTEX-ZDYS-1026-SM-4WKHC,GTEX-ZDYS,55.0,60.770145,5.770144999999999,Spleen,non_neural
GTEX-T2IS-2626-SM-32QPP,GTEX-T2IS,25.0,34.968178,9.968178000000002,Muscle - Skeletal,non_neural
GTEX-1F48J-0011-R5b-SM-9OSVZ,GTEX-1F48J,55.0,54.79496,-0.20503999999999678,Brain - Caudate (basal ganglia),neural
GTEX-1HCU9-1726-SM-ADEHY,GTEX-1HCU9,25.0,35.300625,10.300624999999997,Nerve - Tibial,neural
GTEX-14PJM-1726-SM-6LLHB,GTEX-14PJM,55.0,65.45879,10.458789999999993,Esophagus - Gastroesophageal Junction,non_neural
GTEX-1JMPY-0006-SM-DHXJ8,GTEX-1JMPY,35.0,44.10697,9.106969999999997,Whole Blood,non_neural
GTEX-147JS-1026-SM-5S2MP,GTEX-147JS,65.0,66.956085,1.9560850000000016,Adipose - Visceral (Omentum),non_neural
GTEX-1I1GU-0226-SM-AHZ2J,GTEX-1I1GU,45.0,33.0785,-11.921500000000002,Adrenal Gland,non_neural
GTEX-1GF9V-1526-SM-7PC3E,GTEX-1GF9V,65.0,72.282394,7.2823939999999965,Artery - Aorta,non_neural
GTEX-S341-0626-SM-4AD5T,GTEX-S341,45.0,41.57247,-3.4275299999999973,Stomach,non_neural
GTEX-WEY5-0726-SM-4LMID,GTEX-WEY5,45.0,52.108505,7.108505000000001,Uterus,non_neural
GTEX-QCQG-0726-SM-43V8X,GTEX-QCQG,55.0,50.8578,-4.1422000000000025,Esophagus - Muscularis,non_neural
GTEX-WYJK-0826-SM-3NM8Y,GTEX-WYJK,55.0,56.411694,1.4116939999999971,Lung,non_neural
GTEX-1M4P7-0426-SM-DKPQG,GTEX-1M4P7,65.0,62.03956,-2.9604399999999984,Artery - Tibial,non_neural
GTEX-1A32A-0826-SM-72D5C,GTEX-1A32A,55.0,51.15094,-3.8490600000000015,Liver,non_neural
GTEX-1QP29-1626-SM-EXUSZ,GTEX-1QP29,55.0,52.324722,-2.6752779999999987,Adipose - Visceral (Omentum),non_neural
GTEX-XPT6-0226-SM-4B65L,GTEX-XPT6,25.0,27.267487,2.267486999999999,Heart - Atrial Appendage,non_neural
GTEX-1OJC4-2326-SM-DTXA5,GTEX-1OJC4,55.0,63.43493,8.434930000000001,Kidney - Cortex,non_neural
GTEX-15RIF-1026-SM-7KUMZ,GTEX-15RIF,25.0,32.937668,7.937668000000002,Esophagus - Gastroesophageal Junction,non_neural
GTEX-1IY9M-0002-SM-F3K41,GTEX-1IY9M,65.0,59.5938,-5.406199999999998,Cells - EBV-transformed lymphocytes,non_neural
GTEX-1NV5F-3226-SM-EXUSL,GTEX-1NV5F,65.0,64.27884,-0.7211599999999976,Brain - Cortex,neural
GTEX-1NSGN-0626-SM-E9J35,GTEX-1NSGN,55.0,64.79679,9.796790000000001,Minor Salivary Gland,non_neural
GTEX-11LCK-0326-SM-5A5M7,GTEX-11LCK,35.0,51.495876,16.495876000000003,Adipose - Visceral (Omentum),non_neural
GTEX-T8EM-1526-SM-3DB7I,GTEX-T8EM,45.0,49.28188,4.281880000000001,Nerve - Tibial,neural
GTEX-11ONC-2226-SM-5HL6D,GTEX-11ONC,65.0,62.761955,-2.2380449999999996,Testis,non_neural
GTEX-145LS-0626-SM-7EPG7,GTEX-145LS,65.0,68.97805,3.978049999999996,Skin - Not Sun Exposed (Suprapubic),non_neural
GTEX-WWYW-0011-R6A-SM-3NB3G,GTEX-WWYW,55.0,53.674477,-1.325522999999997,Brain - Nucleus accumbens (basal ganglia),neural
GTEX-1H1CY-0726-SM-9OSXX,GTEX-1H1CY,65.0,64.26118,-0.738820000000004,Thyroid,non_neural
GTEX-YEC4-2326-SM-5IFHV,GTEX-YEC4,45.0,42.80753,-2.19247,Artery - Tibial,non_neural
GTEX-144GL-0126-SM-5TDE2,GTEX-144GL,55.0,58.335045,3.335045000000001,Skin - Sun Exposed (Lower leg),non_neural
GTEX-1HSKV-0011-R1b-SM-CMKH7,GTEX-1HSKV,65.0,63.892647,-1.1073530000000034,Brain - Hippocampus,neural
GTEX-1I1GQ-0011-R11b-SM-CKZPA,GTEX-1I1GQ,55.0,55.83314,0.8331400000000002,Brain - Cerebellar Hemisphere,neural
GTEX-132QS-0008-SM-5ZZUB,GTEX-132QS,65.0,61.029953,-3.970047000000001,Cells - Cultured fibroblasts,non_neural
GTEX-11DXZ-2126-SM-59881,GTEX-11DXZ,55.0,56.641884,1.6418839999999975,Testis,non_neural
GTEX-1ICG6-1026-SM-B2LY6,GTEX-1ICG6,75.0,67.17673,-7.823269999999994,Liver,non_neural
GTEX-X3Y1-1326-SM-4PQZB,GTEX-X3Y1,45.0,37.64814,-7.351860000000002,Esophagus - Mucosa,non_neural
GTEX-13NYB-2626-SM-9YFMI,GTEX-13NYB,45.0,60.206734,15.206733999999997,Adipose - Subcutaneous,non_neural
GTEX-14A5H-0326-SM-5RQIB,GTEX-14A5H,65.0,56.528126,-8.471874,Muscle - Skeletal,non_neural
GTEX-ZVTK-0426-SM-51MRS,GTEX-ZVTK,25.0,34.155952,9.155952,Skin - Sun Exposed (Lower leg),non_neural
GTEX-145MG-0011-R7b-SM-5P9JY,GTEX-145MG,55.0,54.919533,-0.08046699999999873,Brain - Putamen (basal ganglia),neural
GTEX-WEY5-1926-SM-3GIL8,GTEX-WEY5,45.0,44.57875,-0.42125000000000057,Adipose - Subcutaneous,non_neural
GTEX-1HFI7-2026-SM-CGQFR,GTEX-1HFI7,55.0,52.870804,-2.1291960000000003,Adipose - Subcutaneous,non_neural
GTEX-14C38-1226-SM-5S2UK,GTEX-14C38,55.0,53.57813,-1.4218699999999984,Artery - Coronary,non_neural
GTEX-13X6I-1426-SM-5MR71,GTEX-13X6I,65.0,61.877724,-3.1222759999999994,Heart - Left Ventricle,non_neural
GTEX-YJ8A-1226-SM-5IFHH,GTEX-YJ8A,25.0,29.856129,4.856128999999999,Esophagus - Muscularis,non_neural
GTEX-15FZZ-0326-SM-6M48O,GTEX-15FZZ,35.0,53.451782,18.451782,Lung,non_neural
GTEX-144GM-1725-B-SM-AW8OU,GTEX-144GM,25.0,36.379257,11.379257000000003,Stomach - Mucosa,non_neural
GTEX-14PJP-0005-SM-7P8OM,GTEX-14PJP,25.0,52.59227,27.59227,Whole Blood,non_neural
GTEX-17EVP-0011-R10a-SM-7IGLP,GTEX-17EVP,45.0,46.454178,1.4541779999999989,Brain - Frontal Cortex (BA9),neural
GTEX-1IKK5-2726-SM-CNPQ6,GTEX-1IKK5,65.0,54.754128,-10.245871999999999,Colon - Transverse,non_neural
GTEX-1IDJH-0326-SM-A9SLQ,GTEX-1IDJH,75.0,58.04278,-16.95722,Skin - Sun Exposed (Lower leg),non_neural
GTEX-WFG8-1026-SM-4LVMZ,GTEX-WFG8,25.0,32.365585,7.365585000000003,Esophagus - Muscularis,non_neural
GTEX-U3ZN-0326-SM-3DB86,GTEX-U3ZN,35.0,44.50627,9.50627,Thyroid,non_neural
GTEX-13111-5001-SM-I9BPN,GTEX-13111,55.0,54.732735,-0.26726500000000186,Lung,non_neural
GTEX-Y114-0006-SM-4TT76,GTEX-Y114,55.0,47.282013,-7.717987000000001,Whole Blood,non_neural
GTEX-1I1GU-0006-SM-G8W6L,GTEX-1I1GU,45.0,47.102924,2.1029240000000016,Whole Blood,non_neural
GTEX-1QP28-1326-SM-DPRXZ,GTEX-1QP28,55.0,58.09939,3.0993899999999996,Ovary,non_neural
GTEX-1R9PO-2826-SM-E6CPV,GTEX-1R9PO,65.0,63.170414,-1.829585999999999,Brain - Cerebellum,neural
GTEX-15EO6-0011-R4a-SM-7KUKZ,GTEX-15EO6,55.0,50.846004,-4.153995999999999,Brain - Amygdala,neural
GTEX-11GS4-0011-R1a-SM-DO129,GTEX-11GS4,65.0,59.08578,-5.91422,Brain - Hippocampus,neural
GTEX-XPT6-2026-SM-4B64V,GTEX-XPT6,25.0,36.03409,11.034089999999999,Muscle - Skeletal,non_neural
GTEX-11P81-2526-SM-5GU6H,GTEX-11P81,35.0,44.036263,9.036262999999998,Muscle - Skeletal,non_neural
GTEX-RN5K-0011-R2A-SM-GQ1CA,GTEX-RN5K,55.0,59.584797,4.584797000000002,Brain - Substantia nigra,neural
GTEX-W5X1-2426-SM-HPAGA,GTEX-W5X1,45.0,46.812782,1.8127819999999986,Minor Salivary Gland,non_neural
GTEX-12584-0826-SM-5FQSK,GTEX-12584,45.0,43.358757,-1.641243000000003,Thyroid,non_neural
GTEX-12WSD-2626-SM-5EGJE,GTEX-12WSD,65.0,58.631424,-6.368575999999997,Colon - Sigmoid,non_neural
GTEX-U3ZN-0008-SM-4DXTL,GTEX-U3ZN,35.0,35.06662,0.06662000000000035,Cells - Cultured fibroblasts,non_neural
GTEX-PVOW-2526-SM-2XCF7,GTEX-PVOW,45.0,47.622,2.622,Brain - Cortex,neural
GTEX-1QCLY-1726-SM-DPRXY,GTEX-1QCLY,35.0,41.569782,6.5697819999999965,Colon - Transverse,non_neural
GTEX-13G51-0011-R2b-SM-5LZXS,GTEX-13G51,65.0,66.20856,1.2085600000000056,Brain - Substantia nigra,neural
GTEX-1H1ZS-0426-SM-9WG6G,GTEX-1H1ZS,75.0,65.57,-9.430000000000007,Skin - Sun Exposed (Lower leg),non_neural
GTEX-14PK6-0226-SM-62LF5,GTEX-14PK6,75.0,61.19854,-13.801459999999999,Skin - Not Sun Exposed (Suprapubic),non_neural
GTEX-1KANC-0326-SM-D3LA7,GTEX-1KANC,55.0,47.34945,-7.650550000000003,Artery - Aorta,non_neural
GTEX-QEL4-0126-SM-F21IC,GTEX-QEL4,55.0,58.106407,3.1064069999999973,Testis,non_neural
GTEX-1B8L1-1126-SM-7RHIC,GTEX-1B8L1,65.0,57.091866,-7.908133999999997,Esophagus - Muscularis,non_neural
GTEX-1JMPZ-0926-SM-CXZJR,GTEX-1JMPZ,35.0,35.396267,0.3962670000000017,Spleen,non_neural
GTEX-1OKEX-0226-SM-HM8UQ,GTEX-1OKEX,65.0,54.71774,-10.28226,Thyroid,non_neural
GTEX-14PN3-1126-SM-69LOR,GTEX-14PN3,65.0,63.164375,-1.8356250000000003,Esophagus - Muscularis,non_neural
GTEX-1LKK1-0011-R8a-SM-F341O,GTEX-1LKK1,55.0,62.320736,7.320735999999997,Brain - Hypothalamus,neural
GTEX-13FHO-0011-R3b-SM-5K7YA,GTEX-13FHO,65.0,61.09714,-3.902859999999997,Brain - Anterior cingulate cortex (BA24),neural
GTEX-13G51-1226-SM-5K7Z3,GTEX-13G51,65.0,64.68439,-0.3156100000000066,Thyroid,non_neural
GTEX-1399U-2426-SM-5K7XB,GTEX-1399U,55.0,52.583054,-2.416946000000003,Adipose - Subcutaneous,non_neural
GTEX-148VJ-0626-SM-5LUAW,GTEX-148VJ,75.0,64.64034,-10.359660000000005,Skin - Not Sun Exposed (Suprapubic),non_neural
GTEX-13OW8-0011-R7a-SM-5L3FP,GTEX-13OW8,65.0,62.30167,-2.6983299999999986,Brain - Putamen (basal ganglia),neural
GTEX-1F6I4-0011-R11b-SM-9OSWS,GTEX-1F6I4,65.0,60.628098,-4.371901999999999,Brain - Cerebellar Hemisphere,neural
GTEX-12ZZY-0326-SM-5LZVQ,GTEX-12ZZY,65.0,65.83056,0.8305600000000055,Adipose - Subcutaneous,non_neural
GTEX-183FY-1426-SM-7DHLM,GTEX-183FY,25.0,35.043884,10.043883999999998,Colon - Sigmoid,non_neural
GTEX-WHPG-1226-SM-4M1ZI,GTEX-WHPG,55.0,53.666477,-1.3335229999999996,Esophagus - Muscularis,non_neural
GTEX-ZVT3-0626-SM-59HLK,GTEX-ZVT3,65.0,64.73606,-0.26394000000000517,Esophagus - Mucosa,non_neural
GTEX-1EKGG-0001-SM-EAZCL,GTEX-1EKGG,65.0,60.21309,-4.786909999999999,Cells - EBV-transformed lymphocytes,non_neural
GTEX-OXRL-0326-SM-2I3F2,GTEX-OXRL,55.0,53.082172,-1.917828,Heart - Left Ventricle,non_neural
GTEX-11EM3-0726-SM-5GZZM,GTEX-11EM3,25.0,36.644398,11.644398000000002,Esophagus - Muscularis,non_neural
GTEX-1B8KE-1626-SM-793CK,GTEX-1B8KE,55.0,46.701454,-8.298546000000002,Esophagus - Muscularis,non_neural
GTEX-S341-0006-SM-3NM8D,GTEX-S341,45.0,45.226425,0.226424999999999,Whole Blood,non_neural
GTEX-14BIN-1026-SM-HAV32,GTEX-14BIN,55.0,58.09045,3.090449999999997,Adrenal Gland,non_neural
GTEX-1KANC-1226-SM-CYPT7,GTEX-1KANC,55.0,47.302887,-7.697113000000002,Skin - Not Sun Exposed (Suprapubic),non_neural
GTEX-15SDE-1926-SM-H6Q7Y,GTEX-15SDE,55.0,55.8034,0.8034000000000034,Heart - Left Ventricle,non_neural
GTEX-117YW-0826-SM-5H11O,GTEX-117YW,55.0,62.60621,7.606209999999997,Adipose - Visceral (Omentum),non_neural
GTEX-U3ZM-1026-SM-EZ6LD,GTEX-U3ZM,45.0,40.52472,-4.475279999999998,Adipose - Subcutaneous,non_neural
GTEX-Y111-0326-SM-4SOIX,GTEX-Y111,55.0,52.49765,-2.50235,Muscle - Skeletal,non_neural
GTEX-117XS-0011-R9b-SM-GHWOG,GTEX-117XS,65.0,64.41331,-0.5866900000000044,Brain - Spinal cord (cervical c-1),neural
GTEX-1A3MX-0011-R3b-SM-79OOW,GTEX-1A3MX,65.0,61.624653,-3.375346999999998,Brain - Anterior cingulate cortex (BA24),neural
GTEX-RU72-2226-SM-46MUE,GTEX-RU72,55.0,50.32975,-4.670250000000003,Ovary,non_neural
GTEX-1HB9E-0426-SM-CNPPV,GTEX-1HB9E,55.0,58.494595,3.494594999999997,Adipose - Subcutaneous,non_neural
GTEX-1212Z-2826-SM-59HJ5,GTEX-1212Z,65.0,73.237305,8.237305000000006,Artery - Tibial,non_neural
GTEX-ZQUD-0825-B-SM-AW8P9,GTEX-ZQUD,35.0,39.093605,4.093604999999997,Stomach - Mucosa,non_neural
GTEX-1CAMQ-1426-SM-7MKFL,GTEX-1CAMQ,45.0,66.66033,21.660330000000002,Liver,non_neural
GTEX-145LT-0726-SM-5S2VM,GTEX-145LT,45.0,41.581882,-3.4181179999999998,Breast - Mammary Tissue,non_neural
GTEX-R53T-0626-SM-HLJSG,GTEX-R53T,55.0,50.15731,-4.8426899999999975,Lung,non_neural
GTEX-1H1DE-0005-SM-A9SK4,GTEX-1H1DE,25.0,33.730354,8.730353999999998,Whole Blood,non_neural
GTEX-WRHK-1426-SM-3MJF9,GTEX-WRHK,25.0,32.664917,7.664917000000003,Skin - Sun Exposed (Lower leg),non_neural
GTEX-15SHU-0726-SM-7KUFI,GTEX-15SHU,45.0,47.352562,2.352561999999999,Thyroid,non_neural
GTEX-1CB4I-0226-SM-79OLH,GTEX-1CB4I,55.0,47.480778,-7.519221999999999,Skin - Sun Exposed (Lower leg),non_neural
GTEX-YF7O-0004-SM-4W1ZT,GTEX-YF7O,55.0,60.82572,5.825719999999997,Cells - EBV-transformed lymphocytes,non_neural
GTEX-1IDJC-1926-SM-ACKWT,GTEX-1IDJC,55.0,46.835915,-8.164085,Nerve - Tibial,neural
GTEX-ZYFG-1626-SM-5GZYY,GTEX-ZYFG,65.0,63.341606,-1.6583940000000013,Kidney - Cortex,non_neural
GTEX-XMK1-2326-SM-GPRWW,GTEX-XMK1,45.0,47.773403,2.773403000000002,Muscle - Skeletal,non_neural
GTEX-132QS-0126-SM-5IFH9,GTEX-132QS,65.0,60.48087,-4.519129999999997,Adrenal Gland,non_neural
GTEX-1GL5R-2126-SM-9WYTK,GTEX-1GL5R,55.0,65.40674,10.40674,Artery - Tibial,non_neural
GTEX-U4B1-1726-SM-3DB9F,GTEX-U4B1,45.0,45.874123,0.8741229999999973,Adipose - Subcutaneous,non_neural
GTEX-RUSQ-1826-SM-2TF6E,GTEX-RUSQ,55.0,44.907486,-10.092514000000001,Nerve - Tibial,neural
GTEX-S341-0826-SM-4AD73,GTEX-S341,45.0,40.82821,-4.171790000000001,Fallopian Tube,non_neural
GTEX-132Q8-0011-R7b-SM-5N9F1,GTEX-132Q8,65.0,63.492336,-1.5076639999999983,Brain - Putamen (basal ganglia),neural
GTEX-13QIC-0011-R7b-SM-GIN9M,GTEX-13QIC,65.0,69.830986,4.830985999999996,Brain - Putamen (basal ganglia),neural
GTEX-Y5V6-1726-SM-4VDSZ,GTEX-Y5V6,65.0,58.912937,-6.087063000000001,Testis,non_neural
GTEX-1399R-1626-SM-5P9GG,GTEX-1399R,35.0,54.519737,19.519737,Testis,non_neural
GTEX-1QPFJ-1126-SM-E9U5V,GTEX-1QPFJ,35.0,52.907013,17.907013,Liver,non_neural
GTEX-1IGQW-0011-R6a-SM-CM2TC,GTEX-1IGQW,65.0,65.363434,0.36343399999999804,Brain - Nucleus accumbens (basal ganglia),neural
GTEX-13QJC-0011-R2b-SM-5PNUN,GTEX-13QJC,65.0,69.78209,4.782089999999997,Brain - Substantia nigra,neural
GTEX-1GZ4I-2326-SM-9YFMO,GTEX-1GZ4I,55.0,63.59924,8.599240000000002,Adipose - Visceral (Omentum),non_neural
GTEX-145LT-1326-SM-5O9AQ,GTEX-145LT,45.0,43.325157,-1.6748430000000027,Esophagus - Gastroesophageal Junction,non_neural
GTEX-ZZ64-0626-SM-5GZWR,GTEX-ZZ64,25.0,28.386532,3.386531999999999,Adipose - Visceral (Omentum),non_neural
GTEX-1MJK3-0001-SM-HLJQJ,GTEX-1MJK3,25.0,33.465466,8.465466,Cells - EBV-transformed lymphocytes,non_neural
GTEX-1B97I-0926-SM-731DZ,GTEX-1B97I,45.0,46.27128,1.2712799999999973,Esophagus - Mucosa,non_neural
GTEX-1R46S-0126-SM-E9J3O,GTEX-1R46S,65.0,67.27338,2.273380000000003,Nerve - Tibial,neural
GTEX-1JMOU-0126-SM-E9U53,GTEX-1JMOU,65.0,66.13869,1.1386899999999969,Artery - Aorta,non_neural
GTEX-ZXG5-2026-SM-HAUZV,GTEX-ZXG5,65.0,58.159233,-6.840767,Kidney - Cortex,non_neural
GTEX-Y3I4-2426-SM-6LLJK,GTEX-Y3I4,55.0,40.97259,-14.027410000000003,Nerve - Tibial,neural
GTEX-1JJE9-0926-SM-CNNP9,GTEX-1JJE9,75.0,76.06232,1.0623199999999997,Lung,non_neural
GTEX-11DZ1-0326-SM-5N9BN,GTEX-11DZ1,55.0,57.234867,2.2348670000000013,Breast - Mammary Tissue,non_neural
GTEX-1IKK5-1926-SM-A9G2V,GTEX-1IKK5,65.0,58.0166,-6.983400000000003,Lung,non_neural
GTEX-14BIN-2626-SM-5YY8U,GTEX-14BIN,55.0,60.377007,5.377006999999999,Esophagus - Muscularis,non_neural
GTEX-11ONC-0011-R7b-SM-DO93J,GTEX-11ONC,65.0,65.31705,0.3170499999999947,Brain - Putamen (basal ganglia),neural
GTEX-QLQ7-1626-SM-2S1R8,GTEX-QLQ7,65.0,53.044388,-11.955612000000002,Skin - Sun Exposed (Lower leg),non_neural
GTEX-15G1A-0326-SM-6M467,GTEX-15G1A,35.0,45.53311,10.53311,Thyroid,non_neural
GTEX-ZYFG-1925-C-SM-DLZPV,GTEX-ZYFG,65.0,56.34812,-8.651879999999998,Colon - Transverse - Muscularis,non_neural
GTEX-1J8JJ-0426-SM-CMKG7,GTEX-1J8JJ,65.0,65.811264,0.8112639999999942,Artery - Tibial,non_neural
GTEX-Z93S-0011-R8a-SM-4RGNL,GTEX-Z93S,55.0,54.51558,-0.4844200000000001,Brain - Hypothalamus,neural
GTEX-1KD4Q-0011-R11b-SM-EXOIE,GTEX-1KD4Q,45.0,53.58034,8.58034,Brain - Cerebellar Hemisphere,neural
GTEX-16Z82-0011-R1b-SM-7EPHZ,GTEX-16Z82,65.0,60.74283,-4.257170000000002,Brain - Hippocampus,neural
GTEX-13FTX-0226-SM-5K7TX,GTEX-13FTX,25.0,27.778404,2.7784039999999983,Artery - Aorta,non_neural
GTEX-1JMQJ-0011-R2a-SM-F6493,GTEX-1JMQJ,55.0,55.479042,0.47904199999999975,Brain - Substantia nigra,neural
GTEX-ZYFD-2126-SM-5E43D,GTEX-ZYFD,55.0,54.19647,-0.8035300000000021,Artery - Aorta,non_neural
GTEX-13NYS-0526-SM-5J1OF,GTEX-13NYS,65.0,58.31347,-6.686529999999998,Artery - Tibial,non_neural
GTEX-ZPIC-2526-SM-57WDP,GTEX-ZPIC,45.0,52.126766,7.1267660000000035,Muscle - Skeletal,non_neural
GTEX-13CF3-1826-SM-5J1NK,GTEX-13CF3,65.0,59.669365,-5.330635000000001,Muscle - Skeletal,non_neural
GTEX-YEC3-0005-SM-4W21J,GTEX-YEC3,55.0,43.77702,-11.22298,Whole Blood,non_neural
GTEX-1PWST-0726-SM-EWRMO,GTEX-1PWST,75.0,74.1727,-0.8272999999999939,Thyroid,non_neural
GTEX-1KWVE-0226-SM-E9TKK,GTEX-1KWVE,35.0,32.077896,-2.9221039999999974,Adipose - Visceral (Omentum),non_neural
GTEX-ZC5H-2126-SM-EY5XK,GTEX-ZC5H,45.0,49.941887,4.941887000000001,Uterus,non_neural
GTEX-WFON-0526-SM-4LVLY,GTEX-WFON,45.0,49.23702,4.237020000000001,Artery - Aorta,non_neural
GTEX-1HBPN-1426-SM-9WPNO,GTEX-1HBPN,55.0,52.70353,-2.2964699999999993,Esophagus - Muscularis,non_neural
GTEX-15DZA-0226-SM-7KFS6,GTEX-15DZA,35.0,48.7956,13.7956,Thyroid,non_neural
GTEX-YB5K-1126-SM-H6Q6O,GTEX-YB5K,45.0,42.545303,-2.454697000000003,Small Intestine - Terminal Ileum,non_neural
GTEX-14B4R-0526-SM-5QGQT,GTEX-14B4R,35.0,47.245213,12.245213,Adipose - Visceral (Omentum),non_neural
GTEX-1F5PK-0426-SM-7RHHZ,GTEX-1F5PK,55.0,61.880928,6.880927999999997,Artery - Coronary,non_neural
GTEX-14C5O-1126-SM-5TDEH,GTEX-14C5O,65.0,65.87543,0.8754299999999944,Lung,non_neural
GTEX-1IKJJ-0005-SM-CMKFS,GTEX-1IKJJ,65.0,67.282326,2.2823259999999976,Whole Blood,non_neural
GTEX-PLZ5-0526-SM-GPRW4,GTEX-PLZ5,55.0,46.47488,-8.525120000000001,Artery - Coronary,non_neural
GTEX-11EQ9-0726-SM-5A5K2,GTEX-11EQ9,35.0,46.279037,11.279037000000002,Esophagus - Mucosa,non_neural
GTEX-1N2EF-0005-SM-CXZIL,GTEX-1N2EF,65.0,53.140106,-11.859893999999997,Whole Blood,non_neural
GTEX-1MCYP-1026-SM-DPRYB,GTEX-1MCYP,25.0,32.52726,7.527259999999998,Esophagus - Mucosa,non_neural
GTEX-16NFA-0426-SM-GRR1Z,GTEX-16NFA,55.0,57.77941,2.7794099999999986,Heart - Left Ventricle,non_neural
GTEX-15RIE-1326-SM-6PAMM,GTEX-15RIE,65.0,59.706112,-5.293888000000003,Heart - Atrial Appendage,non_neural
GTEX-14JG1-1626-SM-664NH,GTEX-14JG1,45.0,48.25557,3.2555699999999987,Liver,non_neural
GTEX-1HSMO-0926-SM-A96S7,GTEX-1HSMO,65.0,61.094955,-3.905045000000001,Lung,non_neural
GTEX-PW2O-0426-SM-48TCC,GTEX-PW2O,25.0,32.53929,7.539290000000001,Artery - Aorta,non_neural
GTEX-14PJ6-0526-SM-6LLIU,GTEX-14PJ6,65.0,61.008987,-3.9910130000000024,Artery - Aorta,non_neural
GTEX-1ICG6-1826-SM-AHZ2O,GTEX-1ICG6,75.0,54.619884,-20.380116,Stomach,non_neural
GTEX-1117F-0626-SM-5N9CS,GTEX-1117F,65.0,63.7155,-1.2845000000000013,Artery - Coronary,non_neural
GTEX-1HCUA-1526-SM-A9G3M,GTEX-1HCUA,55.0,54.072197,-0.9278029999999973,Esophagus - Muscularis,non_neural
GTEX-ZYVF-2326-SM-5E44Z,GTEX-ZYVF,55.0,54.154465,-0.8455349999999981,Esophagus - Muscularis,non_neural
GTEX-RNOR-2426-SM-48FDY,GTEX-RNOR,55.0,51.17666,-3.8233400000000017,Pituitary,non_neural
GTEX-ZLV1-0526-SM-4WWD4,GTEX-ZLV1,65.0,54.707424,-10.292575999999997,Esophagus - Mucosa,non_neural
GTEX-13X6J-3026-SM-5Q5CU,GTEX-13X6J,55.0,58.64826,3.6482600000000005,Brain - Cortex,neural
GTEX-1AMFI-0226-SM-731D5,GTEX-1AMFI,55.0,49.247105,-5.752895000000002,Esophagus - Mucosa,non_neural
GTEX-18QFQ-0006-SM-7SB6X,GTEX-18QFQ,35.0,38.990707,3.9907070000000004,Whole Blood,non_neural
GTEX-16MT8-1226-SM-6M488,GTEX-16MT8,65.0,66.81762,1.8176200000000051,Esophagus - Gastroesophageal Junction,non_neural
GTEX-Y3IK-0226-SM-51MRJ,GTEX-Y3IK,55.0,58.771408,3.771408000000001,Adrenal Gland,non_neural
GTEX-1C6VS-1126-SM-7EWEW,GTEX-1C6VS,65.0,59.118347,-5.881653,Testis,non_neural
GTEX-1S82P-1726-SM-F2I28,GTEX-1S82P,65.0,55.618713,-9.381287,Stomach,non_neural
GTEX-R3RS-0426-SM-GPRWV,GTEX-R3RS,45.0,50.32428,5.324280000000002,Nerve - Tibial,neural
GTEX-17HG3-2826-SM-7EPGO,GTEX-17HG3,35.0,40.12649,5.126489999999997,Brain - Cerebellum,neural
GTEX-13RTJ-0011-R5a-SM-5P9HR,GTEX-13RTJ,65.0,64.32605,-0.6739500000000049,Brain - Caudate (basal ganglia),neural
GTEX-11DXY-3226-SM-5GIDE,GTEX-11DXY,65.0,66.08342,1.0834200000000038,Brain - Cortex,neural
GTEX-1S83E-0226-SM-EVYCW,GTEX-1S83E,45.0,41.196293,-3.803707000000003,Adipose - Subcutaneous,non_neural
GTEX-P4QS-0926-SM-48TBS,GTEX-P4QS,65.0,50.73626,-14.263739999999999,Spleen,non_neural
GTEX-1GMR3-0526-SM-9YFLI,GTEX-1GMR3,45.0,39.14423,-5.85577,Artery - Aorta,non_neural
GTEX-132NY-0626-SM-5L3D9,GTEX-132NY,65.0,56.67205,-8.327950000000001,Artery - Tibial,non_neural
GTEX-WVLH-2126-SM-EYYWD,GTEX-WVLH,55.0,61.8136,6.813600000000001,Liver,non_neural
GTEX-1HBPH-3126-SM-9WYUV,GTEX-1HBPH,45.0,46.86582,1.8658199999999994,Brain - Cortex,neural
GTEX-11ZTS-0126-SM-5EQ6M,GTEX-11ZTS,65.0,60.269325,-4.730674999999998,Skin - Sun Exposed (Lower leg),non_neural
GTEX-ZAJG-0011-R7a-SM-GQ1CU,GTEX-ZAJG,55.0,50.465233,-4.534767000000002,Brain - Putamen (basal ganglia),neural
GTEX-1H1DG-2026-SM-9QEIV,GTEX-1H1DG,75.0,61.372063,-13.627937000000003,Adipose - Visceral (Omentum),non_neural
GTEX-ZPIC-1826-SM-57WFE,GTEX-ZPIC,45.0,53.361393,8.361393,Adipose - Subcutaneous,non_neural
GTEX-ZAB4-0011-R8b-SM-4SOKF,GTEX-ZAB4,45.0,41.008923,-3.991076999999997,Brain - Hypothalamus,neural
GTEX-13SLW-0011-R3b-SM-5SI6Y,GTEX-13SLW,75.0,69.59077,-5.409229999999994,Brain - Anterior cingulate cortex (BA24),neural
GTEX-1H3VE-0011-R1a-SM-A9G1K,GTEX-1H3VE,45.0,52.797173,7.797173000000001,Brain - Hippocampus,neural
GTEX-WHWD-1026-SM-4M9QC,GTEX-WHWD,55.0,52.296158,-2.7038420000000016,Esophagus - Muscularis,non_neural
GTEX-1PIIG-1326-SM-EXOIR,GTEX-1PIIG,35.0,51.31879,16.31879,Liver,non_neural
GTEX-T8EM-0426-SM-4DM7E,GTEX-T8EM,45.0,50.615135,5.615135000000002,Artery - Aorta,non_neural
GTEX-X8HC-1626-SM-46MWE,GTEX-X8HC,55.0,66.005516,11.005516,Heart - Left Ventricle,non_neural
GTEX-YFC4-0126-SM-5CVLY,GTEX-YFC4,45.0,49.821785,4.821784999999998,Skin - Sun Exposed (Lower leg),non_neural
GTEX-11ZUS-1326-SM-5FQUC,GTEX-11ZUS,35.0,39.186512,4.1865120000000005,Artery - Tibial,non_neural
GTEX-ZG7Y-1426-SM-4WWBM,GTEX-ZG7Y,55.0,57.383472,2.3834719999999976,Heart - Atrial Appendage,non_neural
GTEX-145MO-1426-SM-DTX9W,GTEX-145MO,65.0,61.820312,-3.1796879999999987,Esophagus - Mucosa,non_neural
GTEX-1GN1U-0011-R9b-SM-CMKFW,GTEX-1GN1U,55.0,59.69357,4.693570000000001,Brain - Spinal cord (cervical c-1),neural
GTEX-1MJK3-0726-SM-E6CJC,GTEX-1MJK3,25.0,39.658886,14.658886000000003,Skin - Not Sun Exposed (Suprapubic),non_neural
GTEX-Y114-1425-D-SM-DLZRB,GTEX-Y114,55.0,50.499077,-4.500923,Small Intestine - Terminal Ileum - Lymphoid Aggregate,non_neural
GTEX-1GF9V-1126-SM-9MQM7,GTEX-1GF9V,65.0,62.290443,-2.7095569999999967,Adipose - Visceral (Omentum),non_neural
GTEX-1QPFJ-0126-SM-E9J4B,GTEX-1QPFJ,35.0,42.007935,7.007935000000003,Adipose - Subcutaneous,non_neural
GTEX-1HSMQ-0326-SM-D4P2J,GTEX-1HSMQ,55.0,63.281017,8.281016999999999,Artery - Aorta,non_neural
GTEX-14BMU-1626-SM-5TDE7,GTEX-14BMU,25.0,17.201454,-7.798546000000002,Breast - Mammary Tissue,non_neural
GTEX-16AAH-1225-B-SM-AW8P5,GTEX-16AAH,55.0,57.51651,2.5165099999999967,Stomach - Mucosa,non_neural
GTEX-OOBK-0425-SM-3LK5O,GTEX-OOBK,45.0,44.067863,-0.9321369999999973,Artery - Aorta,non_neural
GTEX-11ZTT-0002-SM-5S2PA,GTEX-11ZTT,65.0,59.383522,-5.616478000000001,Cells - EBV-transformed lymphocytes,non_neural
GTEX-1GN2E-0011-R7b-SM-9QEIJ,GTEX-1GN2E,65.0,66.50383,1.5038299999999936,Brain - Putamen (basal ganglia),neural
GTEX-11DXZ-0326-SM-5EGH1,GTEX-11DXZ,55.0,69.3311,14.331100000000006,Heart - Atrial Appendage,non_neural
GTEX-12ZZX-1226-SM-5EGHS,GTEX-12ZZX,45.0,53.29432,8.294319999999999,Thyroid,non_neural
GTEX-15DCD-1926-SM-HAV33,GTEX-15DCD,75.0,64.92552,-10.074479999999994,Kidney - Cortex,non_neural
GTEX-16MTA-1725-A-SM-DLZQ8,GTEX-16MTA,55.0,54.93871,-0.06128999999999962,Colon - Transverse - Mixed Cell,non_neural
GTEX-15SKB-0926-SM-7KUFC,GTEX-15SKB,65.0,58.445446,-6.554554000000003,Heart - Atrial Appendage,non_neural
GTEX-TKQ2-0926-SM-4DXU5,GTEX-TKQ2,55.0,50.66359,-4.336410000000001,Stomach,non_neural
GTEX-QDT8-2026-SM-EZ6LS,GTEX-QDT8,35.0,40.168304,5.168303999999999,Stomach,non_neural
GTEX-1HSMO-1426-SM-CNNQN,GTEX-1HSMO,65.0,62.737255,-2.2627450000000024,Adipose - Visceral (Omentum),non_neural
GTEX-13111-0008-SM-5YY8R,GTEX-13111,55.0,54.215424,-0.7845760000000013,Cells - Cultured fibroblasts,non_neural
GTEX-14E6C-2626-SM-5RQJP,GTEX-14E6C,45.0,58.117622,13.117621999999997,Thyroid,non_neural
GTEX-ZP4G-0006-SM-4WWE6,GTEX-ZP4G,25.0,36.64398,11.643979999999999,Whole Blood,non_neural
GTEX-13U4I-2626-SM-5MR6D,GTEX-13U4I,45.0,47.420837,2.420836999999999,Colon - Sigmoid,non_neural
GTEX-1N2EE-2726-SM-F2I1N,GTEX-1N2EE,65.0,53.48472,-11.515279999999997,Colon - Transverse,non_neural
GTEX-13U4I-1026-SM-5LU3G,GTEX-13U4I,45.0,52.356163,7.356163000000002,Artery - Aorta,non_neural
GTEX-16Z82-2926-SM-6LPJJ,GTEX-16Z82,65.0,68.20321,3.2032099999999986,Brain - Cerebellum,neural
GTEX-ZVT2-0005-SM-57WBW,GTEX-ZVT2,55.0,51.283127,-3.7168729999999996,Whole Blood,non_neural
GTEX-1FIGZ-0326-SM-7RHGT,GTEX-1FIGZ,45.0,50.392525,5.392524999999999,Lung,non_neural
GTEX-1CB4J-0011-R5a-SM-9WG5Y,GTEX-1CB4J,65.0,62.621643,-2.378357000000001,Brain - Caudate (basal ganglia),neural
GTEX-15DYW-0011-R6b-SM-6PALA,GTEX-15DYW,65.0,64.31134,-0.6886599999999987,Brain - Nucleus accumbens (basal ganglia),neural
GTEX-1IL2U-0003-SM-F647T,GTEX-1IL2U,65.0,56.664886,-8.335113999999997,Cells - EBV-transformed lymphocytes,non_neural
GTEX-1NV8Z-1426-SM-DTX91,GTEX-1NV8Z,65.0,63.02439,-1.9756100000000032,Esophagus - Muscularis,non_neural
GTEX-1IKOE-0526-SM-CE6T3,GTEX-1IKOE,35.0,41.7434,6.743400000000001,Artery - Tibial,non_neural
GTEX-16XZZ-1026-SM-7DHKS,GTEX-16XZZ,65.0,56.965435,-8.034565,Heart - Atrial Appendage,non_neural
GTEX-1CAMS-0005-SM-ARL6Y,GTEX-1CAMS,45.0,48.012257,3.012256999999998,Whole Blood,non_neural
GTEX-1399U-1625-A-SM-AW8Q8,GTEX-1399U,55.0,55.770214,0.7702140000000028,Stomach - Mixed Cell,non_neural
GTEX-1JMPY-0526-SM-CL54O,GTEX-1JMPY,35.0,28.353981,-6.646018999999999,Breast - Mammary Tissue,non_neural
GTEX-16MT9-0008-SM-EAZC8,GTEX-16MT9,65.0,46.394855,-18.605145,Cells - Cultured fibroblasts,non_neural
GTEX-1RQED-0326-SM-HL11M,GTEX-1RQED,65.0,73.01294,8.01294,Adipose - Subcutaneous,non_neural
GTEX-11EI6-2826-SM-5H11D,GTEX-11EI6,65.0,62.331184,-2.6688159999999996,Skin - Not Sun Exposed (Suprapubic),non_neural
GTEX-1GN1W-1526-SM-7P8TG,GTEX-1GN1W,55.0,57.831158,2.831158000000002,Vagina,non_neural
GTEX-1IDJI-0004-SM-F647W,GTEX-1IDJI,55.0,54.613255,-0.3867449999999977,Cells - EBV-transformed lymphocytes,non_neural
GTEX-U8T8-0126-SM-3DB94,GTEX-U8T8,65.0,63.20658,-1.7934199999999976,Skin - Sun Exposed (Lower leg),non_neural
GTEX-TMMY-1026-SM-4DXTI,GTEX-TMMY,45.0,42.946533,-2.0534669999999977,Artery - Aorta,non_neural
GTEX-R55C-0008-SM-48FCF,GTEX-R55C,45.0,49.166218,4.166218000000001,Cells - Cultured fibroblasts,non_neural
GTEX-Q2AH-0526-SM-G8W7V,GTEX-Q2AH,45.0,54.892403,9.892403000000002,Heart - Left Ventricle,non_neural
GTEX-1JK1U-2326-SM-CNPOV,GTEX-1JK1U,65.0,57.881817,-7.118183000000002,Artery - Tibial,non_neural
GTEX-14ABY-0326-SM-5TDDK,GTEX-14ABY,55.0,53.703,-1.296999999999997,Adipose - Subcutaneous,non_neural
GTEX-13OVG-1326-SM-5K7Y3,GTEX-13OVG,65.0,60.44834,-4.551659999999998,Adipose - Visceral (Omentum),non_neural
GTEX-13PVQ-0626-SM-5LU47,GTEX-13PVQ,55.0,57.290268,2.2902679999999975,Skin - Not Sun Exposed (Suprapubic),non_neural
GTEX-12WSI-0005-SM-5O99K,GTEX-12WSI,55.0,46.52797,-8.472029999999997,Whole Blood,non_neural
GTEX-1117F-2126-SM-GIN9G,GTEX-1117F,65.0,68.37338,3.3733799999999974,Kidney - Cortex,non_neural
GTEX-1HFI6-3026-SM-CNPPJ,GTEX-1HFI6,45.0,48.01573,3.015729999999998,Brain - Cortex,neural
GTEX-11P81-1426-SM-5P9JN,GTEX-11P81,35.0,42.21402,7.214019999999998,Colon - Sigmoid,non_neural
GTEX-1R9K4-2426-SM-F33ZG,GTEX-1R9K4,65.0,70.28496,5.284959999999998,Colon - Sigmoid,non_neural
GTEX-ZQG8-1226-SM-51MRX,GTEX-ZQG8,65.0,50.401814,-14.598185999999998,Muscle - Skeletal,non_neural
GTEX-ZQUD-0005-SM-4YCE5,GTEX-ZQUD,35.0,45.989006,10.989006000000003,Whole Blood,non_neural
GTEX-ZF28-0008-SM-4E3K3,GTEX-ZF28,65.0,58.231174,-6.768825999999997,Cells - Cultured fibroblasts,non_neural
GTEX-XBED-1226-SM-4AT5V,GTEX-XBED,65.0,62.33219,-2.667810000000003,Stomach,non_neural
GTEX-11DXX-1726-SM-5H11T,GTEX-11DXX,65.0,71.01775,6.017750000000007,Vagina,non_neural
GTEX-WFG7-0005-SM-3GIKM,GTEX-WFG7,25.0,40.270634,15.270634000000001,Whole Blood,non_neural
GTEX-WY7C-1826-SM-4ONCE,GTEX-WY7C,55.0,59.42513,4.425130000000003,Small Intestine - Terminal Ileum,non_neural
GTEX-14PHX-2226-SM-6EU2P,GTEX-14PHX,55.0,54.14153,-0.858469999999997,Skin - Not Sun Exposed (Suprapubic),non_neural
GTEX-R55E-0726-SM-48FCZ,GTEX-R55E,25.0,42.40837,17.408369999999998,Testis,non_neural
GTEX-13NZ9-1126-SM-5MR37,GTEX-13NZ9,55.0,48.490364,-6.509636,Thyroid,non_neural
GTEX-QLQ7-0626-SM-CE6QX,GTEX-QLQ7,65.0,54.55517,-10.444830000000003,Pancreas,non_neural
GTEX-1F6RS-0008-SM-EWRMG,GTEX-1F6RS,65.0,59.465137,-5.534863000000001,Cells - Cultured fibroblasts,non_neural
GTEX-NL4W-0011-R11A-SM-2I3DW,GTEX-NL4W,55.0,59.169003,4.1690029999999965,Brain - Cerebellar Hemisphere,neural
GTEX-13PVQ-0326-SM-5K7YF,GTEX-13PVQ,55.0,57.760788,2.760787999999998,Muscle - Skeletal,non_neural
GTEX-11GSO-0005-SM-5O9CA,GTEX-11GSO,65.0,59.15724,-5.842759999999998,Whole Blood,non_neural
GTEX-1B8L1-3126-SM-7EPHA,GTEX-1B8L1,65.0,67.48812,2.488119999999995,Pituitary,non_neural
GTEX-117YX-0626-SM-5EGJI,GTEX-117YX,55.0,51.05127,-3.9487299999999976,Heart - Atrial Appendage,non_neural
GTEX-1NV5F-0426-SM-G8OMX,GTEX-1NV5F,65.0,65.20034,0.20033999999999708,Artery - Tibial,non_neural
GTEX-1CB4F-1926-SM-7MKFN,GTEX-1CB4F,65.0,55.53473,-9.465269999999997,Colon - Sigmoid,non_neural
GTEX-1LVAO-2726-SM-E9TJ8,GTEX-1LVAO,65.0,65.37502,0.37502000000000635,Skin - Not Sun Exposed (Suprapubic),non_neural
GTEX-S3LF-0126-SM-GPRYF,GTEX-S3LF,75.0,74.61662,-0.3833800000000025,Skin - Sun Exposed (Lower leg),non_neural
GTEX-1LG7Z-0126-SM-EV79V,GTEX-1LG7Z,35.0,45.10224,10.102240000000002,Spleen,non_neural
GTEX-1HCU6-1826-SM-C1YRN,GTEX-1HCU6,65.0,56.758774,-8.241225999999997,Adrenal Gland,non_neural
GTEX-13OW5-0011-R9b-SM-5O9CL,GTEX-13OW5,65.0,52.16154,-12.838459999999998,Brain - Spinal cord (cervical c-1),neural
GTEX-P4QT-1426-SM-3NMCX,GTEX-P4QT,55.0,59.80433,4.80433,Colon - Transverse,non_neural
GTEX-12696-0011-R2b-SM-GHWPY,GTEX-12696,65.0,70.65899,5.658990000000003,Brain - Substantia nigra,neural
GTEX-17F97-0008-SM-EAZBB,GTEX-17F97,55.0,51.919388,-3.080612000000002,Cells - Cultured fibroblasts,non_neural
GTEX-13FHP-0126-SM-5IJBG,GTEX-13FHP,55.0,57.34132,2.341320000000003,Skin - Sun Exposed (Lower leg),non_neural
GTEX-13X6I-0011-R3b-SM-5P9HM,GTEX-13X6I,65.0,61.82649,-3.1735100000000003,Brain - Anterior cingulate cortex (BA24),neural
GTEX-1S83E-0526-SM-HLJQ8,GTEX-1S83E,45.0,41.049923,-3.9500770000000003,Lung,non_neural
GTEX-139T8-0011-R5b-SM-5J1MO,GTEX-139T8,65.0,58.956944,-6.043056,Brain - Caudate (basal ganglia),neural
GTEX-1JMLX-0011-R9a-SM-EYYXM,GTEX-1JMLX,55.0,57.91326,2.913260000000001,Brain - Spinal cord (cervical c-1),neural
GTEX-16A39-0326-SM-GMXBL,GTEX-16A39,35.0,32.629356,-2.3706439999999986,Adipose - Visceral (Omentum),non_neural
GTEX-16GPK-0011-R8a-SM-79OMQ,GTEX-16GPK,65.0,63.212788,-1.7872119999999967,Brain - Hypothalamus,neural
GTEX-15UF6-2626-SM-6M466,GTEX-15UF6,75.0,82.517044,7.5170439999999985,Colon - Transverse,non_neural
GTEX-14E6E-1226-SM-5S2R5,GTEX-14E6E,35.0,38.96122,3.9612199999999973,Spleen,non_neural
GTEX-QLQW-0426-SM-447A7,GTEX-QLQW,35.0,46.57566,11.57566,Colon - Transverse,non_neural
GTEX-1QAET-0006-SM-DLZQQ,GTEX-1QAET,55.0,51.7199,-3.2800999999999974,Whole Blood,non_neural
GTEX-15UF6-2026-SM-6LPI3,GTEX-15UF6,75.0,76.70114,1.7011399999999952,Ovary,non_neural
GTEX-1JJ6O-0826-SM-CXZJL,GTEX-1JJ6O,65.0,63.698467,-1.3015329999999992,Liver,non_neural
GTEX-13D11-1026-SM-5IJFB,GTEX-13D11,55.0,50.781265,-4.218735000000002,Breast - Mammary Tissue,non_neural
GTEX-U4B1-1926-SM-3DB9E,GTEX-U4B1,45.0,54.530983,9.530982999999999,Artery - Tibial,non_neural
GTEX-PLZ6-1426-SM-DKPOT,GTEX-PLZ6,35.0,35.432793,0.43279299999999665,Skin - Sun Exposed (Lower leg),non_neural
GTEX-X585-0226-SM-4QAS2,GTEX-X585,55.0,55.919994,0.9199940000000026,Skin - Sun Exposed (Lower leg),non_neural
GTEX-1LSVX-2826-SM-EVR58,GTEX-1LSVX,65.0,67.026764,2.026764,Brain - Cerebellum,neural
GTEX-12WSL-0926-SM-5N9EK,GTEX-12WSL,55.0,57.493694,2.493693999999998,Artery - Coronary,non_neural
GTEX-U3ZH-0626-SM-4DXT3,GTEX-U3ZH,35.0,29.616056,-5.383944,Artery - Aorta,non_neural
GTEX-13PLJ-0011-R9b-SM-5O9DV,GTEX-13PLJ,65.0,64.69546,-0.3045400000000029,Brain - Spinal cord (cervical c-1),neural
GTEX-11NUK-0011-R11b-SM-H6Q8G,GTEX-11NUK,55.0,57.0191,2.0191000000000017,Brain - Cerebellar Hemisphere,neural
GTEX-1F5PK-1026-SM-HL9S5,GTEX-1F5PK,55.0,44.639828,-10.360171999999999,Pancreas,non_neural
GTEX-14C5O-0526-SM-62LEI,GTEX-14C5O,65.0,58.540558,-6.459442000000003,Artery - Tibial,non_neural
GTEX-1HFI6-2926-SM-A9G3E,GTEX-1HFI6,45.0,57.559544,12.559544000000002,Pituitary,non_neural
GTEX-145MF-0726-SM-5Q5BT,GTEX-145MF,55.0,53.77394,-1.2260599999999968,Lung,non_neural
GTEX-N7MT-0011-R10A-SM-2I3E1,GTEX-N7MT,65.0,65.166504,0.16650400000000332,Brain - Frontal Cortex (BA9),neural
GTEX-1H3NZ-0011-R9a-SM-ADEH7,GTEX-1H3NZ,65.0,60.10776,-4.892240000000001,Brain - Spinal cord (cervical c-1),neural
GTEX-11VI4-1626-SM-5EQKO,GTEX-11VI4,45.0,48.187065,3.187064999999997,Small Intestine - Terminal Ileum,non_neural
GTEX-12WSI-0011-R7b-SM-5GU78,GTEX-12WSI,55.0,48.58131,-6.418689999999998,Brain - Putamen (basal ganglia),neural
GTEX-12WSH-2426-SM-GHWOY,GTEX-12WSH,55.0,66.108734,11.108733999999998,Skin - Sun Exposed (Lower leg),non_neural
GTEX-12WSD-0626-SM-5GCMW,GTEX-12WSD,65.0,60.10351,-4.89649,Skin - Not Sun Exposed (Suprapubic),non_neural
GTEX-1A32A-0526-SM-731B9,GTEX-1A32A,55.0,55.027584,0.02758399999999739,Muscle - Skeletal,non_neural
GTEX-113JC-0011-R9a-SM-H6Q8K,GTEX-113JC,55.0,57.368977,2.368977000000001,Brain - Spinal cord (cervical c-1),neural
GTEX-O5YV-0126-SM-HM8V5,GTEX-O5YV,65.0,58.71337,-6.286630000000002,Skin - Sun Exposed (Lower leg),non_neural
GTEX-ZC5H-0226-SM-4WAY9,GTEX-ZC5H,45.0,46.579407,1.5794070000000033,Skin - Sun Exposed (Lower leg),non_neural
GTEX-14BMU-2026-SM-5S2W6,GTEX-14BMU,25.0,32.40401,7.4040099999999995,Muscle - Skeletal,non_neural
GTEX-NFK9-1726-SM-3TW8P,GTEX-NFK9,45.0,41.606194,-3.393805999999998,Adrenal Gland,non_neural
GTEX-1ICLZ-1426-SM-CKZPR,GTEX-1ICLZ,65.0,63.61822,-1.3817799999999991,Esophagus - Muscularis,non_neural
GTEX-11NUK-0011-R5a-SM-DO93N,GTEX-11NUK,55.0,56.342644,1.342644,Brain - Caudate (basal ganglia),neural
GTEX-1PDJ9-0826-SM-E76PS,GTEX-1PDJ9,25.0,32.3753,7.375300000000003,Thyroid,non_neural
GTEX-11GS4-0011-R2a-SM-DO942,GTEX-11GS4,65.0,62.40788,-2.5921200000000013,Brain - Substantia nigra,neural
GTEX-ZYVF-2826-SM-5GIDK,GTEX-ZYVF,55.0,44.50368,-10.496319999999997,Colon - Transverse,non_neural
GTEX-1I1GP-2226-SM-CGQFK,GTEX-1I1GP,55.0,59.03552,4.035519999999998,Skin - Sun Exposed (Lower leg),non_neural
GTEX-OXRK-1726-SM-G8W7C,GTEX-OXRK,55.0,48.799667,-6.2003330000000005,Colon - Transverse,non_neural
GTEX-18A6Q-2926-SM-718AR,GTEX-18A6Q,65.0,59.28395,-5.716050000000003,Brain - Cortex,neural
GTEX-14E7W-1326-SM-5RQIV,GTEX-14E7W,75.0,62.29814,-12.701860000000003,Lung,non_neural
GTEX-1QP2A-1426-SM-EY5ZB,GTEX-1QP2A,55.0,54.518764,-0.48123600000000266,Adipose - Visceral (Omentum),non_neural
GTEX-YFCO-0426-SM-4W1Z7,GTEX-YFCO,45.0,46.494915,1.4949149999999989,Lung,non_neural
GTEX-1IDJH-0626-SM-ARZMC,GTEX-1IDJH,75.0,78.94881,3.9488099999999946,Nerve - Tibial,neural
GTEX-17EVP-0326-SM-7DHLG,GTEX-17EVP,45.0,50.893562,5.893562000000003,Skin - Sun Exposed (Lower leg),non_neural
GTEX-U3ZN-2326-SM-3DB7W,GTEX-U3ZN,35.0,48.0896,13.089599999999997,Skin - Sun Exposed (Lower leg),non_neural
GTEX-1E2YA-2526-SM-7IGOU,GTEX-1E2YA,55.0,56.309322,1.3093220000000017,Colon - Sigmoid,non_neural
GTEX-1J1R8-0426-SM-A96SZ,GTEX-1J1R8,45.0,40.020714,-4.979286000000002,Esophagus - Muscularis,non_neural
GTEX-1IOXB-0126-SM-ARL8G,GTEX-1IOXB,55.0,63.412895,8.412894999999999,Skin - Sun Exposed (Lower leg),non_neural
GTEX-15EO6-2726-SM-GMXB8,GTEX-15EO6,55.0,54.082375,-0.917625000000001,Artery - Tibial,non_neural
GTEX-1S5VW-0826-SM-F64A2,GTEX-1S5VW,65.0,64.32911,-0.67089,Thyroid,non_neural
GTEX-ZY6K-0226-SM-5MR7Z,GTEX-ZY6K,55.0,46.725372,-8.274628,Thyroid,non_neural
GTEX-13FXS-0011-R8a-SM-5J1MN,GTEX-13FXS,55.0,59.820145,4.820144999999997,Brain - Hypothalamus,neural
GTEX-1I1GT-0526-SM-CGQEQ,GTEX-1I1GT,65.0,56.85113,-8.148870000000002,Adipose - Subcutaneous,non_neural
GTEX-1RAZR-1826-SM-E6CRE,GTEX-1RAZR,45.0,40.132442,-4.8675580000000025,Small Intestine - Terminal Ileum,non_neural
GTEX-12WSD-1126-SM-5EGJD,GTEX-12WSD,65.0,61.880104,-3.119895999999997,Heart - Left Ventricle,non_neural
GTEX-1HC8U-0005-SM-ADEGV,GTEX-1HC8U,45.0,50.617455,5.617455,Whole Blood,non_neural
GTEX-15SHU-0426-SM-GNIOU,GTEX-15SHU,45.0,45.386555,0.3865550000000013,Artery - Tibial,non_neural
GTEX-ZYW4-1126-SM-5MR6A,GTEX-ZYW4,65.0,69.47047,4.470470000000006,Thyroid,non_neural
GTEX-1A3MV-0726-SM-72D5M,GTEX-1A3MV,35.0,36.869137,1.869137000000002,Testis,non_neural
GTEX-1H3VY-0005-SM-GA8YN,GTEX-1H3VY,55.0,55.016697,0.016697000000000628,Whole Blood,non_neural
GTEX-1C64N-0005-SM-7PBY7,GTEX-1C64N,55.0,52.993416,-2.0065839999999966,Whole Blood,non_neural
GTEX-11DXY-2026-SM-5N9CZ,GTEX-11DXY,65.0,56.02135,-8.978650000000002,Colon - Sigmoid,non_neural
GTEX-1CB4J-0726-SM-7IGN8,GTEX-1CB4J,65.0,59.165997,-5.834003000000003,Liver,non_neural
GTEX-R55E-0011-R11A-SM-2TC6I,GTEX-R55E,25.0,23.388172,-1.6118279999999992,Brain - Cerebellar Hemisphere,neural
GTEX-OXRK-1426-SM-3NB19,GTEX-OXRK,55.0,56.134693,1.1346929999999986,Esophagus - Muscularis,non_neural
GTEX-R55F-1426-SM-2TF53,GTEX-R55F,55.0,43.990517,-11.009483000000003,Adipose - Subcutaneous,non_neural
GTEX-13OW5-0626-SM-5J2N2,GTEX-13OW5,65.0,62.379868,-2.620131999999998,Thyroid,non_neural
GTEX-QCQG-0826-SM-GPI8H,GTEX-QCQG,55.0,55.29112,0.2911199999999994,Bladder,non_neural
GTEX-S3XE-0826-SM-4AD4U,GTEX-S3XE,55.0,55.69008,0.6900800000000018,Esophagus - Muscularis,non_neural
GTEX-1GF9X-0126-SM-A9G38,GTEX-1GF9X,45.0,50.48514,5.485140000000001,Thyroid,non_neural
GTEX-POMQ-0006-SM-5SI7D,GTEX-POMQ,25.0,40.40645,15.40645,Whole Blood,non_neural
GTEX-144GL-0011-R4a-SM-5PNUI,GTEX-144GL,55.0,56.718693,1.7186930000000018,Brain - Amygdala,neural
GTEX-15CHR-0008-SM-E9U4K,GTEX-15CHR,55.0,55.812027,0.8120270000000005,Cells - Cultured fibroblasts,non_neural
GTEX-14B4R-0006-SM-5O9A7,GTEX-14B4R,35.0,40.133057,5.133057000000001,Whole Blood,non_neural
GTEX-1E2YA-0011-R1b-SM-CJI29,GTEX-1E2YA,55.0,55.791924,0.7919240000000016,Brain - Hippocampus,neural
GTEX-17GQL-2026-SM-718BA,GTEX-17GQL,65.0,58.822613,-6.177387000000003,Skin - Sun Exposed (Lower leg),non_neural
GTEX-13RTL-0011-R1a-SM-5PNZ8,GTEX-13RTL,45.0,61.615242,16.615242000000002,Brain - Hippocampus,neural
GTEX-14BIL-0011-R8b-SM-69LQK,GTEX-14BIL,55.0,60.049503,5.049503000000001,Brain - Hypothalamus,neural
GTEX-1GF9X-2026-SM-7PC3A,GTEX-1GF9X,45.0,52.95192,7.951920000000001,Skin - Sun Exposed (Lower leg),non_neural
GTEX-ZVZP-0004-SM-51MS8,GTEX-ZVZP,55.0,63.267834,8.267834,Cells - EBV-transformed lymphocytes,non_neural
GTEX-17MF6-1326-SM-79ONE,GTEX-17MF6,45.0,46.252983,1.2529830000000004,Adipose - Visceral (Omentum),non_neural
GTEX-1GMR3-2726-SM-7MKFB,GTEX-1GMR3,45.0,46.413628,1.4136280000000028,Small Intestine - Terminal Ileum,non_neural
GTEX-RM2N-1426-SM-2TF4H,GTEX-RM2N,55.0,53.71512,-1.2848800000000011,Skin - Sun Exposed (Lower leg),non_neural
GTEX-15RJE-0926-SM-6LLHZ,GTEX-15RJE,45.0,52.367542,7.367542,Esophagus - Mucosa,non_neural
GTEX-15FZZ-1026-SM-6AJBI,GTEX-15FZZ,35.0,41.70651,6.7065100000000015,Uterus,non_neural
GTEX-WL46-0126-SM-3TW8I,GTEX-WL46,55.0,47.78382,-7.216180000000001,Thyroid,non_neural
GTEX-XMK1-1626-SM-HLJRZ,GTEX-XMK1,45.0,42.713974,-2.2860259999999997,Colon - Sigmoid,non_neural
GTEX-1KANB-0002-SM-HK78C,GTEX-1KANB,55.0,62.109425,7.109425000000002,Cells - EBV-transformed lymphocytes,non_neural
GTEX-1QCLZ-1626-SM-E9U5R,GTEX-1QCLZ,65.0,56.76716,-8.232840000000003,Esophagus - Mucosa,non_neural
GTEX-1A3MV-0005-SM-7PC1O,GTEX-1A3MV,35.0,38.703236,3.703235999999997,Whole Blood,non_neural
GTEX-16NPV-0011-R8a-SM-7EPH8,GTEX-16NPV,55.0,55.6267,0.6266999999999996,Brain - Hypothalamus,neural
GTEX-P4PP-3026-SM-3P61O,GTEX-P4PP,35.0,49.744194,14.744194,Artery - Coronary,non_neural
GTEX-14DAQ-2526-SM-5RQIO,GTEX-14DAQ,65.0,62.97223,-2.0277699999999967,Adipose - Visceral (Omentum),non_neural
GTEX-1RQEC-0011-R8b-SM-F648X,GTEX-1RQEC,65.0,64.78788,-0.21211999999999875,Brain - Hypothalamus,neural
GTEX-1HCVE-0126-SM-CGQEU,GTEX-1HCVE,55.0,50.69435,-4.30565,Skin - Sun Exposed (Lower leg),non_neural
GTEX-1H1DG-2226-SM-9WPPC,GTEX-1H1DG,75.0,66.82712,-8.172880000000006,Colon - Transverse,non_neural
GTEX-11GSP-0011-R7b-SM-57WC3,GTEX-11GSP,65.0,62.201797,-2.798203000000001,Brain - Putamen (basal ganglia),neural
GTEX-1JMLX-2926-SM-CL54C,GTEX-1JMLX,55.0,57.921078,2.9210780000000014,Brain - Cortex,neural
GTEX-14ASI-0726-SM-5Q5DC,GTEX-14ASI,65.0,61.13299,-3.8670100000000005,Thyroid,non_neural
GTEX-1C64N-0526-SM-7PC32,GTEX-1C64N,55.0,47.836315,-7.163685000000001,Artery - Tibial,non_neural
GTEX-1PPH8-0326-SM-E76PR,GTEX-1PPH8,25.0,38.575333,13.575333,Muscle - Skeletal,non_neural
GTEX-SNMC-0826-SM-4DM66,GTEX-SNMC,25.0,36.786484,11.786484000000002,Bladder,non_neural
GTEX-13SLX-0926-SM-5S2NM,GTEX-13SLX,55.0,58.60442,3.6044199999999975,Heart - Atrial Appendage,non_neural
GTEX-17F9Y-0526-SM-7EWDC,GTEX-17F9Y,75.0,71.56529,-3.4347099999999955,Thyroid,non_neural
GTEX-17MF6-1026-SM-7EWE1,GTEX-17MF6,45.0,55.388634,10.388634000000003,Artery - Aorta,non_neural
GTEX-1C64N-1326-SM-7SB7D,GTEX-1C64N,55.0,59.01715,4.017150000000001,Adipose - Visceral (Omentum),non_neural
GTEX-12WSD-1826-SM-5GCOA,GTEX-12WSD,65.0,71.29789,6.297889999999995,Esophagus - Mucosa,non_neural
GTEX-P4PQ-0326-SM-2HMJ8,GTEX-P4PQ,65.0,63.284786,-1.7152140000000031,Heart - Left Ventricle,non_neural
GTEX-131XG-0926-SM-5LZW5,GTEX-131XG,55.0,45.55387,-9.446129999999997,Esophagus - Muscularis,non_neural
GTEX-11P7K-1725-B-SM-AW8PJ,GTEX-11P7K,35.0,33.555004,-1.4449960000000033,Stomach - Mucosa,non_neural
GTEX-1GN1W-1926-SM-7P8TH,GTEX-1GN1W,55.0,55.111534,0.11153399999999891,Breast - Mammary Tissue,non_neural
GTEX-OXRO-1726-SM-3LK6C,GTEX-OXRO,65.0,65.24492,0.24491999999999337,Muscle - Skeletal,non_neural
GTEX-1S82P-1026-SM-EAZ4W,GTEX-1S82P,65.0,58.396675,-6.603324999999998,Pancreas,non_neural
GTEX-YFCO-1326-SM-664NV,GTEX-YFCO,45.0,39.57726,-5.4227399999999975,Small Intestine - Terminal Ileum,non_neural
GTEX-11EQ8-0006-SM-5P9HJ,GTEX-11EQ8,65.0,66.71795,1.7179500000000019,Whole Blood,non_neural
GTEX-XXEK-0008-SM-4BRW7,GTEX-XXEK,55.0,54.147808,-0.8521920000000023,Cells - Cultured fibroblasts,non_neural
GTEX-13RTK-0126-SM-5RQHQ,GTEX-13RTK,25.0,24.428423,-0.5715770000000013,Artery - Aorta,non_neural
GTEX-16XZZ-2926-SM-6LPK4,GTEX-16XZZ,65.0,63.290524,-1.7094760000000022,Brain - Cerebellum,neural
GTEX-P4QT-2126-SM-H6Q7H,GTEX-P4QT,55.0,50.368305,-4.631695000000001,Cervix - Ectocervix,non_neural
GTEX-UTHO-3026-SM-3GAFB,GTEX-UTHO,65.0,67.05536,2.055359999999993,Brain - Cortex,neural
GTEX-1I1GU-0326-SM-AHZ2K,GTEX-1I1GU,45.0,59.305096,14.305095999999999,Pancreas,non_neural
GTEX-1H1DG-1026-SM-9MQJS,GTEX-1H1DG,75.0,67.11467,-7.885329999999996,Lung,non_neural
GTEX-1EU9M-2326-SM-7MKGS,GTEX-1EU9M,65.0,66.54242,1.542420000000007,Esophagus - Mucosa,non_neural
GTEX-1I6K6-0001-SM-F2T96,GTEX-1I6K6,35.0,43.376507,8.376506999999997,Cells - EBV-transformed lymphocytes,non_neural
GTEX-XMD1-0011-R1A-SM-4AT4C,GTEX-XMD1,65.0,68.58103,3.5810299999999984,Brain - Hippocampus,neural
GTEX-1GZ4H-1026-SM-9OSXL,GTEX-1GZ4H,55.0,40.03061,-14.969389999999997,Stomach,non_neural
GTEX-146FH-0326-SM-5QGPT,GTEX-146FH,55.0,68.30507,13.30507,Nerve - Tibial,neural
GTEX-XXEK-0005-SM-4BRWJ,GTEX-XXEK,55.0,47.69474,-7.305259999999997,Whole Blood,non_neural
GTEX-12WSH-3126-SM-5LZW8,GTEX-12WSH,55.0,51.705162,-3.2948379999999986,Brain - Cerebellum,neural
GTEX-OIZF-0726-SM-7PC15,GTEX-OIZF,65.0,62.970314,-2.029685999999998,Esophagus - Muscularis,non_neural
GTEX-OHPN-1626-SM-GNTBJ,GTEX-OHPN,65.0,63.173973,-1.8260270000000034,Ovary,non_neural
GTEX-1LH75-1326-SM-F2I1R,GTEX-1LH75,55.0,49.334564,-5.665436,Kidney - Cortex,non_neural
GTEX-WH7G-2326-SM-G8W7K,GTEX-WH7G,45.0,53.07357,8.073569999999997,Skin - Sun Exposed (Lower leg),non_neural
GTEX-1RQEC-0006-SM-CL542,GTEX-1RQEC,65.0,55.30132,-9.698680000000003,Whole Blood,non_neural
GTEX-Y3IK-1726-SM-4YCCR,GTEX-Y3IK,55.0,55.30529,0.3052899999999994,Small Intestine - Terminal Ileum,non_neural
GTEX-1R9PO-0326-SM-DTXA1,GTEX-1R9PO,65.0,63.45735,-1.5426500000000019,Heart - Left Ventricle,non_neural
GTEX-QMR6-0011-R5A-SM-32PKT,GTEX-QMR6,55.0,54.151585,-0.8484150000000028,Brain - Caudate (basal ganglia),neural
GTEX-15ETS-2026-SM-6AJBC,GTEX-15ETS,45.0,52.416508,7.416508,Esophagus - Muscularis,non_neural
GTEX-14E6C-1226-SM-5ZZUN,GTEX-14E6C,45.0,48.508667,3.5086670000000026,Adipose - Visceral (Omentum),non_neural
GTEX-1C6VQ-0626-SM-7EPHE,GTEX-1C6VQ,55.0,55.834698,0.834698000000003,Nerve - Tibial,neural
GTEX-WY7C-0006-SM-3NB3L,GTEX-WY7C,55.0,58.77095,3.770949999999999,Whole Blood,non_neural
GTEX-1F48J-2226-SM-7MXTN,GTEX-1F48J,55.0,62.642387,7.642386999999999,Kidney - Cortex,non_neural
GTEX-1GN2E-0626-SM-9MQJR,GTEX-1GN2E,65.0,66.84656,1.8465599999999966,Artery - Tibial,non_neural
GTEX-1JMOU-0011-R3a-SM-EYYXN,GTEX-1JMOU,65.0,65.70726,0.7072600000000051,Brain - Anterior cingulate cortex (BA24),neural
GTEX-1E2YA-0326-SM-9KNW8,GTEX-1E2YA,55.0,48.124237,-6.875762999999999,Nerve - Tibial,neural
GTEX-18QFQ-0326-SM-731C3,GTEX-18QFQ,35.0,39.024,4.024000000000001,Muscle - Skeletal,non_neural
GTEX-1LVAO-0826-SM-E6CIU,GTEX-1LVAO,65.0,68.03856,3.038560000000004,Artery - Aorta,non_neural
GTEX-1QP66-1226-SM-DTX7U,GTEX-1QP66,55.0,46.748627,-8.251373000000001,Skin - Not Sun Exposed (Suprapubic),non_neural
GTEX-ZYFD-0011-R5a-SM-H6Q7M,GTEX-ZYFD,55.0,56.74578,1.7457800000000034,Brain - Caudate (basal ganglia),neural
GTEX-1B996-0726-SM-7IGPI,GTEX-1B996,65.0,66.80413,1.8041300000000007,Lung,non_neural
GTEX-T8EM-1726-SM-GPRWO,GTEX-T8EM,45.0,44.850285,-0.1497150000000005,Bladder,non_neural
GTEX-1117F-3026-SM-5GZYU,GTEX-1117F,65.0,66.884735,1.8847350000000063,Minor Salivary Gland,non_neural
GTEX-WH7G-0002-SM-4LVN9,GTEX-WH7G,45.0,53.463493,8.463493,Cells - EBV-transformed lymphocytes,non_neural
GTEX-13QIC-0011-R10a-SM-5O9C7,GTEX-13QIC,65.0,68.11152,3.1115199999999987,Brain - Frontal Cortex (BA9),neural
GTEX-15UKP-0826-SM-HAV2U,GTEX-15UKP,25.0,24.893581,-0.10641899999999893,Adrenal Gland,non_neural
GTEX-OIZG-0726-SM-33HBL,GTEX-OIZG,55.0,53.471046,-1.5289539999999988,Skin - Sun Exposed (Lower leg),non_neural
GTEX-XGQ4-1326-SM-4GIDU,GTEX-XGQ4,55.0,46.359703,-8.640296999999997,Small Intestine - Terminal Ileum,non_neural
GTEX-SE5C-2026-SM-EAZ2U,GTEX-SE5C,45.0,46.068375,1.0683750000000032,Artery - Tibial,non_neural
GTEX-14PJ3-2026-SM-5ZZVK,GTEX-14PJ3,55.0,52.507694,-2.4923059999999992,Muscle - Skeletal,non_neural
GTEX-WYJK-2426-SM-4ONDQ,GTEX-WYJK,55.0,55.73345,0.7334499999999977,Pancreas,non_neural
GTEX-S32W-1926-SM-4AD63,GTEX-S32W,55.0,50.514973,-4.485027000000002,Liver,non_neural
GTEX-Y114-0226-SM-4TT8W,GTEX-Y114,55.0,57.17436,2.17436,Heart - Left Ventricle,non_neural
GTEX-13OVL-0011-R3b-SM-5L3I8,GTEX-13OVL,55.0,54.46013,-0.5398700000000005,Brain - Anterior cingulate cortex (BA24),neural
GTEX-1JMQL-2326-SM-CNNPV,GTEX-1JMQL,55.0,50.81202,-4.187980000000003,Vagina,non_neural
GTEX-WVJS-0826-SM-4MVNR,GTEX-WVJS,55.0,52.842987,-2.157012999999999,Lung,non_neural
GTEX-WFG8-1826-SM-4LVM4,GTEX-WFG8,25.0,34.035683,9.035682999999999,Prostate,non_neural
GTEX-1GZHY-0226-SM-9WG6A,GTEX-1GZHY,55.0,51.747738,-3.2522620000000018,Nerve - Tibial,neural
GTEX-1B8SF-0011-R8b-SM-7P8SX,GTEX-1B8SF,65.0,64.17105,-0.8289500000000061,Brain - Hypothalamus,neural
GTEX-144GN-2326-SM-GHWQE,GTEX-144GN,55.0,54.607136,-0.392864000000003,Skin - Sun Exposed (Lower leg),non_neural
GTEX-1M4P7-0826-SM-E9TJR,GTEX-1M4P7,65.0,61.60404,-3.3959600000000023,Lung,non_neural
GTEX-S95S-0226-SM-4B656,GTEX-S95S,65.0,62.676346,-2.3236539999999977,Artery - Aorta,non_neural
GTEX-PW2O-0526-SM-2I3DX,GTEX-PW2O,25.0,42.150665,17.150664999999996,Lung,non_neural
GTEX-ZYFG-1326-SM-5GICJ,GTEX-ZYFG,65.0,59.0073,-5.992699999999999,Stomach,non_neural
GTEX-XUW1-2126-SM-F21J2,GTEX-XUW1,55.0,50.925255,-4.074745,Stomach,non_neural
GTEX-1F75I-0926-SM-7MXUU,GTEX-1F75I,45.0,54.563034,9.563034000000002,Thyroid,non_neural
GTEX-14C5O-0011-R4b-SM-G9ERF,GTEX-14C5O,65.0,60.83587,-4.16413,Brain - Amygdala,neural
GTEX-11UD2-1126-SM-5EQM6,GTEX-11UD2,55.0,62.00482,7.004820000000002,Artery - Coronary,non_neural
GTEX-1N5O9-0011-R9a-SM-G8LLD,GTEX-1N5O9,65.0,64.7255,-0.2745000000000033,Brain - Spinal cord (cervical c-1),neural
GTEX-139T8-0826-SM-G8OLO,GTEX-139T8,65.0,43.477787,-21.522213,Breast - Mammary Tissue,non_neural
GTEX-18D9B-2126-SM-7LTAQ,GTEX-18D9B,65.0,53.870537,-11.129463000000001,Esophagus - Muscularis,non_neural
GTEX-11ONC-0011-R9b-SM-5NQ8J,GTEX-11ONC,65.0,67.84549,2.845489999999998,Brain - Spinal cord (cervical c-1),neural
GTEX-12WSJ-0526-SM-5GCOZ,GTEX-12WSJ,45.0,50.33416,5.334159999999997,Spleen,non_neural
GTEX-WHPG-1826-SM-GNTAH,GTEX-WHPG,55.0,49.279682,-5.720317999999999,Small Intestine - Terminal Ileum,non_neural
GTEX-1RQEC-0826-SM-G8OL7,GTEX-1RQEC,65.0,63.688477,-1.311523000000001,Heart - Atrial Appendage,non_neural
GTEX-15UF6-1826-SM-6LLI9,GTEX-15UF6,75.0,68.27382,-6.726179999999999,Pancreas,non_neural
GTEX-WEY5-0926-SM-4LMI4,GTEX-WEY5,45.0,45.86712,0.8671199999999999,Esophagus - Mucosa,non_neural
GTEX-1B996-0226-SM-7RHGO,GTEX-1B996,65.0,68.406876,3.406875999999997,Skin - Sun Exposed (Lower leg),non_neural
GTEX-13FLV-1626-SM-5J2N4,GTEX-13FLV,55.0,51.222023,-3.777977,Brain - Cerebellum,neural
GTEX-Y9LG-2226-SM-4VDS9,GTEX-Y9LG,35.0,49.222713,14.222712999999999,Nerve - Tibial,neural
GTEX-ZV7C-1526-SM-5NQ72,GTEX-ZV7C,55.0,55.95024,0.9502400000000009,Colon - Transverse,non_neural
GTEX-XMK1-1126-SM-4IHJ8,GTEX-XMK1,45.0,43.7968,-1.2032000000000025,Breast - Mammary Tissue,non_neural
GTEX-11GSO-0011-R9b-SM-GI4VN,GTEX-11GSO,65.0,61.98754,-3.0124599999999973,Brain - Spinal cord (cervical c-1),neural
GTEX-17HII-0011-R3a-SM-7LT9D,GTEX-17HII,55.0,60.262535,5.262535,Brain - Anterior cingulate cortex (BA24),neural
GTEX-16GPK-2226-SM-GRR2M,GTEX-16GPK,65.0,70.10145,5.10145,Adrenal Gland,non_neural
GTEX-Z9EW-1526-SM-EZ6LU,GTEX-Z9EW,45.0,50.543934,5.543934,Breast - Mammary Tissue,non_neural
GTEX-13NZA-0005-SM-HKZYV,GTEX-13NZA,65.0,55.974487,-9.025512999999997,Whole Blood,non_neural
GTEX-15SHV-0726-SM-6PAMO,GTEX-15SHV,65.0,60.3681,-4.631900000000002,Artery - Coronary,non_neural
GTEX-13D11-2526-SM-5KM28,GTEX-13D11,55.0,52.039497,-2.9605030000000028,Muscle - Skeletal,non_neural
GTEX-13X6J-1926-SM-5TDCU,GTEX-13X6J,55.0,49.025948,-5.974052,Adipose - Visceral (Omentum),non_neural
GTEX-11EQ9-0526-SM-5A5JZ,GTEX-11EQ9,35.0,40.3488,5.348799999999997,Liver,non_neural
GTEX-1R9JW-2226-SM-E8VMS,GTEX-1R9JW,35.0,51.265514,16.265514000000003,Nerve - Tibial,neural
GTEX-11H98-0526-SM-GINAW,GTEX-11H98,55.0,56.184765,1.1847649999999987,Artery - Tibial,non_neural
GTEX-1GMR3-2826-SM-9WPOG,GTEX-1GMR3,45.0,46.050217,1.0502170000000035,Colon - Transverse,non_neural
GTEX-1C2JI-0826-SM-7EPHB,GTEX-1C2JI,55.0,58.72745,3.7274499999999975,Adipose - Visceral (Omentum),non_neural
GTEX-1EH9U-2226-SM-7PBXX,GTEX-1EH9U,65.0,66.37416,1.3741600000000034,Stomach,non_neural
GTEX-144GN-2426-SM-GINAZ,GTEX-144GN,55.0,51.377945,-3.622055000000003,Muscle - Skeletal,non_neural
GTEX-111FC-2026-SM-5GZYO,GTEX-111FC,65.0,52.7346,-12.2654,Prostate,non_neural
GTEX-ZVE2-0008-SM-51MRU,GTEX-ZVE2,55.0,61.501915,6.501914999999997,Cells - Cultured fibroblasts,non_neural
GTEX-XBEW-1626-SM-4SOJP,GTEX-XBEW,45.0,42.2779,-2.7220999999999975,Pancreas,non_neural
GTEX-1CB4F-0226-SM-7EPHS,GTEX-1CB4F,65.0,41.403976,-23.596024,Spleen,non_neural
GTEX-1CB4H-0011-R3b-SM-9OSVI,GTEX-1CB4H,65.0,62.388634,-2.6113659999999967,Brain - Anterior cingulate cortex (BA24),neural
GTEX-1R9JW-0826-SM-DPRZJ,GTEX-1R9JW,35.0,48.354218,13.354218000000003,Liver,non_neural
GTEX-18465-0326-SM-7LTAD,GTEX-18465,55.0,56.09911,1.0991100000000031,Muscle - Skeletal,non_neural
GTEX-YJ8A-0006-SM-HL9SG,GTEX-YJ8A,25.0,34.76174,9.761740000000003,Whole Blood,non_neural
GTEX-13OVK-1926-SM-6M48G,GTEX-13OVK,45.0,43.67555,-1.3244499999999988,Muscle - Skeletal,non_neural
GTEX-X4EP-1026-SM-4QAS5,GTEX-X4EP,65.0,61.012444,-3.987555999999998,Liver,non_neural
GTEX-145LV-2326-SM-5LU8Z,GTEX-145LV,55.0,47.012573,-7.987426999999997,Muscle - Skeletal,non_neural
GTEX-17HHY-0926-SM-793C1,GTEX-17HHY,55.0,57.10514,2.1051399999999987,Breast - Mammary Tissue,non_neural
GTEX-145LU-0826-SM-5O98L,GTEX-145LU,55.0,55.982365,0.9823650000000015,Artery - Tibial,non_neural
GTEX-X4EO-0004-SM-4QARM,GTEX-X4EO,65.0,68.89226,3.892259999999993,Cells - EBV-transformed lymphocytes,non_neural
GTEX-1F6IF-0011-R8a-SM-9OSX5,GTEX-1F6IF,65.0,62.14397,-2.856029999999997,Brain - Hypothalamus,neural
GTEX-12WSN-1426-SM-5GCO6,GTEX-12WSN,45.0,47.790787,2.7907870000000017,Skin - Not Sun Exposed (Suprapubic),non_neural
GTEX-13O3Q-2626-SM-5KM3S,GTEX-13O3Q,55.0,59.96044,4.960439999999998,Nerve - Tibial,neural
GTEX-11GSO-1826-SM-HAV2L,GTEX-11GSO,65.0,61.82071,-3.1792900000000017,Testis,non_neural
GTEX-ZVT3-0006-SM-51MT9,GTEX-ZVT3,65.0,62.78138,-2.2186200000000014,Whole Blood,non_neural
GTEX-17EUY-1226-SM-GQ1E3,GTEX-17EUY,25.0,21.841381,-3.1586190000000016,Esophagus - Gastroesophageal Junction,non_neural
GTEX-1LGRB-1426-SM-CNNPT,GTEX-1LGRB,55.0,47.042713,-7.957287000000001,Colon - Transverse,non_neural
GTEX-X3Y1-1426-SM-GPRY2,GTEX-X3Y1,45.0,46.11669,1.1166899999999984,Stomach,non_neural
GTEX-11TTK-0011-R4a-SM-DNZZU,GTEX-11TTK,65.0,66.24596,1.2459599999999966,Brain - Amygdala,neural
GTEX-1H1DG-0011-R10b-SM-CE6S7,GTEX-1H1DG,75.0,68.60158,-6.3984200000000016,Brain - Frontal Cortex (BA9),neural
GTEX-12KS4-1226-SM-HAV3K,GTEX-12KS4,35.0,37.932858,2.932858000000003,Artery - Tibial,non_neural
GTEX-1GN1W-1326-SM-9JGHZ,GTEX-1GN1W,55.0,58.65763,3.6576299999999975,Uterus,non_neural
GTEX-1QMI2-2626-SM-E6CR4,GTEX-1QMI2,65.0,60.185246,-4.814754000000001,Colon - Transverse,non_neural
GTEX-1FIGZ-1926-SM-9KNUL,GTEX-1FIGZ,45.0,45.35827,0.3582699999999974,Artery - Tibial,non_neural
GTEX-14LZ3-0011-R1a-SM-69LP5,GTEX-14LZ3,65.0,68.07985,3.0798499999999933,Brain - Hippocampus,neural
GTEX-ZVE2-0006-SM-51MRW,GTEX-ZVE2,55.0,58.43907,3.439070000000001,Whole Blood,non_neural
GTEX-1CAMR-0926-SM-7MXTD,GTEX-1CAMR,25.0,36.679314,11.679313999999998,Colon - Transverse,non_neural
GTEX-131XH-0011-R1a-SM-5DUWA,GTEX-131XH,55.0,49.066616,-5.933383999999997,Brain - Hippocampus,neural
GTEX-131YS-0626-SM-5EGKL,GTEX-131YS,65.0,64.603584,-0.3964160000000021,Breast - Mammary Tissue,non_neural
GTEX-Y5V6-1026-SM-4VBS2,GTEX-Y5V6,65.0,51.003258,-13.996741999999998,Esophagus - Mucosa,non_neural
GTEX-12WSN-5019-SM-79OM6,GTEX-12WSN,45.0,45.93302,0.9330199999999991,Skin - Sun Exposed (Lower leg),non_neural
GTEX-11TTK-2726-SM-5GU58,GTEX-11TTK,65.0,62.529087,-2.470913000000003,Vagina,non_neural
GTEX-1GZHY-0011-R9a-SM-9WG5R,GTEX-1GZHY,55.0,60.524937,5.524937000000001,Brain - Spinal cord (cervical c-1),neural
GTEX-1HCU6-0011-R4b-SM-ARU74,GTEX-1HCU6,65.0,63.43208,-1.5679200000000009,Brain - Amygdala,neural
GTEX-ZTSS-0626-SM-59867,GTEX-ZTSS,45.0,47.242622,2.2426219999999972,Esophagus - Mucosa,non_neural
GTEX-117XS-0011-R8b-SM-GHWOD,GTEX-117XS,65.0,73.727554,8.727553999999998,Brain - Hypothalamus,neural
GTEX-1JMLX-1626-SM-ARZMV,GTEX-1JMLX,55.0,58.93264,3.9326399999999992,Heart - Left Ventricle,non_neural
GTEX-1CB4F-0926-SM-7DHMJ,GTEX-1CB4F,65.0,47.744473,-17.255527,Lung,non_neural
GTEX-1MUQO-2426-SM-EAZ5A,GTEX-1MUQO,65.0,64.10579,-0.8942100000000011,Small Intestine - Terminal Ileum,non_neural
GTEX-13G51-0426-SM-5K7Z5,GTEX-13G51,65.0,70.10054,5.100539999999995,Lung,non_neural
GTEX-14PN4-3026-SM-664O4,GTEX-14PN4,55.0,56.050144,1.050144000000003,Brain - Cerebellum,neural
GTEX-WYVS-0926-SM-4SOJV,GTEX-WYVS,45.0,45.77823,0.7782300000000006,Pancreas,non_neural
GTEX-13X6H-2326-SM-5O9BC,GTEX-13X6H,55.0,53.757103,-1.2428969999999993,Muscle - Skeletal,non_neural
GTEX-1I1HK-0008-SM-F2I1B,GTEX-1I1HK,65.0,60.008373,-4.991627000000001,Cells - Cultured fibroblasts,non_neural
GTEX-1BAJH-0011-R8a-SM-7MXUB,GTEX-1BAJH,75.0,68.92913,-6.070869999999999,Brain - Hypothalamus,neural
GTEX-1LSNL-2026-SM-HLJQ4,GTEX-1LSNL,55.0,54.337223,-0.6627769999999984,Liver,non_neural
GTEX-1445S-0626-SM-G9EQK,GTEX-1445S,65.0,55.33981,-9.66019,Muscle - Skeletal,non_neural
GTEX-1JN1M-0006-SM-DHXJE,GTEX-1JN1M,65.0,56.15261,-8.847389999999997,Whole Blood,non_neural
GTEX-1CAMS-0226-SM-79397,GTEX-1CAMS,45.0,35.961525,-9.038474999999998,Adrenal Gland,non_neural
GTEX-1F7RK-0011-R3b-SM-9OSWJ,GTEX-1F7RK,25.0,38.14772,13.14772,Brain - Anterior cingulate cortex (BA24),neural
GTEX-16Z82-1126-SM-H7OGK,GTEX-16Z82,65.0,66.60788,1.6078799999999944,Heart - Left Ventricle,non_neural
GTEX-117YX-1326-SM-5H125,GTEX-117YX,55.0,48.536636,-6.4633639999999986,Lung,non_neural
GTEX-1HC8U-1326-SM-9YFMJ,GTEX-1HC8U,45.0,47.8528,2.852800000000002,Skin - Not Sun Exposed (Suprapubic),non_neural
GTEX-ZYFD-0011-R10a-SM-GPI91,GTEX-ZYFD,55.0,51.852703,-3.147297000000002,Brain - Frontal Cortex (BA9),neural
GTEX-Z9EW-0326-SM-5CVM8,GTEX-Z9EW,45.0,50.14875,5.14875,Esophagus - Gastroesophageal Junction,non_neural
GTEX-1I1GS-0011-R7a-SM-CM2T6,GTEX-1I1GS,65.0,60.8191,-4.180900000000001,Brain - Putamen (basal ganglia),neural
GTEX-1LG7Y-0326-SM-EYYWL,GTEX-1LG7Y,55.0,53.283035,-1.7169650000000019,Artery - Tibial,non_neural
GTEX-1477Z-0011-R10b-SM-5S2RF,GTEX-1477Z,65.0,63.57764,-1.4223599999999976,Brain - Frontal Cortex (BA9),neural
GTEX-17F98-0826-SM-7DUF7,GTEX-17F98,45.0,50.20265,5.202649999999998,Nerve - Tibial,neural
GTEX-1N2DW-0011-R4b-SM-EZ6MD,GTEX-1N2DW,55.0,56.59916,1.5991599999999977,Brain - Amygdala,neural
GTEX-111CU-0326-SM-5GZXO,GTEX-111CU,55.0,57.447647,2.4476470000000035,Lung,non_neural
GTEX-1399T-0011-R6b-SM-5K7YL,GTEX-1399T,65.0,71.05167,6.051670000000001,Brain - Nucleus accumbens (basal ganglia),neural
GTEX-15CHR-1126-SM-7EWF4,GTEX-15CHR,55.0,48.546448,-6.453552000000002,Skin - Not Sun Exposed (Suprapubic),non_neural
GTEX-12WSD-2926-SM-5LZUH,GTEX-12WSD,65.0,60.881573,-4.118426999999997,Vagina,non_neural
GTEX-PX3G-0008-SM-48U2L,GTEX-PX3G,25.0,42.047783,17.047783000000003,Cells - Cultured fibroblasts,non_neural
GTEX-11NUK-2426-SM-5BC4U,GTEX-11NUK,55.0,50.71853,-4.281469999999999,Stomach,non_neural
GTEX-1EKGG-2226-SM-7IGOA,GTEX-1EKGG,65.0,53.445065,-11.554935,Kidney - Cortex,non_neural
GTEX-11H98-0011-R3a-SM-GIN8P,GTEX-11H98,55.0,57.15654,2.1565399999999997,Brain - Anterior cingulate cortex (BA24),neural
GTEX-13OVH-0526-SM-5L3E6,GTEX-13OVH,75.0,66.42633,-8.573670000000007,Skin - Not Sun Exposed (Suprapubic),non_neural
GTEX-13NYC-2826-SM-5K7WR,GTEX-13NYC,65.0,67.608826,2.6088259999999934,Brain - Cortex,neural
GTEX-1IKK5-0011-R5b-SM-CL55B,GTEX-1IKK5,65.0,64.88294,-0.11705999999999506,Brain - Caudate (basal ganglia),neural
GTEX-WZTO-0011-R4A-SM-3NMC7,GTEX-WZTO,45.0,38.666195,-6.333804999999998,Brain - Amygdala,neural
GTEX-1PPH8-1026-SM-DPRXN,GTEX-1PPH8,25.0,21.310926,-3.6890740000000015,Adipose - Visceral (Omentum),non_neural
GTEX-11PRG-0726-SM-5EGL1,GTEX-11PRG,55.0,60.58159,5.5815899999999985,Skin - Not Sun Exposed (Suprapubic),non_neural
GTEX-XV7Q-2426-SM-4BRV8,GTEX-XV7Q,45.0,57.116154,12.116154000000002,Minor Salivary Gland,non_neural
GTEX-13OVI-0826-SM-5KLZ8,GTEX-13OVI,65.0,62.343163,-2.656837000000003,Thyroid,non_neural
GTEX-1M4P7-0526-SM-EVYCP,GTEX-1M4P7,65.0,74.23633,9.236329999999995,Nerve - Tibial,neural
GTEX-16XZZ-2626-SM-6M47S,GTEX-16XZZ,65.0,59.558464,-5.441535999999999,Colon - Transverse,non_neural
GTEX-16NGA-1025-A-SM-DLZRM,GTEX-16NGA,45.0,41.611427,-3.388573000000001,Colon - Transverse - Mixed Cell,non_neural
GTEX-1PPGY-0011-R10a-SM-F649Q,GTEX-1PPGY,65.0,66.23191,1.2319099999999992,Brain - Frontal Cortex (BA9),neural
GTEX-Y3I4-2326-SM-4TT81,GTEX-Y3I4,55.0,56.989525,1.9895250000000004,Muscle - Skeletal,non_neural
GTEX-11NUK-0005-SM-5MR5F,GTEX-11NUK,55.0,55.392654,0.3926540000000003,Whole Blood,non_neural
GTEX-1EH9U-1726-SM-7P8QK,GTEX-1EH9U,65.0,64.86926,-0.13074000000000296,Adrenal Gland,non_neural
GTEX-13VXU-0011-R1a-SM-GINAT,GTEX-13VXU,55.0,62.98947,7.989469999999997,Brain - Hippocampus,neural
GTEX-12584-2726-SM-5FQUN,GTEX-12584,45.0,39.73638,-5.263620000000003,Muscle - Skeletal,non_neural
GTEX-15F5U-1526-SM-6PANO,GTEX-15F5U,45.0,51.055527,6.055526999999998,Skin - Sun Exposed (Lower leg),non_neural
GTEX-1KD5A-0626-SM-DIPEN,GTEX-1KD5A,55.0,60.764755,5.764755000000001,Artery - Tibial,non_neural
GTEX-1NUQO-0426-SM-HK79G,GTEX-1NUQO,25.0,32.7753,7.775300000000001,Spleen,non_neural
GTEX-ZTX8-0726-SM-59HL9,GTEX-ZTX8,25.0,29.840984,4.840983999999999,Adipose - Visceral (Omentum),non_neural
GTEX-ZVZP-2226-SM-57WBF,GTEX-ZVZP,55.0,52.479286,-2.520713999999998,Testis,non_neural
GTEX-S7SF-0626-SM-4AD4V,GTEX-S7SF,25.0,29.914253,4.914252999999999,Stomach,non_neural
GTEX-12WSF-0011-R1a-SM-5DUVI,GTEX-12WSF,75.0,70.38938,-4.610619999999997,Brain - Hippocampus,neural
GTEX-1EH9U-0011-R10a-SM-CJI2A,GTEX-1EH9U,65.0,63.19257,-1.8074299999999965,Brain - Frontal Cortex (BA9),neural
GTEX-1NUQO-1326-SM-HK79B,GTEX-1NUQO,25.0,35.326378,10.326377999999998,Colon - Transverse,non_neural
GTEX-1CAMS-1926-SM-7DUEU,GTEX-1CAMS,45.0,53.280396,8.280396000000003,Pancreas,non_neural
GTEX-111VG-1626-SM-5EGIO,GTEX-111VG,65.0,62.77718,-2.2228199999999987,Skin - Not Sun Exposed (Suprapubic),non_neural
GTEX-1IY9M-0011-R1a-SM-EXURZ,GTEX-1IY9M,65.0,66.982,1.9819999999999993,Brain - Hippocampus,neural
GTEX-1LG7Y-0011-R9a-SM-G8LMA,GTEX-1LG7Y,55.0,47.22467,-7.775329999999997,Brain - Spinal cord (cervical c-1),neural
GTEX-S7PM-0006-SM-3NM8C,GTEX-S7PM,65.0,58.01255,-6.987450000000003,Whole Blood,non_neural
GTEX-16MTA-0008-SM-EAZC6,GTEX-16MTA,55.0,47.214905,-7.785094999999998,Cells - Cultured fibroblasts,non_neural
GTEX-131XH-0002-SM-HTQ7Q,GTEX-131XH,55.0,59.46573,4.465730000000001,Cells - EBV-transformed lymphocytes,non_neural
GTEX-WRHK-0626-SM-4MVOE,GTEX-WRHK,25.0,27.138117,2.138117000000001,Stomach,non_neural
GTEX-1LVAN-2526-SM-CNPPC,GTEX-1LVAN,55.0,47.5493,-7.450699999999998,Colon - Transverse,non_neural
GTEX-1HBPI-0011-R9b-SM-ARL76,GTEX-1HBPI,55.0,56.10682,1.106819999999999,Brain - Spinal cord (cervical c-1),neural
GTEX-ZT9X-0226-SM-51MT2,GTEX-ZT9X,45.0,40.33298,-4.667020000000001,Thyroid,non_neural
GTEX-YFC4-0011-R10a-SM-4SOK5,GTEX-YFC4,45.0,42.572205,-2.4277950000000033,Brain - Frontal Cortex (BA9),neural
GTEX-14BIN-2426-SM-5TDCF,GTEX-14BIN,55.0,57.295883,2.2958830000000034,Colon - Sigmoid,non_neural
GTEX-1CB4J-0126-SM-7PC3K,GTEX-1CB4J,65.0,67.14084,2.140839999999997,Artery - Aorta,non_neural
GTEX-R45C-0726-SM-HAUYL,GTEX-R45C,65.0,67.732346,2.732346000000007,Thyroid,non_neural
GTEX-15RIE-0426-SM-7KUMH,GTEX-15RIE,65.0,56.92301,-8.076990000000002,Thyroid,non_neural
GTEX-WXYG-1126-SM-4ONCH,GTEX-WXYG,55.0,51.349354,-3.650646000000002,Esophagus - Muscularis,non_neural
GTEX-15CHC-1326-SM-6LLJA,GTEX-15CHC,65.0,52.769928,-12.230072,Esophagus - Gastroesophageal Junction,non_neural
GTEX-Y8LW-1226-SM-4WWDP,GTEX-Y8LW,55.0,49.04963,-5.9503699999999995,Colon - Transverse,non_neural
GTEX-WYVS-1826-SM-4OND6,GTEX-WYVS,45.0,51.331066,6.331066,Colon - Transverse,non_neural
GTEX-Q734-0626-SM-2I3EF,GTEX-Q734,45.0,36.291508,-8.708492,Lung,non_neural
GTEX-1QCLZ-1226-SM-EAZ49,GTEX-1QCLZ,65.0,59.84504,-5.154960000000003,Liver,non_neural
GTEX-1QMI2-0011-R11a-SM-F2I2I,GTEX-1QMI2,65.0,59.44049,-5.559510000000003,Brain - Cerebellar Hemisphere,neural
GTEX-ZVT3-0326-SM-5GU6U,GTEX-ZVT3,65.0,57.45171,-7.5482900000000015,Nerve - Tibial,neural
GTEX-13O3O-1526-SM-5KM1C,GTEX-13O3O,65.0,62.520653,-2.479346999999997,Heart - Left Ventricle,non_neural
GTEX-1MA7X-0626-SM-E9TJI,GTEX-1MA7X,65.0,52.508545,-12.491455000000002,Lung,non_neural
GTEX-OIZI-1126-SM-3NB1F,GTEX-OIZI,45.0,48.588047,3.588047000000003,Artery - Aorta,non_neural
GTEX-V955-1026-SM-4JBHO,GTEX-V955,65.0,61.556896,-3.443103999999998,Esophagus - Muscularis,non_neural
GTEX-15F5U-1826-SM-6LLJF,GTEX-15F5U,45.0,54.980274,9.980274000000001,Muscle - Skeletal,non_neural
GTEX-16NPX-1126-SM-GPRXK,GTEX-16NPX,55.0,61.459934,6.459933999999997,Lung,non_neural
GTEX-13OVG-0326-SM-5KM57,GTEX-13OVG,65.0,50.722687,-14.277313,Lung,non_neural
GTEX-1MJK2-2926-SM-G8LLK,GTEX-1MJK2,55.0,58.79012,3.7901200000000017,Brain - Cortex,neural
GTEX-12WSD-1726-SM-5GCN4,GTEX-12WSD,65.0,63.09488,-1.9051199999999966,Spleen,non_neural
GTEX-1IDJD-0426-SM-CM2TO,GTEX-1IDJD,35.0,34.083344,-0.9166560000000032,Artery - Coronary,non_neural
GTEX-W5X1-0126-SM-HLJRF,GTEX-W5X1,45.0,49.286945,4.286945000000003,Liver,non_neural
GTEX-1QP28-2026-SM-F2I3M,GTEX-1QP28,55.0,52.242393,-2.757607,Minor Salivary Gland,non_neural
GTEX-1GZ4I-0526-SM-9YFLX,GTEX-1GZ4I,55.0,64.64056,9.640559999999994,Muscle - Skeletal,non_neural
GTEX-X3Y1-1226-SM-4PQZ8,GTEX-X3Y1,45.0,52.802513,7.802512999999998,Esophagus - Muscularis,non_neural
GTEX-1LVAO-1026-SM-F33ZR,GTEX-1LVAO,65.0,63.566917,-1.4330830000000034,Thyroid,non_neural
GTEX-1I1HK-0005-SM-ARZL8,GTEX-1I1HK,65.0,69.838524,4.838524000000007,Whole Blood,non_neural
GTEX-ZT9W-2026-SM-51MRA,GTEX-ZT9W,55.0,54.092484,-0.9075160000000011,Breast - Mammary Tissue,non_neural
GTEX-15CHR-0626-SM-7938V,GTEX-15CHR,55.0,53.308468,-1.6915320000000023,Adrenal Gland,non_neural
GTEX-13FTW-1826-SM-5IJEN,GTEX-13FTW,45.0,48.506107,3.506107,Colon - Transverse,non_neural
GTEX-144GM-1325-A-SM-H6618,GTEX-144GM,25.0,35.487183,10.487183000000002,Liver - Mixed Cell,non_neural
GTEX-YJ8O-2426-SM-5HL7S,GTEX-YJ8O,45.0,38.775703,-6.224297,Adipose - Subcutaneous,non_neural
GTEX-XMD3-1126-SM-HL9TY,GTEX-XMD3,55.0,55.392155,0.3921550000000025,Heart - Left Ventricle,non_neural
GTEX-15SKB-2526-SM-6PALP,GTEX-15SKB,65.0,55.056007,-9.943992999999999,Muscle - Skeletal,non_neural
GTEX-11ZTT-2326-SM-5EQLG,GTEX-11ZTT,65.0,59.025288,-5.974711999999997,Breast - Mammary Tissue,non_neural
GTEX-1AYD5-1726-SM-7RHFW,GTEX-1AYD5,55.0,62.15385,7.1538499999999985,Colon - Transverse,non_neural
GTEX-147JS-0426-SM-5TDD2,GTEX-147JS,65.0,61.919716,-3.080283999999999,Adipose - Subcutaneous,non_neural
GTEX-12ZZZ-0226-SM-59HKU,GTEX-12ZZZ,65.0,59.422134,-5.577866,Muscle - Skeletal,non_neural
GTEX-14E6E-1126-SM-5S2R4,GTEX-14E6E,35.0,44.98711,9.987110000000001,Prostate,non_neural
GTEX-18A7A-2726-SM-7LG6U,GTEX-18A7A,55.0,60.755817,5.755817,Stomach,non_neural
GTEX-1H11D-0008-SM-F21KM,GTEX-1H11D,45.0,43.40268,-1.5973200000000034,Cells - Cultured fibroblasts,non_neural
GTEX-12WSK-2026-SM-5CVNB,GTEX-12WSK,45.0,37.380573,-7.619427000000002,Uterus,non_neural
GTEX-11GSP-1126-SM-5A5LM,GTEX-11GSP,65.0,63.40711,-1.592889999999997,Artery - Aorta,non_neural
GTEX-VJYA-0726-SM-4KL1T,GTEX-VJYA,65.0,57.372585,-7.627414999999999,Esophagus - Mucosa,non_neural
GTEX-ZUA1-0326-SM-5NQA3,GTEX-ZUA1,45.0,50.967968,5.967967999999999,Muscle - Skeletal,non_neural
GTEX-11DXX-0526-SM-5PNVR,GTEX-11DXX,65.0,62.138763,-2.8612370000000027,Heart - Atrial Appendage,non_neural
GTEX-1M4P7-2626-SM-E9U5F,GTEX-1M4P7,65.0,76.8699,11.869900000000001,Breast - Mammary Tissue,non_neural
GTEX-1M5QR-2026-SM-DKPQL,GTEX-1M5QR,45.0,55.384575,10.384574999999998,Artery - Tibial,non_neural
GTEX-1RLM8-0011-R10a-SM-F3414,GTEX-1RLM8,55.0,44.646954,-10.353045999999999,Brain - Frontal Cortex (BA9),neural
GTEX-U4B1-0008-SM-4DXUW,GTEX-U4B1,45.0,36.222595,-8.777405000000002,Cells - Cultured fibroblasts,non_neural
GTEX-12ZZY-0826-SM-5EQMT,GTEX-12ZZY,65.0,63.141045,-1.8589550000000017,Thyroid,non_neural
GTEX-1PBJJ-0626-SM-DPRYO,GTEX-1PBJJ,35.0,48.000988,13.000988,Liver,non_neural
GTEX-14BMV-1626-SM-5P9I2,GTEX-14BMV,55.0,43.743965,-11.256034999999997,Adipose - Visceral (Omentum),non_neural
GTEX-1399R-1226-SM-5P9GF,GTEX-1399R,35.0,48.827896,13.827896000000003,Liver,non_neural
GTEX-1K2DU-1226-SM-CYPT4,GTEX-1K2DU,25.0,29.93932,4.939319999999999,Skin - Not Sun Exposed (Suprapubic),non_neural
GTEX-1B97I-0126-SM-731DH,GTEX-1B97I,45.0,41.08056,-3.9194400000000016,Spleen,non_neural
GTEX-11DXX-0126-SM-5EGH7,GTEX-11DXX,65.0,65.23779,0.23779000000000394,Adrenal Gland,non_neural
GTEX-ZZPT-1326-SM-5E43H,GTEX-ZZPT,55.0,55.43415,0.4341500000000025,Lung,non_neural
GTEX-1C6VR-2426-SM-79OLD,GTEX-1C6VR,65.0,57.063232,-7.936768000000001,Skin - Sun Exposed (Lower leg),non_neural
GTEX-1QP66-0626-SM-E76PD,GTEX-1QP66,55.0,51.901375,-3.0986249999999984,Adipose - Visceral (Omentum),non_neural
GTEX-13113-1426-SM-5EGHU,GTEX-13113,65.0,54.31292,-10.687080000000002,Colon - Sigmoid,non_neural
GTEX-15SHU-0011-R4b-SM-7IGLC,GTEX-15SHU,45.0,45.7026,0.7025999999999968,Brain - Amygdala,neural
GTEX-12ZZX-0126-SM-5EGK9,GTEX-12ZZX,45.0,42.61578,-2.384219999999999,Skin - Sun Exposed (Lower leg),non_neural
GTEX-146FR-1926-SM-5NQA6,GTEX-146FR,65.0,57.51989,-7.480110000000003,Spleen,non_neural
GTEX-WH7G-1726-SM-4LVKY,GTEX-WH7G,45.0,55.715645,10.715645000000002,Prostate,non_neural
GTEX-15SDE-2026-SM-GPIA7,GTEX-15SDE,55.0,43.4761,-11.523899999999998,Artery - Aorta,non_neural
GTEX-16XZY-0526-SM-7DHKY,GTEX-16XZY,75.0,56.482407,-18.517592999999998,Heart - Atrial Appendage,non_neural
GTEX-WZTO-0826-SM-3NM8Q,GTEX-WZTO,45.0,57.227898,12.227898000000003,Muscle - Skeletal,non_neural
GTEX-YECK-1326-SM-4W1ZF,GTEX-YECK,65.0,70.423065,5.423064999999994,Artery - Aorta,non_neural
GTEX-14PII-0726-SM-6EU2B,GTEX-14PII,65.0,61.71531,-3.2846899999999977,Skin - Not Sun Exposed (Suprapubic),non_neural
GTEX-13FTY-0226-SM-5IJBW,GTEX-13FTY,45.0,43.6883,-1.3117000000000019,Muscle - Skeletal,non_neural
GTEX-12WSE-0426-SM-GI4X4,GTEX-12WSE,25.0,44.759727,19.759726999999998,Muscle - Skeletal,non_neural
GTEX-ZE9C-1426-SM-4WKGM,GTEX-ZE9C,65.0,55.960083,-9.039917000000003,Kidney - Cortex,non_neural
GTEX-OXRK-0826-SM-2HMK7,GTEX-OXRK,55.0,52.525784,-2.4742159999999984,Heart - Left Ventricle,non_neural
GTEX-OIZI-1026-SM-3NB1K,GTEX-OIZI,45.0,48.55996,3.5599599999999967,Lung,non_neural
GTEX-14PHY-2726-SM-62LE2,GTEX-14PHY,65.0,64.40583,-0.5941700000000054,Artery - Tibial,non_neural
GTEX-14PJO-1626-SM-69LPQ,GTEX-14PJO,65.0,64.471115,-0.5288850000000025,Adipose - Visceral (Omentum),non_neural
GTEX-1I1GP-2326-SM-CGQFL,GTEX-1I1GP,55.0,60.36911,5.369109999999999,Adipose - Subcutaneous,non_neural
GTEX-13FHP-2826-SM-5IJFW,GTEX-13FHP,55.0,53.7324,-1.2676000000000016,Testis,non_neural
GTEX-WK11-2426-SM-3NMAA,GTEX-WK11,55.0,51.352547,-3.6474529999999987,Adipose - Visceral (Omentum),non_neural
GTEX-12584-0326-SM-59HK2,GTEX-12584,45.0,59.994858,14.994858,Nerve - Tibial,neural
GTEX-1RAZR-2226-SM-E6CRG,GTEX-1RAZR,45.0,47.8675,2.8674999999999997,Testis,non_neural
GTEX-1J1OQ-0011-R5a-SM-D3L8K,GTEX-1J1OQ,45.0,46.611244,1.6112439999999992,Brain - Caudate (basal ganglia),neural
GTEX-14E1K-0726-SM-62LDU,GTEX-14E1K,55.0,58.692036,3.6920360000000016,Artery - Aorta,non_neural
GTEX-SNOS-1626-SM-3NMA4,GTEX-SNOS,45.0,49.467537,4.467537,Nerve - Tibial,neural
GTEX-XBEW-0926-SM-4QASR,GTEX-XBEW,45.0,48.213966,3.213965999999999,Nerve - Tibial,neural
GTEX-1HCUA-0826-SM-ADEHM,GTEX-1HCUA,55.0,58.1148,3.1148000000000025,Skin - Not Sun Exposed (Suprapubic),non_neural
GTEX-X4XY-0011-R8A-SM-46MVC,GTEX-X4XY,65.0,53.06357,-11.936430000000001,Brain - Hypothalamus,neural
GTEX-WVJS-2426-SM-EZ6LI,GTEX-WVJS,55.0,55.42723,0.42723000000000155,Colon - Transverse,non_neural
GTEX-16BQI-1326-SM-6M486,GTEX-16BQI,35.0,35.26561,0.26561000000000234,Skin - Not Sun Exposed (Suprapubic),non_neural
GTEX-1QCLZ-2426-SM-EVYBW,GTEX-1QCLZ,65.0,58.71312,-6.2868799999999965,Skin - Not Sun Exposed (Suprapubic),non_neural
GTEX-ZDXO-1026-SM-GMXB2,GTEX-ZDXO,65.0,69.524414,4.524413999999993,Artery - Coronary,non_neural
GTEX-1HGF4-2626-SM-CM2SJ,GTEX-1HGF4,65.0,59.93833,-5.0616699999999994,Muscle - Skeletal,non_neural
GTEX-ZLV1-0826-SM-DO11P,GTEX-ZLV1,65.0,58.216885,-6.783115000000002,Stomach,non_neural
GTEX-1GF9U-2126-SM-7SB7L,GTEX-1GF9U,45.0,49.101524,4.101523999999998,Skin - Sun Exposed (Lower leg),non_neural
GTEX-OOBK-0326-SM-GRR3H,GTEX-OOBK,45.0,39.75676,-5.24324,Heart - Left Ventricle,non_neural
GTEX-15ETS-2426-SM-6PANJ,GTEX-15ETS,45.0,48.353424,3.353423999999997,Artery - Tibial,non_neural
GTEX-11WQC-2726-SM-5CVLG,GTEX-11WQC,65.0,62.658173,-2.341827000000002,Artery - Tibial,non_neural
GTEX-P44H-0726-SM-48TBT,GTEX-P44H,45.0,54.815483,9.815483,Heart - Left Ventricle,non_neural
GTEX-ZPIC-1726-SM-G8OM6,GTEX-ZPIC,45.0,58.625175,13.625174999999999,Skin - Sun Exposed (Lower leg),non_neural
GTEX-QDVN-1726-SM-HL9TO,GTEX-QDVN,55.0,56.932426,1.9324259999999995,Kidney - Cortex,non_neural
GTEX-1I1HK-2326-SM-CKZOH,GTEX-1I1HK,65.0,62.194927,-2.805073,Skin - Not Sun Exposed (Suprapubic),non_neural
GTEX-1JMQJ-0226-SM-GNIOF,GTEX-1JMQJ,55.0,56.221878,1.2218779999999967,Nerve - Tibial,neural
GTEX-13SLW-0626-SM-5Q5ER,GTEX-13SLW,75.0,55.37239,-19.627609999999997,Skin - Not Sun Exposed (Suprapubic),non_neural
GTEX-Y5LM-0326-SM-4VBRN,GTEX-Y5LM,45.0,48.52887,3.5288699999999977,Spleen,non_neural
GTEX-ZTTD-1926-SM-GOQZ2,GTEX-ZTTD,55.0,47.119026,-7.880974000000002,Adipose - Visceral (Omentum),non_neural
GTEX-1GZ4I-3026-SM-9KNTX,GTEX-1GZ4I,55.0,52.225586,-2.774414,Brain - Cortex,neural
GTEX-U8T8-1426-SM-3DB9H,GTEX-U8T8,65.0,52.535835,-12.464165000000001,Muscle - Skeletal,non_neural
GTEX-Y8LW-0526-SM-4VDS7,GTEX-Y8LW,55.0,56.480553,1.4805530000000005,Esophagus - Gastroesophageal Junction,non_neural
GTEX-1C6VQ-0426-SM-79OOX,GTEX-1C6VQ,55.0,54.09391,-0.906089999999999,Breast - Mammary Tissue,non_neural
GTEX-113JC-0726-SM-5GZZR,GTEX-113JC,55.0,49.122845,-5.877155000000002,Adipose - Visceral (Omentum),non_neural
GTEX-13VXU-0726-SM-5J2O7,GTEX-13VXU,55.0,60.191696,5.191696,Testis,non_neural
GTEX-T6MN-0011-R7A-SM-32QP5,GTEX-T6MN,55.0,55.27473,0.27472999999999814,Brain - Putamen (basal ganglia),neural
GTEX-1LSNM-0001-SM-HK7AA,GTEX-1LSNM,55.0,52.184906,-2.815094000000002,Cells - EBV-transformed lymphocytes,non_neural
GTEX-11ZTT-0008-SM-5S2TZ,GTEX-11ZTT,65.0,47.90264,-17.097360000000002,Cells - Cultured fibroblasts,non_neural
GTEX-145MH-0011-R11a-SM-5P9HQ,GTEX-145MH,55.0,52.999004,-2.0009960000000007,Brain - Cerebellar Hemisphere,neural
GTEX-1N2DV-2026-SM-EV7BL,GTEX-1N2DV,45.0,46.631138,1.631138,Esophagus - Mucosa,non_neural
GTEX-X8HC-0126-SM-4E3JW,GTEX-X8HC,55.0,54.457928,-0.5420719999999974,Skin - Sun Exposed (Lower leg),non_neural
GTEX-1B933-0006-SM-7P8OP,GTEX-1B933,55.0,53.66898,-1.3310200000000023,Whole Blood,non_neural
GTEX-WYBS-0926-SM-3NM94,GTEX-WYBS,65.0,78.83825,13.838250000000002,Breast - Mammary Tissue,non_neural
GTEX-OOBK-1926-SM-HAUZL,GTEX-OOBK,45.0,44.57643,-0.423569999999998,Bladder,non_neural
GTEX-17HHE-1926-SM-7EPGW,GTEX-17HHE,55.0,45.518944,-9.481056000000002,Adipose - Subcutaneous,non_neural
GTEX-1MCQQ-0011-R7a-SM-F649U,GTEX-1MCQQ,65.0,60.491726,-4.508274,Brain - Putamen (basal ganglia),neural
GTEX-11EMC-1926-SM-5A5JU,GTEX-11EMC,65.0,58.446457,-6.553542999999998,Vagina,non_neural
GTEX-1POEN-0226-SM-EYYXE,GTEX-1POEN,35.0,33.58568,-1.4143199999999965,Adipose - Subcutaneous,non_neural
GTEX-1F6I4-0626-SM-9MQLL,GTEX-1F6I4,65.0,63.333847,-1.6661530000000013,Artery - Coronary,non_neural
GTEX-13OVL-1826-SM-5KLZR,GTEX-13OVL,55.0,54.71593,-0.2840699999999998,Kidney - Cortex,non_neural
GTEX-OHPL-2326-SM-HL9TT,GTEX-OHPL,65.0,67.11078,2.1107800000000054,Fallopian Tube,non_neural
GTEX-1PBJI-0005-SM-CJI1Y,GTEX-1PBJI,25.0,17.736351,-7.263649000000001,Whole Blood,non_neural
GTEX-131XH-2626-SM-5GCNP,GTEX-131XH,55.0,50.12942,-4.870579999999997,Minor Salivary Gland,non_neural
GTEX-145LU-0011-R1a-SM-5Q5CE,GTEX-145LU,55.0,57.27589,2.275889999999997,Brain - Hippocampus,neural
GTEX-ZPU1-1226-SM-5HL71,GTEX-ZPU1,45.0,44.845776,-0.15422399999999925,Adipose - Visceral (Omentum),non_neural
GTEX-18A66-2225-B-SM-AW8OK,GTEX-18A66,65.0,57.907196,-7.092804000000001,Stomach - Mucosa,non_neural
GTEX-1JMQL-0011-R3b-SM-F2TBC,GTEX-1JMQL,55.0,48.887928,-6.112071999999998,Brain - Anterior cingulate cortex (BA24),neural
GTEX-1R9K5-2226-SM-DTX9G,GTEX-1R9K5,55.0,44.950977,-10.049022999999998,Colon - Sigmoid,non_neural
GTEX-1JJ6O-0011-R11b-SM-EXUS2,GTEX-1JJ6O,65.0,69.04359,4.043589999999995,Brain - Cerebellar Hemisphere,neural
GTEX-11OC5-0006-SM-5N9FA,GTEX-11OC5,65.0,57.648308,-7.351692,Whole Blood,non_neural
GTEX-WK11-0326-SM-4M9QI,GTEX-WK11,55.0,52.050236,-2.949764000000002,Testis,non_neural
GTEX-YB5E-2226-SM-5IFJ5,GTEX-YB5E,45.0,45.230972,0.2309720000000013,Muscle - Skeletal,non_neural
GTEX-QEL4-0726-SM-3GIJ5,GTEX-QEL4,55.0,62.95168,7.951680000000003,Thyroid,non_neural
GTEX-1JMOU-0008-SM-HM8TG,GTEX-1JMOU,65.0,58.490433,-6.509566999999997,Cells - Cultured fibroblasts,non_neural
GTEX-1OKEX-1826-SM-DTX8J,GTEX-1OKEX,65.0,57.451427,-7.5485729999999975,Prostate,non_neural
GTEX-ZZPU-1426-SM-5GZZ6,GTEX-ZZPU,55.0,50.176636,-4.823363999999998,Stomach,non_neural
GTEX-1MA7X-2226-SM-E6CIY,GTEX-1MA7X,65.0,55.688946,-9.311053999999999,Skin - Sun Exposed (Lower leg),non_neural
GTEX-R53T-1626-SM-3GAEW,GTEX-R53T,55.0,46.784397,-8.215603000000002,Adipose - Subcutaneous,non_neural
GTEX-12BJ1-1726-SM-5HL9B,GTEX-12BJ1,65.0,53.583366,-11.416634000000002,Stomach,non_neural
GTEX-1IDJC-0226-SM-CMKG2,GTEX-1IDJC,55.0,38.731537,-16.268462999999997,Adipose - Visceral (Omentum),non_neural
GTEX-1N2DW-0011-R8a-SM-EY5YD,GTEX-1N2DW,55.0,59.92568,4.92568,Brain - Hypothalamus,neural
GTEX-11VI4-1026-SM-5EQM1,GTEX-11VI4,45.0,50.23898,5.238979999999998,Ovary,non_neural
GTEX-WYJK-1726-SM-3NM9U,GTEX-WYJK,55.0,48.40724,-6.592759999999998,Muscle - Skeletal,non_neural
GTEX-Y8E4-0726-SM-4WWFN,GTEX-Y8E4,45.0,38.617756,-6.382244,Adipose - Subcutaneous,non_neural
GTEX-1HCU9-0126-SM-9WG7M,GTEX-1HCU9,25.0,40.45737,15.457369999999997,Spleen,non_neural
GTEX-X15G-1726-SM-4PQZN,GTEX-X15G,55.0,67.69816,12.698160000000001,Ovary,non_neural
GTEX-1S5ZU-0726-SM-EWROH,GTEX-1S5ZU,25.0,35.302353,10.302352999999997,Thyroid,non_neural
GTEX-15RIF-1125-A-SM-AW8QI,GTEX-15RIF,25.0,38.99936,13.999360000000003,Stomach - Mixed Cell,non_neural
GTEX-RN64-1026-SM-48FDX,GTEX-RN64,55.0,47.821632,-7.178367999999999,Esophagus - Mucosa,non_neural
GTEX-1LGOU-2126-SM-DIPFG,GTEX-1LGOU,25.0,42.650635,17.650635,Muscle - Skeletal,non_neural
GTEX-1HCUA-0326-SM-CGQEH,GTEX-1HCUA,55.0,51.905304,-3.094695999999999,Artery - Aorta,non_neural
GTEX-13OVI-2026-SM-5J1MU,GTEX-13OVI,65.0,59.65684,-5.3431599999999975,Colon - Transverse,non_neural
GTEX-1ICLZ-0926-SM-CKZPQ,GTEX-1ICLZ,65.0,54.09739,-10.902610000000003,Lung,non_neural
GTEX-1269C-2826-SM-5EQ5O,GTEX-1269C,65.0,62.152966,-2.8470340000000007,Artery - Tibial,non_neural
GTEX-1JMQK-2726-SM-CNNPI,GTEX-1JMQK,65.0,66.07344,1.073440000000005,Testis,non_neural
GTEX-1NV8Z-2826-SM-E8VME,GTEX-1NV8Z,65.0,65.834114,0.8341139999999996,Breast - Mammary Tissue,non_neural
GTEX-1EWIQ-0011-R9a-SM-ARL8L,GTEX-1EWIQ,75.0,65.06727,-9.932730000000006,Brain - Spinal cord (cervical c-1),neural
GTEX-13FHP-0226-SM-5K7WD,GTEX-13FHP,55.0,47.796864,-7.203136000000001,Adipose - Subcutaneous,non_neural
GTEX-1QP29-1226-SM-E6CQ1,GTEX-1QP29,55.0,47.439705,-7.5602950000000035,Lung,non_neural
GTEX-1399S-2226-SM-5IFEW,GTEX-1399S,35.0,33.005646,-1.9943540000000013,Uterus,non_neural
GTEX-1QMI2-2326-SM-E76PE,GTEX-1QMI2,65.0,58.717052,-6.2829479999999975,Esophagus - Muscularis,non_neural
GTEX-R53T-0008-SM-48FEW,GTEX-R53T,55.0,47.533142,-7.466858000000002,Cells - Cultured fibroblasts,non_neural
GTEX-1CB4J-0011-R1a-SM-9WG64,GTEX-1CB4J,65.0,63.653214,-1.3467860000000016,Brain - Hippocampus,neural
GTEX-1MGNQ-2226-SM-EV7A2,GTEX-1MGNQ,45.0,48.632587,3.632587000000001,Prostate,non_neural
GTEX-1F5PK-2526-SM-9MQKN,GTEX-1F5PK,55.0,54.636925,-0.36307500000000203,Adipose - Subcutaneous,non_neural
GTEX-V1D1-1626-SM-HLJSH,GTEX-V1D1,55.0,45.783962,-9.216037999999998,Colon - Sigmoid,non_neural
GTEX-16NPV-3226-SM-7MGW6,GTEX-16NPV,55.0,45.15129,-9.848709999999997,Pituitary,non_neural
GTEX-1E2YA-1926-SM-7P8QH,GTEX-1E2YA,55.0,43.739246,-11.260753999999999,Esophagus - Gastroesophageal Junction,non_neural
GTEX-1313W-0826-SM-5EQ4T,GTEX-1313W,55.0,53.228004,-1.7719960000000015,Breast - Mammary Tissue,non_neural
GTEX-11NSD-1226-SM-5986Q,GTEX-11NSD,25.0,40.49334,15.493340000000003,Esophagus - Muscularis,non_neural
GTEX-1GN2E-0526-SM-9MQKC,GTEX-1GN2E,65.0,69.02951,4.029510000000002,Nerve - Tibial,neural
GTEX-SNMC-0626-SM-4DM6H,GTEX-SNMC,25.0,39.416847,14.416846999999997,Stomach,non_neural
GTEX-QVJO-1926-SM-G8W5S,GTEX-QVJO,65.0,65.04308,0.04308000000000334,Heart - Left Ventricle,non_neural
GTEX-QMR6-0011-R11A-SM-32PKK,GTEX-QMR6,55.0,57.24024,2.24024,Brain - Cerebellar Hemisphere,neural
GTEX-12WSD-0005-SM-5N9FZ,GTEX-12WSD,65.0,70.03033,5.030330000000006,Whole Blood,non_neural
GTEX-QVJO-1325-SM-2S1QX,GTEX-QVJO,65.0,60.100414,-4.899585999999999,Brain - Cerebellum,neural
GTEX-11P7K-1826-SM-5HL5A,GTEX-11P7K,35.0,41.769787,6.769787000000001,Colon - Sigmoid,non_neural
GTEX-XQ8I-2526-SM-EAZB3,GTEX-XQ8I,55.0,64.66048,9.660480000000007,Prostate,non_neural
GTEX-18A7A-2526-SM-7LG6I,GTEX-18A7A,55.0,60.00815,5.0081500000000005,Esophagus - Gastroesophageal Junction,non_neural
GTEX-13N11-0226-SM-5KM3C,GTEX-13N11,55.0,51.94479,-3.0552100000000024,Pancreas,non_neural
GTEX-16NFA-0008-SM-EAZC4,GTEX-16NFA,55.0,69.31311,14.313109999999995,Cells - Cultured fibroblasts,non_neural
GTEX-XV7Q-1226-SM-4BRVT,GTEX-XV7Q,45.0,52.28008,7.280079999999998,Esophagus - Gastroesophageal Junction,non_neural
GTEX-1F52S-0011-R8a-SM-9OSXA,GTEX-1F52S,65.0,60.225327,-4.774673,Brain - Hypothalamus,neural
GTEX-1E2YA-2926-SM-7MGWX,GTEX-1E2YA,55.0,59.507675,4.507674999999999,Brain - Cerebellum,neural
GTEX-13NZ9-2626-SM-5L3FK,GTEX-13NZ9,55.0,51.482918,-3.517082000000002,Skin - Not Sun Exposed (Suprapubic),non_neural
GTEX-117YW-2426-SM-5Q5AE,GTEX-117YW,55.0,54.609833,-0.39016699999999815,Muscle - Skeletal,non_neural
GTEX-QCQG-1626-SM-48U26,GTEX-QCQG,55.0,54.89269,-0.10730999999999824,Colon - Transverse,non_neural
GTEX-1GZ2Q-0004-SM-EY5XV,GTEX-1GZ2Q,45.0,43.217102,-1.782898000000003,Cells - EBV-transformed lymphocytes,non_neural
GTEX-XQ3S-2626-SM-F21J3,GTEX-XQ3S,25.0,38.767616,13.767615999999997,Colon - Transverse,non_neural
GTEX-OXRP-0006-SM-2I3FN,GTEX-OXRP,65.0,68.73448,3.734480000000005,Whole Blood,non_neural
GTEX-13CF3-0426-SM-5IJEU,GTEX-13CF3,65.0,70.89741,5.897409999999994,Lung,non_neural
GTEX-1J1OQ-0011-R10a-SM-GQ1DR,GTEX-1J1OQ,45.0,50.348316,5.348315999999997,Brain - Frontal Cortex (BA9),neural
GTEX-1F48J-0011-R6a-SM-CJI2F,GTEX-1F48J,55.0,52.72772,-2.272280000000002,Brain - Nucleus accumbens (basal ganglia),neural
GTEX-S3XE-1226-SM-4AD4L,GTEX-S3XE,55.0,43.492523,-11.507477000000002,Bladder,non_neural
GTEX-1ICLZ-0011-R1b-SM-A9SM3,GTEX-1ICLZ,65.0,58.874306,-6.125694000000003,Brain - Hippocampus,neural
GTEX-11H98-0011-R5b-SM-57WCF,GTEX-11H98,55.0,55.578354,0.5783539999999974,Brain - Caudate (basal ganglia),neural
GTEX-Z93S-1626-SM-5CVMB,GTEX-Z93S,55.0,59.609146,4.609146000000003,Skin - Not Sun Exposed (Suprapubic),non_neural
GTEX-P4QT-0726-SM-3NMCM,GTEX-P4QT,55.0,67.043655,12.043655000000001,Esophagus - Muscularis,non_neural
GTEX-1GN1U-0626-SM-9MQL9,GTEX-1GN1U,55.0,55.34383,0.34382999999999697,Skin - Not Sun Exposed (Suprapubic),non_neural
GTEX-ZVT2-2426-SM-57WCQ,GTEX-ZVT2,55.0,50.334835,-4.665165000000002,Muscle - Skeletal,non_neural
GTEX-147F4-0011-R10b-SM-5S2WC,GTEX-147F4,55.0,51.477722,-3.522278,Brain - Frontal Cortex (BA9),neural
GTEX-13QBU-0126-SM-5LU3V,GTEX-13QBU,45.0,50.28247,5.2824700000000036,Artery - Coronary,non_neural
GTEX-WY7C-2726-SM-3NB3P,GTEX-WY7C,55.0,54.212395,-0.7876049999999992,Breast - Mammary Tissue,non_neural
GTEX-13QJ3-2726-SM-5SI6L,GTEX-13QJ3,55.0,59.464718,4.464717999999998,Stomach,non_neural
GTEX-1S5ZA-0626-SM-HM8TK,GTEX-1S5ZA,25.0,28.056992,3.056992000000001,Thyroid,non_neural
GTEX-1JJ6O-1226-SM-HLJQA,GTEX-1JJ6O,65.0,59.251175,-5.7488249999999965,Adrenal Gland,non_neural
GTEX-SN8G-0326-SM-32PLG,GTEX-SN8G,55.0,64.3076,9.307599999999994,Muscle - Skeletal,non_neural
GTEX-14753-0126-SM-5S2TX,GTEX-14753,65.0,53.478584,-11.521416000000002,Nerve - Tibial,neural
GTEX-1NHNU-0126-SM-G8LLJ,GTEX-1NHNU,55.0,46.584846,-8.415154000000001,Artery - Aorta,non_neural
GTEX-ZVZQ-0011-R1a-SM-57WBU,GTEX-ZVZQ,65.0,52.35566,-12.64434,Brain - Hippocampus,neural
GTEX-14BIM-0326-SM-5MR6C,GTEX-14BIM,65.0,64.62557,-0.3744300000000038,Muscle - Skeletal,non_neural
GTEX-12WSH-0011-R1a-SM-5GU5V,GTEX-12WSH,55.0,55.189743,0.189743,Brain - Hippocampus,neural
GTEX-O5YW-0826-SM-HK7A3,GTEX-O5YW,55.0,50.79638,-4.203620000000001,Liver,non_neural
GTEX-11EM3-1326-SM-5N9C6,GTEX-11EM3,25.0,26.686821,1.6868209999999983,Breast - Mammary Tissue,non_neural
GTEX-ZDXO-0011-R7a-SM-4WWCU,GTEX-ZDXO,65.0,68.437485,3.4374849999999952,Brain - Putamen (basal ganglia),neural
GTEX-R45C-2126-SM-EZ6KZ,GTEX-R45C,65.0,72.18608,7.186080000000004,Colon - Transverse,non_neural
GTEX-1399T-3126-SM-5IJFS,GTEX-1399T,65.0,59.20987,-5.790129999999998,Brain - Cerebellum,neural
GTEX-1EN7A-0926-SM-7P8RZ,GTEX-1EN7A,45.0,39.93086,-5.069139999999997,Artery - Coronary,non_neural
GTEX-OIZH-2026-SM-3NB1M,GTEX-OIZH,55.0,57.94253,2.942529999999998,Prostate,non_neural
GTEX-14PHW-0011-R6b-SM-5YYAR,GTEX-14PHW,65.0,57.655968,-7.344031999999999,Brain - Nucleus accumbens (basal ganglia),neural
GTEX-11GSP-2926-SM-5N9C2,GTEX-11GSP,65.0,68.75716,3.757159999999999,Artery - Tibial,non_neural
GTEX-13VXU-3126-SM-5MR75,GTEX-13VXU,55.0,45.817314,-9.182685999999997,Pituitary,non_neural
GTEX-1LB8K-0826-SM-D4P41,GTEX-1LB8K,55.0,54.277115,-0.722884999999998,Lung,non_neural
GTEX-13JVG-0526-SM-5IJBN,GTEX-13JVG,65.0,63.629086,-1.370913999999999,Nerve - Tibial,neural
GTEX-1H23P-1726-SM-A9SMN,GTEX-1H23P,65.0,65.009834,0.0098339999999979,Adipose - Visceral (Omentum),non_neural
GTEX-WFG8-1926-SM-4LVM1,GTEX-WFG8,25.0,30.282202,5.282202000000002,Testis,non_neural
GTEX-1JK1U-1126-SM-CY8HK,GTEX-1JK1U,65.0,56.75099,-8.249009999999998,Lung,non_neural
GTEX-TSE9-3126-SM-4DXSY,GTEX-TSE9,65.0,52.935524,-12.064475999999999,Pituitary,non_neural
GTEX-Y114-1525-C-SM-DLZRS,GTEX-Y114,55.0,54.91398,-0.08601999999999776,Colon - Transverse - Muscularis,non_neural
GTEX-1NUQO-2426-SM-F2I24,GTEX-1NUQO,25.0,31.503115,6.503115000000001,Stomach,non_neural
GTEX-YEC4-1326-SM-5IFHG,GTEX-YEC4,45.0,46.160095,1.1600949999999983,Pancreas,non_neural
GTEX-WRHK-1726-SM-3MJFK,GTEX-WRHK,25.0,22.683178,-2.3168219999999984,Artery - Tibial,non_neural
GTEX-1I6K6-1226-SM-GA8YF,GTEX-1I6K6,35.0,38.632557,3.6325569999999985,Esophagus - Mucosa,non_neural
GTEX-R45C-0526-SM-GQ1CK,GTEX-R45C,65.0,56.757008,-8.242992000000001,Muscle - Skeletal,non_neural
GTEX-1HSGN-0526-SM-ADEHQ,GTEX-1HSGN,45.0,47.719635,2.7196349999999967,Artery - Tibial,non_neural
GTEX-1NHNU-0326-SM-HKZZJ,GTEX-1NHNU,55.0,51.120934,-3.8790660000000017,Adipose - Visceral (Omentum),non_neural
GTEX-1L5NE-0226-SM-HAUYM,GTEX-1L5NE,55.0,56.3136,1.313600000000001,Thyroid,non_neural
GTEX-14C38-0826-SM-5S2U8,GTEX-14C38,55.0,52.82309,-2.1769099999999995,Thyroid,non_neural
GTEX-1PWST-0011-R10a-SM-F2I37,GTEX-1PWST,75.0,72.949844,-2.050156000000001,Brain - Frontal Cortex (BA9),neural
GTEX-11EQ9-2526-SM-5HL66,GTEX-11EQ9,35.0,44.167374,9.167374000000002,Adipose - Subcutaneous,non_neural
GTEX-1LC47-0011-R10b-SM-EYYWE,GTEX-1LC47,65.0,63.280674,-1.7193260000000024,Brain - Frontal Cortex (BA9),neural
GTEX-15UKP-0008-SM-EAZ3A,GTEX-15UKP,25.0,44.538963,19.538963000000003,Cells - Cultured fibroblasts,non_neural
GTEX-1OFPY-0926-SM-DTX8Q,GTEX-1OFPY,65.0,60.684868,-4.315131999999998,Heart - Atrial Appendage,non_neural
GTEX-17HII-0011-R10a-SM-79OMY,GTEX-17HII,55.0,58.183865,3.1838649999999973,Brain - Frontal Cortex (BA9),neural
GTEX-11ZTS-3226-SM-5EGID,GTEX-11ZTS,65.0,63.085457,-1.9145430000000019,Brain - Cerebellum,neural
GTEX-1R9K4-3126-SM-DTX9Y,GTEX-1R9K4,65.0,63.880634,-1.1193659999999994,Brain - Cortex,neural
GTEX-1GN1U-1626-SM-9MQKP,GTEX-1GN1U,55.0,57.78766,2.7876600000000025,Artery - Aorta,non_neural
GTEX-1MCQQ-0011-R5b-SM-GJ3RW,GTEX-1MCQQ,65.0,62.40242,-2.5975800000000007,Brain - Caudate (basal ganglia),neural
GTEX-UTHO-0011-R5A-SM-G8W6H,GTEX-UTHO,65.0,65.44685,0.44684999999999775,Brain - Caudate (basal ganglia),neural
GTEX-13OVL-0011-R6a-SM-5L3G4,GTEX-13OVL,55.0,56.970596,1.9705960000000005,Brain - Nucleus accumbens (basal ganglia),neural
GTEX-1S82P-0926-SM-EWRNP,GTEX-1S82P,65.0,53.9395,-11.060499999999998,Adipose - Visceral (Omentum),non_neural
GTEX-1MCQQ-2426-SM-DLHBZ,GTEX-1MCQQ,65.0,48.866943,-16.133057,Pituitary,non_neural
GTEX-ZVE1-0326-SM-HL9TZ,GTEX-ZVE1,55.0,63.083984,8.083984000000001,Nerve - Tibial,neural
GTEX-1J8QM-0526-SM-AHZ3Y,GTEX-1J8QM,65.0,64.98876,-0.011240000000000805,Lung,non_neural
GTEX-11P7K-2026-SM-5GU74,GTEX-11P7K,35.0,32.479362,-2.520637999999998,Adipose - Subcutaneous,non_neural
GTEX-1QP29-0001-SM-GOQZW,GTEX-1QP29,55.0,55.810703,0.8107029999999966,Cells - EBV-transformed lymphocytes,non_neural
GTEX-1F7RK-0826-SM-7SB8V,GTEX-1F7RK,25.0,28.20641,3.2064100000000018,Lung,non_neural
GTEX-WXYG-2026-SM-4E3IY,GTEX-WXYG,55.0,45.928825,-9.071174999999997,Skin - Not Sun Exposed (Suprapubic),non_neural
GTEX-SE5C-1626-SM-7SB89,GTEX-SE5C,45.0,44.083725,-0.9162749999999988,Skin - Sun Exposed (Lower leg),non_neural
GTEX-1MCC2-1026-SM-EVR5I,GTEX-1MCC2,35.0,47.976578,12.976578000000003,Ovary,non_neural
GTEX-11NV4-1926-SM-5N9D4,GTEX-11NV4,65.0,53.435165,-11.564835000000002,Minor Salivary Gland,non_neural
GTEX-WZTO-0626-SM-4PQYY,GTEX-WZTO,45.0,40.856304,-4.1436959999999985,Liver,non_neural
GTEX-RWS6-0226-SM-2XCA9,GTEX-RWS6,65.0,45.18287,-19.81713,Lung,non_neural
GTEX-14H4A-0226-SM-5SI6Q,GTEX-14H4A,45.0,40.320267,-4.679732999999999,Adrenal Gland,non_neural
GTEX-XUW1-1926-SM-4BOP1,GTEX-XUW1,55.0,48.155434,-6.844566,Colon - Transverse,non_neural
GTEX-1QPFJ-1626-SM-DTX7X,GTEX-1QPFJ,35.0,45.66626,10.666260000000001,Vagina,non_neural
GTEX-1J8JJ-0326-SM-CMKG6,GTEX-1J8JJ,65.0,57.401,-7.598999999999997,Adipose - Subcutaneous,non_neural
GTEX-1IDJF-1226-SM-C1YPX,GTEX-1IDJF,25.0,29.462482,4.462482000000001,Esophagus - Mucosa,non_neural
GTEX-12BJ1-0726-SM-5EGGF,GTEX-12BJ1,65.0,54.017097,-10.982903,Spleen,non_neural
GTEX-QLQ7-0426-SM-DHXIN,GTEX-QLQ7,65.0,58.706497,-6.293503000000001,Artery - Aorta,non_neural
GTEX-1H1DG-1226-SM-9JGH3,GTEX-1H1DG,75.0,56.52637,-18.47363,Esophagus - Mucosa,non_neural
GTEX-1B97I-2026-SM-7DHN2,GTEX-1B97I,45.0,40.994522,-4.0054779999999965,Muscle - Skeletal,non_neural
GTEX-111YS-1626-SM-5GZZ9,GTEX-111YS,65.0,63.20927,-1.7907300000000035,Colon - Transverse,non_neural
GTEX-S4Q7-0726-SM-4AD5F,GTEX-S4Q7,25.0,33.068726,8.068725999999998,Stomach,non_neural
GTEX-13OVL-0626-SM-5KM13,GTEX-13OVL,55.0,62.89109,7.891089999999998,Lung,non_neural
GTEX-12C56-0426-SM-5FQU1,GTEX-12C56,25.0,26.432684,1.4326839999999983,Esophagus - Gastroesophageal Junction,non_neural
GTEX-13VXT-0426-SM-5LU57,GTEX-13VXT,25.0,50.051014,25.051014000000002,Nerve - Tibial,neural
GTEX-T2YK-0326-SM-4DM7D,GTEX-T2YK,55.0,40.535007,-14.464993,Nerve - Tibial,neural
GTEX-1CAMS-0826-SM-7P8P1,GTEX-1CAMS,45.0,37.211117,-7.7888829999999984,Thyroid,non_neural
GTEX-15SDE-1025-C-SM-DLZRR,GTEX-15SDE,55.0,54.429256,-0.5707439999999977,Colon - Transverse - Muscularis,non_neural
GTEX-1I1GT-0226-SM-GA8ZH,GTEX-1I1GT,65.0,71.59114,6.591139999999996,Spleen,non_neural
GTEX-QCQG-1026-SM-GOQYG,GTEX-QCQG,55.0,48.018044,-6.981955999999997,Cervix - Ectocervix,non_neural
GTEX-147GR-1026-SM-GI4X2,GTEX-147GR,65.0,58.31462,-6.685380000000002,Heart - Atrial Appendage,non_neural
GTEX-1AX9I-1026-SM-73KYF,GTEX-1AX9I,65.0,61.75361,-3.246389999999998,Heart - Atrial Appendage,non_neural
GTEX-NPJ8-0011-R1a-SM-33HCB,GTEX-NPJ8,45.0,44.043293,-0.9567070000000015,Brain - Hippocampus,neural
GTEX-1KANB-0326-SM-D4P3H,GTEX-1KANB,55.0,48.53433,-6.465670000000003,Nerve - Tibial,neural
GTEX-1I4MK-1626-SM-CM2TJ,GTEX-1I4MK,55.0,54.4265,-0.5735000000000028,Breast - Mammary Tissue,non_neural
GTEX-1GN73-2326-SM-9MQKV,GTEX-1GN73,65.0,66.17192,1.17192,Heart - Atrial Appendage,non_neural
GTEX-14BMU-1425-D-SM-DLZRD,GTEX-14BMU,25.0,29.833801,4.833801000000001,Small Intestine - Terminal Ileum - Lymphoid Aggregate,non_neural
GTEX-18D9B-1526-SM-7KFRK,GTEX-18D9B,65.0,60.634865,-4.365135000000002,Liver,non_neural
GTEX-13QIC-0011-R8b-SM-5O9CV,GTEX-13QIC,65.0,64.589554,-0.4104459999999932,Brain - Hypothalamus,neural
GTEX-1I1HK-0011-R1b-SM-CM2T7,GTEX-1I1HK,65.0,61.615494,-3.384506000000002,Brain - Hippocampus,neural
GTEX-14PQA-1226-SM-6M47A,GTEX-14PQA,55.0,55.816498,0.8164980000000028,Thyroid,non_neural
GTEX-13PVQ-0011-R8a-SM-GJ3PT,GTEX-13PVQ,55.0,52.217445,-2.782555000000002,Brain - Hypothalamus,neural
GTEX-11ZTT-1126-SM-GIN9D,GTEX-11ZTT,65.0,55.440273,-9.559727000000002,Esophagus - Gastroesophageal Junction,non_neural
GTEX-1QAET-2526-SM-E9J3R,GTEX-1QAET,55.0,60.509026,5.509025999999999,Artery - Tibial,non_neural
GTEX-P4PQ-0926-SM-E9U4D,GTEX-P4PQ,65.0,59.17144,-5.828560000000003,Spleen,non_neural
GTEX-ZGAY-0126-SM-GPI9J,GTEX-ZGAY,45.0,45.694836,0.6948360000000022,Artery - Aorta,non_neural
GTEX-13S86-0126-SM-5S2PI,GTEX-13S86,45.0,46.636715,1.6367150000000024,Spleen,non_neural
GTEX-O5YV-1026-SM-3LK72,GTEX-O5YV,65.0,66.17534,1.1753400000000056,Esophagus - Mucosa,non_neural
GTEX-U4B1-1426-SM-4DXTX,GTEX-U4B1,45.0,48.06944,3.06944,Prostate,non_neural
GTEX-1GN73-0226-SM-9WG67,GTEX-1GN73,65.0,65.01069,0.010689999999996758,Skin - Sun Exposed (Lower leg),non_neural
GTEX-ZF29-1426-SM-DO11G,GTEX-ZF29,65.0,62.18686,-2.813139999999997,Esophagus - Gastroesophageal Junction,non_neural
GTEX-VJYA-0826-SM-4KL1M,GTEX-VJYA,65.0,54.76167,-10.238329999999998,Pancreas,non_neural
GTEX-1S82Z-1026-SM-GMXC4,GTEX-1S82Z,35.0,41.059788,6.0597879999999975,Adipose - Subcutaneous,non_neural
GTEX-1JMQI-1726-SM-ARL93,GTEX-1JMQI,55.0,54.28361,-0.716389999999997,Skin - Not Sun Exposed (Suprapubic),non_neural
GTEX-T5JW-0226-SM-4DM7I,GTEX-T5JW,25.0,29.958513,4.958513,Pancreas,non_neural
GTEX-ZPCL-0626-SM-DNZZ6,GTEX-ZPCL,65.0,62.52066,-2.4793400000000005,Spleen,non_neural
GTEX-Q734-2026-SM-3GADA,GTEX-Q734,45.0,49.515564,4.515563999999998,Muscle - Skeletal,non_neural
GTEX-13G51-0626-SM-HK7AV,GTEX-13G51,65.0,63.613243,-1.386757000000003,Liver,non_neural
GTEX-18D9A-0226-SM-7KFSJ,GTEX-18D9A,35.0,33.51323,-1.48677,Lung,non_neural
GTEX-13NZA-0011-R8b-SM-5KM2Q,GTEX-13NZA,65.0,63.61335,-1.386650000000003,Brain - Hypothalamus,neural
GTEX-1QP67-0326-SM-EVR45,GTEX-1QP67,45.0,42.61322,-2.3867800000000017,Thyroid,non_neural
GTEX-1JMQK-1226-SM-D4P2S,GTEX-1JMQK,65.0,70.84416,5.844160000000002,Skin - Not Sun Exposed (Suprapubic),non_neural
GTEX-1AX9I-2626-SM-73KU5,GTEX-1AX9I,65.0,60.381016,-4.6189839999999975,Colon - Transverse,non_neural
GTEX-13FLV-0011-R10b-SM-5LZZ2,GTEX-13FLV,55.0,58.814728,3.8147280000000023,Brain - Frontal Cortex (BA9),neural
GTEX-ZXG5-2826-SM-5NQ8T,GTEX-ZXG5,65.0,60.686157,-4.3138429999999985,Minor Salivary Gland,non_neural
GTEX-1497J-1926-SM-5TDCC,GTEX-1497J,65.0,59.181854,-5.818145999999999,Small Intestine - Terminal Ileum,non_neural
GTEX-12ZZZ-0011-R7b-SM-5EGLE,GTEX-12ZZZ,65.0,67.99961,2.999610000000004,Brain - Putamen (basal ganglia),neural
GTEX-13OW7-0226-SM-5MR3N,GTEX-13OW7,55.0,57.836662,2.836661999999997,Adipose - Subcutaneous,non_neural
GTEX-OHPL-2226-SM-G9ER8,GTEX-OHPL,65.0,58.5481,-6.451900000000002,Cervix - Endocervix,non_neural
GTEX-T2IS-1526-SM-32QPR,GTEX-T2IS,25.0,42.323547,17.323546999999998,Breast - Mammary Tissue,non_neural
GTEX-WY7C-0326-SM-4OND5,GTEX-WY7C,55.0,55.272785,0.27278499999999894,Adrenal Gland,non_neural
GTEX-Y3IK-0526-SM-4WWE3,GTEX-Y3IK,55.0,55.553352,0.5533519999999967,Thyroid,non_neural
GTEX-1GN2E-0011-R1b-SM-CE6RJ,GTEX-1GN2E,65.0,66.6211,1.6210999999999984,Brain - Hippocampus,neural
GTEX-1JJEA-0226-SM-COH2X,GTEX-1JJEA,65.0,68.71477,3.7147700000000015,Adipose - Subcutaneous,non_neural
GTEX-TKQ1-1126-SM-4GIAZ,GTEX-TKQ1,35.0,35.335777,0.3357770000000002,Adipose - Subcutaneous,non_neural
GTEX-13NYS-1026-SM-5KLZT,GTEX-13NYS,65.0,73.2985,8.298500000000004,Prostate,non_neural
GTEX-1F6RS-3126-SM-9MQK7,GTEX-1F6RS,65.0,63.914,-1.0859999999999985,Brain - Cortex,neural
GTEX-1IL2U-0626-SM-CE6TA,GTEX-1IL2U,65.0,64.44897,-0.5510299999999972,Artery - Tibial,non_neural
GTEX-S3LF-0426-SM-GOQY6,GTEX-S3LF,75.0,66.21498,-8.785020000000003,Nerve - Tibial,neural
GTEX-1R9PM-0226-SM-DPRY7,GTEX-1R9PM,25.0,30.846882,5.846882000000001,Thyroid,non_neural
GTEX-17HG3-2626-SM-7DUF2,GTEX-17HG3,35.0,34.31697,-0.6830300000000022,Skin - Not Sun Exposed (Suprapubic),non_neural
GTEX-11ZU8-0011-R9b-SM-GHWOL,GTEX-11ZU8,65.0,68.78732,3.787319999999994,Brain - Spinal cord (cervical c-1),neural
GTEX-ZAJG-0011-R9a-SM-GNTAY,GTEX-ZAJG,55.0,52.039482,-2.9605180000000004,Brain - Spinal cord (cervical c-1),neural
GTEX-13O3P-2526-SM-HLJQZ,GTEX-13O3P,55.0,55.963047,0.9630470000000031,Testis,non_neural
GTEX-ZQUD-0008-SM-4YCCU,GTEX-ZQUD,35.0,47.901146,12.901145999999997,Cells - Cultured fibroblasts,non_neural
GTEX-131XG-1326-SM-5DUX4,GTEX-131XG,55.0,51.306522,-3.693477999999999,Adrenal Gland,non_neural
GTEX-S4Q7-0126-SM-4AD5P,GTEX-S4Q7,25.0,36.91053,11.910530000000001,Spleen,non_neural
GTEX-1MGNQ-0226-SM-EVYCK,GTEX-1MGNQ,45.0,44.099407,-0.9005930000000006,Adipose - Subcutaneous,non_neural
GTEX-15RJE-0011-R5b-SM-H6Q7T,GTEX-15RJE,45.0,55.453278,10.453277999999997,Brain - Caudate (basal ganglia),neural
GTEX-1GF9U-1126-SM-AHZ4H,GTEX-1GF9U,45.0,41.80673,-3.1932699999999983,Stomach,non_neural
GTEX-1H11D-1526-SM-9MQJY,GTEX-1H11D,45.0,42.140755,-2.8592450000000014,Breast - Mammary Tissue,non_neural
GTEX-11PRG-0011-R7a-SM-DNZZT,GTEX-11PRG,55.0,54.670975,-0.32902500000000146,Brain - Putamen (basal ganglia),neural
GTEX-14C5O-0426-SM-5ZZUW,GTEX-14C5O,65.0,62.324913,-2.6750869999999978,Nerve - Tibial,neural
GTEX-1CB4E-0826-SM-793CS,GTEX-1CB4E,65.0,55.481136,-9.518864,Adipose - Visceral (Omentum),non_neural
GTEX-1HBPN-1326-SM-GA91F,GTEX-1HBPN,55.0,46.14978,-8.85022,Esophagus - Mucosa,non_neural
GTEX-1B932-2326-SM-79OL5,GTEX-1B932,45.0,46.1631,1.1631,Skin - Not Sun Exposed (Suprapubic),non_neural
GTEX-1B97J-1426-SM-79OLR,GTEX-1B97J,55.0,57.391872,2.3918719999999993,Esophagus - Gastroesophageal Junction,non_neural
GTEX-1HCU7-0001-SM-EZ6LZ,GTEX-1HCU7,55.0,31.027246,-23.972754,Cells - EBV-transformed lymphocytes,non_neural
GTEX-14PJO-0005-SM-9JGGY,GTEX-14PJO,65.0,61.617214,-3.382786000000003,Whole Blood,non_neural
GTEX-1A8G6-1626-SM-7MGWO,GTEX-1A8G6,65.0,67.38616,2.386160000000004,Heart - Left Ventricle,non_neural
GTEX-1RAZQ-1126-SM-EAZ4S,GTEX-1RAZQ,35.0,43.626514,8.626514,Testis,non_neural
GTEX-15RIE-1926-SM-7KUKJ,GTEX-15RIE,65.0,55.897354,-9.102646,Skin - Not Sun Exposed (Suprapubic),non_neural
GTEX-11NUK-0011-R7a-SM-DO93P,GTEX-11NUK,55.0,55.55082,0.5508200000000016,Brain - Putamen (basal ganglia),neural
GTEX-1O9I2-1126-SM-DTXEA,GTEX-1O9I2,55.0,56.46777,1.4677700000000016,Heart - Left Ventricle,non_neural
GTEX-11ZTS-0011-R9b-SM-DO93Q,GTEX-11ZTS,65.0,62.524303,-2.4756969999999967,Brain - Spinal cord (cervical c-1),neural
GTEX-1RAZA-2226-SM-E9U4X,GTEX-1RAZA,25.0,29.944973,4.944973000000001,Skin - Not Sun Exposed (Suprapubic),non_neural
GTEX-14BMV-1526-SM-5PNUU,GTEX-14BMV,55.0,53.82262,-1.1773799999999994,Esophagus - Gastroesophageal Junction,non_neural
GTEX-1MA7X-0011-R8a-SM-G9EQD,GTEX-1MA7X,65.0,65.108696,0.1086959999999948,Brain - Hypothalamus,neural
GTEX-1QCLY-1426-SM-E76P8,GTEX-1QCLY,35.0,39.574863,4.574863000000001,Esophagus - Muscularis,non_neural
GTEX-WYVS-0726-SM-4ONDO,GTEX-WYVS,45.0,48.938183,3.938183000000002,Esophagus - Mucosa,non_neural
GTEX-S95S-1126-SM-4B64E,GTEX-S95S,65.0,52.977768,-12.022232000000002,Testis,non_neural
GTEX-13NZB-1226-SM-5J2MW,GTEX-13NZB,35.0,43.006477,8.006476999999997,Esophagus - Mucosa,non_neural
GTEX-16XZY-1126-SM-GPIA3,GTEX-16XZY,75.0,62.552395,-12.447605000000003,Esophagus - Muscularis,non_neural
GTEX-18A67-2426-SM-7LT95,GTEX-18A67,55.0,55.791508,0.7915080000000003,Esophagus - Mucosa,non_neural
GTEX-1HSMQ-1926-SM-A9G3O,GTEX-1HSMQ,55.0,61.699654,6.699654000000002,Esophagus - Gastroesophageal Junction,non_neural
GTEX-14E6E-1026-SM-664N9,GTEX-14E6E,35.0,39.757366,4.7573659999999975,Testis,non_neural
GTEX-1CB4G-0011-R11a-SM-9OSWG,GTEX-1CB4G,65.0,62.753525,-2.2464749999999967,Brain - Cerebellar Hemisphere,neural
GTEX-11I78-1426-SM-5PNVY,GTEX-11I78,55.0,47.919796,-7.080204000000002,Esophagus - Muscularis,non_neural
GTEX-13NYB-0426-SM-5IJDD,GTEX-13NYB,45.0,61.353306,16.353306000000003,Artery - Aorta,non_neural
GTEX-XQ3S-1326-SM-4BOPQ,GTEX-XQ3S,25.0,38.926453,13.926453000000002,Breast - Mammary Tissue,non_neural
GTEX-XUZC-1326-SM-4BRV2,GTEX-XUZC,35.0,44.467514,9.467514000000001,Colon - Transverse,non_neural
GTEX-1ICG6-2726-SM-CKZPN,GTEX-1ICG6,75.0,50.65614,-24.34386,Muscle - Skeletal,non_neural
GTEX-16A39-1726-SM-H6Q6U,GTEX-16A39,35.0,42.958946,7.958945999999997,Skin - Not Sun Exposed (Suprapubic),non_neural
GTEX-1ICLY-0626-SM-GA915,GTEX-1ICLY,55.0,52.75226,-2.2477400000000003,Minor Salivary Gland,non_neural
GTEX-1LGOU-1026-SM-DHXL4,GTEX-1LGOU,25.0,26.426899,1.4268989999999988,Ovary,non_neural
GTEX-N7MS-0225-SM-4E3HO,GTEX-N7MS,65.0,59.046646,-5.953353999999997,Skin - Sun Exposed (Lower leg),non_neural
GTEX-WZTO-0426-SM-3NM99,GTEX-WZTO,45.0,51.361095,6.361094999999999,Lung,non_neural
GTEX-131XG-0626-SM-5GCMP,GTEX-131XG,55.0,51.654118,-3.345882000000003,Heart - Left Ventricle,non_neural
GTEX-13X6H-0926-SM-5MR83,GTEX-13X6H,55.0,54.55569,-0.44431000000000154,Skin - Not Sun Exposed (Suprapubic),non_neural
GTEX-1JMOU-1326-SM-CNPOO,GTEX-1JMOU,65.0,67.96849,2.9684900000000027,Artery - Tibial,non_neural
GTEX-RWSA-2126-SM-H7OG7,GTEX-RWSA,45.0,51.88682,6.88682,Bladder,non_neural
GTEX-1EN7A-0011-R3a-SM-9OSVT,GTEX-1EN7A,45.0,48.512306,3.5123060000000024,Brain - Anterior cingulate cortex (BA24),neural
GTEX-11ZTT-0626-SM-5EQLM,GTEX-11ZTT,65.0,60.290993,-4.709007,Lung,non_neural
GTEX-1IL2U-0011-R2a-SM-ARU6V,GTEX-1IL2U,65.0,65.31636,0.3163600000000031,Brain - Substantia nigra,neural
GTEX-1N5O9-2226-SM-E8VMN,GTEX-1N5O9,65.0,62.948204,-2.051796000000003,Esophagus - Gastroesophageal Junction,non_neural
GTEX-13FHP-0001-SM-I9BPT,GTEX-13FHP,55.0,56.177162,1.1771620000000027,Cells - EBV-transformed lymphocytes,non_neural
GTEX-ZG7Y-0003-SM-4WWEJ,GTEX-ZG7Y,55.0,59.35172,4.35172,Cells - EBV-transformed lymphocytes,non_neural
GTEX-12BJ1-2226-SM-5BC6G,GTEX-12BJ1,65.0,50.820137,-14.179862999999997,Minor Salivary Gland,non_neural
GTEX-1399S-0326-SM-5IFFS,GTEX-1399S,35.0,46.93859,11.938589999999998,Pancreas,non_neural
GTEX-16YQH-0011-R1a-SM-7LT8R,GTEX-16YQH,35.0,34.4805,-0.5195000000000007,Brain - Hippocampus,neural
GTEX-X15G-0726-SM-4PQZ5,GTEX-X15G,55.0,60.19024,5.190240000000003,Pancreas,non_neural
GTEX-QEL4-1526-SM-447AB,GTEX-QEL4,55.0,54.7899,-0.21009999999999707,Esophagus - Muscularis,non_neural
GTEX-1GN1V-2926-SM-9JGI3,GTEX-1GN1V,65.0,70.34917,5.349170000000001,Minor Salivary Gland,non_neural
GTEX-YJ8A-0226-SM-H7OFO,GTEX-YJ8A,25.0,20.985823,-4.014177,Thyroid,non_neural
GTEX-Y5V6-0008-SM-4V6FV,GTEX-Y5V6,65.0,60.625572,-4.374428000000002,Cells - Cultured fibroblasts,non_neural
GTEX-12WSG-0726-SM-5EGIG,GTEX-12WSG,55.0,52.873856,-2.1261439999999965,Adrenal Gland,non_neural
GTEX-145MI-0426-SM-5O99V,GTEX-145MI,65.0,67.33137,2.331370000000007,Adipose - Subcutaneous,non_neural
GTEX-14A5I-0326-SM-5NQ9J,GTEX-14A5I,55.0,57.32911,2.32911,Muscle - Skeletal,non_neural
GTEX-131XW-3226-SM-5LZUO,GTEX-131XW,55.0,61.20372,6.203719999999997,Pituitary,non_neural
GTEX-17EVP-0008-SM-EAZBZ,GTEX-17EVP,45.0,55.565628,10.565627999999997,Cells - Cultured fibroblasts,non_neural
GTEX-ZAB4-0008-SM-4RGM6,GTEX-ZAB4,45.0,56.37081,11.370809999999999,Cells - Cultured fibroblasts,non_neural
GTEX-11ZUS-3026-SM-5EGI4,GTEX-11ZUS,35.0,31.969685,-3.0303150000000016,Pituitary,non_neural
GTEX-1LSNM-0426-SM-E9TIZ,GTEX-1LSNM,55.0,56.37878,1.378779999999999,Heart - Atrial Appendage,non_neural
GTEX-12WSM-1926-SM-5BC65,GTEX-12WSM,65.0,57.627804,-7.372196000000002,Skin - Not Sun Exposed (Suprapubic),non_neural
GTEX-WFG8-0626-SM-3GILJ,GTEX-WFG8,25.0,29.63351,4.633510000000001,Heart - Left Ventricle,non_neural
GTEX-1CAV2-0011-R5b-SM-9QEH4,GTEX-1CAV2,45.0,48.09216,3.09216,Brain - Caudate (basal ganglia),neural
GTEX-1I1CD-0126-SM-CM2TK,GTEX-1I1CD,65.0,71.25621,6.256209999999996,Skin - Sun Exposed (Lower leg),non_neural
GTEX-ZDYS-1326-SM-5IJFF,GTEX-ZDYS,55.0,55.063457,0.06345699999999965,Testis,non_neural
GTEX-U8T8-0326-SM-3DB93,GTEX-U8T8,65.0,56.835293,-8.164707,Artery - Tibial,non_neural
GTEX-15DCE-1526-SM-7KUFD,GTEX-15DCE,25.0,34.172142,9.172142000000001,Esophagus - Gastroesophageal Junction,non_neural
GTEX-1IDJU-2326-SM-ARL89,GTEX-1IDJU,65.0,59.51253,-5.487470000000002,Artery - Tibial,non_neural
GTEX-17HGU-2026-SM-79OKS,GTEX-17HGU,55.0,58.30928,3.309280000000001,Pancreas,non_neural
GTEX-1R46S-3126-SM-DPRZ9,GTEX-1R46S,65.0,59.5281,-5.471899999999998,Brain - Cerebellum,neural
GTEX-1IDJI-0008-SM-F3K3M,GTEX-1IDJI,55.0,52.408604,-2.591396000000003,Cells - Cultured fibroblasts,non_neural
GTEX-1B8SF-0726-SM-73KYZ,GTEX-1B8SF,65.0,62.3116,-2.6884000000000015,Artery - Tibial,non_neural
GTEX-14ICL-1926-SM-5RQIZ,GTEX-14ICL,35.0,38.488373,3.488373000000003,Muscle - Skeletal,non_neural
GTEX-1QMI2-1226-SM-EY5ZI,GTEX-1QMI2,65.0,60.649517,-4.350482999999997,Heart - Left Ventricle,non_neural
GTEX-15RJ7-0826-SM-6LLI8,GTEX-15RJ7,45.0,45.953167,0.9531670000000005,Pancreas,non_neural
GTEX-1EH9U-1826-SM-7P8QL,GTEX-1EH9U,65.0,55.347576,-9.652424000000003,Prostate,non_neural
GTEX-13OW7-0011-R4b-SM-5O9CX,GTEX-13OW7,55.0,54.33019,-0.6698099999999982,Brain - Amygdala,neural
GTEX-1H23P-0011-R5a-SM-CKZOI,GTEX-1H23P,65.0,64.455734,-0.5442659999999933,Brain - Caudate (basal ganglia),neural
GTEX-1CAMQ-1226-SM-7SB7E,GTEX-1CAMQ,45.0,52.988506,7.988506000000001,Adipose - Visceral (Omentum),non_neural
GTEX-ZPIC-0002-SM-4WWEC,GTEX-ZPIC,45.0,52.584187,7.584187,Cells - EBV-transformed lymphocytes,non_neural
GTEX-XLM4-3126-SM-4AT6M,GTEX-XLM4,65.0,47.037773,-17.962227,Pituitary,non_neural
GTEX-16GPK-0011-R3b-SM-H6Q7W,GTEX-16GPK,65.0,66.61013,1.610129999999998,Brain - Anterior cingulate cortex (BA24),neural
GTEX-QEL4-1426-SM-447AC,GTEX-QEL4,55.0,60.217503,5.217503000000001,Esophagus - Mucosa,non_neural
GTEX-1NHNU-2526-SM-HK79M,GTEX-1NHNU,55.0,49.200424,-5.799576000000002,Small Intestine - Terminal Ileum,non_neural
GTEX-YFC4-2726-SM-5IFJW,GTEX-YFC4,45.0,39.158043,-5.841957000000001,Ovary,non_neural
GTEX-1EMGI-0011-R6a-SM-9OSVR,GTEX-1EMGI,65.0,62.933784,-2.066215999999997,Brain - Nucleus accumbens (basal ganglia),neural
GTEX-YEC4-1226-SM-5CVLX,GTEX-YEC4,45.0,41.486504,-3.5134960000000035,Esophagus - Gastroesophageal Junction,non_neural
GTEX-YB5E-2126-SM-5IFI7,GTEX-YB5E,45.0,37.879974,-7.120026000000003,Adipose - Subcutaneous,non_neural
GTEX-TKQ1-0526-SM-4DXTG,GTEX-TKQ1,35.0,42.21846,7.21846,Stomach,non_neural
GTEX-1LGOU-2226-SM-E9U56,GTEX-1LGOU,25.0,40.910828,15.910828000000002,Adipose - Subcutaneous,non_neural
GTEX-1MUQO-0426-SM-E9J2Z,GTEX-1MUQO,65.0,51.881886,-13.118113999999998,Artery - Tibial,non_neural
GTEX-147GR-2726-SM-664OO,GTEX-147GR,65.0,44.061935,-20.938065,Colon - Transverse,non_neural
GTEX-1I1GT-1726-SM-C1YS3,GTEX-1I1GT,65.0,55.45477,-9.545229999999997,Stomach,non_neural
GTEX-131XF-2326-SM-5BC6B,GTEX-131XF,65.0,52.95944,-12.04056,Muscle - Skeletal,non_neural
GTEX-12696-0008-SM-5TDBX,GTEX-12696,65.0,58.285454,-6.714545999999999,Cells - Cultured fibroblasts,non_neural
GTEX-15CHQ-0011-R9a-SM-6LLHX,GTEX-15CHQ,65.0,67.74348,2.7434800000000052,Brain - Spinal cord (cervical c-1),neural
GTEX-18D9U-2126-SM-7LG4Y,GTEX-18D9U,45.0,37.14718,-7.852820000000001,Esophagus - Mucosa,non_neural
GTEX-18D9B-0008-SM-EAZBT,GTEX-18D9B,65.0,54.113407,-10.886592999999998,Cells - Cultured fibroblasts,non_neural
GTEX-1HSKV-0126-SM-E6CI1,GTEX-1HSKV,65.0,55.63121,-9.368789999999997,Muscle - Skeletal,non_neural
GTEX-WHSE-1526-SM-4M1XH,GTEX-WHSE,25.0,42.68028,17.680280000000003,Esophagus - Mucosa,non_neural
GTEX-1B932-0126-SM-7PC2M,GTEX-1B932,45.0,51.0744,6.074399999999997,Skin - Sun Exposed (Lower leg),non_neural
GTEX-11NV4-2226-SM-5BC4T,GTEX-11NV4,65.0,60.308414,-4.691586000000001,Brain - Cerebellum,neural
GTEX-VUSG-0426-SM-3GIKD,GTEX-VUSG,55.0,70.20135,15.201350000000005,Thyroid,non_neural
GTEX-14ICK-0926-SM-HAV22,GTEX-14ICK,45.0,42.23274,-2.7672600000000003,Pancreas,non_neural
GTEX-N7MS-0007-SM-2D7W1,GTEX-N7MS,65.0,62.64119,-2.3588099999999983,Whole Blood,non_neural
GTEX-1AX9J-1626-SM-73KUI,GTEX-1AX9J,65.0,55.7286,-9.2714,Lung,non_neural
GTEX-15CHQ-0011-R2b-SM-6AJAD,GTEX-15CHQ,65.0,64.765884,-0.2341160000000002,Brain - Substantia nigra,neural
GTEX-16A39-0008-SM-EAZC9,GTEX-16A39,35.0,41.99288,6.9928799999999995,Cells - Cultured fibroblasts,non_neural
GTEX-1I1GV-0326-SM-ARL7L,GTEX-1I1GV,65.0,58.489937,-6.510063000000002,Artery - Tibial,non_neural
GTEX-1RLM8-0726-SM-E6CRH,GTEX-1RLM8,55.0,51.821632,-3.178367999999999,Esophagus - Mucosa,non_neural
GTEX-SUCS-1926-SM-32PM3,GTEX-SUCS,75.0,65.57369,-9.42631,Skin - Sun Exposed (Lower leg),non_neural
GTEX-13OW6-0011-R5a-SM-5O9BK,GTEX-13OW6,55.0,60.29967,5.299669999999999,Brain - Caudate (basal ganglia),neural
GTEX-1LH75-0326-SM-GMXBR,GTEX-1LH75,55.0,43.007614,-11.992386000000003,Artery - Aorta,non_neural
GTEX-1R46S-0011-R3a-SM-F2TBG,GTEX-1R46S,65.0,64.398285,-0.6017149999999987,Brain - Anterior cingulate cortex (BA24),neural
GTEX-11EQ9-1225-A-SM-AW8P4,GTEX-11EQ9,35.0,43.265427,8.265427000000003,Stomach - Mixed Cell,non_neural
GTEX-SUCS-0008-SM-4DM53,GTEX-SUCS,75.0,52.620842,-22.379157999999997,Cells - Cultured fibroblasts,non_neural
GTEX-13N1W-0426-SM-5MR46,GTEX-13N1W,75.0,61.656662,-13.343338000000003,Nerve - Tibial,neural
GTEX-15SZO-0526-SM-GNTCT,GTEX-15SZO,55.0,52.68629,-2.3137100000000004,Muscle - Skeletal,non_neural
GTEX-1AX9K-1626-SM-73KUS,GTEX-1AX9K,55.0,56.351414,1.3514139999999983,Colon - Sigmoid,non_neural
GTEX-11GSP-1826-SM-5N9DQ,GTEX-11GSP,65.0,64.76132,-0.23868000000000222,Esophagus - Mucosa,non_neural
GTEX-1B8KZ-1026-SM-73KYN,GTEX-1B8KZ,55.0,59.012943,4.012943,Adipose - Visceral (Omentum),non_neural
GTEX-13CF2-0011-R1a-SM-5LZY1,GTEX-13CF2,65.0,65.12582,0.12582000000000448,Brain - Hippocampus,neural
GTEX-145MH-0011-R6a-SM-5PNZ7,GTEX-145MH,55.0,57.74266,2.7426600000000008,Brain - Nucleus accumbens (basal ganglia),neural
GTEX-1445S-0011-R2b-SM-5PNUH,GTEX-1445S,65.0,71.038155,6.038155000000003,Brain - Substantia nigra,neural
GTEX-13VXU-0011-R3b-SM-5O9CU,GTEX-13VXU,55.0,54.941936,-0.05806400000000167,Brain - Anterior cingulate cortex (BA24),neural
GTEX-14PJ4-0826-SM-6LLH5,GTEX-14PJ4,65.0,63.581734,-1.4182660000000027,Artery - Aorta,non_neural
GTEX-Y9LG-1126-SM-4VBQ7,GTEX-Y9LG,35.0,40.38341,5.383409999999998,Skin - Not Sun Exposed (Suprapubic),non_neural
GTEX-1N2EE-0011-R1a-SM-F3K5K,GTEX-1N2EE,65.0,59.568188,-5.431812000000001,Brain - Hippocampus,neural
GTEX-1B8L1-2626-SM-7SB77,GTEX-1B8L1,65.0,59.567936,-5.432063999999997,Adipose - Subcutaneous,non_neural
GTEX-1NV8Z-3126-SM-E76R3,GTEX-1NV8Z,65.0,62.85691,-2.143090000000001,Brain - Cortex,neural
GTEX-1399S-2026-SM-5KM4B,GTEX-1399S,35.0,43.357132,8.357132,Small Intestine - Terminal Ileum,non_neural
GTEX-1H1CY-0011-R6b-SM-CE6RP,GTEX-1H1CY,65.0,64.09427,-0.9057300000000055,Brain - Nucleus accumbens (basal ganglia),neural
GTEX-14E7W-1926-SM-5S2R9,GTEX-14E7W,75.0,73.94168,-1.0583199999999948,Esophagus - Gastroesophageal Junction,non_neural
GTEX-14LLW-0011-R3b-SM-62LFW,GTEX-14LLW,75.0,64.543625,-10.456374999999994,Brain - Anterior cingulate cortex (BA24),neural
GTEX-1KAFJ-1026-SM-D4P2Z,GTEX-1KAFJ,55.0,56.836346,1.836345999999999,Spleen,non_neural
GTEX-1LH75-1626-SM-EWROL,GTEX-1LH75,55.0,49.50287,-5.4971299999999985,Uterus,non_neural
GTEX-11DXY-1326-SM-5987Z,GTEX-11DXY,65.0,61.39531,-3.604689999999998,Esophagus - Gastroesophageal Junction,non_neural
GTEX-YJ8O-2526-SM-5HL85,GTEX-YJ8O,45.0,41.02552,-3.97448,Skin - Not Sun Exposed (Suprapubic),non_neural
GTEX-XUZC-1726-SM-4BRWS,GTEX-XUZC,35.0,26.627888,-8.372112000000001,Skin - Sun Exposed (Lower leg),non_neural
GTEX-ZQG8-2426-SM-57WEE,GTEX-ZQG8,65.0,50.38483,-14.615169999999999,Colon - Sigmoid,non_neural
GTEX-11P81-0326-SM-5HL6B,GTEX-11P81,35.0,35.355232,0.3552320000000009,Artery - Aorta,non_neural
GTEX-1N5O9-0011-R8a-SM-F649C,GTEX-1N5O9,65.0,63.02786,-1.9721400000000031,Brain - Hypothalamus,neural
GTEX-14BIN-0011-R5b-SM-5SI78,GTEX-14BIN,55.0,55.0067,0.006700000000002149,Brain - Caudate (basal ganglia),neural
GTEX-17HG3-0011-R8a-SM-79OK7,GTEX-17HG3,35.0,36.7081,1.7081000000000017,Brain - Hypothalamus,neural
GTEX-X5EB-0008-SM-46MU3,GTEX-X5EB,45.0,58.298576,13.298575999999997,Cells - Cultured fibroblasts,non_neural
GTEX-15CHQ-0011-R11b-SM-686ZZ,GTEX-15CHQ,65.0,67.47962,2.479619999999997,Brain - Cerebellar Hemisphere,neural
GTEX-OIZI-0426-SM-2XCEF,GTEX-OIZI,45.0,39.229195,-5.770805000000003,Nerve - Tibial,neural
GTEX-1CB4I-1026-SM-7MKFZ,GTEX-1CB4I,55.0,49.212612,-5.787388,Esophagus - Mucosa,non_neural
GTEX-13CF3-0626-SM-5J1NO,GTEX-13CF3,65.0,57.124474,-7.875526000000001,Artery - Coronary,non_neural
GTEX-YEC3-2426-SM-DO11A,GTEX-YEC3,55.0,49.510216,-5.489784,Colon - Transverse,non_neural
GTEX-WVLH-0011-R7A-SM-3MJFB,GTEX-WVLH,55.0,56.486023,1.486023000000003,Brain - Putamen (basal ganglia),neural
GTEX-1KD4Q-0011-R9a-SM-G8LLU,GTEX-1KD4Q,45.0,55.126125,10.126125000000002,Brain - Spinal cord (cervical c-1),neural
GTEX-Z93S-0008-SM-4RGM5,GTEX-Z93S,55.0,54.183567,-0.8164330000000035,Cells - Cultured fibroblasts,non_neural
GTEX-ZXES-0226-SM-HLJRM,GTEX-ZXES,35.0,42.1996,7.199599999999997,Adrenal Gland,non_neural
GTEX-14E6C-0726-SM-664NB,GTEX-14E6C,45.0,46.569916,1.5699159999999992,Esophagus - Gastroesophageal Junction,non_neural
GTEX-11EI6-0826-SM-5985V,GTEX-11EI6,65.0,64.0832,-0.916799999999995,Lung,non_neural
GTEX-1N5O9-2926-SM-EXUSN,GTEX-1N5O9,65.0,55.905853,-9.094147,Brain - Cortex,neural
GTEX-YF7O-1726-SM-5IFJ9,GTEX-YF7O,55.0,44.485832,-10.514167999999998,Colon - Transverse,non_neural
GTEX-N7MT-0011-R1a-SM-CNPO1,GTEX-N7MT,65.0,60.9569,-4.043100000000003,Brain - Hippocampus,neural
GTEX-15DCE-2026-SM-7KUFE,GTEX-15DCE,25.0,31.355473,6.355473,Colon - Transverse,non_neural
GTEX-11UD1-0011-R10a-SM-GIN97,GTEX-11UD1,45.0,55.545135,10.545135000000002,Brain - Frontal Cortex (BA9),neural
GTEX-14PKU-2026-SM-GNTBE,GTEX-14PKU,45.0,51.22635,6.2263499999999965,Nerve - Tibial,neural
GTEX-16XZZ-0011-R11a-SM-7EPI3,GTEX-16XZZ,65.0,65.22739,0.22738999999999976,Brain - Cerebellar Hemisphere,neural
GTEX-ZT9X-2026-SM-57WEJ,GTEX-ZT9X,45.0,40.433064,-4.566935999999998,Artery - Tibial,non_neural
GTEX-11LCK-0726-SM-5PNYC,GTEX-11LCK,35.0,37.391987,2.3919870000000003,Artery - Aorta,non_neural
GTEX-S4Z8-0126-SM-4GICC,GTEX-S4Z8,65.0,61.298195,-3.7018050000000002,Adrenal Gland,non_neural
GTEX-1IKOE-2426-SM-ARU7W,GTEX-1IKOE,35.0,39.09298,4.092979999999997,Uterus,non_neural
GTEX-QVJO-2526-SM-CYPRA,GTEX-QVJO,65.0,63.106544,-1.8934560000000005,Vagina,non_neural
GTEX-18A66-2426-SM-7KFSQ,GTEX-18A66,65.0,53.830353,-11.169646999999998,Colon - Transverse,non_neural
GTEX-14PHX-1626-SM-69LQB,GTEX-14PHX,55.0,45.7047,-9.295299999999997,Adipose - Visceral (Omentum),non_neural
GTEX-S341-1426-SM-4AD6U,GTEX-S341,45.0,46.821968,1.8219679999999983,Colon - Transverse,non_neural
GTEX-1CAMS-0126-SM-79396,GTEX-1CAMS,45.0,38.905178,-6.094822000000001,Muscle - Skeletal,non_neural
GTEX-11ZU8-0011-R7a-SM-GJ3Q1,GTEX-11ZU8,65.0,64.05405,-0.9459499999999963,Brain - Putamen (basal ganglia),neural
GTEX-ZWKS-2826-SM-5NQ74,GTEX-ZWKS,35.0,43.657284,8.657283999999997,Breast - Mammary Tissue,non_neural
GTEX-1HSMP-0526-SM-B2LXI,GTEX-1HSMP,75.0,65.233154,-9.766846000000001,Artery - Tibial,non_neural
GTEX-14PJO-0011-R5a-SM-6AJBZ,GTEX-14PJO,65.0,64.17304,-0.8269599999999997,Brain - Caudate (basal ganglia),neural
GTEX-ZPCL-1626-SM-57WGC,GTEX-ZPCL,65.0,60.013416,-4.986584000000001,Colon - Sigmoid,non_neural
GTEX-13JVG-3126-SM-5L3FH,GTEX-13JVG,65.0,64.95415,-0.0458500000000015,Brain - Cortex,neural
GTEX-12WSF-0011-R7b-SM-5HL99,GTEX-12WSF,75.0,70.426346,-4.573654000000005,Brain - Putamen (basal ganglia),neural
GTEX-1F48J-1126-SM-9WYSY,GTEX-1F48J,55.0,60.200153,5.200153,Heart - Atrial Appendage,non_neural
GTEX-1CB4H-2426-SM-7PBYR,GTEX-1CB4H,65.0,69.778946,4.778946000000005,Stomach,non_neural
GTEX-WFG7-1726-SM-4LVME,GTEX-WFG7,25.0,31.978497,6.978497000000001,Small Intestine - Terminal Ileum,non_neural
GTEX-WEY5-0008-SM-4LMKC,GTEX-WEY5,45.0,51.138687,6.138686999999997,Cells - Cultured fibroblasts,non_neural
GTEX-1IDJD-1526-SM-CMKGA,GTEX-1IDJD,35.0,37.716103,2.716102999999997,Nerve - Tibial,neural
GTEX-P4PP-1926-SM-HAUZM,GTEX-P4PP,35.0,34.89102,-0.10898000000000252,Bladder,non_neural
GTEX-1GN73-3126-SM-9KNTY,GTEX-1GN73,65.0,65.748245,0.7482449999999972,Brain - Cortex,neural
GTEX-XMD1-0626-SM-EZ6MC,GTEX-XMD1,65.0,56.346317,-8.653683000000001,Muscle - Skeletal,non_neural
GTEX-12ZZZ-0011-R5a-SM-5EQ4M,GTEX-12ZZZ,65.0,74.016716,9.016716000000002,Brain - Caudate (basal ganglia),neural
GTEX-XBEC-0006-SM-4AT5T,GTEX-XBEC,55.0,58.891106,3.8911060000000006,Whole Blood,non_neural
GTEX-13QBU-2426-SM-5LU4L,GTEX-13QBU,45.0,34.53479,-10.465209999999999,Muscle - Skeletal,non_neural
GTEX-ZQG8-0326-SM-51MSE,GTEX-ZQG8,65.0,50.32887,-14.671129999999998,Lung,non_neural
GTEX-14A6H-0326-SM-5NQAN,GTEX-14A6H,35.0,42.7534,7.753399999999999,Heart - Atrial Appendage,non_neural
GTEX-15UKP-1426-SM-7KUDX,GTEX-15UKP,25.0,34.118618,9.118617999999998,Adipose - Visceral (Omentum),non_neural
GTEX-R55E-2626-SM-F21JF,GTEX-R55E,25.0,30.667063,5.667062999999999,Brain - Cortex,neural
GTEX-12BJ1-1926-SM-5HL9Z,GTEX-12BJ1,65.0,53.51446,-11.48554,Small Intestine - Terminal Ileum,non_neural
GTEX-UJHI-1126-SM-4IHLN,GTEX-UJHI,55.0,49.90055,-5.099449999999997,Colon - Transverse,non_neural
GTEX-12ZZY-0011-R4a-SM-GIN9F,GTEX-12ZZY,65.0,60.228287,-4.771712999999998,Brain - Amygdala,neural
GTEX-13FTX-0326-SM-5J2NG,GTEX-13FTX,25.0,33.15376,8.153759999999998,Lung,non_neural
GTEX-1I1GR-1426-SM-CY8H8,GTEX-1I1GR,65.0,62.67349,-2.326509999999999,Esophagus - Muscularis,non_neural
GTEX-12WSN-0426-SM-GJ3Q4,GTEX-12WSN,45.0,47.240063,2.2400629999999992,Heart - Left Ventricle,non_neural
GTEX-ZYY3-3126-SM-5MR6M,GTEX-ZYY3,65.0,62.083252,-2.9167479999999983,Brain - Cortex,neural
GTEX-14PHW-2426-SM-69LPU,GTEX-14PHW,65.0,57.896572,-7.103428000000001,Uterus,non_neural
GTEX-1LG7Y-2126-SM-DIPER,GTEX-1LG7Y,55.0,55.68258,0.6825800000000015,Colon - Transverse,non_neural
GTEX-13OVK-1826-SM-6PALE,GTEX-13OVK,45.0,45.16299,0.16299000000000063,Minor Salivary Gland,non_neural
GTEX-QCQG-1526-SM-48U25,GTEX-QCQG,55.0,51.818413,-3.1815870000000004,Artery - Aorta,non_neural
GTEX-X3Y1-1926-SM-4PQZO,GTEX-X3Y1,45.0,50.201862,5.201861999999998,Minor Salivary Gland,non_neural
GTEX-1LG7Z-1326-SM-DIPF3,GTEX-1LG7Z,35.0,39.685543,4.685543000000003,Colon - Sigmoid,non_neural
GTEX-S341-0226-SM-D4P1Y,GTEX-S341,45.0,46.730484,1.730483999999997,Thyroid,non_neural
GTEX-1192X-0011-R10a-SM-DO941,GTEX-1192X,55.0,61.647224,6.647224000000001,Brain - Frontal Cortex (BA9),neural
GTEX-RWS6-0926-SM-47JXE,GTEX-RWS6,65.0,58.164528,-6.835472000000003,Stomach,non_neural
GTEX-WFON-2026-SM-4LVMW,GTEX-WFON,45.0,37.587307,-7.412692999999997,Testis,non_neural
GTEX-ZYVF-0326-SM-5GIES,GTEX-ZYVF,55.0,60.035988,5.035988000000003,Vagina,non_neural
GTEX-1399U-2526-SM-5L3DL,GTEX-1399U,55.0,53.974777,-1.0252229999999969,Muscle - Skeletal,non_neural
GTEX-13JUV-0011-R7b-SM-5LZZG,GTEX-13JUV,45.0,57.36213,12.36213,Brain - Putamen (basal ganglia),neural
GTEX-13X6K-0011-R7b-SM-5P9K7,GTEX-13X6K,65.0,64.14943,-0.8505700000000047,Brain - Putamen (basal ganglia),neural
GTEX-1GN73-2726-SM-9WYUB,GTEX-1GN73,65.0,62.148163,-2.8518370000000033,Colon - Sigmoid,non_neural
GTEX-OXRO-0006-SM-2I5EM,GTEX-OXRO,65.0,57.67078,-7.329219999999999,Whole Blood,non_neural
GTEX-1IDJV-2326-SM-GA8ZL,GTEX-1IDJV,65.0,58.284733,-6.715266999999997,Minor Salivary Gland,non_neural
GTEX-1GZHY-0626-SM-9KNVC,GTEX-1GZHY,55.0,45.5667,-9.433300000000003,Skin - Not Sun Exposed (Suprapubic),non_neural
GTEX-145MH-0626-SM-5NQAK,GTEX-145MH,55.0,60.446404,5.446404000000001,Lung,non_neural
GTEX-113JC-0926-SM-5H114,GTEX-113JC,55.0,53.99636,-1.0036399999999972,Esophagus - Muscularis,non_neural
GTEX-1R9PN-2026-SM-G9EQ3,GTEX-1R9PN,45.0,47.72339,2.723390000000002,Artery - Tibial,non_neural
GTEX-14E6C-0011-R1a-SM-G8W86,GTEX-14E6C,45.0,51.737656,6.737656000000001,Brain - Hippocampus,neural
GTEX-1OKEX-2426-SM-GINB2,GTEX-1OKEX,65.0,52.671623,-12.328377000000003,Muscle - Skeletal,non_neural
GTEX-R55C-1026-SM-48FCM,GTEX-R55C,45.0,46.3247,1.3247,Stomach,non_neural
GTEX-13OVL-0011-R10a-SM-5L3GS,GTEX-13OVL,55.0,51.099712,-3.9002880000000033,Brain - Frontal Cortex (BA9),neural
GTEX-V955-0004-SM-3NMDH,GTEX-V955,65.0,68.90197,3.9019700000000057,Cells - EBV-transformed lymphocytes,non_neural
GTEX-1QEPI-0326-SM-EVYBB,GTEX-1QEPI,65.0,61.332916,-3.6670840000000027,Nerve - Tibial,neural
GTEX-1MUQO-1326-SM-EV7AE,GTEX-1MUQO,65.0,52.49566,-12.50434,Spleen,non_neural
GTEX-14PN4-0005-SM-7PC21,GTEX-14PN4,55.0,42.49439,-12.505609999999997,Whole Blood,non_neural
GTEX-145LS-0826-SM-H65ZG,GTEX-145LS,65.0,63.856052,-1.1439480000000017,Thyroid,non_neural
GTEX-SNMC-0526-SM-4DM69,GTEX-SNMC,25.0,37.439217,12.439217,Esophagus - Mucosa,non_neural
GTEX-13VXU-2926-SM-5LU5C,GTEX-13VXU,55.0,61.310997,6.310997,Brain - Cortex,neural
GTEX-1JN1M-0002-SM-HKZZ2,GTEX-1JN1M,65.0,55.39969,-9.60031,Cells - EBV-transformed lymphocytes,non_neural
GTEX-PWCY-1926-SM-3NB25,GTEX-PWCY,25.0,30.969587,5.969587000000001,Adipose - Subcutaneous,non_neural
GTEX-1B8SF-1326-SM-7IGQJ,GTEX-1B8SF,65.0,66.532166,1.5321660000000037,Heart - Atrial Appendage,non_neural
GTEX-WHSB-2326-SM-4M1XK,GTEX-WHSB,55.0,53.954185,-1.0458149999999975,Minor Salivary Gland,non_neural
GTEX-1117F-0011-R11b-SM-GIN8R,GTEX-1117F,65.0,60.862537,-4.137462999999997,Brain - Cerebellar Hemisphere,neural
GTEX-ZF28-0011-R11a-SM-4WWEI,GTEX-ZF28,65.0,63.333057,-1.6669430000000034,Brain - Cerebellar Hemisphere,neural
GTEX-OHPN-0011-R4A-SM-2I5FD,GTEX-OHPN,65.0,63.27378,-1.7262199999999979,Brain - Amygdala,neural
GTEX-14JG6-0005-SM-9JGFV,GTEX-14JG6,35.0,44.480186,9.480186000000003,Whole Blood,non_neural
GTEX-P44H-0826-SM-GNIOJ,GTEX-P44H,45.0,61.955753,16.955753,Artery - Coronary,non_neural
GTEX-PLZ6-0726-SM-3P619,GTEX-PLZ6,35.0,37.9904,2.990400000000001,Pancreas,non_neural
GTEX-1HBPI-1026-SM-AHZ4N,GTEX-1HBPI,55.0,62.461746,7.461745999999998,Liver,non_neural
GTEX-16YQH-2626-SM-GQ1DB,GTEX-16YQH,35.0,49.426094,14.426093999999999,Colon - Sigmoid,non_neural
GTEX-1B8L1-0011-R2a-SM-9OSVL,GTEX-1B8L1,65.0,61.57315,-3.4268500000000017,Brain - Substantia nigra,neural
GTEX-PX3G-0726-SM-48TZT,GTEX-PX3G,25.0,35.292835,10.292834999999997,Esophagus - Muscularis,non_neural
GTEX-11ZVC-0326-SM-5CVLC,GTEX-11ZVC,55.0,69.68612,14.686120000000003,Artery - Aorta,non_neural
GTEX-14A6H-0126-SM-5QGPK,GTEX-14A6H,35.0,34.495815,-0.5041849999999997,Skin - Sun Exposed (Lower leg),non_neural
GTEX-Y5V5-0001-SM-4V6FZ,GTEX-Y5V5,65.0,38.891434,-26.108566000000003,Cells - EBV-transformed lymphocytes,non_neural
GTEX-X3Y1-2026-SM-3P5YM,GTEX-X3Y1,45.0,50.25543,5.255429999999997,Skin - Not Sun Exposed (Suprapubic),non_neural
GTEX-1GN1V-0008-SM-EAZD5,GTEX-1GN1V,65.0,61.201595,-3.7984050000000025,Cells - Cultured fibroblasts,non_neural
GTEX-TML8-1826-SM-32QOR,GTEX-TML8,45.0,49.26969,4.269689999999997,Muscle - Skeletal,non_neural
GTEX-14LLW-0006-SM-9QEGG,GTEX-14LLW,75.0,69.378845,-5.621155000000002,Whole Blood,non_neural
GTEX-QDVJ-1826-SM-GHWQJ,GTEX-QDVJ,55.0,53.886578,-1.113422,Adipose - Subcutaneous,non_neural
GTEX-1ICLZ-0326-SM-ARL82,GTEX-1ICLZ,65.0,61.30741,-3.6925900000000027,Skin - Not Sun Exposed (Suprapubic),non_neural
GTEX-11TT1-2726-SM-5LU8L,GTEX-11TT1,25.0,27.845556,2.8455559999999984,Artery - Tibial,non_neural
GTEX-1CB4E-2026-SM-7PC2V,GTEX-1CB4E,65.0,70.46175,5.461749999999995,Artery - Tibial,non_neural
GTEX-1F5PK-1826-SM-7RHHX,GTEX-1F5PK,55.0,62.600117,7.600116999999997,Stomach,non_neural
GTEX-15SHW-2126-SM-6M46Y,GTEX-15SHW,65.0,61.165142,-3.834857999999997,Stomach,non_neural
GTEX-TKQ2-1826-SM-33HB2,GTEX-TKQ2,55.0,44.208984,-10.791015999999999,Breast - Mammary Tissue,non_neural
GTEX-12ZZZ-3026-SM-5BC67,GTEX-12ZZZ,65.0,61.597042,-3.402957999999998,Brain - Cortex,neural
GTEX-17HG3-2226-SM-7938L,GTEX-17HG3,35.0,37.15509,2.1550900000000013,Skin - Sun Exposed (Lower leg),non_neural
GTEX-1KANC-1626-SM-E6CIA,GTEX-1KANC,55.0,42.35941,-12.640590000000003,Muscle - Skeletal,non_neural
GTEX-1N2DV-2226-SM-G8LMH,GTEX-1N2DV,45.0,35.196518,-9.803482000000002,Breast - Mammary Tissue,non_neural
GTEX-ZVP2-0008-SM-51MSL,GTEX-ZVP2,55.0,49.652313,-5.3476870000000005,Cells - Cultured fibroblasts,non_neural
GTEX-WQUQ-1526-SM-4M9QY,GTEX-WQUQ,65.0,67.35913,2.3591299999999933,Artery - Aorta,non_neural
GTEX-ZTTD-0626-SM-4YCCY,GTEX-ZTTD,55.0,44.402157,-10.597842999999997,Heart - Atrial Appendage,non_neural
GTEX-14LZ3-0011-R6a-SM-D3L8C,GTEX-14LZ3,65.0,60.110386,-4.889614000000002,Brain - Nucleus accumbens (basal ganglia),neural
GTEX-QVJO-0226-SM-GI4XX,GTEX-QVJO,65.0,61.243324,-3.756675999999999,Adipose - Subcutaneous,non_neural
GTEX-13RTK-0826-SM-5Q5C6,GTEX-13RTK,25.0,39.929485,14.929485,Small Intestine - Terminal Ileum,non_neural
GTEX-1MGNQ-0326-SM-GRR2R,GTEX-1MGNQ,45.0,39.615967,-5.384033000000002,Muscle - Skeletal,non_neural
GTEX-O5YT-1926-SM-H6Q82,GTEX-O5YT,25.0,25.90049,0.9004900000000013,Bladder,non_neural
GTEX-SUCS-1126-SM-4DM61,GTEX-SUCS,75.0,60.65483,-14.345170000000003,Prostate,non_neural
GTEX-12WSK-2126-SM-5CVNC,GTEX-12WSK,45.0,45.658226,0.6582259999999991,Skin - Not Sun Exposed (Suprapubic),non_neural
GTEX-1I6K6-1926-SM-A96SN,GTEX-1I6K6,35.0,42.58203,7.582030000000003,Colon - Sigmoid,non_neural
GTEX-1LGRB-2326-SM-CNNPU,GTEX-1LGRB,55.0,50.082775,-4.917225000000002,Ovary,non_neural
GTEX-11WQK-2826-SM-5EQKH,GTEX-11WQK,55.0,39.551758,-15.448242,Testis,non_neural
GTEX-1F75W-0011-R11b-SM-AHZ34,GTEX-1F75W,65.0,62.5885,-2.4114999999999966,Brain - Cerebellar Hemisphere,neural
GTEX-1PIGE-1026-SM-EWRMU,GTEX-1PIGE,25.0,33.67226,8.672260000000001,Esophagus - Muscularis,non_neural
GTEX-17HHE-1726-SM-79OKT,GTEX-17HHE,55.0,51.152817,-3.847183000000001,Small Intestine - Terminal Ileum,non_neural
GTEX-X15G-1426-SM-4PQZK,GTEX-X15G,55.0,54.40801,-0.5919900000000027,Small Intestine - Terminal Ileum,non_neural
GTEX-17KNJ-0626-SM-7LT9L,GTEX-17KNJ,55.0,54.27407,-0.7259299999999982,Heart - Atrial Appendage,non_neural
GTEX-QLQW-1526-SM-G8W5P,GTEX-QLQW,35.0,46.168663,11.168663000000002,Artery - Tibial,non_neural
GTEX-1GL5R-1226-SM-7MXUY,GTEX-1GL5R,55.0,59.096577,4.0965770000000035,Prostate,non_neural
GTEX-12WSC-0826-SM-5EQ5Q,GTEX-12WSC,55.0,57.18745,2.1874499999999983,Thyroid,non_neural
GTEX-1339X-0626-SM-5IJER,GTEX-1339X,45.0,44.806416,-0.1935840000000013,Lung,non_neural
GTEX-TSE9-1226-SM-4DXTM,GTEX-TSE9,65.0,58.10492,-6.89508,Esophagus - Mucosa,non_neural
GTEX-111YS-0126-SM-5987T,GTEX-111YS,65.0,56.18509,-8.814909999999998,Adrenal Gland,non_neural
GTEX-1IDJD-0826-SM-GA917,GTEX-1IDJD,35.0,42.403595,7.403595000000003,Lung,non_neural
GTEX-1B933-0826-SM-79OMW,GTEX-1B933,55.0,53.07622,-1.9237800000000007,Heart - Atrial Appendage,non_neural
GTEX-OOBK-0526-SM-2HMJJ,GTEX-OOBK,45.0,44.359802,-0.640197999999998,Lung,non_neural
GTEX-1LVAN-2126-SM-CNPQ8,GTEX-1LVAN,55.0,59.602165,4.602164999999999,Esophagus - Gastroesophageal Junction,non_neural
GTEX-PWCY-0008-SM-48TE9,GTEX-PWCY,25.0,30.893291,5.893291000000001,Cells - Cultured fibroblasts,non_neural
GTEX-131XG-0526-SM-5DUWF,GTEX-131XG,55.0,57.463856,2.463856,Heart - Atrial Appendage,non_neural
GTEX-T5JC-2326-SM-32PMR,GTEX-T5JC,25.0,26.423294,1.4232939999999985,Brain - Cerebellum,neural
GTEX-13CIG-0011-R3b-SM-5K7XF,GTEX-13CIG,55.0,60.371223,5.3712230000000005,Brain - Anterior cingulate cortex (BA24),neural
GTEX-1MA7X-0726-SM-EV7AB,GTEX-1MA7X,65.0,64.05146,-0.9485399999999942,Esophagus - Mucosa,non_neural
GTEX-1B996-1726-SM-7IGMW,GTEX-1B996,65.0,64.672745,-0.32725499999999386,Esophagus - Gastroesophageal Junction,non_neural
GTEX-X261-3226-SM-3NMC3,GTEX-X261,55.0,59.4532,4.4532000000000025,Pituitary,non_neural
GTEX-13QBU-2526-SM-5LU4X,GTEX-13QBU,45.0,37.560196,-7.439804000000002,Adipose - Subcutaneous,non_neural
GTEX-1KANA-0626-SM-D4P3I,GTEX-1KANA,25.0,41.0101,16.0101,Esophagus - Mucosa,non_neural
GTEX-P4PQ-2026-SM-E9U4E,GTEX-P4PQ,65.0,67.33396,2.3339600000000047,Prostate,non_neural
GTEX-14PJO-0526-SM-6EU2O,GTEX-14PJO,65.0,54.649403,-10.350597,Muscle - Skeletal,non_neural
GTEX-13SLW-0011-R1a-SM-5S2W7,GTEX-13SLW,75.0,70.39102,-4.6089800000000025,Brain - Hippocampus,neural
GTEX-178AV-2226-SM-GPIA5,GTEX-178AV,45.0,47.543015,2.543014999999997,Muscle - Skeletal,non_neural
GTEX-14PJ3-1626-SM-664O5,GTEX-14PJ3,55.0,50.16041,-4.839590000000001,Testis,non_neural
GTEX-Y5LM-0003-SM-4V6G1,GTEX-Y5LM,45.0,47.663013,2.6630129999999994,Cells - EBV-transformed lymphocytes,non_neural
GTEX-117XS-2026-SM-5GID1,GTEX-117XS,65.0,60.288826,-4.711174,Testis,non_neural
GTEX-1QCLY-0126-SM-DPRZV,GTEX-1QCLY,35.0,39.98079,4.980789999999999,Spleen,non_neural
GTEX-1JKYN-0426-SM-CGQG2,GTEX-1JKYN,35.0,36.954338,1.954338,Pancreas,non_neural
GTEX-XMD3-1426-SM-HAUYW,GTEX-XMD3,55.0,46.180008,-8.819992,Esophagus - Muscularis,non_neural
GTEX-WY7C-2626-SM-3NB2P,GTEX-WY7C,55.0,53.655926,-1.344073999999999,Nerve - Tibial,neural
GTEX-17HG3-1126-SM-7DUFC,GTEX-17HG3,35.0,45.035606,10.035606000000001,Colon - Sigmoid,non_neural
GTEX-1212Z-2626-SM-5YY8P,GTEX-1212Z,65.0,67.44194,2.4419400000000024,Muscle - Skeletal,non_neural
GTEX-11OF3-0011-R7a-SM-57WCG,GTEX-11OF3,65.0,62.70227,-2.2977300000000014,Brain - Putamen (basal ganglia),neural
GTEX-XQ8I-1326-SM-4BOPV,GTEX-XQ8I,55.0,56.014,1.014000000000003,Artery - Aorta,non_neural
GTEX-1C64N-2226-SM-7SB7C,GTEX-1C64N,55.0,56.10623,1.1062299999999965,Colon - Sigmoid,non_neural
GTEX-1B8L1-1926-SM-7IGND,GTEX-1B8L1,65.0,64.2535,-0.7464999999999975,Colon - Sigmoid,non_neural
GTEX-139D8-2526-SM-5N9G3,GTEX-139D8,35.0,40.736,5.735999999999997,Uterus,non_neural
GTEX-1HCU7-2126-SM-A96SG,GTEX-1HCU7,55.0,55.544548,0.5445479999999989,Esophagus - Mucosa,non_neural
GTEX-132NY-0826-SM-5K7Y7,GTEX-132NY,65.0,62.482643,-2.517356999999997,Breast - Mammary Tissue,non_neural
GTEX-13S7M-1226-SM-GJ3QW,GTEX-13S7M,65.0,65.265274,0.2652740000000051,Colon - Transverse,non_neural
GTEX-1GTWX-0011-R2b-SM-ADEH5,GTEX-1GTWX,65.0,69.56069,4.560689999999994,Brain - Substantia nigra,neural
GTEX-11DYG-1126-SM-GINAD,GTEX-11DYG,65.0,50.936703,-14.063296999999999,Heart - Left Ventricle,non_neural
GTEX-Y114-0002-SM-4TT78,GTEX-Y114,55.0,50.870525,-4.129474999999999,Cells - EBV-transformed lymphocytes,non_neural
GTEX-17F96-0726-SM-793CB,GTEX-17F96,75.0,73.270164,-1.729836000000006,Adipose - Visceral (Omentum),non_neural
GTEX-12WSH-0011-R2a-SM-5GU68,GTEX-12WSH,55.0,55.03382,0.03381999999999863,Brain - Substantia nigra,neural
GTEX-NL3H-0011-R5a-SM-2I3GB,GTEX-NL3H,65.0,59.04488,-5.955120000000001,Brain - Caudate (basal ganglia),neural
GTEX-1FIGZ-0008-SM-EAZCS,GTEX-1FIGZ,45.0,43.28763,-1.71237,Cells - Cultured fibroblasts,non_neural
GTEX-14JIY-1226-SM-6871R,GTEX-14JIY,65.0,61.670513,-3.3294870000000003,Thyroid,non_neural
GTEX-132AR-0426-SM-5IFH8,GTEX-132AR,55.0,54.616234,-0.3837660000000014,Liver,non_neural
GTEX-1GMR8-0326-SM-9KNUO,GTEX-1GMR8,55.0,61.98144,6.981439999999999,Muscle - Skeletal,non_neural
GTEX-1122O-1526-SM-5N9CL,GTEX-1122O,65.0,59.78495,-5.215049999999998,Colon - Transverse,non_neural
GTEX-WOFL-0826-SM-3MJG1,GTEX-WOFL,65.0,56.17016,-8.829839999999997,Breast - Mammary Tissue,non_neural
GTEX-145MO-1126-SM-5NQBX,GTEX-145MO,65.0,56.545715,-8.454284999999999,Heart - Left Ventricle,non_neural
GTEX-1C6VR-0011-R1a-SM-7MXUE,GTEX-1C6VR,65.0,63.26149,-1.738509999999998,Brain - Hippocampus,neural
GTEX-1GF9W-0526-SM-9MQJP,GTEX-1GF9W,65.0,49.73566,-15.264339999999997,Muscle - Skeletal,non_neural
GTEX-1RDX4-2126-SM-EV7B3,GTEX-1RDX4,55.0,53.706604,-1.2933960000000013,Esophagus - Mucosa,non_neural
GTEX-ZF29-1926-SM-5S2P1,GTEX-ZF29,65.0,56.819008,-8.180992000000003,Breast - Mammary Tissue,non_neural
GTEX-169BO-0526-SM-793AK,GTEX-169BO,55.0,50.658333,-4.341667000000001,Esophagus - Mucosa,non_neural
GTEX-144GL-0526-SM-G9EQN,GTEX-144GL,55.0,62.20908,7.20908,Artery - Tibial,non_neural
GTEX-1RQEC-0011-R9a-SM-EZ6N3,GTEX-1RQEC,65.0,61.54818,-3.451819999999998,Brain - Spinal cord (cervical c-1),neural
GTEX-131XF-1026-SM-5BC6A,GTEX-131XF,65.0,59.376404,-5.623595999999999,Lung,non_neural
GTEX-YECK-0326-SM-4W1YS,GTEX-YECK,65.0,52.590622,-12.409377999999997,Skin - Not Sun Exposed (Suprapubic),non_neural
GTEX-15UKP-1326-SM-6LPI8,GTEX-15UKP,25.0,44.09889,19.098889999999997,Pancreas,non_neural
GTEX-16XZZ-0826-SM-7IGM3,GTEX-16XZZ,65.0,62.082832,-2.9171679999999967,Thyroid,non_neural
GTEX-12696-2826-SM-5FQTY,GTEX-12696,65.0,53.916897,-11.083103000000001,Muscle - Skeletal,non_neural
GTEX-18A66-0226-SM-718BD,GTEX-18A66,65.0,55.264965,-9.735035000000003,Skin - Sun Exposed (Lower leg),non_neural
GTEX-14PJ5-0825-B-SM-AW8PS,GTEX-14PJ5,65.0,63.4506,-1.5493999999999986,Stomach - Mucosa,non_neural
GTEX-PSDG-1626-SM-48TCQ,GTEX-PSDG,55.0,40.312157,-14.687843,Breast - Mammary Tissue,non_neural
GTEX-1J1OQ-1626-SM-CE6TB,GTEX-1J1OQ,45.0,39.285606,-5.714393999999999,Ovary,non_neural
GTEX-1PFEY-1526-SM-E76PP,GTEX-1PFEY,35.0,37.512375,2.5123749999999987,Skin - Sun Exposed (Lower leg),non_neural
GTEX-14PN3-2526-SM-6EU15,GTEX-14PN3,65.0,60.78083,-4.219169999999998,Adipose - Subcutaneous,non_neural
GTEX-139TT-0006-SM-5O9CG,GTEX-139TT,65.0,52.085503,-12.914496999999997,Whole Blood,non_neural
GTEX-1HCVE-2826-SM-9WPPI,GTEX-1HCVE,55.0,58.30031,3.300310000000003,Testis,non_neural
GTEX-1ICLY-0526-SM-A9G36,GTEX-1ICLY,55.0,58.50605,3.506050000000002,Artery - Tibial,non_neural
GTEX-XMK1-0005-SM-4B665,GTEX-XMK1,45.0,45.798267,0.7982670000000027,Whole Blood,non_neural
GTEX-1K9T9-2926-SM-E9TKD,GTEX-1K9T9,55.0,51.35087,-3.6491299999999995,Colon - Sigmoid,non_neural
GTEX-XUZC-0005-SM-4BOQ8,GTEX-XUZC,35.0,39.551846,4.551845999999998,Whole Blood,non_neural
GTEX-14PKV-0926-SM-6AJB4,GTEX-14PKV,25.0,31.93736,6.937360000000002,Pancreas,non_neural
GTEX-1LH75-2926-SM-HAUY9,GTEX-1LH75,55.0,56.52463,1.524630000000002,Brain - Cerebellum,neural
GTEX-11O72-0011-R11b-SM-H65ZB,GTEX-11O72,45.0,46.43573,1.4357299999999995,Brain - Cerebellar Hemisphere,neural
GTEX-13PVR-2026-SM-5P9FH,GTEX-13PVR,65.0,62.897335,-2.102665000000002,Esophagus - Gastroesophageal Junction,non_neural
GTEX-1445S-3026-SM-5O9BR,GTEX-1445S,65.0,68.0452,3.045199999999994,Brain - Cortex,neural
GTEX-16NGA-1726-SM-731B4,GTEX-16NGA,45.0,40.99468,-4.0053199999999975,Skin - Sun Exposed (Lower leg),non_neural
GTEX-18D9U-1126-SM-72D5Y,GTEX-18D9U,45.0,47.66286,2.662860000000002,Heart - Left Ventricle,non_neural
GTEX-17EVP-1226-SM-793BF,GTEX-17EVP,45.0,43.468838,-1.531162000000002,Artery - Tibial,non_neural
GTEX-17EVQ-1026-SM-7IGOG,GTEX-17EVQ,75.0,69.196785,-5.8032149999999945,Nerve - Tibial,neural
GTEX-1LG7Z-2026-SM-DLHBP,GTEX-1LG7Z,35.0,44.206173,9.206173,Adipose - Subcutaneous,non_neural
GTEX-1HSMQ-0926-SM-A96SI,GTEX-1HSMQ,55.0,59.988655,4.988655000000001,Minor Salivary Gland,non_neural
GTEX-139T8-0926-SM-G8OLP,GTEX-139T8,65.0,60.02939,-4.970610000000001,Brain - Cerebellum,neural
GTEX-13RTK-0626-SM-5Q5EK,GTEX-13RTK,25.0,32.538086,7.538086,Esophagus - Muscularis,non_neural
GTEX-1MGNQ-2326-SM-EV7BG,GTEX-1MGNQ,45.0,41.378777,-3.6212230000000005,Small Intestine - Terminal Ileum,non_neural
GTEX-1P4AB-1826-SM-E76PU,GTEX-1P4AB,55.0,54.380077,-0.619923,Breast - Mammary Tissue,non_neural
GTEX-1S83E-1826-SM-GNTAS,GTEX-1S83E,45.0,42.53076,-2.469239999999999,Breast - Mammary Tissue,non_neural
GTEX-1LB8K-1026-SM-DHXJJ,GTEX-1LB8K,55.0,56.495087,1.495086999999998,Heart - Left Ventricle,non_neural
GTEX-1H23P-2726-SM-9JGHN,GTEX-1H23P,65.0,64.616714,-0.38328599999999824,Stomach,non_neural
GTEX-12BJ1-2626-SM-5FQUF,GTEX-12BJ1,65.0,59.26069,-5.739310000000003,Nerve - Tibial,neural
GTEX-1H4P4-2126-SM-9WYSL,GTEX-1H4P4,55.0,67.69329,12.693290000000005,Skin - Not Sun Exposed (Suprapubic),non_neural
GTEX-1KD5A-2526-SM-CXZK8,GTEX-1KD5A,55.0,60.483864,5.483863999999997,Pituitary,non_neural
GTEX-1GN73-3026-SM-7MXV8,GTEX-1GN73,65.0,68.12013,3.120130000000003,Brain - Cerebellum,neural
GTEX-ZYFD-2926-SM-5GID9,GTEX-ZYFD,55.0,59.07279,4.072789999999998,Brain - Cerebellum,neural
GTEX-13FTX-0626-SM-5J2NS,GTEX-13FTX,25.0,44.382004,19.382004000000002,Adipose - Visceral (Omentum),non_neural
GTEX-XYKS-2526-SM-4BOPX,GTEX-XYKS,65.0,74.11808,9.118080000000006,Nerve - Tibial,neural
GTEX-NPJ8-1426-SM-3MJHR,GTEX-NPJ8,45.0,58.581875,13.581874999999997,Pituitary,non_neural
GTEX-1HC8U-1726-SM-A9SMF,GTEX-1HC8U,45.0,38.691036,-6.308964000000003,Esophagus - Gastroesophageal Junction,non_neural
GTEX-1B8SF-0011-R5a-SM-79OOO,GTEX-1B8SF,65.0,61.7261,-3.2738999999999976,Brain - Caudate (basal ganglia),neural
GTEX-1399Q-1126-SM-5P9JA,GTEX-1399Q,45.0,45.2995,0.2995000000000019,Esophagus - Mucosa,non_neural
GTEX-12BJ1-2126-SM-5BC5O,GTEX-12BJ1,65.0,55.955994,-9.044006000000003,Colon - Transverse,non_neural
GTEX-1ICG6-0426-SM-ARU7M,GTEX-1ICG6,75.0,67.58834,-7.411659999999998,Thyroid,non_neural
GTEX-11GS4-0008-SM-5QGRA,GTEX-11GS4,65.0,54.17076,-10.829239999999999,Cells - Cultured fibroblasts,non_neural
GTEX-12ZZW-0005-SM-5O9BY,GTEX-12ZZW,55.0,60.12623,5.12623,Whole Blood,non_neural
GTEX-15RIE-0826-SM-6M47X,GTEX-15RIE,65.0,61.73578,-3.2642200000000017,Esophagus - Mucosa,non_neural
GTEX-13OW8-0011-R11a-SM-5L3GT,GTEX-13OW8,65.0,67.28568,2.2856799999999993,Brain - Cerebellar Hemisphere,neural
GTEX-12WSN-2726-SM-5LZUK,GTEX-12WSN,45.0,56.330948,11.330948,Artery - Tibial,non_neural
GTEX-QESD-1626-SM-2S1RB,GTEX-QESD,25.0,35.589012,10.589011999999997,Muscle - Skeletal,non_neural
GTEX-12696-3126-SM-5FQUX,GTEX-12696,65.0,73.628815,8.628815000000003,Pituitary,non_neural
GTEX-17F98-1826-SM-7DUFK,GTEX-17F98,45.0,47.313652,2.3136519999999976,Esophagus - Gastroesophageal Junction,non_neural
GTEX-1IOXB-0011-R7b-SM-HAUZE,GTEX-1IOXB,55.0,58.321945,3.3219449999999995,Brain - Putamen (basal ganglia),neural
GTEX-1EKGG-0008-SM-G9EPL,GTEX-1EKGG,65.0,55.232056,-9.767944,Cells - Cultured fibroblasts,non_neural
GTEX-12KS4-1526-SM-5EQ6E,GTEX-12KS4,35.0,44.00649,9.00649,Adipose - Visceral (Omentum),non_neural
GTEX-1H3NZ-0011-R1a-SM-CKZP5,GTEX-1H3NZ,65.0,65.15941,0.15940999999999406,Brain - Hippocampus,neural
GTEX-1OKEX-2326-SM-GI4XN,GTEX-1OKEX,65.0,53.539032,-11.460968000000001,Skin - Sun Exposed (Lower leg),non_neural
GTEX-1EU9M-0008-SM-EY5XQ,GTEX-1EU9M,65.0,49.956306,-15.043694000000002,Cells - Cultured fibroblasts,non_neural
GTEX-12ZZZ-0011-R3b-SM-5DUXK,GTEX-12ZZZ,65.0,69.4671,4.467100000000002,Brain - Anterior cingulate cortex (BA24),neural
GTEX-1H1ZS-1626-SM-9KNU7,GTEX-1H1ZS,75.0,69.70041,-5.299589999999995,Esophagus - Muscularis,non_neural
GTEX-1EN7A-2426-SM-793DB,GTEX-1EN7A,45.0,45.911266,0.9112659999999977,Skin - Not Sun Exposed (Suprapubic),non_neural
GTEX-1A3MW-0126-SM-73KXX,GTEX-1A3MW,65.0,65.29723,0.297229999999999,Skin - Sun Exposed (Lower leg),non_neural
GTEX-12WSM-0011-R7b-SM-5EGLD,GTEX-12WSM,65.0,67.94575,2.945750000000004,Brain - Putamen (basal ganglia),neural
GTEX-X261-1026-SM-3NMDL,GTEX-X261,55.0,56.750717,1.7507170000000016,Lung,non_neural
GTEX-WHPG-0426-SM-4M1XW,GTEX-WHPG,55.0,57.434357,2.4343569999999985,Stomach,non_neural
GTEX-1MUQO-2226-SM-HK793,GTEX-1MUQO,65.0,62.231766,-2.7682339999999996,Colon - Sigmoid,non_neural
GTEX-11GSP-1226-SM-5985M,GTEX-11GSP,65.0,65.916306,0.9163060000000058,Heart - Atrial Appendage,non_neural
GTEX-16XZY-1926-SM-H6Q7D,GTEX-16XZY,75.0,45.0383,-29.9617,Testis,non_neural
GTEX-1GMR2-1926-SM-9MQLZ,GTEX-1GMR2,55.0,49.08156,-5.918439999999997,Breast - Mammary Tissue,non_neural
GTEX-POYW-1126-SM-48TCI,GTEX-POYW,65.0,63.81508,-1.1849199999999982,Artery - Aorta,non_neural
GTEX-13N11-2326-SM-5IJBF,GTEX-13N11,55.0,48.212593,-6.787407000000002,Skin - Not Sun Exposed (Suprapubic),non_neural
GTEX-144GM-0726-SM-5O9AN,GTEX-144GM,25.0,29.643501,4.6435010000000005,Pancreas,non_neural
GTEX-13O61-2126-SM-5IJEO,GTEX-13O61,65.0,59.716396,-5.283603999999997,Pancreas,non_neural
GTEX-1S5VW-3026-SM-EV7B5,GTEX-1S5VW,65.0,61.299362,-3.700637999999998,Pituitary,non_neural
GTEX-1JKYN-0006-SM-DHXJ5,GTEX-1JKYN,35.0,41.491116,6.491115999999998,Whole Blood,non_neural
GTEX-18A6Q-0326-SM-718AT,GTEX-18A6Q,65.0,62.164265,-2.8357349999999997,Muscle - Skeletal,non_neural
GTEX-1LG7Y-1426-SM-D4P31,GTEX-1LG7Y,55.0,55.074184,0.07418400000000247,Heart - Atrial Appendage,non_neural
GTEX-1212Z-0008-SM-5TDBW,GTEX-1212Z,65.0,61.530148,-3.469852000000003,Cells - Cultured fibroblasts,non_neural
GTEX-1MCYP-0002-SM-HL9SX,GTEX-1MCYP,25.0,37.532787,12.532786999999999,Cells - EBV-transformed lymphocytes,non_neural
GTEX-RU1J-1126-SM-GPRWI,GTEX-RU1J,25.0,32.456726,7.456726000000003,Cervix - Endocervix,non_neural
GTEX-1GF9X-0008-SM-EAZCX,GTEX-1GF9X,45.0,47.94595,2.9459500000000034,Cells - Cultured fibroblasts,non_neural
GTEX-1AX8Z-5004-SM-ARZLD,GTEX-1AX8Z,65.0,43.0138,-21.986199999999997,Muscle - Skeletal,non_neural
GTEX-1C6VR-0426-SM-7IGN6,GTEX-1C6VR,65.0,55.662643,-9.337356999999997,Thyroid,non_neural
GTEX-11ZU8-0126-SM-5EQ58,GTEX-11ZU8,65.0,62.8201,-2.1799000000000035,Skin - Not Sun Exposed (Suprapubic),non_neural
GTEX-ZVZP-0626-SM-59HL5,GTEX-ZVZP,55.0,52.09644,-2.903559999999999,Pancreas,non_neural
GTEX-XQ3S-0126-SM-4BOO9,GTEX-XQ3S,25.0,31.498768,6.498767999999998,Artery - Aorta,non_neural
GTEX-1HGF4-2926-SM-B2LXW,GTEX-1HGF4,65.0,69.18373,4.183729999999997,Pituitary,non_neural
GTEX-1QMI2-0126-SM-G8OLK,GTEX-1QMI2,65.0,56.542522,-8.457478000000002,Adipose - Subcutaneous,non_neural
GTEX-Z9EW-1426-SM-HPAG9,GTEX-Z9EW,45.0,50.39455,5.394550000000002,Minor Salivary Gland,non_neural
GTEX-1HR9M-0011-R5a-SM-ARU72,GTEX-1HR9M,65.0,56.278076,-8.721924000000001,Brain - Caudate (basal ganglia),neural
GTEX-13S7M-0011-R3a-SM-5PNX2,GTEX-13S7M,65.0,66.91214,1.9121399999999937,Brain - Anterior cingulate cortex (BA24),neural
GTEX-1H3VE-2326-SM-9KNVU,GTEX-1H3VE,45.0,55.1373,10.137300000000003,Colon - Sigmoid,non_neural
GTEX-11ZTS-3326-SM-5LU9Y,GTEX-11ZTS,65.0,58.30021,-6.69979,Pituitary,non_neural
GTEX-14BIL-1326-SM-5O9CZ,GTEX-14BIL,55.0,66.13105,11.131050000000002,Liver,non_neural
GTEX-1E2YA-2426-SM-7EPIG,GTEX-1E2YA,55.0,54.19656,-0.8034400000000019,Stomach,non_neural
GTEX-117YX-2526-SM-5EQ4Q,GTEX-117YX,55.0,47.490704,-7.509295999999999,Muscle - Skeletal,non_neural
GTEX-WHWD-0008-SM-4M9R7,GTEX-WHWD,55.0,51.550972,-3.4490279999999984,Cells - Cultured fibroblasts,non_neural
GTEX-1GPI7-1325-A-SM-AW8QJ,GTEX-1GPI7,25.0,33.084557,8.084556999999997,Stomach - Mixed Cell,non_neural
GTEX-R55E-0526-SM-2TC6B,GTEX-R55E,25.0,38.801582,13.801582000000003,Muscle - Skeletal,non_neural
GTEX-WHPG-0226-SM-3NMB9,GTEX-WHPG,55.0,49.084217,-5.915782999999998,Thyroid,non_neural
GTEX-1IE54-0626-SM-ARL8D,GTEX-1IE54,45.0,46.565125,1.5651250000000019,Breast - Mammary Tissue,non_neural
GTEX-1LVA9-2526-SM-EVR5H,GTEX-1LVA9,55.0,47.965195,-7.034804999999999,Minor Salivary Gland,non_neural
GTEX-1F75A-0011-R11a-SM-AHZ35,GTEX-1F75A,55.0,58.447655,3.4476549999999975,Brain - Cerebellar Hemisphere,neural
GTEX-YECK-2826-SM-5IFHF,GTEX-YECK,65.0,58.71771,-6.282290000000003,Colon - Sigmoid,non_neural
GTEX-Y3IK-0005-SM-4WWDE,GTEX-Y3IK,55.0,49.373604,-5.626396,Whole Blood,non_neural
GTEX-R53T-1526-SM-48FEK,GTEX-R53T,55.0,56.616085,1.6160849999999982,Breast - Mammary Tissue,non_neural
GTEX-1AX9K-1526-SM-73KVP,GTEX-1AX9K,55.0,55.054886,0.05488600000000332,Prostate,non_neural
GTEX-1OKEX-0626-SM-E76PZ,GTEX-1OKEX,65.0,58.096024,-6.903976,Artery - Coronary,non_neural
GTEX-13QIC-1526-SM-5IJFL,GTEX-13QIC,65.0,53.197193,-11.802807000000001,Ovary,non_neural
GTEX-17HGU-2126-SM-7IGOV,GTEX-17HGU,55.0,54.05973,-0.9402699999999982,Stomach,non_neural
GTEX-18465-0006-SM-7SB6R,GTEX-18465,55.0,58.777374,3.777374000000002,Whole Blood,non_neural
GTEX-1CB4E-2226-SM-793DC,GTEX-1CB4E,65.0,59.16713,-5.83287,Skin - Sun Exposed (Lower leg),non_neural
GTEX-YFC4-0226-SM-57WD2,GTEX-YFC4,45.0,48.707684,3.7076840000000004,Adipose - Subcutaneous,non_neural
GTEX-13FTX-2026-SM-5L3D6,GTEX-13FTX,25.0,45.46292,20.462919999999997,Muscle - Skeletal,non_neural
GTEX-17MF6-0226-SM-7LG4G,GTEX-17MF6,45.0,53.852646,8.852646,Adipose - Subcutaneous,non_neural
GTEX-13PLJ-0011-R11b-SM-5O9BS,GTEX-13PLJ,65.0,66.728355,1.7283549999999934,Brain - Cerebellar Hemisphere,neural
GTEX-1QPFJ-2226-SM-EXOJW,GTEX-1QPFJ,35.0,48.198444,13.198444000000002,Pancreas,non_neural
GTEX-1F75I-1026-SM-7SB8B,GTEX-1F75I,45.0,48.877422,3.877422000000003,Adipose - Visceral (Omentum),non_neural
GTEX-1I1CD-3026-SM-B2LY2,GTEX-1I1CD,65.0,67.13593,2.135930000000002,Brain - Cortex,neural
GTEX-1339X-1726-SM-5P9J9,GTEX-1339X,45.0,48.676388,3.676388000000003,Colon - Sigmoid,non_neural
GTEX-1H4P4-0011-R6a-SM-ARZLR,GTEX-1H4P4,55.0,53.98564,-1.0143600000000035,Brain - Nucleus accumbens (basal ganglia),neural
GTEX-YEC4-1926-SM-5IFHJ,GTEX-YEC4,45.0,46.28813,1.2881300000000024,Colon - Transverse,non_neural
GTEX-13X6H-1825-D-SM-DLZRA,GTEX-13X6H,55.0,50.22226,-4.777740000000001,Small Intestine - Terminal Ileum - Lymphoid Aggregate,non_neural
GTEX-11EMC-2526-SM-5PNVU,GTEX-11EMC,65.0,53.653282,-11.346718000000003,Minor Salivary Gland,non_neural
GTEX-16Z82-3126-SM-7EWEC,GTEX-16Z82,65.0,54.761192,-10.238807999999999,Pituitary,non_neural
GTEX-13OVH-0011-R4a-SM-5KM3W,GTEX-13OVH,75.0,72.66097,-2.339029999999994,Brain - Amygdala,neural
GTEX-1NV8Z-0005-SM-DKPQ3,GTEX-1NV8Z,65.0,57.697784,-7.302216000000001,Whole Blood,non_neural
GTEX-12WSK-1526-SM-5CVNO,GTEX-12WSK,45.0,47.351463,2.3514630000000025,Small Intestine - Terminal Ileum,non_neural
GTEX-13QJ3-1726-SM-5RQK9,GTEX-13QJ3,55.0,57.801876,2.801876,Esophagus - Mucosa,non_neural
GTEX-1S5ZA-0326-SM-EWRN5,GTEX-1S5ZA,25.0,25.05043,0.05042999999999864,Nerve - Tibial,neural
GTEX-ZV7C-0126-SM-57WDE,GTEX-ZV7C,55.0,58.00815,3.0081500000000005,Thyroid,non_neural
GTEX-1PIEJ-0005-SM-DLZQL,GTEX-1PIEJ,25.0,39.17269,14.172690000000003,Whole Blood,non_neural
GTEX-1EMGI-2626-SM-7IGNR,GTEX-1EMGI,65.0,66.21016,1.210160000000002,Colon - Sigmoid,non_neural
GTEX-ZZPT-0011-R6a-SM-GPRX6,GTEX-ZZPT,55.0,52.903454,-2.0965459999999965,Brain - Nucleus accumbens (basal ganglia),neural
GTEX-Y5LM-1726-SM-4VDSX,GTEX-Y5LM,45.0,51.316566,6.316566000000002,Breast - Mammary Tissue,non_neural
GTEX-ZA64-1826-SM-GMXAG,GTEX-ZA64,25.0,33.9161,8.9161,Adipose - Subcutaneous,non_neural
GTEX-144GM-1725-A-SM-AW8QF,GTEX-144GM,25.0,25.426641,0.42664100000000005,Stomach - Mixed Cell,non_neural
GTEX-1HCVE-0626-SM-A9SL2,GTEX-1HCVE,55.0,55.6938,0.6938000000000031,Lung,non_neural
GTEX-1EH9U-2426-SM-7EWFG,GTEX-1EH9U,65.0,59.45223,-5.54777,Esophagus - Mucosa,non_neural
GTEX-11ZUS-0011-R1a-SM-GI4W7,GTEX-11ZUS,35.0,34.87105,-0.12895000000000323,Brain - Hippocampus,neural
GTEX-1GMR8-1426-SM-7RHHL,GTEX-1GMR8,55.0,47.6429,-7.357100000000003,Lung,non_neural
GTEX-11ZUS-0011-R10b-SM-5BC79,GTEX-11ZUS,35.0,39.26571,4.265709999999999,Brain - Frontal Cortex (BA9),neural
GTEX-1GN1U-0011-R8a-SM-CL537,GTEX-1GN1U,55.0,50.033802,-4.966197999999999,Brain - Hypothalamus,neural
GTEX-11NV4-0626-SM-5N9BR,GTEX-11NV4,65.0,59.370438,-5.629562,Thyroid,non_neural
GTEX-XQ8I-0226-SM-4BOPM,GTEX-XQ8I,55.0,50.098385,-4.901615,Heart - Atrial Appendage,non_neural
GTEX-1JMLX-0526-SM-ARL8S,GTEX-1JMLX,55.0,56.026215,1.0262150000000005,Artery - Tibial,non_neural
GTEX-1EKGG-0011-R5a-SM-9OSVQ,GTEX-1EKGG,65.0,60.36285,-4.637149999999998,Brain - Caudate (basal ganglia),neural
GTEX-WHSB-0005-SM-3LK7C,GTEX-WHSB,55.0,45.859688,-9.140312000000002,Whole Blood,non_neural
GTEX-1IDJU-2426-SM-ARZM9,GTEX-1IDJU,65.0,56.361645,-8.638354999999997,Muscle - Skeletal,non_neural
GTEX-1IKJJ-0826-SM-A96SP,GTEX-1IKJJ,65.0,67.507965,2.5079649999999987,Heart - Left Ventricle,non_neural
GTEX-1GTWX-0526-SM-9YFL1,GTEX-1GTWX,65.0,69.87904,4.879040000000003,Artery - Tibial,non_neural
GTEX-1AX9K-1826-SM-731CY,GTEX-1AX9K,55.0,58.169342,3.1693420000000003,Testis,non_neural
GTEX-15CHC-1226-SM-686ZH,GTEX-15CHC,65.0,61.39018,-3.609819999999999,Minor Salivary Gland,non_neural
GTEX-1HSGN-1426-SM-A8NAA,GTEX-1HSGN,45.0,48.817154,3.817154000000002,Pancreas,non_neural
GTEX-11O72-0006-SM-5O9DB,GTEX-11O72,45.0,51.135284,6.135283999999999,Whole Blood,non_neural
GTEX-1EMGI-2326-SM-7PBYA,GTEX-1EMGI,65.0,53.633163,-11.366836999999997,Skin - Not Sun Exposed (Suprapubic),non_neural
GTEX-13VXT-1726-SM-5IFF5,GTEX-13VXT,25.0,33.082565,8.082565000000002,Minor Salivary Gland,non_neural
GTEX-1IDFM-1426-SM-GPI9Z,GTEX-1IDFM,65.0,58.056534,-6.943466000000001,Esophagus - Gastroesophageal Junction,non_neural
GTEX-1R9PM-0726-SM-G8OL6,GTEX-1R9PM,25.0,36.578114,11.578114,Adipose - Visceral (Omentum),non_neural
GTEX-11NUK-0011-R2a-SM-GINAO,GTEX-11NUK,55.0,53.356934,-1.6430659999999975,Brain - Substantia nigra,neural
GTEX-1RDX4-3226-SM-DPS14,GTEX-1RDX4,55.0,60.064064,5.064064000000002,Brain - Cerebellum,neural
GTEX-S341-0326-SM-2XCAU,GTEX-S341,45.0,47.417873,2.417873,Lung,non_neural
GTEX-ZTSS-1426-SM-5985P,GTEX-ZTSS,45.0,47.701134,2.7011340000000033,Skin - Not Sun Exposed (Suprapubic),non_neural
GTEX-144GO-2026-SM-5O99P,GTEX-144GO,65.0,63.75891,-1.2410899999999998,Skin - Not Sun Exposed (Suprapubic),non_neural
GTEX-16MTA-0426-SM-GRR3D,GTEX-16MTA,55.0,46.17096,-8.829039999999999,Esophagus - Gastroesophageal Junction,non_neural
GTEX-13G51-0011-R1a-SM-5LZYR,GTEX-13G51,65.0,68.09411,3.0941100000000006,Brain - Hippocampus,neural
GTEX-XXEK-0126-SM-4BRVU,GTEX-XXEK,55.0,44.44455,-10.55545,Spleen,non_neural
GTEX-17HGU-0926-SM-79OKO,GTEX-17HGU,55.0,53.52115,-1.4788500000000013,Lung,non_neural
GTEX-NL4W-0008-SM-4E3I2,GTEX-NL4W,55.0,52.743843,-2.2561570000000017,Cells - Cultured fibroblasts,non_neural
GTEX-12WSG-2126-SM-5EGJ7,GTEX-12WSG,55.0,46.22719,-8.77281,Uterus,non_neural
GTEX-WRHU-2826-SM-3MJG8,GTEX-WRHU,55.0,56.817677,1.8176770000000033,Skin - Not Sun Exposed (Suprapubic),non_neural
GTEX-1GF9X-0426-SM-7MKHN,GTEX-1GF9X,45.0,59.138718,14.138717999999997,Liver,non_neural
GTEX-1H1ZS-2626-SM-9QEIX,GTEX-1H1ZS,75.0,63.62603,-11.37397,Colon - Sigmoid,non_neural
GTEX-PW2O-1426-SM-48TCD,GTEX-PW2O,25.0,36.94079,11.94079,Testis,non_neural
GTEX-15RIG-0726-SM-7KUM7,GTEX-15RIG,45.0,46.925343,1.925342999999998,Skin - Not Sun Exposed (Suprapubic),non_neural
GTEX-1EWIQ-0826-SM-7MXTH,GTEX-1EWIQ,75.0,75.89265,0.8926500000000033,Thyroid,non_neural
GTEX-139YR-0726-SM-62LFN,GTEX-139YR,55.0,47.69218,-7.3078199999999995,Artery - Coronary,non_neural
GTEX-1GMR8-0426-SM-9MQJZ,GTEX-1GMR8,55.0,47.016933,-7.983066999999998,Nerve - Tibial,neural
GTEX-14PKU-2226-SM-7LG5T,GTEX-14PKU,45.0,47.04394,2.043939999999999,Artery - Tibial,non_neural
GTEX-11ZU8-0426-SM-GHWP7,GTEX-11ZU8,65.0,63.98186,-1.0181400000000025,Adipose - Visceral (Omentum),non_neural
GTEX-1QP6S-3026-SM-EAZ4N,GTEX-1QP6S,45.0,45.469185,0.46918500000000307,Brain - Cerebellum,neural
GTEX-1HSMO-0226-SM-CGQEZ,GTEX-1HSMO,65.0,61.61422,-3.385779999999997,Adipose - Subcutaneous,non_neural
GTEX-1R9K5-0326-SM-EWRNG,GTEX-1R9K5,55.0,45.972015,-9.027985000000001,Muscle - Skeletal,non_neural
GTEX-13O1R-0826-SM-5J2MB,GTEX-13O1R,65.0,59.77311,-5.226889999999997,Thyroid,non_neural
GTEX-13FHP-2126-SM-GIN8J,GTEX-13FHP,55.0,55.58406,0.5840600000000009,Kidney - Cortex,non_neural
GTEX-13N2G-0011-R2a-SM-5MR4Q,GTEX-13N2G,65.0,64.37404,-0.6259600000000063,Brain - Substantia nigra,neural
GTEX-11ZTT-2826-SM-HAV3H,GTEX-11ZTT,65.0,58.842625,-6.157375000000002,Nerve - Tibial,neural
GTEX-WFON-2126-SM-3LK7O,GTEX-WFON,45.0,46.680206,1.6802059999999983,Skin - Sun Exposed (Lower leg),non_neural
GTEX-1R9K5-1826-SM-F6489,GTEX-1R9K5,55.0,46.32817,-8.67183,Adipose - Visceral (Omentum),non_neural
GTEX-O5YV-0226-SM-48TBY,GTEX-O5YV,65.0,55.041187,-9.958813,Adipose - Subcutaneous,non_neural
GTEX-XMD3-0626-SM-H6Q6E,GTEX-XMD3,55.0,58.857162,3.8571620000000024,Thyroid,non_neural
GTEX-1B8L1-0011-R11b-SM-793DJ,GTEX-1B8L1,65.0,66.587425,1.587424999999996,Brain - Cerebellar Hemisphere,neural
GTEX-148VI-0626-SM-5TDDH,GTEX-148VI,65.0,57.295906,-7.704093999999998,Liver,non_neural
GTEX-YF7O-0426-SM-5P9FS,GTEX-YF7O,55.0,48.709824,-6.290176000000002,Heart - Left Ventricle,non_neural
GTEX-1I1GT-0626-SM-CGQER,GTEX-1I1GT,65.0,67.512764,2.512764000000004,Skin - Sun Exposed (Lower leg),non_neural
GTEX-14DAR-0426-SM-664MW,GTEX-14DAR,55.0,56.217777,1.217776999999998,Adipose - Visceral (Omentum),non_neural
GTEX-1RNSC-1126-SM-E9TIP,GTEX-1RNSC,65.0,57.31812,-7.68188,Thyroid,non_neural
GTEX-1HCU8-1126-SM-CM2SA,GTEX-1HCU8,65.0,57.411594,-7.588405999999999,Adipose - Visceral (Omentum),non_neural
GTEX-15SDE-0726-SM-6M48Q,GTEX-15SDE,55.0,53.45289,-1.5471100000000035,Esophagus - Muscularis,non_neural
GTEX-11P81-0008-SM-5S2OT,GTEX-11P81,35.0,35.56423,0.564230000000002,Cells - Cultured fibroblasts,non_neural
GTEX-1HUB1-0326-SM-A9SKQ,GTEX-1HUB1,65.0,64.13457,-0.8654300000000035,Adipose - Subcutaneous,non_neural
GTEX-WL46-0011-R11A-SM-3MJFT,GTEX-WL46,55.0,52.25453,-2.7454699999999974,Brain - Cerebellar Hemisphere,neural
GTEX-1LNCM-0526-SM-G8OKL,GTEX-1LNCM,55.0,57.127857,2.1278569999999988,Skin - Not Sun Exposed (Suprapubic),non_neural
GTEX-13OVJ-1826-SM-5KM2D,GTEX-13OVJ,55.0,58.779694,3.779693999999999,Colon - Sigmoid,non_neural
GTEX-1MUQO-1726-SM-GOQYR,GTEX-1MUQO,65.0,54.044144,-10.955855999999997,Esophagus - Gastroesophageal Junction,non_neural
GTEX-V1D1-1726-SM-4JBHB,GTEX-V1D1,55.0,53.459984,-1.5400160000000014,Stomach,non_neural
GTEX-1GZ2Q-2926-SM-7PBZL,GTEX-1GZ2Q,45.0,23.295317,-21.704683,Esophagus - Gastroesophageal Junction,non_neural
GTEX-146FQ-1526-SM-5Q5CX,GTEX-146FQ,35.0,42.111343,7.111342999999998,Pancreas,non_neural
GTEX-1JMPZ-0006-SM-DHXJ9,GTEX-1JMPZ,35.0,57.152443,22.152442999999998,Whole Blood,non_neural
GTEX-1HBPI-0226-SM-ADEJ7,GTEX-1HBPI,55.0,55.44133,0.44133000000000067,Muscle - Skeletal,non_neural
GTEX-132QS-0826-SM-5K7WV,GTEX-132QS,65.0,56.128265,-8.871735000000001,Adipose - Visceral (Omentum),non_neural
GTEX-ZXG5-0011-R5b-SM-57WBN,GTEX-ZXG5,65.0,64.07393,-0.9260699999999957,Brain - Caudate (basal ganglia),neural
GTEX-1JN6P-0005-SM-DIPEH,GTEX-1JN6P,65.0,58.4364,-6.563600000000001,Whole Blood,non_neural
GTEX-1399S-0926-SM-5PNVQ,GTEX-1399S,35.0,48.567642,13.567642,Artery - Coronary,non_neural
GTEX-O5YT-1626-SM-G8W7P,GTEX-O5YT,25.0,31.569523,6.569523,Muscle - Skeletal,non_neural
GTEX-ZVZQ-0826-SM-51MRF,GTEX-ZVZQ,65.0,62.773533,-2.2264669999999995,Breast - Mammary Tissue,non_neural
GTEX-17EVP-0726-SM-7EWDX,GTEX-17EVP,45.0,52.58501,7.585009999999997,Lung,non_neural
GTEX-145ME-1226-SM-5MR87,GTEX-145ME,45.0,48.146168,3.146168000000003,Ovary,non_neural
GTEX-1O9I2-3026-SM-E76PX,GTEX-1O9I2,55.0,62.284798,7.284798000000002,Brain - Cortex,neural
GTEX-139T8-0226-SM-5L3EA,GTEX-139T8,65.0,50.846756,-14.153244,Adipose - Subcutaneous,non_neural
GTEX-ZVP2-0005-SM-51MRK,GTEX-ZVP2,55.0,48.005676,-6.994323999999999,Whole Blood,non_neural
GTEX-1HBPM-0526-SM-ARZND,GTEX-1HBPM,65.0,69.949684,4.949684000000005,Nerve - Tibial,neural
GTEX-ZZPU-1126-SM-5N9CW,GTEX-ZZPU,55.0,51.11871,-3.88129,Heart - Atrial Appendage,non_neural
GTEX-11GS4-0006-SM-5MR8I,GTEX-11GS4,65.0,62.851173,-2.148826999999997,Whole Blood,non_neural
GTEX-1I1HK-0011-R6b-SM-CM2T9,GTEX-1I1HK,65.0,66.5396,1.539599999999993,Brain - Nucleus accumbens (basal ganglia),neural
GTEX-13O3O-0011-R10a-SM-5LUA9,GTEX-13O3O,65.0,65.19817,0.19817000000000462,Brain - Frontal Cortex (BA9),neural
GTEX-1J8EW-1626-SM-C1YQ8,GTEX-1J8EW,65.0,52.114887,-12.885112999999997,Liver,non_neural
GTEX-1C6WA-0011-R5a-SM-9WG5X,GTEX-1C6WA,65.0,61.412266,-3.5877339999999975,Brain - Caudate (basal ganglia),neural
GTEX-1A8G7-0011-R9b-SM-7IGQH,GTEX-1A8G7,65.0,66.668976,1.6689760000000007,Brain - Spinal cord (cervical c-1),neural
GTEX-1RDX4-0826-SM-E9TK7,GTEX-1RDX4,55.0,60.135788,5.135787999999998,Ovary,non_neural
GTEX-1HCUA-0926-SM-ADEIX,GTEX-1HCUA,55.0,47.24653,-7.75347,Adipose - Visceral (Omentum),non_neural
GTEX-15UF6-1126-SM-6LPJ3,GTEX-15UF6,75.0,79.12693,4.1269300000000015,Thyroid,non_neural
GTEX-1JMPZ-1926-SM-E9TIT,GTEX-1JMPZ,35.0,34.508118,-0.4918819999999968,Esophagus - Muscularis,non_neural
GTEX-1KANC-1326-SM-CYPT8,GTEX-1KANC,55.0,54.86353,-0.13647000000000276,Minor Salivary Gland,non_neural
GTEX-1PBJJ-2026-SM-DTX8U,GTEX-1PBJJ,35.0,41.536575,6.536574999999999,Colon - Sigmoid,non_neural
GTEX-12WSC-1026-SM-5EQ5Y,GTEX-12WSC,55.0,54.91457,-0.08543000000000234,Heart - Atrial Appendage,non_neural
GTEX-145LU-0011-R9b-SM-5SI66,GTEX-145LU,55.0,63.569138,8.569138000000002,Brain - Spinal cord (cervical c-1),neural
GTEX-131XW-0011-R8a-SM-5DUWY,GTEX-131XW,55.0,60.23532,5.2353200000000015,Brain - Hypothalamus,neural
GTEX-1KANC-1926-SM-GMXAO,GTEX-1KANC,55.0,54.740826,-0.25917400000000157,Adipose - Subcutaneous,non_neural
GTEX-1LSVX-1226-SM-DHXJN,GTEX-1LSVX,65.0,49.207474,-15.792526000000002,Esophagus - Mucosa,non_neural
GTEX-12ZZY-0126-SM-5LZV2,GTEX-12ZZY,65.0,61.86332,-3.1366799999999984,Testis,non_neural
GTEX-XBED-0926-SM-48TCE,GTEX-XBED,65.0,58.32384,-6.676160000000003,Esophagus - Muscularis,non_neural
GTEX-1HBPI-2226-SM-9WYTY,GTEX-1HBPI,55.0,54.819504,-0.180495999999998,Colon - Sigmoid,non_neural
GTEX-13X6H-0526-SM-5LU4Q,GTEX-13X6H,55.0,46.876617,-8.123382999999997,Thyroid,non_neural
GTEX-17MF6-2726-SM-7IGMZ,GTEX-17MF6,45.0,55.989727,10.989727000000002,Testis,non_neural
GTEX-1JKYN-0126-SM-AHZ4C,GTEX-1JKYN,35.0,47.295303,12.295302999999997,Adrenal Gland,non_neural
GTEX-17HHY-2526-SM-7IGME,GTEX-17HHY,55.0,47.610836,-7.389164000000001,Prostate,non_neural
GTEX-ZVZP-0008-SM-51MSX,GTEX-ZVZP,55.0,54.179893,-0.8201070000000001,Cells - Cultured fibroblasts,non_neural
GTEX-15CHQ-0008-SM-E9U4I,GTEX-15CHQ,65.0,68.22295,3.2229499999999973,Cells - Cultured fibroblasts,non_neural
GTEX-ZVT3-0011-R3b-SM-51MTJ,GTEX-ZVT3,65.0,66.41336,1.4133599999999973,Brain - Anterior cingulate cortex (BA24),neural
GTEX-13OVJ-0826-SM-5J1OK,GTEX-13OVJ,55.0,58.21895,3.2189499999999995,Skin - Not Sun Exposed (Suprapubic),non_neural
GTEX-12WSK-2326-SM-5GCOH,GTEX-12WSK,45.0,50.53183,5.531829999999999,Skin - Sun Exposed (Lower leg),non_neural
GTEX-13OVG-0726-SM-5IJBY,GTEX-13OVG,65.0,48.60155,-16.398449999999997,Artery - Coronary,non_neural
GTEX-13O21-3026-SM-5J2NI,GTEX-13O21,55.0,60.319557,5.319557000000003,Lung,non_neural
GTEX-1EX96-1226-SM-7RHG1,GTEX-1EX96,55.0,63.566494,8.566493999999999,Artery - Tibial,non_neural
GTEX-16NGA-0126-SM-72D6U,GTEX-16NGA,45.0,46.667656,1.667656000000001,Adrenal Gland,non_neural
GTEX-139TU-1226-SM-5J2NL,GTEX-139TU,65.0,62.694256,-2.305743999999997,Esophagus - Mucosa,non_neural
GTEX-145MO-0426-SM-5QGP6,GTEX-145MO,65.0,57.07402,-7.925980000000003,Adipose - Subcutaneous,non_neural
GTEX-1PFEY-0005-SM-CY8GO,GTEX-1PFEY,35.0,41.115963,6.115963000000001,Whole Blood,non_neural
GTEX-1LVAM-0426-SM-DIPFM,GTEX-1LVAM,55.0,44.989048,-10.010952000000003,Nerve - Tibial,neural
GTEX-13NYS-0011-R4b-SM-5MR3O,GTEX-13NYS,65.0,67.16538,2.165379999999999,Brain - Amygdala,neural
GTEX-1H1DF-0005-SM-ADEGU,GTEX-1H1DF,45.0,54.479908,9.479908000000002,Whole Blood,non_neural
GTEX-1K9T9-1026-SM-D3L9D,GTEX-1K9T9,55.0,61.571556,6.571556000000001,Artery - Coronary,non_neural
GTEX-1S5ZA-1326-SM-EV7BB,GTEX-1S5ZA,25.0,16.31263,-8.687370000000001,Small Intestine - Terminal Ileum,non_neural
GTEX-1KANA-0002-SM-HK79V,GTEX-1KANA,25.0,48.151154,23.151154,Cells - EBV-transformed lymphocytes,non_neural
GTEX-145MG-3026-SM-5RQJA,GTEX-145MG,55.0,49.51941,-5.480589999999999,Brain - Cortex,neural
GTEX-13N11-0526-SM-5IJFI,GTEX-13N11,55.0,45.924316,-9.075684000000003,Ovary,non_neural
GTEX-11O72-0326-SM-5986D,GTEX-11O72,45.0,58.318718,13.318717999999997,Muscle - Skeletal,non_neural
GTEX-S7SE-0011-R4A-SM-2XCDB,GTEX-S7SE,55.0,55.52708,0.527079999999998,Brain - Amygdala,neural
GTEX-12WSF-0011-R4b-SM-5HL88,GTEX-12WSF,75.0,74.74561,-0.2543900000000008,Brain - Amygdala,neural
GTEX-WI4N-1526-SM-EZ6LG,GTEX-WI4N,45.0,49.710533,4.710532999999998,Adipose - Visceral (Omentum),non_neural
GTEX-ZQUD-0426-SM-57WFR,GTEX-ZQUD,35.0,35.672897,0.672896999999999,Esophagus - Mucosa,non_neural
GTEX-131YS-0526-SM-5EGKJ,GTEX-131YS,65.0,57.501263,-7.498736999999998,Muscle - Skeletal,non_neural
GTEX-16Z82-0126-SM-7DHLF,GTEX-16Z82,65.0,63.35442,-1.6455800000000025,Muscle - Skeletal,non_neural
GTEX-1J8EW-2526-SM-CKZO2,GTEX-1J8EW,65.0,64.90161,-0.09838999999999487,Vagina,non_neural
GTEX-WHPG-2026-SM-F21IT,GTEX-WHPG,55.0,52.53538,-2.4646199999999965,Testis,non_neural
GTEX-OXRL-2126-SM-3NM98,GTEX-OXRL,55.0,53.356415,-1.6435850000000016,Testis,non_neural
GTEX-131XG-0826-SM-5LZVS,GTEX-131XG,55.0,62.410995,7.410995,Artery - Coronary,non_neural
GTEX-XXEK-2226-SM-4BRUM,GTEX-XXEK,55.0,53.06336,-1.936639999999997,Skin - Sun Exposed (Lower leg),non_neural
GTEX-14BMU-0126-SM-5S2Q9,GTEX-14BMU,25.0,24.462147,-0.5378529999999984,Adrenal Gland,non_neural
GTEX-ZYFC-1026-SM-5GZX9,GTEX-ZYFC,55.0,55.509987,0.5099870000000024,Heart - Atrial Appendage,non_neural
GTEX-14ICL-0826-SM-5YY9W,GTEX-14ICL,35.0,37.39137,2.391370000000002,Stomach,non_neural
GTEX-15CHC-0126-SM-5YYBA,GTEX-15CHC,65.0,57.955307,-7.044693000000002,Thyroid,non_neural
GTEX-XQ8I-0926-SM-4BOOF,GTEX-XQ8I,55.0,44.605278,-10.394722000000002,Skin - Not Sun Exposed (Suprapubic),non_neural
GTEX-QCQG-2126-SM-DTXFV,GTEX-QCQG,55.0,44.159473,-10.840527000000002,Muscle - Skeletal,non_neural
GTEX-13PVR-1826-SM-5Q5CC,GTEX-13PVR,65.0,56.65064,-8.349359999999997,Esophagus - Mucosa,non_neural
GTEX-QLQ7-1226-SM-GOQYE,GTEX-QLQ7,65.0,57.025322,-7.974677999999997,Bladder,non_neural
GTEX-14PJM-0011-R3b-SM-5ZZV9,GTEX-14PJM,55.0,56.77717,1.7771699999999981,Brain - Anterior cingulate cortex (BA24),neural
GTEX-1OKEX-2526-SM-GHWQH,GTEX-1OKEX,65.0,58.70025,-6.299750000000003,Nerve - Tibial,neural
GTEX-1192X-1826-SM-5GIE2,GTEX-1192X,55.0,57.548134,2.5481339999999975,Esophagus - Gastroesophageal Junction,non_neural
GTEX-1QMI2-1926-SM-EAZ4B,GTEX-1QMI2,65.0,55.139732,-9.860267999999998,Adrenal Gland,non_neural
GTEX-13PLJ-0011-R1a-SM-GJ3QF,GTEX-13PLJ,65.0,64.99761,-0.0023900000000054433,Brain - Hippocampus,neural
GTEX-Y5V5-1826-SM-4VDS5,GTEX-Y5V5,65.0,63.04477,-1.9552300000000002,Small Intestine - Terminal Ileum,non_neural
GTEX-1GZ4I-0726-SM-9QEHL,GTEX-1GZ4I,55.0,51.492737,-3.507263000000002,Lung,non_neural
GTEX-14ICL-1426-SM-H6Q7A,GTEX-14ICL,35.0,36.29316,1.2931600000000003,Prostate,non_neural
GTEX-13FH7-1226-SM-5IJFK,GTEX-13FH7,55.0,52.210518,-2.7894819999999996,Small Intestine - Terminal Ileum,non_neural
GTEX-ZF2S-0006-SM-4WKHF,GTEX-ZF2S,55.0,49.48683,-5.513170000000002,Whole Blood,non_neural
GTEX-1L5NE-0005-SM-DIPEG,GTEX-1L5NE,55.0,53.861176,-1.1388239999999996,Whole Blood,non_neural
GTEX-13OVL-0011-R9a-SM-5P9GX,GTEX-13OVL,55.0,58.096954,3.0969539999999967,Brain - Spinal cord (cervical c-1),neural
GTEX-ZLV1-0005-SM-4WWAP,GTEX-ZLV1,65.0,50.08738,-14.912619999999997,Whole Blood,non_neural
GTEX-17F96-0626-SM-793CC,GTEX-17F96,75.0,73.244286,-1.7557139999999976,Lung,non_neural
GTEX-1HSMO-2426-SM-A9G24,GTEX-1HSMO,65.0,60.729797,-4.270203000000002,Testis,non_neural
GTEX-1GPI7-1026-SM-7MGY2,GTEX-1GPI7,25.0,36.273018,11.273018,Esophagus - Mucosa,non_neural
GTEX-1GF9V-0008-SM-EAZCW,GTEX-1GF9V,65.0,64.59376,-0.4062399999999968,Cells - Cultured fibroblasts,non_neural
GTEX-ZG7Y-1726-SM-GNINM,GTEX-ZG7Y,55.0,57.390015,2.3900149999999982,Stomach,non_neural
GTEX-WYBS-0326-SM-3NM8S,GTEX-WYBS,65.0,54.886726,-10.113273999999997,Nerve - Tibial,neural
GTEX-1B8KZ-0526-SM-73KW2,GTEX-1B8KZ,55.0,54.14318,-0.856819999999999,Lung,non_neural
GTEX-16NPX-0426-SM-7EWDJ,GTEX-16NPX,55.0,64.8717,9.871700000000004,Nerve - Tibial,neural
GTEX-1PBJI-0226-SM-GMXD1,GTEX-1PBJI,25.0,27.564026,2.5640259999999984,Nerve - Tibial,neural
GTEX-ZGAY-0226-SM-4WWAL,GTEX-ZGAY,45.0,44.863342,-0.13665799999999706,Heart - Atrial Appendage,non_neural
GTEX-13X6I-0926-SM-5LUAB,GTEX-13X6I,65.0,61.765823,-3.2341770000000025,Artery - Aorta,non_neural
GTEX-13X6H-0426-SM-5LU4E,GTEX-13X6H,55.0,52.240902,-2.7590980000000016,Heart - Left Ventricle,non_neural
GTEX-1A8G7-0426-SM-731B5,GTEX-1A8G7,65.0,59.52727,-5.4727299999999985,Artery - Tibial,non_neural
GTEX-1A3MX-0011-R5a-SM-79OM5,GTEX-1A3MX,65.0,66.99894,1.9989400000000046,Brain - Caudate (basal ganglia),neural
GTEX-QDVN-0626-SM-2I3FP,GTEX-QDVN,55.0,51.119015,-3.8809850000000026,Thyroid,non_neural
GTEX-1EH9U-0626-SM-7PC33,GTEX-1EH9U,65.0,54.13546,-10.864539999999998,Heart - Atrial Appendage,non_neural
GTEX-QVJO-0011-R5A-SM-2S1QM,GTEX-QVJO,65.0,66.592155,1.5921550000000053,Brain - Caudate (basal ganglia),neural
GTEX-1HSGN-1126-SM-CJI4G,GTEX-1HSGN,45.0,49.40934,4.40934,Heart - Left Ventricle,non_neural
GTEX-1I1GR-2726-SM-GA8ZF,GTEX-1I1GR,65.0,62.85138,-2.148620000000001,Testis,non_neural
GTEX-PVOW-0011-R7A-SM-H6Q8Q,GTEX-PVOW,45.0,49.144093,4.144092999999998,Brain - Putamen (basal ganglia),neural
GTEX-1H3VY-0008-SM-F21JQ,GTEX-1H3VY,55.0,52.535713,-2.464286999999999,Cells - Cultured fibroblasts,non_neural
GTEX-UTHO-0011-R11A-SM-3GIJE,GTEX-UTHO,65.0,66.24725,1.247249999999994,Brain - Cerebellar Hemisphere,neural
GTEX-14PJ5-0426-SM-5ZZW2,GTEX-14PJ5,65.0,56.9236,-8.0764,Adipose - Visceral (Omentum),non_neural
GTEX-17F9Y-1026-SM-7IGO4,GTEX-17F9Y,75.0,71.391045,-3.6089549999999946,Lung,non_neural
GTEX-1EX96-2826-SM-7PBZQ,GTEX-1EX96,55.0,57.807987,2.807986999999997,Artery - Coronary,non_neural
GTEX-XMD2-0008-SM-4WWE7,GTEX-XMD2,65.0,67.14075,2.140749999999997,Cells - Cultured fibroblasts,non_neural
GTEX-REY6-1726-SM-48FDL,GTEX-REY6,65.0,63.791485,-1.2085149999999985,Adrenal Gland,non_neural
GTEX-WYJK-1126-SM-3NM9Z,GTEX-WYJK,55.0,51.34137,-3.6586300000000023,Heart - Atrial Appendage,non_neural
GTEX-1H1CY-0005-SM-A9G15,GTEX-1H1CY,65.0,56.417145,-8.582855000000002,Whole Blood,non_neural
GTEX-NPJ7-2526-SM-EV79A,GTEX-NPJ7,65.0,59.781807,-5.218192999999999,Vagina,non_neural
GTEX-ZQUD-1026-SM-4YCEZ,GTEX-ZQUD,35.0,45.852295,10.852294999999998,Colon - Sigmoid,non_neural
GTEX-1E1VI-0226-SM-793CZ,GTEX-1E1VI,55.0,60.40826,5.4082599999999985,Adipose - Subcutaneous,non_neural
GTEX-1H1DF-0008-SM-F21JH,GTEX-1H1DF,45.0,53.851772,8.851771999999997,Cells - Cultured fibroblasts,non_neural
GTEX-WVLH-0011-R4A-SM-3MJFS,GTEX-WVLH,55.0,49.992012,-5.007987999999997,Brain - Amygdala,neural
GTEX-ZF28-0011-R1a-SM-4WWD1,GTEX-ZF28,65.0,68.86128,3.8612799999999936,Brain - Hippocampus,neural
GTEX-ZEX8-0426-SM-DO92Y,GTEX-ZEX8,55.0,46.059692,-8.940308000000002,Heart - Left Ventricle,non_neural
GTEX-1OFPY-2226-SM-E76OO,GTEX-1OFPY,65.0,69.53577,4.535769999999999,Nerve - Tibial,neural
GTEX-PX3G-2526-SM-48TZV,GTEX-PX3G,25.0,30.210545,5.210545,Vagina,non_neural
GTEX-ZTSS-0226-SM-59877,GTEX-ZTSS,45.0,51.831635,6.831634999999999,Thyroid,non_neural
GTEX-1AMFI-0826-SM-731DV,GTEX-1AMFI,55.0,52.02214,-2.9778599999999997,Liver,non_neural
GTEX-14C39-2026-SM-664OG,GTEX-14C39,45.0,38.872772,-6.127228000000002,Adrenal Gland,non_neural
GTEX-12KS4-0726-SM-5FQSX,GTEX-12KS4,35.0,38.309387,3.309387000000001,Lung,non_neural
GTEX-14BIM-0011-R1a-SM-69LQI,GTEX-14BIM,65.0,62.315758,-2.6842419999999976,Brain - Hippocampus,neural
GTEX-1HC8U-1226-SM-9WYUW,GTEX-1HC8U,45.0,40.29156,-4.708440000000003,Thyroid,non_neural
GTEX-YB5E-2326-SM-5IFIJ,GTEX-YB5E,45.0,53.261112,8.261111999999997,Nerve - Tibial,neural
GTEX-WYVS-1926-SM-4PQZ2,GTEX-WYVS,45.0,42.66725,-2.332749999999997,Liver,non_neural
GTEX-1HCU7-0526-SM-CGQFF,GTEX-1HCU7,55.0,57.799534,2.7995340000000013,Nerve - Tibial,neural
GTEX-12WSD-0126-SM-59HKN,GTEX-12WSD,65.0,61.844044,-3.1559560000000033,Skin - Sun Exposed (Lower leg),non_neural
GTEX-X261-0011-R6B-SM-4E3J8,GTEX-X261,55.0,55.247665,0.2476649999999978,Brain - Nucleus accumbens (basal ganglia),neural
GTEX-14PHX-1126-SM-5YYA5,GTEX-14PHX,55.0,47.161873,-7.838127,Colon - Sigmoid,non_neural
GTEX-WFON-0626-SM-4LVLX,GTEX-WFON,45.0,41.422646,-3.5773539999999997,Pancreas,non_neural
GTEX-1IY9M-0226-SM-CMKHP,GTEX-1IY9M,65.0,73.081566,8.081565999999995,Adipose - Subcutaneous,non_neural
GTEX-13OW5-0011-R7a-SM-5O9C9,GTEX-13OW5,65.0,60.159073,-4.840927000000001,Brain - Putamen (basal ganglia),neural
GTEX-QESD-0826-SM-47J4G,GTEX-QESD,25.0,27.478506,2.4785059999999994,Esophagus - Mucosa,non_neural
GTEX-XGQ4-1526-SM-4AT6H,GTEX-XGQ4,55.0,51.414433,-3.5855669999999975,Esophagus - Mucosa,non_neural
GTEX-14JG6-1426-SM-9WG7C,GTEX-14JG6,35.0,42.057716,7.057715999999999,Skin - Not Sun Exposed (Suprapubic),non_neural
GTEX-1EWIQ-3126-SM-7MXTI,GTEX-1EWIQ,75.0,61.571766,-13.428234000000003,Brain - Cortex,neural
GTEX-OHPL-1426-SM-G9ER7,GTEX-OHPL,65.0,55.916485,-9.083514999999998,Colon - Transverse,non_neural
GTEX-U8XE-2226-SM-HAUZQ,GTEX-U8XE,35.0,33.673885,-1.3261150000000015,Small Intestine - Terminal Ileum,non_neural
GTEX-13CF3-1726-SM-5LU9E,GTEX-13CF3,65.0,49.76036,-15.239640000000001,Esophagus - Gastroesophageal Junction,non_neural
GTEX-1OFPY-0626-SM-EXOJ4,GTEX-1OFPY,65.0,60.124504,-4.875495999999998,Pancreas,non_neural
GTEX-S4P3-1526-SM-E9J3W,GTEX-S4P3,55.0,48.11767,-6.882330000000003,Adipose - Subcutaneous,non_neural
GTEX-139TS-1426-SM-5IFJD,GTEX-139TS,65.0,58.683105,-6.316895000000002,Liver,non_neural
GTEX-13VXU-2726-SM-5LU4N,GTEX-13VXU,55.0,49.486965,-5.513035000000002,Lung,non_neural
GTEX-Y111-2326-SM-HL9TX,GTEX-Y111,55.0,44.579475,-10.420524999999998,Prostate,non_neural
GTEX-1HCU7-1826-SM-A9G2A,GTEX-1HCU7,55.0,60.19555,5.195549999999997,Kidney - Cortex,non_neural
GTEX-178AV-2126-SM-GNIOS,GTEX-178AV,45.0,50.2027,5.2027,Adipose - Subcutaneous,non_neural
GTEX-1J8EW-0008-SM-F2I1F,GTEX-1J8EW,65.0,49.54038,-15.459620000000001,Cells - Cultured fibroblasts,non_neural
GTEX-1NSGN-1826-SM-EXOJH,GTEX-1NSGN,55.0,50.73153,-4.268470000000001,Esophagus - Gastroesophageal Junction,non_neural
GTEX-1NUQO-0826-SM-DPS16,GTEX-1NUQO,25.0,39.396137,14.396137000000003,Pancreas,non_neural
GTEX-16MTA-1025-A-SM-AW8QO,GTEX-16MTA,55.0,52.184658,-2.815342000000001,Stomach - Mixed Cell,non_neural
GTEX-13JVG-0226-SM-5J1MW,GTEX-13JVG,65.0,61.586826,-3.413173999999998,Adipose - Subcutaneous,non_neural
GTEX-ZZPT-0226-SM-5E43X,GTEX-ZZPT,55.0,58.083702,3.0837020000000024,Skin - Sun Exposed (Lower leg),non_neural
GTEX-1AX8Z-1025-A-SM-H6619,GTEX-1AX8Z,65.0,57.31196,-7.688040000000001,Liver - Mixed Cell,non_neural
GTEX-1JMQK-0526-SM-CM2S4,GTEX-1JMQK,65.0,64.893295,-0.10670500000000516,Artery - Tibial,non_neural
GTEX-1I1GV-0426-SM-ARZLX,GTEX-1I1GV,65.0,65.619865,0.6198650000000043,Adipose - Subcutaneous,non_neural
GTEX-1H1DG-0426-SM-9WG6D,GTEX-1H1DG,75.0,66.80032,-8.19968,Nerve - Tibial,neural
GTEX-16XZY-1426-SM-HAUZD,GTEX-16XZY,75.0,59.13051,-15.869489999999999,Adipose - Visceral (Omentum),non_neural
GTEX-13FHP-0526-SM-5K7UY,GTEX-13FHP,55.0,63.25412,8.25412,Muscle - Skeletal,non_neural
GTEX-SJXC-1226-SM-4DM78,GTEX-SJXC,65.0,59.5439,-5.456099999999999,Liver,non_neural
GTEX-16NGA-2126-SM-7PC1G,GTEX-16NGA,45.0,49.133205,4.133204999999997,Artery - Tibial,non_neural
GTEX-117YX-1426-SM-5H12H,GTEX-117YX,55.0,47.84226,-7.157739999999997,Breast - Mammary Tissue,non_neural
GTEX-1AYCT-1526-SM-73KWC,GTEX-1AYCT,55.0,53.437656,-1.562344000000003,Esophagus - Muscularis,non_neural
GTEX-13JVG-1326-SM-5N9F8,GTEX-13JVG,65.0,57.15111,-7.848889999999997,Heart - Left Ventricle,non_neural
GTEX-15UF6-2426-SM-7KUME,GTEX-15UF6,75.0,70.64447,-4.355530000000002,Esophagus - Muscularis,non_neural
GTEX-131XW-0011-R6b-SM-5K7XY,GTEX-131XW,55.0,57.27484,2.2748399999999975,Brain - Nucleus accumbens (basal ganglia),neural
GTEX-ZVTK-0326-SM-51MRR,GTEX-ZVTK,25.0,31.047682,6.047681999999998,Breast - Mammary Tissue,non_neural
GTEX-QV44-1226-SM-CJI1S,GTEX-QV44,55.0,54.567757,-0.4322429999999997,Stomach,non_neural
GTEX-TSE9-0011-R4A-SM-3DB7H,GTEX-TSE9,65.0,61.056892,-3.9431080000000023,Brain - Amygdala,neural
GTEX-1KD5A-1526-SM-D4P3W,GTEX-1KD5A,55.0,54.47772,-0.5222800000000021,Spleen,non_neural
GTEX-15DYW-1826-SM-6LPIY,GTEX-15DYW,65.0,67.743416,2.7434159999999963,Esophagus - Mucosa,non_neural
GTEX-ZVT3-0011-R8b-SM-57WDJ,GTEX-ZVT3,65.0,68.522156,3.5221559999999954,Brain - Hypothalamus,neural
GTEX-1IL2V-2626-SM-GRR3M,GTEX-1IL2V,75.0,67.86343,-7.136570000000006,Colon - Sigmoid,non_neural
GTEX-1P4AB-1926-SM-E6CQL,GTEX-1P4AB,55.0,63.87997,8.87997,Prostate,non_neural
GTEX-11EQ9-0926-SM-5HL6I,GTEX-11EQ9,35.0,40.794506,5.794505999999998,Esophagus - Gastroesophageal Junction,non_neural
GTEX-13O3O-2526-SM-5L3DR,GTEX-13O3O,65.0,68.56703,3.5670300000000026,Colon - Transverse,non_neural
GTEX-WHSB-0002-SM-4M1ZR,GTEX-WHSB,55.0,55.782784,0.7827839999999995,Cells - EBV-transformed lymphocytes,non_neural
GTEX-OHPN-0011-R1A-SM-2I5GB,GTEX-OHPN,65.0,64.75786,-0.24214000000000624,Brain - Hippocampus,neural
GTEX-13VXU-0326-SM-5LU36,GTEX-13VXU,55.0,53.299828,-1.700172000000002,Muscle - Skeletal,non_neural
GTEX-1NV5F-2226-SM-DTX8O,GTEX-1NV5F,65.0,71.32915,6.3291499999999985,Colon - Transverse,non_neural
GTEX-1I1GU-0426-SM-ARL7Y,GTEX-1I1GU,45.0,42.053825,-2.9461749999999967,Artery - Aorta,non_neural
GTEX-XV7Q-1526-SM-4BRWB,GTEX-XV7Q,45.0,38.855427,-6.144573000000001,Uterus,non_neural
GTEX-T6MN-2126-SM-EZ6LC,GTEX-T6MN,55.0,52.32092,-2.679079999999999,Prostate,non_neural
GTEX-11WQK-1526-SM-5EGKN,GTEX-11WQK,55.0,39.39952,-15.600479999999997,Adipose - Visceral (Omentum),non_neural
GTEX-WHWD-2026-SM-GNTAV,GTEX-WHWD,55.0,48.174816,-6.825184,Skin - Sun Exposed (Lower leg),non_neural
GTEX-ZUA1-0011-R1a-SM-4YCE2,GTEX-ZUA1,45.0,50.144047,5.1440470000000005,Brain - Hippocampus,neural
GTEX-1RLM8-2326-SM-EWRN4,GTEX-1RLM8,55.0,69.116135,14.116135,Skin - Sun Exposed (Lower leg),non_neural
GTEX-P4PQ-1026-SM-3NMCN,GTEX-P4PQ,65.0,57.078083,-7.9219170000000005,Pancreas,non_neural
GTEX-14JIY-0011-R5b-SM-62LE7,GTEX-14JIY,65.0,61.783684,-3.216315999999999,Brain - Caudate (basal ganglia),neural
GTEX-17JCI-2926-SM-7DUFF,GTEX-17JCI,65.0,59.851234,-5.148766000000002,Skin - Not Sun Exposed (Suprapubic),non_neural
GTEX-18A7A-0006-SM-7PC1P,GTEX-18A7A,55.0,63.902763,8.902763,Whole Blood,non_neural
GTEX-1R9K5-0726-SM-EAZ4E,GTEX-1R9K5,55.0,38.280907,-16.719093,Thyroid,non_neural
GTEX-1LKK1-3026-SM-EAZ3W,GTEX-1LKK1,55.0,52.540253,-2.459747,Pituitary,non_neural
GTEX-14PJN-0005-SM-9JGGF,GTEX-14PJN,35.0,38.511497,3.5114969999999985,Whole Blood,non_neural
GTEX-1OKEX-1326-SM-E9J2U,GTEX-1OKEX,65.0,44.717403,-20.282597000000003,Esophagus - Mucosa,non_neural
GTEX-17KNJ-1026-SM-79ONK,GTEX-17KNJ,55.0,55.340588,0.3405879999999968,Thyroid,non_neural
GTEX-15FZZ-1326-SM-6PANN,GTEX-15FZZ,35.0,34.82714,-0.17286,Esophagus - Gastroesophageal Junction,non_neural
GTEX-1J8Q3-0726-SM-AHZ3W,GTEX-1J8Q3,65.0,61.452965,-3.547035000000001,Testis,non_neural
GTEX-XYKS-1426-SM-4BRUO,GTEX-XYKS,65.0,68.59516,3.595160000000007,Skin - Not Sun Exposed (Suprapubic),non_neural
GTEX-1J1R8-2126-SM-ARL8N,GTEX-1J1R8,45.0,45.98468,0.9846799999999973,Artery - Tibial,non_neural
GTEX-1NV5F-0011-R5b-SM-F3K3I,GTEX-1NV5F,65.0,58.319057,-6.680942999999999,Brain - Caudate (basal ganglia),neural
GTEX-1A3MV-1326-SM-7LG6C,GTEX-1A3MV,35.0,37.319427,2.3194269999999975,Esophagus - Mucosa,non_neural
GTEX-1HCVE-2726-SM-CL54F,GTEX-1HCVE,55.0,55.542896,0.5428959999999989,Skin - Not Sun Exposed (Suprapubic),non_neural
GTEX-1RLM8-0226-SM-E6CJY,GTEX-1RLM8,55.0,55.147003,0.147002999999998,Heart - Atrial Appendage,non_neural
GTEX-131XE-1026-SM-5EGKE,GTEX-131XE,55.0,43.204124,-11.795876,Colon - Sigmoid,non_neural
GTEX-139UW-0126-SM-5KM1B,GTEX-139UW,65.0,64.25579,-0.7442099999999954,Thyroid,non_neural
GTEX-1IDJE-2426-SM-ACKWF,GTEX-1IDJE,55.0,53.134995,-1.8650049999999965,Muscle - Skeletal,non_neural
GTEX-1RQEC-1126-SM-EAZ5E,GTEX-1RQEC,65.0,61.465218,-3.534782,Liver,non_neural
GTEX-17GQL-0526-SM-72D5N,GTEX-17GQL,65.0,53.213425,-11.786575,Heart - Left Ventricle,non_neural
GTEX-1S3DN-1626-SM-EVYCC,GTEX-1S3DN,55.0,57.942787,2.9427870000000027,Adipose - Visceral (Omentum),non_neural
GTEX-17F98-1126-SM-79OJS,GTEX-17F98,45.0,46.5356,1.5356000000000023,Adipose - Subcutaneous,non_neural
GTEX-1E1VI-0626-SM-7PBZ1,GTEX-1E1VI,55.0,55.24161,0.24161000000000143,Artery - Tibial,non_neural
GTEX-ZDXO-0011-R11a-SM-4WWD9,GTEX-ZDXO,65.0,58.475594,-6.524405999999999,Brain - Cerebellar Hemisphere,neural
GTEX-18D9U-1626-SM-7KFTW,GTEX-18D9U,45.0,41.108166,-3.891834000000003,Pancreas,non_neural
GTEX-XUW1-1426-SM-HAUXO,GTEX-XUW1,55.0,44.867477,-10.132522999999999,Esophagus - Mucosa,non_neural
GTEX-Q2AG-0326-SM-48U1O,GTEX-Q2AG,45.0,41.641968,-3.3580320000000015,Breast - Mammary Tissue,non_neural
GTEX-1H3O1-0011-R11a-SM-A96RV,GTEX-1H3O1,65.0,69.872284,4.872283999999993,Brain - Cerebellar Hemisphere,neural
GTEX-1RQED-2926-SM-HPAFT,GTEX-1RQED,65.0,65.45699,0.45699000000000467,Minor Salivary Gland,non_neural
GTEX-1RAZS-1026-SM-E9TID,GTEX-1RAZS,55.0,60.822693,5.822693000000001,Thyroid,non_neural
GTEX-ZZPU-0726-SM-5N9C8,GTEX-ZZPU,55.0,49.548336,-5.451664000000001,Pancreas,non_neural
GTEX-RWS6-1226-SM-HL9T9,GTEX-RWS6,65.0,54.246517,-10.753483000000003,Fallopian Tube,non_neural
GTEX-15DDE-0011-R5b-SM-7KULJ,GTEX-15DDE,55.0,51.5692,-3.430799999999998,Brain - Caudate (basal ganglia),neural
GTEX-YB5E-0001-SM-4VDSV,GTEX-YB5E,45.0,52.43393,7.433929999999997,Cells - EBV-transformed lymphocytes,non_neural
GTEX-1LGOU-0426-SM-D3L8O,GTEX-1LGOU,25.0,34.169243,9.169243000000002,Artery - Coronary,non_neural
GTEX-Z9EW-1026-SM-HPAFC,GTEX-Z9EW,45.0,51.43252,6.432519999999997,Stomach,non_neural
GTEX-1HCVE-0326-SM-CGQEW,GTEX-1HCVE,55.0,56.88006,1.8800600000000003,Muscle - Skeletal,non_neural
GTEX-1F48J-0011-R4b-SM-9OSVX,GTEX-1F48J,55.0,51.896633,-3.1033669999999987,Brain - Amygdala,neural
GTEX-1HCVE-0726-SM-A96SH,GTEX-1HCVE,55.0,55.587074,0.5870740000000012,Thyroid,non_neural
GTEX-POMQ-0826-SM-3P61H,GTEX-POMQ,25.0,48.19086,23.19086,Stomach,non_neural
GTEX-Y8E4-1026-SM-4VBQ5,GTEX-Y8E4,45.0,44.47437,-0.5256299999999996,Muscle - Skeletal,non_neural
GTEX-13OW7-0926-SM-5L3EX,GTEX-13OW7,55.0,58.35038,3.3503800000000012,Lung,non_neural
GTEX-11TUW-2326-SM-5EQMO,GTEX-11TUW,65.0,71.15921,6.159210000000002,Colon - Sigmoid,non_neural
GTEX-OIZF-0826-SM-7MKH9,GTEX-OIZF,65.0,56.511417,-8.488582999999998,Liver,non_neural
GTEX-1M5QR-0126-SM-F2I23,GTEX-1M5QR,45.0,53.094124,8.094124,Spleen,non_neural
GTEX-1OJC4-3126-SM-EXOJK,GTEX-1OJC4,55.0,60.201218,5.201217999999997,Minor Salivary Gland,non_neural
GTEX-ZAB5-0726-SM-5P9JG,GTEX-ZAB5,55.0,63.9608,8.960799999999999,Thyroid,non_neural
GTEX-U8XE-0005-SM-3DB8I,GTEX-U8XE,35.0,41.183662,6.183661999999998,Whole Blood,non_neural
GTEX-13U4I-1926-SM-5LU39,GTEX-13U4I,45.0,50.778904,5.778903999999997,Uterus,non_neural
GTEX-1LH75-0011-R11a-SM-F2I2V,GTEX-1LH75,55.0,59.695404,4.6954040000000035,Brain - Cerebellar Hemisphere,neural
GTEX-NL3H-0011-R10A-SM-2I3E9,GTEX-NL3H,65.0,58.990795,-6.0092050000000015,Brain - Frontal Cortex (BA9),neural
GTEX-11GS4-0011-R8b-SM-GI4XA,GTEX-11GS4,65.0,63.97663,-1.02337,Brain - Hypothalamus,neural
GTEX-11GSO-0011-R6a-SM-GJ3RC,GTEX-11GSO,65.0,65.58836,0.5883599999999944,Brain - Nucleus accumbens (basal ganglia),neural
GTEX-1AX8Z-5010-SM-AHZ33,GTEX-1AX8Z,65.0,56.307484,-8.692515999999998,Lung,non_neural
GTEX-11DXZ-2426-SM-5N9DT,GTEX-11DXZ,55.0,49.122467,-5.877533,Muscle - Skeletal,non_neural
GTEX-11P82-0626-SM-5PNYK,GTEX-11P82,25.0,28.70832,3.7083200000000005,Esophagus - Muscularis,non_neural
GTEX-1H1DG-0726-SM-A96TN,GTEX-1H1DG,75.0,61.45661,-13.543390000000002,Thyroid,non_neural
GTEX-ZYY3-0011-R7a-SM-H7OGI,GTEX-ZYY3,65.0,65.4761,0.4761000000000024,Brain - Putamen (basal ganglia),neural
GTEX-14BIM-0426-SM-5MR6O,GTEX-14BIM,65.0,51.033825,-13.966175,Nerve - Tibial,neural
GTEX-WYJK-1026-SM-3NM8W,GTEX-WYJK,55.0,50.584885,-4.415115,Heart - Left Ventricle,non_neural
GTEX-1RQEC-0626-SM-G8OKP,GTEX-1RQEC,65.0,69.72621,4.726209999999995,Artery - Aorta,non_neural
GTEX-1S831-0008-SM-HPAE6,GTEX-1S831,25.0,42.824745,17.824745,Cells - Cultured fibroblasts,non_neural
GTEX-11PRG-0011-R1b-SM-H7OHD,GTEX-11PRG,55.0,58.600273,3.6002730000000014,Brain - Hippocampus,neural
GTEX-1H1DE-0826-SM-ARU8V,GTEX-1H1DE,25.0,35.581127,10.581127000000002,Adipose - Visceral (Omentum),non_neural
GTEX-11DXW-0011-R5b-SM-DO11D,GTEX-11DXW,45.0,47.298004,2.298003999999999,Brain - Caudate (basal ganglia),neural
GTEX-1IDJF-0126-SM-CM2RS,GTEX-1IDJF,25.0,39.657364,14.657364000000001,Skin - Sun Exposed (Lower leg),non_neural
GTEX-1RNTQ-0001-SM-HPAG3,GTEX-1RNTQ,25.0,42.543964,17.543964000000003,Cells - EBV-transformed lymphocytes,non_neural
GTEX-Y114-1425-A-SM-DLZQA,GTEX-Y114,55.0,61.96586,6.965859999999999,Small Intestine - Terminal Ileum - Mixed Cell,non_neural
GTEX-1PIIG-0011-R9b-SM-G8OLU,GTEX-1PIIG,35.0,38.157578,3.157578000000001,Brain - Spinal cord (cervical c-1),neural
GTEX-16YQH-0826-SM-7938J,GTEX-16YQH,35.0,34.478745,-0.5212549999999965,Artery - Coronary,non_neural
GTEX-145MF-0626-SM-5LUAI,GTEX-145MF,55.0,51.44405,-3.555950000000003,Skin - Sun Exposed (Lower leg),non_neural
GTEX-YECK-2126-SM-H65ZI,GTEX-YECK,65.0,64.99956,-0.00043999999999755346,Stomach,non_neural
GTEX-OIZF-0006-SM-2I5GQ,GTEX-OIZF,65.0,37.094368,-27.905631999999997,Whole Blood,non_neural
GTEX-S4Z8-0526-SM-4AD4T,GTEX-S4Z8,65.0,49.934166,-15.065834000000002,Liver,non_neural
GTEX-13OVK-1426-SM-6PAN7,GTEX-13OVK,45.0,48.02754,3.027540000000002,Skin - Not Sun Exposed (Suprapubic),non_neural
GTEX-1RLM8-0926-SM-EWROD,GTEX-1RLM8,55.0,55.53682,0.5368199999999987,Esophagus - Gastroesophageal Junction,non_neural
GTEX-1MGNQ-1926-SM-DTX8L,GTEX-1MGNQ,45.0,48.540226,3.540225999999997,Minor Salivary Gland,non_neural
GTEX-X5EB-1826-SM-4E3K8,GTEX-X5EB,45.0,58.27782,13.277819999999998,Prostate,non_neural
GTEX-13SLW-0011-R5b-SM-5SI6Z,GTEX-13SLW,75.0,66.95305,-8.046949999999995,Brain - Caudate (basal ganglia),neural
GTEX-UJMC-0226-SM-4IHLH,GTEX-UJMC,55.0,60.949413,5.949413,Adrenal Gland,non_neural
GTEX-1A3MW-0006-SM-7MKGU,GTEX-1A3MW,65.0,68.44193,3.4419299999999993,Whole Blood,non_neural
GTEX-13OW5-3126-SM-5MR3Y,GTEX-13OW5,65.0,59.802406,-5.197594000000002,Brain - Cerebellum,neural
GTEX-1EKGG-0326-SM-9WYTG,GTEX-1EKGG,65.0,65.36867,0.3686699999999945,Artery - Tibial,non_neural
GTEX-1211K-1326-SM-5FQV2,GTEX-1211K,65.0,50.713875,-14.286124999999998,Esophagus - Gastroesophageal Junction,non_neural
GTEX-11H98-0011-R1a-SM-GIN8O,GTEX-11H98,55.0,57.33884,2.3388399999999976,Brain - Hippocampus,neural
GTEX-1CB4G-0526-SM-7P8SY,GTEX-1CB4G,65.0,55.00549,-9.994509999999998,Artery - Tibial,non_neural
GTEX-1HSEH-0326-SM-A9G26,GTEX-1HSEH,65.0,56.21981,-8.780189999999997,Muscle - Skeletal,non_neural
GTEX-1JMLX-0011-R8a-SM-G9EPQ,GTEX-1JMLX,55.0,63.12669,8.126690000000004,Brain - Hypothalamus,neural
GTEX-1MJK2-3026-SM-EV7A5,GTEX-1MJK2,55.0,53.491764,-1.5082359999999966,Brain - Cerebellum,neural
GTEX-1KXAM-2426-SM-DIPFC,GTEX-1KXAM,65.0,57.74749,-7.252510000000001,Muscle - Skeletal,non_neural
GTEX-1LVAO-2126-SM-DIPGA,GTEX-1LVAO,65.0,60.668427,-4.331572999999999,Adipose - Visceral (Omentum),non_neural
GTEX-1ICLY-0726-SM-A96TB,GTEX-1ICLY,55.0,54.228287,-0.7717129999999983,Thyroid,non_neural
GTEX-1C6WA-2926-SM-79OLF,GTEX-1C6WA,65.0,57.48253,-7.517470000000003,Pituitary,non_neural
GTEX-U3ZH-0326-SM-3DB7A,GTEX-U3ZH,35.0,36.75848,1.7584799999999987,Heart - Left Ventricle,non_neural
GTEX-1PIIG-0011-R1a-SM-F649P,GTEX-1PIIG,35.0,41.305935,6.305934999999998,Brain - Hippocampus,neural
GTEX-1AX9J-2625-C-SM-AW8P2,GTEX-1AX9J,65.0,64.917885,-0.08211500000000171,Stomach - Muscularis,non_neural
GTEX-1GN1U-0726-SM-9MQKL,GTEX-1GN1U,55.0,58.521187,3.5211869999999976,Adipose - Visceral (Omentum),non_neural
GTEX-12584-0726-SM-5FQTK,GTEX-12584,45.0,40.03921,-4.960790000000003,Skin - Not Sun Exposed (Suprapubic),non_neural
GTEX-XPVG-1326-SM-4B65P,GTEX-XPVG,55.0,49.23907,-5.760930000000002,Esophagus - Muscularis,non_neural
GTEX-ZYT6-2326-SM-5GZY3,GTEX-ZYT6,35.0,40.561172,5.561171999999999,Skin - Not Sun Exposed (Suprapubic),non_neural
GTEX-ZAB4-1726-SM-5HL8C,GTEX-ZAB4,45.0,56.022213,11.022213,Pancreas,non_neural
GTEX-YJ89-0011-R10a-SM-4SOK9,GTEX-YJ89,65.0,59.602074,-5.397925999999998,Brain - Frontal Cortex (BA9),neural
GTEX-WK11-0926-SM-3NMAU,GTEX-WK11,55.0,50.38402,-4.61598,Thyroid,non_neural
GTEX-1N5O9-0011-R11a-SM-F33ZK,GTEX-1N5O9,65.0,65.64986,0.6498600000000039,Brain - Cerebellar Hemisphere,neural
GTEX-139YR-0626-SM-5IJBT,GTEX-139YR,55.0,49.803356,-5.196643999999999,Artery - Aorta,non_neural
GTEX-11EQ9-2026-SM-5P9JI,GTEX-11EQ9,35.0,37.632668,2.6326680000000025,Minor Salivary Gland,non_neural
GTEX-1RAZA-0326-SM-E6CI4,GTEX-1RAZA,25.0,23.062777,-1.9372229999999995,Artery - Tibial,non_neural
GTEX-WRHU-0426-SM-F21IU,GTEX-WRHU,55.0,44.610664,-10.389336,Adrenal Gland,non_neural
GTEX-OHPN-0011-R11A-SM-2I5FM,GTEX-OHPN,65.0,63.08467,-1.9153299999999973,Brain - Cerebellar Hemisphere,neural
GTEX-ZDTS-0426-SM-4WAYH,GTEX-ZDTS,65.0,69.4492,4.449200000000005,Artery - Tibial,non_neural
GTEX-1IKJJ-2126-SM-C1YQU,GTEX-1IKJJ,65.0,72.8813,7.881299999999996,Testis,non_neural
GTEX-R45C-2226-SM-GQ1EF,GTEX-R45C,65.0,61.957516,-3.0424840000000017,Vagina,non_neural
GTEX-18QFQ-0726-SM-7LG6D,GTEX-18QFQ,35.0,33.66471,-1.3352900000000005,Thyroid,non_neural
GTEX-1F88E-0526-SM-7SB8J,GTEX-1F88E,65.0,69.25394,4.25394,Adipose - Subcutaneous,non_neural
GTEX-11ZVC-1426-SM-5EGGA,GTEX-11ZVC,55.0,65.19592,10.195920000000001,Ovary,non_neural
GTEX-1ICLZ-0726-SM-ARL84,GTEX-1ICLZ,65.0,58.968273,-6.0317269999999965,Nerve - Tibial,neural
GTEX-11ZTT-0926-SM-5EQMS,GTEX-11ZTT,65.0,59.197235,-5.802765000000001,Esophagus - Muscularis,non_neural
GTEX-POMQ-2326-SM-DHXIS,GTEX-POMQ,25.0,36.37675,11.376750000000001,Adipose - Subcutaneous,non_neural
GTEX-139UW-2826-SM-5L3E7,GTEX-139UW,65.0,61.66805,-3.331949999999999,Skin - Sun Exposed (Lower leg),non_neural
GTEX-13FHO-0426-SM-5L3F5,GTEX-13FHO,65.0,55.59187,-9.40813,Skin - Not Sun Exposed (Suprapubic),non_neural
GTEX-1I6K6-0626-SM-ARU7J,GTEX-1I6K6,35.0,38.55739,3.557389999999998,Minor Salivary Gland,non_neural
GTEX-1JMOU-1526-SM-CL54I,GTEX-1JMOU,65.0,74.004944,9.004943999999995,Skin - Sun Exposed (Lower leg),non_neural
GTEX-Q734-1726-SM-HL9TR,GTEX-Q734,45.0,41.66651,-3.3334899999999976,Cervix - Endocervix,non_neural
GTEX-1IKOE-0826-SM-ARZME,GTEX-1IKOE,35.0,33.125877,-1.8741229999999973,Artery - Coronary,non_neural
GTEX-ZGAY-0826-SM-4WWEP,GTEX-ZGAY,45.0,39.910503,-5.0894970000000015,Nerve - Tibial,neural
GTEX-XMD1-2426-SM-GNTAM,GTEX-XMD1,65.0,68.34371,3.3437100000000015,Skin - Not Sun Exposed (Suprapubic),non_neural
GTEX-13OVL-0126-SM-5L3GJ,GTEX-13OVL,55.0,58.057278,3.0572779999999966,Skin - Not Sun Exposed (Suprapubic),non_neural
GTEX-S95S-1426-SM-2XCDM,GTEX-S95S,65.0,57.821663,-7.178336999999999,Muscle - Skeletal,non_neural
GTEX-13FTY-0001-SM-I9BPC,GTEX-13FTY,45.0,66.859215,21.859215000000006,Cells - EBV-transformed lymphocytes,non_neural
GTEX-183FY-1926-SM-7KFRI,GTEX-183FY,25.0,39.302647,14.302647,Testis,non_neural
GTEX-133LE-0626-SM-5IFFJ,GTEX-133LE,25.0,33.923386,8.923386,Esophagus - Mucosa,non_neural
GTEX-1GPI7-0326-SM-7MKH6,GTEX-1GPI7,25.0,29.628876,4.628876000000002,Minor Salivary Gland,non_neural
GTEX-13N11-1126-SM-5KM41,GTEX-13N11,55.0,44.169174,-10.830826000000002,Uterus,non_neural
GTEX-1IOXB-2826-SM-AHZ32,GTEX-1IOXB,55.0,63.08661,8.08661,Minor Salivary Gland,non_neural
GTEX-ZF28-0011-R7a-SM-4WKF5,GTEX-ZF28,65.0,68.84341,3.8434100000000058,Brain - Putamen (basal ganglia),neural
GTEX-1F5PL-2126-SM-7PC2O,GTEX-1F5PL,45.0,43.925407,-1.0745930000000001,Colon - Transverse,non_neural
GTEX-1KWVE-1626-SM-DKPPA,GTEX-1KWVE,35.0,36.778976,1.7789760000000001,Artery - Tibial,non_neural
GTEX-13N11-2726-SM-5L3ER,GTEX-13N11,55.0,47.773506,-7.226494000000002,Muscle - Skeletal,non_neural
GTEX-WYVS-0526-SM-3NM9W,GTEX-WYVS,45.0,45.41732,0.4173199999999966,Lung,non_neural
GTEX-17EVQ-1926-SM-7IGOF,GTEX-17EVQ,75.0,63.55053,-11.449469999999998,Esophagus - Mucosa,non_neural
GTEX-NL4W-0011-R10A-SM-2I3DY,GTEX-NL4W,55.0,60.728577,5.728577000000001,Brain - Frontal Cortex (BA9),neural
GTEX-15CHC-0006-SM-7P8RG,GTEX-15CHC,65.0,44.30273,-20.697270000000003,Whole Blood,non_neural
GTEX-1BAJH-0626-SM-7P8OY,GTEX-1BAJH,75.0,56.62854,-18.37146,Prostate,non_neural
GTEX-15G19-2926-SM-7KUFL,GTEX-15G19,65.0,63.36275,-1.6372500000000016,Brain - Cortex,neural
GTEX-ZYT6-1426-SM-5E43U,GTEX-ZYT6,35.0,38.03176,3.0317599999999985,Nerve - Tibial,neural
GTEX-1GZHY-3126-SM-9QEHH,GTEX-1GZHY,55.0,51.32408,-3.675919999999998,Brain - Cortex,neural
GTEX-1122O-0126-SM-5GICA,GTEX-1122O,65.0,55.30088,-9.69912,Lung,non_neural
GTEX-1JJEA-1926-SM-AHZ41,GTEX-1JJEA,65.0,69.00391,4.003910000000005,Testis,non_neural
GTEX-1LVAO-3126-SM-HL9ST,GTEX-1LVAO,65.0,69.8714,4.871399999999994,Brain - Cerebellum,neural
GTEX-17MF6-1726-SM-7LTA3,GTEX-17MF6,45.0,55.24767,10.24767,Esophagus - Gastroesophageal Junction,non_neural
GTEX-XMK1-0826-SM-HAUZ2,GTEX-XMK1,45.0,48.09294,3.0929399999999987,Heart - Left Ventricle,non_neural
GTEX-11DXX-0008-SM-5Q5B8,GTEX-11DXX,65.0,62.15107,-2.848930000000003,Cells - Cultured fibroblasts,non_neural
GTEX-13OVL-1326-SM-5IJCZ,GTEX-13OVL,55.0,55.122147,0.12214699999999823,Artery - Tibial,non_neural
GTEX-VJYA-2026-SM-4KL1K,GTEX-VJYA,65.0,57.37716,-7.6228399999999965,Colon - Transverse,non_neural
GTEX-1NHNU-1926-SM-HK79K,GTEX-1NHNU,55.0,51.702885,-3.297114999999998,Esophagus - Mucosa,non_neural
