SAMPID,AGE_MID,MoE_PRED,SMTSD,ROUTE,REG_PRED,PASTA_PRED
GTEX-1I1GR-0011-R11a-SM-CM2T5,65.0,60.678284,Brain - Cerebellar Hemisphere,neural,68.60511486805422,-27.248776054550326
GTEX-ZT9W-2226-SM-57WFU,55.0,41.900887,Testis,non_neural,39.81536316354746,-30.672340948405573
GTEX-11DYG-1226-SM-5N9DC,65.0,59.741306,Artery - Aorta,non_neural,82.2711712168493,79.00241607875942
GTEX-11DZ1-0011-R7a-SM-DNZZH,55.0,57.24102,Brain - Putamen (basal ganglia),neural,77.43612705551465,15.042809639613814
GTEX-17HII-0226-SM-7LG4E,55.0,57.105682,Skin - Sun Exposed (Lower leg),non_neural,56.83456021123396,10.994538137555054
GTEX-1JJEA-0011-R6a-SM-EXUS1,65.0,62.37652,Brain - Nucleus accumbens (basal ganglia),neural,87.19132181709269,16.013589244281278
GTEX-12WSJ-1726-SM-5LZVV,45.0,52.047207,Muscle - Skeletal,non_neural,53.58148750435073,-0.3567050143903318
GTEX-1H2FU-0011-R5b-SM-CL552,65.0,56.173157,Brain - Caudate (basal ganglia),neural,78.23529339320427,18.395142330233483
GTEX-111VG-2626-SM-5GZY2,65.0,66.15088,Muscle - Skeletal,non_neural,77.73432534321202,21.54488461388316
GTEX-POYW-0526-SM-2XCEY,65.0,59.27322,Muscle - Skeletal,non_neural,64.61550060138369,9.758943872283266
GTEX-1HSMO-1226-SM-CL548,65.0,56.489933,Heart - Left Ventricle,non_neural,57.228263853970674,-1.542358769370712
GTEX-1B932-0005-SM-9KNTP,45.0,46.056118,Whole Blood,non_neural,50.89218415618903,-28.011924512040704
GTEX-13QJC-0011-R9b-SM-5PNX3,65.0,65.31785,Brain - Spinal cord (cervical c-1),neural,75.28149905123387,21.902311644039344
GTEX-1B8SF-0826-SM-73KW8,65.0,57.368607,Lung,non_neural,69.98726923328134,30.59823400465749
GTEX-P4QT-0008-SM-48TDZ,55.0,68.33402,Cells - Cultured fibroblasts,non_neural,51.563428711082835,25.598389923376047
GTEX-1C475-0526-SM-793AC,45.0,44.723457,Vagina,non_neural,52.36393413414417,8.25242541702158
GTEX-N7MS-1926-SM-HPAFN,65.0,69.97213,Stomach,non_neural,65.46936107053,-22.381625794510967
GTEX-1J8Q3-2126-SM-ARU8O,65.0,50.221897,Esophagus - Gastroesophageal Junction,non_neural,74.43852979763207,14.100343002150364
GTEX-1EN7A-0008-SM-EY5XP,45.0,50.59421,Cells - Cultured fibroblasts,non_neural,43.47748428487462,26.034128602511885
GTEX-11LCK-0526-SM-5A5M9,35.0,44.82287,Thyroid,non_neural,60.005511783013475,35.3820189812506
GTEX-WRHK-1126-SM-4MVOJ,25.0,24.6554,Colon - Sigmoid,non_neural,40.110178606644126,-57.1977861357249
GTEX-14PJN-0526-SM-68724,35.0,37.701477,Esophagus - Mucosa,non_neural,38.647866166804945,-22.425471247613796
GTEX-13FHO-0011-R4b-SM-H6611,65.0,65.22716,Brain - Amygdala,neural,76.84589786666496,0.7063585422467351
GTEX-18465-1026-SM-7PC23,55.0,55.55417,Artery - Aorta,non_neural,72.0832819503879,84.71182133592743
GTEX-1R9PN-1026-SM-DTX87,45.0,41.593483,Esophagus - Muscularis,non_neural,61.76355459012049,0.08983715058395725
GTEX-15RJE-0011-R4a-SM-H7OH4,45.0,40.68805,Brain - Amygdala,neural,66.47765062214405,-11.122723288882613
GTEX-1GL5R-0726-SM-9MQL5,55.0,64.35324,Adipose - Visceral (Omentum),non_neural,68.66921441898913,27.763397273166
GTEX-1KXAM-0726-SM-E9U5I,65.0,58.338486,Esophagus - Gastroesophageal Junction,non_neural,75.82142498284169,11.683849008335445
GTEX-16MT8-1626-SM-7EWDW,65.0,63.430004,Adrenal Gland,non_neural,73.77410984507581,27.206016186379326
GTEX-1S3DN-2226-SM-EVYCD,55.0,49.222694,Skin - Sun Exposed (Lower leg),non_neural,59.55251565427825,27.4824083340847
GTEX-1R46S-1426-SM-EXOJD,65.0,55.665707,Pancreas,non_neural,76.71441767102453,4.601671715509552
GTEX-1S83E-2126-SM-EWRO6,45.0,44.117405,Muscle - Skeletal,non_neural,41.45327474252605,-12.4127619148178
GTEX-1I4MK-0006-SM-A96RI,55.0,51.161602,Whole Blood,non_neural,52.84787227116904,-25.094288997388016
GTEX-13CF2-0006-SM-5O99L,65.0,57.062973,Whole Blood,non_neural,60.48461380532842,-17.898888224736556
GTEX-1ICG6-1025-A-SM-H661L,75.0,68.98326,Liver - Mixed Cell,non_neural,73.20548496315332,53.401956826298616
GTEX-U8XE-0126-SM-4E3I3,35.0,44.911552,Testis,non_neural,29.26476998665072,-34.17574729631908
GTEX-1K9T9-0926-SM-D3L9C,55.0,55.03795,Lung,non_neural,63.16522966397832,16.275042868919424
GTEX-1I6K6-0426-SM-CM2TN,35.0,24.875854,Nerve - Tibial,neural,47.107221190326115,23.095582279920652
GTEX-1F48J-1026-SM-7P8SO,55.0,56.45971,Heart - Left Ventricle,non_neural,66.89219998147787,27.645742718423836
GTEX-11OF3-0003-SM-G8W6C,65.0,63.722267,Cells - EBV-transformed lymphocytes,non_neural,43.711926590216464,-12.574435874657182
GTEX-1QAET-1226-SM-DTX9I,55.0,49.450855,Adipose - Visceral (Omentum),non_neural,74.4591808885902,46.976784379121376
GTEX-ZZPT-0926-SM-5GICZ,55.0,63.41094,Heart - Atrial Appendage,non_neural,65.70070012195396,38.99930088122359
GTEX-1EMGI-0011-R1b-SM-9OSWZ,65.0,66.10244,Brain - Hippocampus,neural,73.92240627620932,-21.402323610034436
GTEX-1PWST-0011-R6a-SM-F341Z,75.0,74.93663,Brain - Nucleus accumbens (basal ganglia),neural,92.8007348711467,30.62560333198811
GTEX-1HSGN-0726-SM-A9G2F,45.0,48.921227,Thyroid,non_neural,56.69466598661944,16.734016995156956
GTEX-1GF9W-1426-SM-7PBYM,65.0,60.133,Skin - Not Sun Exposed (Suprapubic),non_neural,60.426138793847244,6.942579636978811
GTEX-147F3-0226-SM-5NQBV,55.0,51.055298,Muscle - Skeletal,non_neural,57.13794153108758,-10.574690664869383
GTEX-WYJK-2326-SM-4ONDN,55.0,49.553696,Colon - Sigmoid,non_neural,54.997445224092345,-42.24279096155968
GTEX-ZTX8-0626-SM-59HKC,25.0,32.008682,Thyroid,non_neural,40.585140149736134,-6.5196784193608615
GTEX-T6MO-0226-SM-32QOL,45.0,49.99906,Thyroid,non_neural,51.97206511503089,13.295744293774069
GTEX-S32W-0326-SM-2XCBI,55.0,53.31078,Lung,non_neural,64.70602514354518,3.553435230425251
GTEX-XGQ4-0326-SM-4GIEE,55.0,53.26471,Heart - Left Ventricle,non_neural,61.145734515468845,4.8274824378115
GTEX-ZTX8-0326-SM-59HLA,25.0,33.74392,Esophagus - Muscularis,non_neural,46.345086047521704,-26.507470380297345
GTEX-13NYS-0426-SM-5MR4X,65.0,62.96515,Nerve - Tibial,neural,84.20768594533327,52.607127032396534
GTEX-1EH9U-0326-SM-7P8S2,65.0,56.184914,Muscle - Skeletal,non_neural,65.91999803849946,25.767152937599015
GTEX-N7MT-0126-SM-2D7VT,65.0,54.326065,Lung,non_neural,71.5255338020752,24.5724887852189
GTEX-U4B1-0226-SM-G8W7X,45.0,50.960114,Artery - Coronary,non_neural,65.41089495841292,46.11232729148848
GTEX-11NSD-1726-SM-5N9C3,25.0,30.881622,Small Intestine - Terminal Ileum,non_neural,40.622086231568105,-34.46128255272649
GTEX-13O3P-0326-SM-5K7VM,55.0,57.48715,Nerve - Tibial,neural,66.62670965094024,34.01704182481316
GTEX-1KD4Q-0011-R5a-SM-EY5Y8,45.0,48.867157,Brain - Caudate (basal ganglia),neural,67.06380802746305,4.0299832035954735
GTEX-11NSD-0008-SM-5Q5BC,25.0,39.234497,Cells - Cultured fibroblasts,non_neural,42.7827406459988,12.984656656139292
GTEX-1GPI6-0005-SM-ADEGT,65.0,54.81141,Whole Blood,non_neural,64.24046782281287,-5.468833791501995
GTEX-YEC4-0001-SM-4W1Y6,45.0,42.88179,Whole Blood,non_neural,43.81150944425616,-42.455846569757085
GTEX-11GS4-0011-R6a-SM-GINAG,65.0,62.352497,Brain - Nucleus accumbens (basal ganglia),neural,74.16187266424727,-10.039280673887646
GTEX-1I6K7-0926-SM-A96SV,45.0,51.42718,Minor Salivary Gland,non_neural,56.31180486609823,-3.623567074342823
GTEX-133LE-0726-SM-5P9IZ,25.0,27.173553,Esophagus - Muscularis,non_neural,49.831760914072674,-14.1688884885056
GTEX-12WSC-1326-SM-HAV1G,55.0,58.216248,Esophagus - Mucosa,non_neural,64.65465088151551,0.30723977394649754
GTEX-11I78-0526-SM-5986A,55.0,45.306496,Thyroid,non_neural,52.59496570326738,12.333346706292389
GTEX-PVOW-0011-R4A-SM-H6Q8O,45.0,47.236008,Brain - Amygdala,neural,63.530114144830804,-30.983857202581607
GTEX-15ETS-0126-SM-7KUMW,45.0,42.330475,Skin - Sun Exposed (Lower leg),non_neural,52.18733662923489,0.9565925221766829
GTEX-1J1OQ-0006-SM-HK78Y,45.0,60.97719,Whole Blood,non_neural,63.362993593434936,-5.471136519252997
GTEX-145MH-1426-SM-5QGPO,55.0,65.997215,Nerve - Tibial,neural,72.45290602403936,44.32774407785394
GTEX-OOBK-0625-SM-3LK5P,45.0,50.87436,Esophagus - Mucosa,non_neural,48.35864118046925,-22.062210587879058
GTEX-QDVJ-1126-SM-48U1U,55.0,54.944813,Adrenal Gland,non_neural,56.030257490944464,14.51684406014019
GTEX-ZG7Y-0926-SM-5EQ6O,55.0,59.01563,Heart - Left Ventricle,non_neural,67.83586278804034,18.32263878962053
GTEX-18A67-0926-SM-7LG5Y,55.0,57.341373,Artery - Aorta,non_neural,73.4344034295339,47.59372058462259
GTEX-146FQ-0426-SM-5NQBA,35.0,49.425995,Nerve - Tibial,neural,56.61372348736485,24.194772213128296
GTEX-14JG1-1926-SM-HM8T7,45.0,61.631733,Esophagus - Mucosa,non_neural,55.22483938497736,-0.13101620988445717
GTEX-ZVT3-1326-SM-59HL7,65.0,71.288124,Artery - Aorta,non_neural,81.8552494520259,76.12856422310337
GTEX-13S7M-0426-SM-5S2US,65.0,66.2394,Nerve - Tibial,neural,79.81973204381411,63.28792185814969
GTEX-1HUB1-0426-SM-E9U4U,65.0,67.82216,Skin - Sun Exposed (Lower leg),non_neural,81.71799181647091,44.22678494847114
GTEX-1N5O9-1226-SM-HAUYN,65.0,52.90617,Lung,non_neural,61.1282725389668,15.178773726505673
GTEX-13FH7-0008-SM-5ZZUJ,55.0,51.99337,Cells - Cultured fibroblasts,non_neural,49.7207087917553,27.767751344490478
GTEX-1LH75-0011-R5b-SM-F2TAO,55.0,56.258507,Brain - Caudate (basal ganglia),neural,77.48818920612928,25.51551593613415
GTEX-1B996-0011-R5a-SM-7P8PN,65.0,65.37979,Brain - Caudate (basal ganglia),neural,76.44467114439658,-11.249386468150561
GTEX-Y3IK-2626-SM-4WWDK,55.0,52.336044,Muscle - Skeletal,non_neural,66.20862156092723,3.504590527905099
GTEX-WFG7-0926-SM-4LMK7,25.0,26.713951,Artery - Aorta,non_neural,40.8743878614799,14.09889648770348
GTEX-146FR-1526-SM-5MR89,65.0,61.51787,Adrenal Gland,non_neural,73.02711663300812,29.62080474092988
GTEX-1PIGE-1426-SM-E9U61,25.0,25.954641,Colon - Transverse,non_neural,33.778331568487204,-48.46395708347261
GTEX-TMMY-0008-SM-4DXU3,45.0,47.475983,Cells - Cultured fibroblasts,non_neural,51.708970519412546,13.753564876192435
GTEX-ZYY3-1726-SM-5EGH3,65.0,60.15083,Stomach,non_neural,60.022266412968165,3.874130590154676
GTEX-1R9K4-0011-R11a-SM-EZ6N9,65.0,66.16974,Brain - Cerebellar Hemisphere,neural,78.05799339480379,-4.584773024096886
GTEX-S32W-2326-SM-2XCAW,55.0,63.782356,Muscle - Skeletal,non_neural,72.1141833219507,22.24915836435285
GTEX-15UKP-2026-SM-6LPIC,25.0,36.130135,Esophagus - Muscularis,non_neural,42.644937349793835,-11.187515227230517
GTEX-1PPGY-1426-SM-EVR3R,65.0,61.75061,Thyroid,non_neural,70.77112044242998,33.84712093972257
GTEX-Y111-0526-SM-4TT3M,55.0,58.161907,Nerve - Tibial,neural,62.58689284423758,27.593625628291672
GTEX-1GMR8-2026-SM-7RHI8,55.0,51.746853,Esophagus - Muscularis,non_neural,62.32961253504365,17.8690572088645
GTEX-11DXZ-2526-SM-5N9BG,55.0,37.801666,Nerve - Tibial,neural,67.73893355984855,38.791697040246376
GTEX-1J1R8-0126-SM-CJI36,45.0,52.617615,Thyroid,non_neural,68.4689367761753,18.882902816512622
GTEX-Y3I4-1626-SM-4TT7W,55.0,57.275997,Stomach,non_neural,75.51799250135204,13.098774575514488
GTEX-XYKS-0226-SM-4BRW3,65.0,54.457245,Heart - Atrial Appendage,non_neural,64.24433846457424,1.9976548910251977
GTEX-O5YW-0426-SM-3MJHJ,55.0,50.417866,Artery - Aorta,non_neural,74.07209525057094,62.484857348197046
GTEX-OHPM-1426-SM-3TW8Y,55.0,57.033833,Colon - Transverse,non_neural,60.98269154688016,-37.4621814072354
GTEX-XYKS-0002-SM-4BRWN,65.0,41.64177,Cells - EBV-transformed lymphocytes,non_neural,39.506694074207815,-7.133316613245235
GTEX-1HSMO-0011-R9b-SM-CM2T2,65.0,64.78716,Brain - Spinal cord (cervical c-1),neural,78.47754129588239,16.7019736610558
GTEX-16GPK-2526-SM-GQ1DH,65.0,60.97468,Colon - Sigmoid,non_neural,80.11835832368803,-6.688001864043719
GTEX-QLQW-0126-SM-447BK,35.0,46.717953,Spleen,non_neural,43.95934919702556,-16.36323778762595
GTEX-Q2AG-0011-R4A-SM-2HMKA,45.0,47.250015,Brain - Amygdala,neural,56.72962233872188,-32.884487137480484
GTEX-YEC3-1326-SM-DO92X,55.0,54.96142,Skin - Not Sun Exposed (Suprapubic),non_neural,54.50365710085413,-10.35837651994871
GTEX-RWSA-0526-SM-2XCBC,45.0,45.68162,Artery - Tibial,non_neural,60.11980089631679,25.508634416415138
GTEX-1GF9W-0011-R10a-SM-9OSXH,65.0,59.27296,Brain - Frontal Cortex (BA9),neural,68.17339511671717,-11.22134337505717
GTEX-1R46S-0626-SM-E9J41,65.0,65.36212,Skin - Sun Exposed (Lower leg),non_neural,75.46348330829004,38.195922612612065
GTEX-ZAJG-3026-SM-5HL92,55.0,55.969635,Brain - Cerebellum,neural,69.06562319729295,-6.716585257079696
GTEX-1JMLX-2026-SM-CMKGN,55.0,56.89441,Breast - Mammary Tissue,non_neural,74.87815180734002,22.779051485781377
GTEX-14PJO-0011-R11a-SM-H6Q8D,65.0,68.806076,Brain - Cerebellar Hemisphere,neural,85.45937725666792,11.826981249463953
GTEX-111CU-0005-SM-GJ3PH,55.0,46.539185,Whole Blood,non_neural,45.49811552846262,-31.752793056494088
GTEX-17F9E-2526-SM-7MGW2,55.0,52.764317,Breast - Mammary Tissue,non_neural,67.6798899091702,10.48590943455859
GTEX-1KD4Q-0326-SM-E9TJA,45.0,56.67563,Muscle - Skeletal,non_neural,63.03769445132649,6.928163488820538
GTEX-12WSA-0426-SM-5EQ5X,65.0,64.85806,Skin - Not Sun Exposed (Suprapubic),non_neural,73.93829662763561,25.916179458943198
GTEX-13VXU-0226-SM-5MR6S,55.0,57.919052,Adipose - Subcutaneous,non_neural,68.91013962717881,47.82915827056171
GTEX-XPT6-0626-SM-H7OGC,25.0,28.512978,Esophagus - Muscularis,non_neural,49.13468829397159,-10.8595646707863
GTEX-11GSP-0426-SM-5A5KX,65.0,58.7319,Pancreas,non_neural,64.87190710374658,14.278128288674623
GTEX-1O9I2-0926-SM-GPI8X,55.0,64.57659,Heart - Atrial Appendage,non_neural,65.69282153160333,19.01248952617337
GTEX-XUZC-0426-SM-4BOPE,35.0,37.003426,Esophagus - Mucosa,non_neural,31.67573134990431,-30.768380533407555
GTEX-132AR-0526-SM-5J2MJ,55.0,61.012344,Adipose - Visceral (Omentum),non_neural,61.88892521570807,9.257921358276608
GTEX-QVJO-0011-R9A-SM-2S1QH,65.0,72.25212,Brain - Spinal cord (cervical c-1),neural,79.84127394025934,-1.5638452690107156
GTEX-11UD2-0008-SM-5S2P7,55.0,67.45366,Cells - Cultured fibroblasts,non_neural,68.58643873398775,30.324203490645598
GTEX-11WQK-0005-SM-5O9AV,55.0,45.888927,Whole Blood,non_neural,62.774434814836795,-19.05082976724093
GTEX-12C56-0526-SM-5FQST,25.0,27.73051,Stomach,non_neural,45.362786743717464,-34.52840364340952
GTEX-1PBJJ-1426-SM-G8OMZ,35.0,38.744534,Breast - Mammary Tissue,non_neural,54.40447593219004,14.408181001478356
GTEX-1QP2A-1726-SM-E76QC,55.0,58.082558,Skin - Not Sun Exposed (Suprapubic),non_neural,57.92383876705691,-2.51788060549226
GTEX-1R9PN-0006-SM-DTX7L,45.0,38.162582,Whole Blood,non_neural,39.58620440646732,-34.787473394708876
GTEX-1HBPN-0226-SM-9YFM1,55.0,53.32663,Skin - Sun Exposed (Lower leg),non_neural,54.70723157148983,11.036263021942837
GTEX-1QP66-1626-SM-E76PC,55.0,42.17092,Muscle - Skeletal,non_neural,59.14497146907182,1.871277429627855
GTEX-ZF3C-1326-SM-5A5MF,55.0,62.286106,Artery - Coronary,non_neural,70.67696961480083,54.544346062462516
GTEX-1MUQO-2326-SM-HK78O,65.0,54.374733,Adrenal Gland,non_neural,59.775139820356415,11.210863387017367
GTEX-111CU-1826-SM-5GZYN,55.0,46.60388,Adipose - Subcutaneous,non_neural,64.73808815298311,22.34194814774988
GTEX-11DXX-2626-SM-5Q5A3,65.0,66.44817,Artery - Tibial,non_neural,80.51597404606568,46.17933507998016
GTEX-1GF9W-2626-SM-7P8TA,65.0,64.916794,Brain - Cortex,neural,69.43290498830116,-9.695039659514899
GTEX-1MGNQ-0726-SM-DPRYH,45.0,46.413273,Thyroid,non_neural,53.118454105358694,11.482301462830796
GTEX-1C64N-0011-R1b-SM-7P8Q7,55.0,51.523006,Brain - Hippocampus,neural,72.55414039157743,-20.661446291166897
GTEX-ZZPU-2326-SM-GOQYU,55.0,49.190456,Nerve - Tibial,neural,64.10783919700847,27.00248866585763
GTEX-1J1OQ-1726-SM-CL55N,45.0,53.09189,Uterus,non_neural,60.0456654593347,28.248790991397144
GTEX-1J1OQ-0226-SM-CYPSH,45.0,47.46519,Skin - Sun Exposed (Lower leg),non_neural,58.12848693497499,20.280905355427933
GTEX-1CB4I-0006-SM-A96RF,55.0,40.636074,Whole Blood,non_neural,53.90546707238032,-31.42774526666831
GTEX-11EM3-0005-SM-5N9DK,25.0,41.1304,Whole Blood,non_neural,36.6085209950886,-55.306948851035145
GTEX-1KD4Q-0226-SM-E9TJ9,45.0,44.324505,Skin - Sun Exposed (Lower leg),non_neural,52.81205570588138,1.5515549067145504
GTEX-12WSE-1126-SM-7DUEH,25.0,37.832077,Artery - Coronary,non_neural,50.845125962224,7.98045245754428
GTEX-1211K-0826-SM-5FQUP,65.0,55.11268,Lung,non_neural,70.07601585896943,18.91825907031446
GTEX-S32W-0526-SM-4AD6F,55.0,60.680695,Artery - Coronary,non_neural,74.52163672072669,43.73552539224415
GTEX-13FTW-1726-SM-5KM2B,45.0,50.51881,Stomach,non_neural,52.98786844760288,-9.822554450707312
GTEX-1R46S-1026-SM-E8VN3,65.0,63.659943,Artery - Coronary,non_neural,79.16082284352132,62.08670018109679
GTEX-1C2JI-1026-SM-73KY1,55.0,56.45903,Skin - Not Sun Exposed (Suprapubic),non_neural,62.66021532348114,6.666941275360877
GTEX-1IE54-1126-SM-A9G2Z,45.0,43.99149,Skin - Not Sun Exposed (Suprapubic),non_neural,47.24842960753054,6.42986454714779
GTEX-131XH-0011-R4b-SM-5DUWB,55.0,49.587837,Brain - Amygdala,neural,72.95291951798428,-16.684327139276974
GTEX-ZDYS-0726-SM-4WKGN,55.0,48.966736,Esophagus - Gastroesophageal Junction,non_neural,61.73352668787852,6.104883527982701
GTEX-OHPL-1026-SM-3MJGI,65.0,63.53227,Pancreas,non_neural,68.86507411552535,6.696302923418556
GTEX-1GN1W-2326-SM-9KNUI,55.0,54.991673,Esophagus - Muscularis,non_neural,70.51823906611861,6.4533862793955326
GTEX-15UF7-1626-SM-HAV2R,45.0,52.63188,Heart - Left Ventricle,non_neural,54.261139153055595,-7.014356859109167
GTEX-XMK1-1226-SM-H6Q7K,45.0,45.42347,Esophagus - Muscularis,non_neural,62.424931452362756,-15.978649071970729
GTEX-13O21-1826-SM-5MR5M,55.0,56.26671,Nerve - Tibial,neural,77.2337678491519,63.05943111673482
GTEX-X8HC-0626-SM-4E3HQ,55.0,64.935936,Skin - Not Sun Exposed (Suprapubic),non_neural,67.74040379244765,13.571747845895162
GTEX-11TUW-0011-R1a-SM-DO92S,65.0,58.89815,Brain - Hippocampus,neural,82.54070682640096,0.9714405534494219
GTEX-13CZV-0006-SM-5P9IN,65.0,62.72762,Whole Blood,non_neural,68.22826699185543,3.9403201577235096
GTEX-UPK5-1526-SM-4JBJA,45.0,48.486927,Artery - Aorta,non_neural,68.22071865712321,58.052378379957766
GTEX-13PLJ-0008-SM-H65Z6,65.0,59.11273,Cells - Cultured fibroblasts,non_neural,64.88982254889412,37.274251528798445
GTEX-13FHO-2926-SM-5L3ES,65.0,68.120766,Brain - Cerebellum,neural,76.85668464273273,12.3154635176331
GTEX-V955-1326-SM-4JBHR,65.0,61.447514,Stomach,non_neural,67.11935739624441,-0.1711193359429275
GTEX-1EMGI-0126-SM-9KNUE,65.0,61.134872,Skin - Sun Exposed (Lower leg),non_neural,60.06012623366598,2.962167248735471
GTEX-1NV8Z-2926-SM-DPRYS,65.0,58.468685,Pituitary,non_neural,90.41244915994241,53.178425787999906
GTEX-1RAZS-0426-SM-E9J4C,55.0,60.113083,Nerve - Tibial,neural,65.54891662513614,50.84132687968557
GTEX-14PN4-1626-SM-6AJB5,55.0,48.742184,Pancreas,non_neural,68.19009003441354,-9.602388648914285
GTEX-1HCUA-1826-SM-GA8Z3,55.0,50.537914,Colon - Transverse,non_neural,47.80210747825083,-48.86581510745511
GTEX-ZDXO-0011-R3a-SM-4WKFS,65.0,61.048203,Brain - Anterior cingulate cortex (BA24),neural,71.58202525006956,-19.29924685985215
GTEX-ZYT6-2826-SM-5GICX,35.0,45.323215,Colon - Sigmoid,non_neural,61.148683004232794,-32.714448892996245
GTEX-13X6J-0011-R10b-SM-5PNWA,55.0,57.11282,Brain - Frontal Cortex (BA9),neural,67.0924563740804,-26.112265836261816
GTEX-ZE7O-2926-SM-51MSG,55.0,64.9615,Minor Salivary Gland,non_neural,75.66852157565584,24.612629619436895
GTEX-1HKZK-1926-SM-9WPPK,45.0,51.145943,Testis,non_neural,30.358656358538397,-43.63141867704481
GTEX-18465-2026-SM-718AP,55.0,50.58986,Breast - Mammary Tissue,non_neural,59.59687334725896,14.707524003522911
GTEX-16NPX-0926-SM-7KUEZ,55.0,64.18534,Heart - Left Ventricle,non_neural,69.58010850264253,13.019729859435314
GTEX-1F6RS-0226-SM-9MQKO,65.0,58.584904,Adipose - Subcutaneous,non_neural,62.773334273935845,29.812978752939387
GTEX-1GF9W-0011-R6b-SM-9QEIE,65.0,61.39144,Brain - Nucleus accumbens (basal ganglia),neural,70.97544040265728,6.9677302156821534
GTEX-18D9U-0006-SM-7SB6M,45.0,56.983208,Whole Blood,non_neural,54.64197229216775,-4.602607256727624
GTEX-1QMI2-1026-SM-DTX7T,65.0,61.130203,Heart - Atrial Appendage,non_neural,68.8454535313611,31.712020144080725
GTEX-ZP4G-0426-SM-4YCER,25.0,33.029945,Pancreas,non_neural,52.37648810152503,-4.683493199151635
GTEX-1S82Z-0326-SM-GNTCP,35.0,34.866455,Artery - Aorta,non_neural,51.91402957597103,35.82843721733612
GTEX-1L5NE-0826-SM-DHXKU,55.0,56.30461,Pancreas,non_neural,65.82159918575891,4.078844625195528
GTEX-11P81-0226-SM-5HL5M,35.0,40.57626,Lung,non_neural,45.881966663842945,5.208433199579826
GTEX-1LNCM-0126-SM-F3K65,55.0,62.28098,Thyroid,non_neural,69.0743650342735,39.20810268782791
GTEX-15SHW-0326-SM-6PAML,65.0,58.770523,Skin - Sun Exposed (Lower leg),non_neural,71.22753141102042,30.79574738468594
GTEX-Y5V5-0126-SM-5S2NW,65.0,59.56096,Skin - Not Sun Exposed (Suprapubic),non_neural,78.29432179231762,28.217012763040845
GTEX-1B932-2126-SM-7IGMU,45.0,39.579163,Colon - Sigmoid,non_neural,64.70032931689553,-25.752909028518847
GTEX-145LS-2026-SM-5Q5D7,65.0,67.14622,Esophagus - Gastroesophageal Junction,non_neural,64.51799250970238,43.6233598540779
GTEX-1LBAC-0626-SM-D3L9T,25.0,33.394917,Minor Salivary Gland,non_neural,42.505933636576444,-14.498514849451443
GTEX-12696-1226-SM-5FQSM,65.0,60.460304,Heart - Atrial Appendage,non_neural,66.85839188896344,31.77068807193655
GTEX-148VJ-0726-SM-5LU8J,75.0,80.558624,Thyroid,non_neural,80.65340540858324,48.916268211747685
GTEX-11GSP-0226-SM-5A5KV,65.0,57.596207,Ovary,non_neural,76.9344870940658,1.4427365692450906
GTEX-18A6Q-3026-SM-72D6T,65.0,61.05062,Pituitary,non_neural,81.9676524580763,43.43474672135494
GTEX-13RTJ-2726-SM-5P9IL,65.0,65.91281,Muscle - Skeletal,non_neural,68.49798857018386,45.930618383166504
GTEX-R55G-0526-SM-2TC5O,45.0,46.966877,Heart - Left Ventricle,non_neural,45.43061052988662,-13.826811509655547
GTEX-13111-1526-SM-5EGJX,55.0,55.730232,Testis,non_neural,43.28668320575511,-22.497881499224462
GTEX-WHSE-0011-R3A-SM-3P5ZM,25.0,32.94137,Brain - Anterior cingulate cortex (BA24),neural,30.82048489240401,-63.68205003002225
GTEX-13PVR-1126-SM-5S2NX,65.0,62.521393,Artery - Coronary,non_neural,90.22593724904272,75.40427621040558
GTEX-14BIN-1126-SM-5RQJZ,55.0,58.896828,Skin - Not Sun Exposed (Suprapubic),non_neural,65.23011920451171,10.117907446076597
GTEX-1GZ4H-0926-SM-9WG6Y,55.0,57.565838,Adipose - Visceral (Omentum),non_neural,64.38497631861185,24.796414878232284
GTEX-18A7A-2326-SM-7KFRH,55.0,63.639214,Esophagus - Mucosa,non_neural,50.84172962047887,0.4055832940589588
GTEX-1H23P-0005-SM-A9G14,65.0,62.338837,Whole Blood,non_neural,66.07174336806021,5.230156290856341
GTEX-ZVZQ-0011-R10b-SM-51MRT,65.0,57.008465,Brain - Frontal Cortex (BA9),neural,62.94613001840736,-27.80288355175535
GTEX-1I1CD-1026-SM-COH3G,65.0,72.28201,Adipose - Visceral (Omentum),non_neural,86.85311338854211,71.3528039656522
GTEX-1F75W-0626-SM-7PC13,65.0,60.342937,Lung,non_neural,72.43976815692352,39.15892739604916
GTEX-ZT9X-1726-SM-GOQZ1,45.0,39.339268,Skin - Sun Exposed (Lower leg),non_neural,53.66335161533871,2.2070956738231264
GTEX-12ZZY-0011-R7a-SM-5EGLB,65.0,64.506546,Brain - Putamen (basal ganglia),neural,75.90870250927252,-4.165270083780939
GTEX-1JMLX-1326-SM-CXZJO,55.0,56.103912,Liver,non_neural,63.25851299901721,52.45507893753109
GTEX-YFCO-0626-SM-HM8UJ,45.0,52.375465,Esophagus - Mucosa,non_neural,48.09749771338598,-20.041571057287815
GTEX-1JMPZ-0011-R10b-SM-F6496,35.0,37.973724,Brain - Frontal Cortex (BA9),neural,66.68252964297412,4.542701828326829
GTEX-TKQ2-1526-SM-4DXUN,55.0,48.19134,Testis,non_neural,33.99573796980748,-37.83632009543211
GTEX-15CHR-0126-SM-7SB7X,55.0,49.069717,Artery - Aorta,non_neural,74.0341085618048,64.73538705751993
GTEX-14PJ4-1526-SM-664OA,65.0,58.439873,Esophagus - Mucosa,non_neural,47.977308272342114,-2.5845442178498312
GTEX-1B97J-2126-SM-79OL6,55.0,44.49076,Minor Salivary Gland,non_neural,58.94745625110858,-4.880469056956207
GTEX-15EO6-2826-SM-6PANB,55.0,60.060432,Muscle - Skeletal,non_neural,63.64625784731837,21.559223732881915
GTEX-11ZTS-1126-SM-5LU9X,65.0,60.177834,Thyroid,non_neural,78.22140294099194,47.61257564790199
GTEX-15RJ7-0226-SM-7KUMN,45.0,48.870087,Heart - Left Ventricle,non_neural,60.73340679462328,2.5965190092424866
GTEX-1RDX4-0011-R5a-SM-F33ZH,55.0,51.495926,Brain - Caudate (basal ganglia),neural,77.08734156287471,13.57372276621615
GTEX-RN64-0326-SM-2TC5J,55.0,51.446846,Muscle - Skeletal,non_neural,59.190367774249495,2.7522220364823533
GTEX-YEC4-0426-SM-4W1ZH,45.0,39.635216,Artery - Coronary,non_neural,57.130984568038684,36.56216852038488
GTEX-1H1CY-2126-SM-9OSXV,65.0,63.916077,Uterus,non_neural,78.52812853523743,-4.355567285695694
GTEX-13YAN-1326-SM-5Q5F1,65.0,63.393494,Heart - Left Ventricle,non_neural,77.83181865810079,28.29623776052888
GTEX-14E6C-0626-SM-664NA,45.0,49.100563,Artery - Aorta,non_neural,66.41329353452845,66.61473058368757
GTEX-1F75A-0526-SM-9WYSS,55.0,57.35876,Artery - Tibial,non_neural,73.49852951841251,50.71630265524074
GTEX-1CAMQ-1626-SM-7MGXG,45.0,56.092903,Pancreas,non_neural,65.56929911775222,11.838389854242234
GTEX-X4EP-1626-SM-4QAS6,65.0,63.637646,Esophagus - Mucosa,non_neural,63.415928247245915,7.115717689569418
GTEX-QV44-0326-SM-C1YQX,55.0,48.838787,Liver,non_neural,55.00432081842126,44.46694858108226
GTEX-11H98-0008-SM-5QGR8,55.0,52.899544,Cells - Cultured fibroblasts,non_neural,55.438297992096196,24.112276219803945
GTEX-ZZPU-1326-SM-5GZWS,55.0,48.679382,Thyroid,non_neural,65.53562694971731,20.447417519744356
GTEX-1JKYR-0126-SM-CNPOJ,25.0,37.944542,Skin - Sun Exposed (Lower leg),non_neural,41.42413328983224,-11.54314588128955
GTEX-PVOW-1026-SM-2XCF9,45.0,42.406914,Lung,non_neural,64.76370535418715,21.768398236878284
GTEX-PWCY-0526-SM-5P9HG,25.0,40.91435,Heart - Left Ventricle,non_neural,43.073789721324644,-14.040211312608115
GTEX-1IDJD-2426-SM-C1YS6,35.0,41.46382,Stomach,non_neural,52.270572064030404,-7.024737134746665
GTEX-1R46S-0011-R6a-SM-EZ6N6,65.0,65.9839,Brain - Nucleus accumbens (basal ganglia),neural,86.15509159534375,36.979702786264966
GTEX-Z9EW-1826-SM-5CVMA,45.0,52.500042,Adipose - Subcutaneous,non_neural,68.00142013930355,31.587774053391836
GTEX-ZZPU-2126-SM-5EGIU,55.0,46.655582,Ovary,non_neural,66.1208355172382,3.0132363497653403
GTEX-TSE9-3026-SM-3DB76,65.0,61.49705,Brain - Cortex,neural,67.22655837974195,-10.50673775187921
GTEX-1399R-1126-SM-5IFIO,35.0,37.615383,Stomach,non_neural,37.72867814249501,-37.47374969519643
GTEX-12ZZW-0126-SM-5DUVB,55.0,55.697403,Skin - Sun Exposed (Lower leg),non_neural,72.58116450132968,34.105997495453224
GTEX-ZLV1-2126-SM-4WWD2,65.0,47.101227,Muscle - Skeletal,non_neural,52.36537152038029,-9.269167405656795
GTEX-1KANC-1126-SM-CY8I7,55.0,45.830868,Uterus,non_neural,65.89198081606838,2.546359625404354
GTEX-1JKYR-1926-SM-C1YR7,25.0,29.880398,Colon - Transverse,non_neural,40.628575801480366,-50.08915103528467
GTEX-15RJE-0526-SM-6PAMN,45.0,60.09162,Artery - Tibial,non_neural,68.50675029575852,53.79922685085657
GTEX-ZF2S-1726-SM-57WFT,55.0,53.059826,Small Intestine - Terminal Ileum,non_neural,66.33441984838646,-38.66350245028529
GTEX-RNOR-0008-SM-48FEY,55.0,53.835648,Cells - Cultured fibroblasts,non_neural,62.153374227450385,31.20590263914842
GTEX-1IDJH-2026-SM-CNNQX,75.0,64.46012,Esophagus - Mucosa,non_neural,65.72520695228462,-3.7073134769332023
GTEX-1HSKV-0006-SM-ARZL9,65.0,62.856003,Whole Blood,non_neural,73.43279559218504,-14.554474433196622
GTEX-1IDJH-2926-SM-C1YQ5,75.0,51.835453,Pituitary,non_neural,87.02816042001803,62.024915801586054
GTEX-13PL7-2426-SM-5J2N3,65.0,62.488216,Colon - Sigmoid,non_neural,89.18494938600907,-4.674250512848226
GTEX-15F5U-5010-SM-AHZ2D,45.0,50.146774,Esophagus - Mucosa,non_neural,36.54351354901057,-27.47931180183432
GTEX-13PL6-0011-R5b-SM-5O9BI,45.0,62.91399,Brain - Caudate (basal ganglia),neural,68.62869427591147,20.112149045070428
GTEX-11ZTS-0011-R8a-SM-57WDI,65.0,65.54501,Brain - Hypothalamus,neural,84.49255108944534,11.987279502747406
GTEX-13OW8-0426-SM-5J2NR,65.0,65.97852,Prostate,non_neural,83.44305396180044,35.178739296255536
GTEX-1ICLY-0008-SM-F33Z7,55.0,59.14413,Cells - Cultured fibroblasts,non_neural,66.73624210035604,44.01965545670954
GTEX-1F5PL-1026-SM-7RHI1,45.0,51.041664,Breast - Mammary Tissue,non_neural,68.55442452891974,18.443638402397948
GTEX-146FH-0426-SM-5QGPS,55.0,61.00844,Artery - Tibial,non_neural,66.95440077877278,43.19090637177359
GTEX-1445S-3226-SM-5TDE1,65.0,60.70471,Pituitary,non_neural,77.73736735622242,65.11693065725443
GTEX-XV7Q-1726-SM-4BRUU,45.0,46.40791,Adipose - Visceral (Omentum),non_neural,51.9027092133352,22.31918757510411
GTEX-1B996-0006-SM-7P8OS,65.0,61.107063,Whole Blood,non_neural,71.78377799182377,-8.312083841445485
GTEX-1MJK2-1126-SM-E9TJ7,55.0,54.18547,Lung,non_neural,74.11483605982089,44.4449713712898
GTEX-1HC8U-0826-SM-ADEIL,45.0,43.30425,Breast - Mammary Tissue,non_neural,68.74255323207406,4.57099199602565
GTEX-12ZZW-1726-SM-5DUVD,55.0,60.041748,Esophagus - Mucosa,non_neural,57.29903957902253,12.51074192513928
GTEX-QVJO-0011-R2A-SM-2S1QK,65.0,62.029182,Brain - Substantia nigra,neural,81.15011133007155,-9.810995875694516
GTEX-12WSE-0926-SM-5S2VX,25.0,35.84018,Heart - Atrial Appendage,non_neural,42.44755067543899,-0.14195950529911017
GTEX-1F88E-2826-SM-7RHHE,65.0,63.231037,Brain - Cortex,neural,73.54591614413253,12.91808243605204
GTEX-ZAK1-0526-SM-5K7X4,55.0,53.454956,Muscle - Skeletal,non_neural,66.29884886709367,5.671119659135357
GTEX-RVPV-0008-SM-47JYW,65.0,42.098564,Cells - Cultured fibroblasts,non_neural,43.37164496956322,18.384945513772372
GTEX-ZPCL-1326-SM-57WFN,65.0,54.93587,Esophagus - Gastroesophageal Junction,non_neural,68.99587492684698,-3.1462390920339853
GTEX-P44H-1426-SM-E9U4O,45.0,54.555824,Esophagus - Muscularis,non_neural,72.39935828134494,23.480704363223126
GTEX-1S5ZU-1226-SM-F3K4A,25.0,31.907452,Adipose - Visceral (Omentum),non_neural,42.58497190749408,7.068703932778098
GTEX-R55C-1426-SM-48FED,45.0,49.762093,Testis,non_neural,37.58443511640485,-32.6021847401688
GTEX-1F75W-0011-R6a-SM-9QEI5,65.0,62.76993,Brain - Nucleus accumbens (basal ganglia),neural,83.81286283731123,-1.5516350221572113
GTEX-1LB8K-0002-SM-HK79U,55.0,60.471794,Cells - EBV-transformed lymphocytes,non_neural,44.85703804584303,-12.514121940713926
GTEX-1LH75-1926-SM-DIPGD,55.0,57.322067,Small Intestine - Terminal Ileum,non_neural,67.64169447332061,-7.027769191222903
GTEX-17MF6-0008-SM-EAZBV,45.0,50.146614,Cells - Cultured fibroblasts,non_neural,46.452385067166134,22.44807540437211
GTEX-13X6K-2126-SM-5O9D4,65.0,70.44302,Esophagus - Mucosa,non_neural,61.34508787305127,-1.451246785037872
GTEX-U8XE-2526-SM-4E3IT,35.0,46.01568,Prostate,non_neural,47.08813126848506,-9.748381044580604
GTEX-1MCC2-2226-SM-EV7AJ,35.0,42.835052,Minor Salivary Gland,non_neural,48.723929234386404,-3.8820198034028324
GTEX-1LG7Z-0826-SM-CXKYN,35.0,41.507195,Prostate,non_neural,54.4284561914111,3.1681030852899146
GTEX-15DZA-0826-SM-6AJBF,35.0,43.57025,Small Intestine - Terminal Ileum,non_neural,58.07337463345695,-17.68744387204775
GTEX-13O61-1626-SM-5KM3T,65.0,57.851852,Colon - Transverse,non_neural,82.902682656427,-19.142986803841296
GTEX-1IKOH-0006-SM-CMKFM,65.0,61.759216,Whole Blood,non_neural,67.67110198015118,3.2197121209243056
GTEX-12126-0011-R6b-SM-GIN99,25.0,27.47874,Brain - Nucleus accumbens (basal ganglia),neural,50.12855038713542,-30.7501859273784
GTEX-ZF29-0426-SM-4WKFN,65.0,66.55727,Heart - Atrial Appendage,non_neural,79.98695245857779,35.25546080828037
GTEX-1IDFM-0008-SM-F33Z8,65.0,64.710144,Cells - Cultured fibroblasts,non_neural,74.93974764788003,49.86818217331142
GTEX-13OW8-1626-SM-5L3HW,65.0,58.047523,Artery - Tibial,non_neural,73.10423165064796,48.06633497522515
GTEX-1N2DV-2126-SM-HL11J,45.0,50.099903,Esophagus - Muscularis,non_neural,60.28736178006284,-6.2323602628690455
GTEX-15G1A-0126-SM-GNTCJ,35.0,49.01232,Artery - Aorta,non_neural,64.94026795173002,32.96724866094824
GTEX-1399R-2126-SM-5K7WZ,35.0,44.697315,Colon - Sigmoid,non_neural,50.118266703889915,-51.4386880082984
GTEX-146FH-2626-SM-5Q5E1,55.0,59.48963,Vagina,non_neural,63.68945852309521,35.844661505782774
GTEX-1KANB-0426-SM-HLJRU,55.0,56.371407,Adipose - Subcutaneous,non_neural,69.44000709346285,17.337345211157775
GTEX-ZYFG-1925-A-SM-DLZRL,65.0,60.844135,Colon - Transverse - Mixed Cell,non_neural,63.87468162639129,-31.902106722944904
GTEX-XBEW-0006-SM-4AT4E,45.0,48.143974,Whole Blood,non_neural,44.02938837265819,-18.145254555714676
GTEX-1122O-0426-SM-5H12G,65.0,63.07531,Artery - Coronary,non_neural,74.56774317829704,45.38552594821072
GTEX-N7MS-0011-R8a-SM-2YUMK,65.0,63.305283,Brain - Hypothalamus,neural,75.0992057564737,-6.5949966083611065
GTEX-1JJ6O-0005-SM-DHXJ4,65.0,67.744484,Whole Blood,non_neural,63.20046428425606,1.0118303730474751
GTEX-ZV6S-2026-SM-5NQ8P,45.0,50.427357,Artery - Tibial,non_neural,64.64464838646312,26.386102075851937
GTEX-1I1GR-1226-SM-ACKWA,65.0,61.3788,Esophagus - Gastroesophageal Junction,non_neural,69.35111099832433,30.13556231315109
GTEX-XMD1-0011-R8A-SM-4AT48,65.0,60.603508,Brain - Hypothalamus,neural,78.30232075543952,25.13343659127098
GTEX-X585-2526-SM-4QAS1,55.0,67.54334,Adipose - Visceral (Omentum),non_neural,72.28853721807437,35.544204597339025
GTEX-1H3O1-0005-SM-ACKV8,65.0,66.65436,Whole Blood,non_neural,68.16665477507387,7.750799700619898
GTEX-1I1GR-0011-R6a-SM-CMKHI,65.0,59.24663,Brain - Nucleus accumbens (basal ganglia),neural,78.37465649891313,-2.6376951269866207
GTEX-1LBAC-0126-SM-DIPEZ,25.0,38.227768,Skin - Sun Exposed (Lower leg),non_neural,35.98446052365827,-17.21390654234596
GTEX-1H1CY-0011-R10a-SM-CE6SD,65.0,66.256386,Brain - Frontal Cortex (BA9),neural,83.02947752956703,-4.688997600324386
GTEX-T8EM-0006-SM-3DB71,45.0,45.652775,Whole Blood,non_neural,54.083935514103246,-12.511582980868914
GTEX-1RNSC-0326-SM-G9EPB,65.0,69.15127,Nerve - Tibial,neural,75.89616786399957,68.2391821529205
GTEX-1GF9W-1326-SM-7P8PX,65.0,49.743023,Kidney - Cortex,non_neural,72.23213311900129,6.27140208614868
GTEX-1399U-0426-SM-5K7UU,55.0,51.68786,Artery - Aorta,non_neural,68.37181431864967,52.35979954992938
GTEX-11WQK-0326-SM-5EQL1,55.0,45.082344,Artery - Aorta,non_neural,67.08369173444471,48.36325530592973
GTEX-11EQ8-0526-SM-5N9BC,65.0,61.85277,Muscle - Skeletal,non_neural,53.813059588940945,2.5736940316166903
GTEX-1JK1U-0526-SM-CYPSQ,65.0,57.207405,Heart - Left Ventricle,non_neural,64.60054997198151,6.1739736045343365
GTEX-17HGU-0126-SM-7DHLV,55.0,50.908222,Adrenal Gland,non_neural,67.98561920404501,14.388296466253113
GTEX-17HG3-2926-SM-79ON8,35.0,41.04552,Brain - Cortex,neural,53.940893928786636,-28.597959739367653
GTEX-15ER7-0011-R7a-SM-6M46N,25.0,27.815413,Brain - Putamen (basal ganglia),neural,49.76153121836484,-22.95311800984457
GTEX-1CB4E-0526-SM-7MXTK,65.0,52.885307,Heart - Left Ventricle,non_neural,62.46349317190369,3.86681856772315
GTEX-QVJO-0011-R6A-SM-2S1QN,65.0,65.423706,Brain - Nucleus accumbens (basal ganglia),neural,77.0732156024925,6.786266556380455
GTEX-13X6H-1626-SM-5Q5CT,55.0,51.50791,Stomach,non_neural,66.8123830899661,-24.735240938359865
GTEX-ZQUD-1926-SM-51MSA,35.0,32.286297,Breast - Mammary Tissue,non_neural,47.972961889664546,1.6767242415092587
GTEX-13OVI-0326-SM-5K7X1,65.0,62.179653,Heart - Atrial Appendage,non_neural,76.10474844527863,26.539810223167315
GTEX-ZAJG-0011-R2a-SM-GNTAX,55.0,52.31338,Brain - Substantia nigra,neural,76.20525206281812,9.222385562756354
GTEX-1R7EU-1926-SM-E9U62,65.0,58.789635,Colon - Transverse,non_neural,64.46197179570218,-39.491384695285454
GTEX-OXRP-2526-SM-GI4XQ,65.0,56.196743,Nerve - Tibial,neural,64.19083596611895,39.915364464449674
GTEX-1PDJ9-1826-SM-E9U66,25.0,37.00257,Small Intestine - Terminal Ileum,non_neural,45.44254383974183,-25.52455827570977
GTEX-13O1R-0011-R9b-SM-5KM33,65.0,62.118828,Brain - Spinal cord (cervical c-1),neural,85.53691697938919,18.632407419666382
GTEX-1HCVE-2926-SM-9WPPJ,55.0,54.33645,Brain - Cerebellum,neural,71.90003048683666,2.406455401085912
GTEX-15UF6-1926-SM-7KUDV,75.0,75.90521,Skin - Not Sun Exposed (Suprapubic),non_neural,73.45221475398192,18.80065377498405
GTEX-11NV4-0011-R9a-SM-GHWPP,65.0,56.708916,Brain - Spinal cord (cervical c-1),neural,78.58013284988301,4.838500714216214
GTEX-1PPH8-0226-SM-E8VND,25.0,34.736076,Skin - Sun Exposed (Lower leg),non_neural,39.76849794667156,-9.83251082650791
GTEX-1HCVE-2126-SM-HL9UO,55.0,60.552513,Kidney - Cortex,non_neural,76.60513861023634,34.396308736530074
GTEX-1HR98-2226-SM-ADEI2,65.0,63.667084,Skin - Not Sun Exposed (Suprapubic),non_neural,64.61560093230513,6.639003457736551
GTEX-VJYA-1126-SM-3GIJU,65.0,67.20659,Skin - Sun Exposed (Lower leg),non_neural,73.45689807112757,18.272362854734183
GTEX-ZGAY-1026-SM-4WWBR,45.0,39.900078,Thyroid,non_neural,60.971026809329786,17.91198180235188
GTEX-183FY-1126-SM-7DHLJ,25.0,35.15413,Breast - Mammary Tissue,non_neural,38.34184883833163,-20.534293070857185
GTEX-WHPG-1426-SM-3NMBB,55.0,52.959133,Lung,non_neural,63.19645342544662,-9.282641965770104
GTEX-1I6K7-1126-SM-A96SW,45.0,53.57021,Thyroid,non_neural,64.83539054905495,25.730226846638008
GTEX-1HCUA-0126-SM-B2LWC,55.0,53.669697,Thyroid,non_neural,69.86503093835992,24.800711967255467
GTEX-Y8E4-1126-SM-5IFIA,45.0,44.18991,Artery - Aorta,non_neural,66.98261555670311,34.23756134391019
GTEX-13O3O-0011-R11b-SM-5KM4G,65.0,68.35544,Brain - Cerebellar Hemisphere,neural,80.36807888384146,-13.720348073146205
GTEX-1GN73-0011-R2a-SM-CJI2V,65.0,58.834087,Brain - Substantia nigra,neural,72.00284890061236,-8.730151047177138
GTEX-11ZTS-0011-R4b-SM-GINAQ,65.0,62.82102,Brain - Amygdala,neural,83.35566800082975,7.029112239483919
GTEX-1B933-0011-R9a-SM-79OOR,55.0,57.53852,Brain - Spinal cord (cervical c-1),neural,72.58162521377163,8.907168334171445
GTEX-1AYCT-1326-SM-7MKHB,55.0,55.52149,Stomach,non_neural,68.44089761614372,-6.74862444269334
GTEX-1QP67-0626-SM-HLJQ9,45.0,50.30651,Skin - Not Sun Exposed (Suprapubic),non_neural,61.85425514264058,11.039721887093558
GTEX-XXEK-1026-SM-4BRUW,55.0,45.010674,Small Intestine - Terminal Ileum,non_neural,60.12149709173123,-5.733475176665126
GTEX-1MJK3-1126-SM-E9J3F,25.0,29.687447,Breast - Mammary Tissue,non_neural,52.30435276763528,-8.517117205986017
GTEX-RM2N-0426-SM-2TF4T,55.0,58.587288,Lung,non_neural,67.67153508753731,14.632988029108965
GTEX-111YS-1526-SM-5GZYW,65.0,63.369324,Skin - Not Sun Exposed (Suprapubic),non_neural,60.9639736924136,3.6697700389028096
GTEX-1JN1M-0011-R6b-SM-G9EQ7,65.0,58.21855,Brain - Nucleus accumbens (basal ganglia),neural,72.87949323139817,11.822494951768155
GTEX-1R9PN-1826-SM-E76SV,45.0,41.340137,Muscle - Skeletal,non_neural,49.8555103794866,-8.302605735876774
GTEX-1HB9E-0008-SM-F21JS,55.0,62.553875,Cells - Cultured fibroblasts,non_neural,45.14998800061119,31.427251998177862
GTEX-1PBJI-1326-SM-E9J2V,25.0,39.622627,Adipose - Visceral (Omentum),non_neural,47.896431361461836,15.020987221975144
GTEX-13PVR-1726-SM-5Q5EC,65.0,63.261005,Colon - Sigmoid,non_neural,75.68059320498895,-20.13500157119024
GTEX-117XS-0011-R10b-SM-GIN8Z,65.0,63.914406,Brain - Frontal Cortex (BA9),neural,64.8866090314782,-27.957026277723738
GTEX-S33H-1326-SM-4AD6A,35.0,43.924435,Adrenal Gland,non_neural,59.066763031872654,10.408962764294811
GTEX-WOFM-2126-SM-4M9R4,25.0,34.435104,Minor Salivary Gland,non_neural,55.788924123131366,-13.69227603360186
GTEX-T6MO-0526-SM-4DM6R,45.0,38.816505,Esophagus - Mucosa,non_neural,39.998900481361076,-34.665609509625554
GTEX-UJHI-0226-SM-4IHJL,55.0,47.379524,Artery - Aorta,non_neural,61.35421496855298,35.18195008594962
GTEX-1LVA9-0011-R6a-SM-EYYWH,55.0,53.267715,Brain - Nucleus accumbens (basal ganglia),neural,73.0657090346356,6.426283264677818
GTEX-PVOW-2626-SM-32PL8,45.0,51.61492,Brain - Cerebellum,neural,61.23541945365501,-28.086209440918743
GTEX-N7MT-0326-SM-48TDP,65.0,64.71213,Esophagus - Mucosa,non_neural,60.56955692603816,3.369993218627694
GTEX-11TTK-1926-SM-5PNW8,65.0,68.84736,Kidney - Cortex,non_neural,75.54996093950768,25.769105090657447
GTEX-1H1CY-2626-SM-9MQKJ,65.0,59.42688,Adipose - Subcutaneous,non_neural,71.5877882066671,35.21328782394362
GTEX-1A32A-1826-SM-72D5G,55.0,61.0488,Esophagus - Mucosa,non_neural,56.577975121871916,-0.9141043199620729
GTEX-QMRM-1626-SM-D4P1U,55.0,53.54449,Breast - Mammary Tissue,non_neural,63.06491935831828,5.555215642860195
GTEX-YFCO-1226-SM-5LUAT,45.0,42.223682,Skin - Not Sun Exposed (Suprapubic),non_neural,58.88956456488542,9.446425779529049
GTEX-1J1OQ-3126-SM-D4P2O,45.0,48.764442,Brain - Cerebellum,neural,69.35775564362459,6.278654799742725
GTEX-1I6K6-1826-SM-B2LX5,35.0,46.22132,Colon - Transverse,non_neural,50.21099952419844,-44.62668164260476
GTEX-11P82-1826-SM-5PNYJ,25.0,33.9481,Muscle - Skeletal,non_neural,31.34320287849205,-33.36037580943718
GTEX-XK95-0426-SM-4AT4R,45.0,49.778522,Adipose - Subcutaneous,non_neural,58.51079595782605,25.592255887393435
GTEX-18A66-2226-SM-7189E,65.0,60.37003,Stomach,non_neural,58.48936708129045,-11.78567001329597
GTEX-1J1OQ-0011-R6a-SM-H7OFC,45.0,55.371418,Brain - Nucleus accumbens (basal ganglia),neural,75.61279020903025,33.53861631402934
GTEX-QVJO-2826-SM-F21IP,65.0,59.996986,Cervix - Endocervix,non_neural,97.02294175142141,4.412803978342116
GTEX-1F6I4-0426-SM-7SB7K,65.0,59.07862,Nerve - Tibial,neural,66.77732996025519,34.79513433843114
GTEX-1PIIG-2126-SM-EXUSD,35.0,41.420807,Colon - Sigmoid,non_neural,62.23905016347372,-35.28649920548847
GTEX-1PIIG-0006-SM-DLZQF,35.0,48.482197,Whole Blood,non_neural,48.57961371258297,-25.61434334735221
GTEX-1IKJJ-0526-SM-CMKG8,65.0,75.490585,Artery - Tibial,non_neural,86.01635069965556,62.54371604702972
GTEX-WHWD-0005-SM-3LK7D,55.0,40.439667,Whole Blood,non_neural,46.877225276056535,-42.2588306143698
GTEX-17HII-0011-R1b-SM-7MGVW,55.0,63.44387,Brain - Hippocampus,neural,83.60389712668854,-11.775441199092356
GTEX-13D11-1226-SM-5IFGA,55.0,58.01653,Uterus,non_neural,77.888931482489,-13.802220842894476
GTEX-1KXAM-1826-SM-D3LAF,65.0,59.122284,Testis,non_neural,59.38954166777485,6.563448497463997
GTEX-12WSC-0011-R3a-SM-5P9F1,55.0,54.9542,Brain - Anterior cingulate cortex (BA24),neural,72.83912865031228,-20.224073667109202
GTEX-PLZ6-1226-SM-3P5ZS,35.0,43.33343,Testis,non_neural,53.71299628857966,7.582286661698938
GTEX-14PKU-1726-SM-GPI9F,45.0,50.16593,Colon - Sigmoid,non_neural,54.9763222306881,-36.6058048366565
GTEX-13N1W-0011-R5b-SM-5MR5Q,75.0,78.63713,Brain - Caudate (basal ganglia),neural,80.5204809829213,4.172667809052016
GTEX-S341-0726-SM-4AD5R,45.0,51.51169,Ovary,non_neural,59.73013369256911,-1.0204888145220294
GTEX-Y3I4-0426-SM-4TT29,55.0,53.54279,Lung,non_neural,62.42847230507196,13.26656963132236
GTEX-13N1W-0126-SM-5K7VT,75.0,57.074684,Skin - Sun Exposed (Lower leg),non_neural,75.03255169763084,37.616265269003776
GTEX-17HII-1326-SM-7IGOB,55.0,51.19816,Heart - Left Ventricle,non_neural,58.880088389536155,10.830520913688927
GTEX-1JMPZ-0011-R3a-SM-EYYWX,35.0,30.253677,Brain - Anterior cingulate cortex (BA24),neural,53.60475621616379,-5.147485638743958
GTEX-16YQH-0011-R8a-SM-7DUFB,35.0,34.873848,Brain - Hypothalamus,neural,46.337430546700176,-33.05920717626733
GTEX-YB5E-0226-SM-5IFHI,45.0,54.026978,Adrenal Gland,non_neural,60.36675910639313,25.376347866654182
GTEX-1IDJH-3026-SM-CL53B,75.0,73.34461,Brain - Cortex,neural,74.61340137959031,-13.209015167914458
GTEX-ZAK1-0826-SM-GRR1A,55.0,47.68889,Lung,non_neural,73.96259046004114,25.390741263385173
GTEX-14PHX-0326-SM-H7OFQ,55.0,46.31572,Thyroid,non_neural,72.65290275902423,35.88498937060541
GTEX-13OW7-0626-SM-5K7UD,55.0,60.399532,Artery - Tibial,non_neural,69.22009001888469,53.165091739999625
GTEX-PVOW-0426-SM-5MR5R,45.0,52.06855,Heart - Left Ventricle,non_neural,64.09548641930712,0.6318896383006105
GTEX-11ONC-1226-SM-H65ZC,65.0,62.50226,Adrenal Gland,non_neural,71.33905220449363,39.70617291001838
GTEX-1N2EF-0926-SM-E8VNW,65.0,62.599083,Adipose - Visceral (Omentum),non_neural,74.66705602006813,51.02704015356142
GTEX-POMQ-0008-SM-48TE7,25.0,49.583813,Cells - Cultured fibroblasts,non_neural,31.29999081837181,-6.194668010700877
GTEX-P44H-0011-R3A-SM-D3L8E,45.0,48.303608,Brain - Anterior cingulate cortex (BA24),neural,66.08092108007457,-5.332967813915129
GTEX-XPVG-1126-SM-HLJRE,55.0,53.33392,Liver,non_neural,60.669528982126764,32.9178799318257
GTEX-1OJC3-0001-SM-HM8SW,25.0,46.835434,Cells - EBV-transformed lymphocytes,non_neural,19.432642908427155,-37.42779184156615
GTEX-1E1VI-0011-R5b-SM-9WG5V,55.0,53.58039,Brain - Caudate (basal ganglia),neural,74.67017130045552,6.131392576071723
GTEX-13OVI-0001-SM-5O9BL,65.0,62.544888,Whole Blood,non_neural,66.87576291165487,-8.678528465629878
GTEX-1IDJI-2326-SM-GA918,55.0,54.763866,Colon - Transverse,non_neural,55.93785839054222,-32.18537983842584
GTEX-11ZVC-2926-SM-5986H,55.0,64.34337,Artery - Tibial,non_neural,77.36090055721505,51.10061185918226
GTEX-1HSKV-0526-SM-COH38,65.0,64.02805,Artery - Tibial,non_neural,85.15614938651682,62.28391656885202
GTEX-1IKK5-1426-SM-CJI3U,65.0,57.088524,Esophagus - Gastroesophageal Junction,non_neural,67.12322410043078,6.71578538418403
GTEX-14PJ6-0726-SM-69LOL,65.0,60.696636,Heart - Left Ventricle,non_neural,75.53104352635083,26.984172241819287
GTEX-1O9I2-0526-SM-EYYXI,55.0,59.549515,Muscle - Skeletal,non_neural,63.06675335287291,13.58797303146486
GTEX-13N1W-0326-SM-5IJDJ,75.0,76.004585,Artery - Tibial,non_neural,86.2064820873131,64.42506309769377
GTEX-PWN1-1426-SM-48TDF,45.0,48.979134,Colon - Transverse,non_neural,45.708802921003425,-43.00091333342753
GTEX-13111-1225-3-SM-7MGVN,55.0,53.035797,Stomach - Muscularis,non_neural,64.78391539286747,-35.946160403663605
GTEX-147F3-0426-SM-5MR5W,55.0,59.962425,Artery - Tibial,non_neural,69.45141759128339,33.10147241712903
GTEX-1PWST-1426-SM-EY5YU,75.0,72.78786,Adipose - Visceral (Omentum),non_neural,75.40670887982692,39.995786949114766
GTEX-11OF3-0011-R6b-SM-57WBG,65.0,61.212925,Brain - Nucleus accumbens (basal ganglia),neural,73.2204175351493,-10.399196895153931
GTEX-ZV6S-0003-SM-4YCCT,45.0,42.057255,Cells - EBV-transformed lymphocytes,non_neural,26.392185643557497,-25.03339968544713
GTEX-1GZ2Q-0011-R1a-SM-CJI2Y,45.0,42.507847,Brain - Hippocampus,neural,64.381715442585,-28.72339821887537
GTEX-Y3IK-0126-SM-4WWE9,55.0,51.543884,Spleen,non_neural,59.13410691909604,-24.023076095207063
GTEX-1H1CY-0326-SM-9QEIZ,65.0,53.761856,Heart - Left Ventricle,non_neural,70.70583917036758,3.682463236783159
GTEX-1EX96-2726-SM-7SB88,55.0,67.3598,Artery - Aorta,non_neural,80.04209793457775,80.11474506497153
GTEX-13N11-2926-SM-5K7VD,55.0,53.418137,Artery - Tibial,non_neural,66.72321057790643,35.29274116822325
GTEX-R3RS-0008-SM-48FF1,45.0,58.525536,Cells - Cultured fibroblasts,non_neural,43.8680238883084,6.582553713000462
GTEX-QCQG-1926-SM-5SI7Q,55.0,54.400265,Artery - Tibial,non_neural,74.82993304356313,41.944138988249314
GTEX-13OW8-1526-SM-5K7V2,65.0,62.172447,Nerve - Tibial,neural,76.56497024116516,43.4307180663434
GTEX-1GF9U-1226-SM-ARL9I,45.0,45.816475,Adipose - Visceral (Omentum),non_neural,59.16946543561821,25.395269077881622
GTEX-15CHQ-0326-SM-69LQD,65.0,67.90013,Skin - Not Sun Exposed (Suprapubic),non_neural,77.46884911855366,18.8877368338234
GTEX-15DYW-0006-SM-7RHFR,65.0,56.60927,Whole Blood,non_neural,66.61261628385883,-12.423084748646529
GTEX-XBEW-0126-SM-4AT66,45.0,59.0469,Thyroid,non_neural,61.45958549730436,30.877628670040377
GTEX-1QP6S-1526-SM-EXUSG,45.0,59.91203,Kidney - Cortex,non_neural,74.26061244919495,16.931616785321236
GTEX-1QEPI-1626-SM-EAZ3I,65.0,62.631195,Pancreas,non_neural,76.41138406301869,25.986896982777637
GTEX-TMMY-0005-SM-33HBN,45.0,46.02014,Whole Blood,non_neural,48.07421164723776,-19.542842463261476
GTEX-14XAO-2026-SM-69LOI,65.0,65.642494,Colon - Transverse,non_neural,67.52197704354263,-31.111586302020648
GTEX-13OW6-0011-R2a-SM-5L3HG,55.0,60.136787,Brain - Substantia nigra,neural,74.29490291671938,-5.134057459798069
GTEX-132Q8-0011-R8b-SM-5DUWX,65.0,62.549698,Brain - Hypothalamus,neural,87.70197312739398,13.805080044455904
GTEX-1MJK2-1026-SM-GNIPF,55.0,43.389038,Skin - Not Sun Exposed (Suprapubic),non_neural,53.652343026630035,2.519190617545885
GTEX-147GR-0726-SM-5S2PL,65.0,66.1056,Thyroid,non_neural,77.24566381076009,48.62859362602196
GTEX-ZXES-0926-SM-5E43O,35.0,35.496456,Adipose - Visceral (Omentum),non_neural,48.28612740825764,-6.065625129167522
GTEX-ZAJG-1226-SM-5S2MH,55.0,49.688557,Artery - Aorta,non_neural,61.447907390811324,42.483532673418665
GTEX-13NYB-0826-SM-5MR4V,45.0,52.23499,Esophagus - Muscularis,non_neural,59.30274456050607,10.157442723266998
GTEX-132NY-1426-SM-5J1MJ,65.0,59.13943,Heart - Atrial Appendage,non_neural,64.31273117375112,17.87785260173049
GTEX-PX3G-1326-SM-48U18,25.0,28.484951,Adrenal Gland,non_neural,44.8609513185244,5.409794265533074
GTEX-1I1HK-2626-SM-ARU7I,65.0,66.787575,Pituitary,non_neural,78.70099177354048,62.4912236340902
GTEX-16NGA-0626-SM-72D72,45.0,42.793762,Uterus,non_neural,61.76236426823726,-17.692808965562865
GTEX-ZLFU-1826-SM-4WWBV,45.0,59.47944,Skin - Not Sun Exposed (Suprapubic),non_neural,61.9501212954311,20.47085628163918
GTEX-13RTK-0726-SM-5Q5EN,25.0,29.920034,Adipose - Visceral (Omentum),non_neural,41.18613525813919,-11.422171706021846
GTEX-1I1HK-0426-SM-ADEHV,65.0,63.67041,Nerve - Tibial,neural,71.44593155303332,44.168267066706505
GTEX-RM2N-0126-SM-48FDD,55.0,65.52312,Adrenal Gland,non_neural,64.96898077679195,14.878723589580305
GTEX-1GN1W-1226-SM-9MQLW,55.0,60.437546,Adipose - Visceral (Omentum),non_neural,64.85836785481672,18.87884524234527
GTEX-13IVO-2426-SM-5K7V9,75.0,82.421936,Adipose - Visceral (Omentum),non_neural,70.87950270653711,25.048350074940352
GTEX-1IDJU-2226-SM-ADEIH,65.0,66.97442,Nerve - Tibial,neural,65.02310064420908,34.528020766731714
GTEX-1B8KE-0006-SM-7SB6W,55.0,63.70775,Whole Blood,non_neural,60.9814683850105,-8.15994736408616
GTEX-1JMOU-0226-SM-CNNPD,65.0,53.297806,Heart - Left Ventricle,non_neural,50.88310759070448,-3.934241715109391
GTEX-14E6E-2226-SM-5SI6F,35.0,31.61655,Nerve - Tibial,neural,40.48493337565796,14.363139073862992
GTEX-13RTJ-2126-SM-5S2PZ,65.0,64.26346,Prostate,non_neural,100.82697024577374,47.798570595677795
GTEX-11EI6-3126-SM-5H111,65.0,54.745415,Pituitary,non_neural,81.07087424826094,59.588291673736634
GTEX-11TTK-0011-R10b-SM-DO925,65.0,67.9406,Brain - Frontal Cortex (BA9),neural,85.87323066669617,13.171434782018741
GTEX-1LNCM-1126-SM-E9U5E,55.0,63.422672,Skin - Sun Exposed (Lower leg),non_neural,61.59530621968521,19.235144922363
GTEX-11I78-1226-SM-5A5K6,55.0,46.76933,Colon - Transverse,non_neural,46.63630079302409,-46.78757284833916
GTEX-12ZZX-0011-R6a-SM-5HL8L,45.0,42.909233,Brain - Nucleus accumbens (basal ganglia),neural,63.803051108247075,-8.84931230596823
GTEX-N7MS-0626-SM-2YUN7,65.0,67.11945,Artery - Tibial,non_neural,73.40645864237071,61.47612775820305
GTEX-13N11-0826-SM-5IJFP,55.0,52.898575,Adrenal Gland,non_neural,52.635351097499054,6.545569288037561
GTEX-1LH75-0011-R1a-SM-F341Y,55.0,56.241188,Brain - Hippocampus,neural,74.05177854256975,4.332154100258216
GTEX-1POEN-1026-SM-E8VNF,35.0,44.561295,Artery - Aorta,non_neural,63.468989370774366,58.968655727576774
GTEX-1OFPY-0426-SM-HL9SZ,65.0,68.62726,Prostate,non_neural,98.91848941804747,32.57757708309995
GTEX-14ASI-0011-R6a-SM-5S2UZ,65.0,60.66765,Brain - Nucleus accumbens (basal ganglia),neural,77.25654420441035,-5.460455282115965
GTEX-WOFM-0008-SM-4M9RB,25.0,31.61918,Cells - Cultured fibroblasts,non_neural,33.29176280924801,0.9399513836939564
GTEX-1E1VI-0011-R7b-SM-9QEGR,55.0,54.55361,Brain - Putamen (basal ganglia),neural,73.95727510517246,11.20161370131783
GTEX-14PN3-0326-SM-6EU1X,65.0,61.31375,Adipose - Visceral (Omentum),non_neural,74.39745921554209,31.537053453207257
GTEX-WHSE-2926-SM-3NMBG,25.0,28.03013,Brain - Cerebellum,neural,40.14564886033406,-40.860211223907726
GTEX-14AS3-0006-SM-5NQC2,45.0,44.88726,Whole Blood,non_neural,49.05186805188981,-19.250333537041513
GTEX-13W3W-0426-SM-5MR6E,65.0,53.099987,Heart - Left Ventricle,non_neural,58.075435335783396,2.353352373389004
GTEX-139T6-0826-SM-5J1O2,55.0,46.519093,Esophagus - Gastroesophageal Junction,non_neural,59.72909764652597,2.2664589049361012
GTEX-14E6E-1425-A-SM-H661B,35.0,41.092842,Pancreas - Mixed Cell,non_neural,53.145017063240275,-18.94023487089145
GTEX-1PPH8-1126-SM-HL9SW,25.0,30.857298,Spleen,non_neural,41.3060405636904,-32.742039554262995
GTEX-1C6VR-0626-SM-79OOY,65.0,60.346756,Lung,non_neural,72.3958393690217,40.11176398384479
GTEX-11DXZ-1926-SM-5GZZL,55.0,52.15846,Breast - Mammary Tissue,non_neural,67.48304391086972,4.711671725817985
GTEX-ZLWG-1526-SM-DO12F,55.0,53.107903,Stomach,non_neural,62.3662682655132,-9.487562750825091
GTEX-12BJ1-0008-SM-5TDBZ,65.0,44.946636,Cells - Cultured fibroblasts,non_neural,48.83102440517291,8.717997114520776
GTEX-OHPK-1826-SM-2YUMR,55.0,58.38804,Artery - Tibial,non_neural,73.51403741518767,34.969851888554125
GTEX-XGQ4-0426-SM-4AT4I,55.0,41.53618,Thyroid,non_neural,55.29664571750703,14.625209566297984
GTEX-11DXZ-0226-SM-5EGGZ,55.0,61.14783,Adrenal Gland,non_neural,59.88176005087233,21.848699224519173
GTEX-R55F-2726-SM-F21IE,55.0,54.030586,Pituitary,non_neural,69.73959776691949,44.58209637853199
GTEX-139TU-0726-SM-5L3EK,65.0,57.549072,Skin - Not Sun Exposed (Suprapubic),non_neural,66.79226837590103,14.537761011743918
GTEX-ZP4G-0526-SM-4YCED,25.0,26.298826,Artery - Aorta,non_neural,40.762251075385976,21.203144392193906
GTEX-Y5V6-2126-SM-4WWFX,65.0,57.148968,Breast - Mammary Tissue,non_neural,65.39897938952213,12.486760337853932
GTEX-13OVJ-0006-SM-5O98T,55.0,61.60726,Whole Blood,non_neural,54.62610759512336,-4.032383437919414
GTEX-14PJO-2926-SM-686ZI,65.0,66.23744,Brain - Cerebellum,neural,87.62162692356512,30.39099468809645
GTEX-14JIY-3326-SM-6871E,65.0,46.546005,Colon - Transverse,non_neural,59.482586039406016,-32.64995215949995
GTEX-12WSE-1226-SM-5P9II,25.0,29.813444,Thyroid,non_neural,54.286405679375406,23.61329869732803
GTEX-13112-2626-SM-5BC66,55.0,53.63168,Muscle - Skeletal,non_neural,57.10013607205505,-3.9907036244433294
GTEX-13X6I-2426-SM-GJ3PG,65.0,62.746315,Stomach,non_neural,63.97414733269399,18.238985219409102
GTEX-WRHU-2926-SM-4MVNQ,55.0,38.581955,Vagina,non_neural,57.19605705439443,23.25028508258682
GTEX-1KANC-1426-SM-CYPT9,55.0,52.697693,Breast - Mammary Tissue,non_neural,67.27344652313957,20.928798153313732
GTEX-1POEN-0011-R6b-SM-F3K4E,35.0,34.96091,Brain - Nucleus accumbens (basal ganglia),neural,59.326946991696786,-10.9193927982651
GTEX-ZAJG-0226-SM-5HL81,55.0,62.732662,Adipose - Subcutaneous,non_neural,67.95393576605296,42.860146440195116
GTEX-18A67-1326-SM-7LT8V,55.0,50.855038,Adipose - Visceral (Omentum),non_neural,64.08318684323841,9.759496692333126
GTEX-RTLS-0726-SM-46MV4,65.0,58.321762,Artery - Coronary,non_neural,68.94158095270645,30.505565457062882
GTEX-1AMFI-0626-SM-731DR,55.0,53.050056,Adrenal Gland,non_neural,55.51869825613272,11.425844273255654
GTEX-1F52S-2226-SM-7MXVE,65.0,67.36142,Ovary,non_neural,85.11400706292591,33.78310438672665
GTEX-REY6-1126-SM-48FDU,65.0,54.73708,Artery - Aorta,non_neural,76.60568042287096,64.10594583156099
GTEX-1R9JW-0726-SM-DTXFH,35.0,40.077477,Artery - Aorta,non_neural,58.40393648497431,40.25172899562069
GTEX-1B8L1-1326-SM-7MKG6,65.0,51.575386,Adrenal Gland,non_neural,81.79923821775364,31.834814811249352
GTEX-1B8KE-0226-SM-7EWEK,55.0,50.32853,Artery - Aorta,non_neural,67.44364666786568,49.36900947389282
GTEX-1B8L1-0011-R10b-SM-7P8Q4,65.0,60.8392,Brain - Frontal Cortex (BA9),neural,68.11166918564261,-19.923984357875504
GTEX-1GZ4H-0326-SM-7P8QX,55.0,48.355873,Breast - Mammary Tissue,non_neural,62.42277854674319,5.482644215784208
GTEX-13OW5-0011-R1b-SM-5L3GE,65.0,61.62784,Brain - Hippocampus,neural,81.85306868532811,18.8158280599601
GTEX-1ICLZ-1626-SM-CE6SS,65.0,57.10209,Adipose - Visceral (Omentum),non_neural,74.27201019739495,29.527770352241504
GTEX-14PJN-1826-SM-6AJ98,35.0,39.983017,Skin - Not Sun Exposed (Suprapubic),non_neural,52.08068870727979,3.926858449934772
GTEX-144GO-0011-R1a-SM-5PNWO,65.0,69.26869,Brain - Hippocampus,neural,97.81584808561477,11.688230829576204
GTEX-11DXY-0126-SM-5H11Q,65.0,61.55582,Skin - Not Sun Exposed (Suprapubic),non_neural,60.833050445461524,15.176755095492876
GTEX-13VXT-1826-SM-5KM2F,25.0,28.542854,Esophagus - Gastroesophageal Junction,non_neural,48.73756034760905,-17.814543340613785
GTEX-13JVG-3026-SM-5IJEV,65.0,49.3201,Pituitary,non_neural,76.20692259242,59.05632327272896
GTEX-1POEN-0011-R3b-SM-F3412,35.0,35.76101,Brain - Anterior cingulate cortex (BA24),neural,56.04445304102234,-36.53417077041397
GTEX-OHPK-0626-SM-GRR2Y,55.0,51.464813,Esophagus - Muscularis,non_neural,66.74908236695666,-5.468023540007297
GTEX-X5EB-2426-SM-4E3HX,45.0,52.955215,Adipose - Subcutaneous,non_neural,64.73563550486507,39.810196558896536
GTEX-15G1A-0006-SM-7PC1Z,35.0,49.448296,Whole Blood,non_neural,34.568983233924214,-35.19854189189738
GTEX-11DXZ-0826-SM-HAV1R,55.0,55.605904,Pancreas,non_neural,72.92203149497381,-5.706483762848042
GTEX-RVPV-1626-SM-GMXAK,65.0,60.412796,Breast - Mammary Tissue,non_neural,74.91256454137195,27.452999132184104
GTEX-1RQEC-0011-R4b-SM-F342C,65.0,55.617397,Brain - Amygdala,neural,63.208056834520036,-31.944698338818537
GTEX-OXRO-0126-SM-G8W7T,65.0,68.89188,Skin - Sun Exposed (Lower leg),non_neural,75.7801660250868,45.613110579404804
GTEX-11TT1-2326-SM-5GU6N,25.0,42.611984,Muscle - Skeletal,non_neural,30.9902213005945,-29.644625702712744
GTEX-ZWKS-0626-SM-5GIDV,35.0,43.38346,Skin - Not Sun Exposed (Suprapubic),non_neural,50.731650167945105,6.324335870652071
GTEX-13X6I-0011-R4b-SM-5PNU9,65.0,65.6053,Brain - Amygdala,neural,80.19135610177185,2.1821181769475073
GTEX-12BJ1-1126-SM-5EGGG,65.0,54.63695,Pancreas,non_neural,70.06804450393906,-1.3484339445703106
GTEX-1KAFJ-0626-SM-D3L8X,55.0,59.939262,Esophagus - Mucosa,non_neural,64.36974114087656,-1.127947106050444
GTEX-14PJ4-1926-SM-6LLHG,65.0,58.887253,Colon - Transverse,non_neural,67.45540077711442,-26.662076283828256
GTEX-145MH-2526-SM-GJ3RS,55.0,48.048065,Colon - Transverse,non_neural,65.12911435105399,-24.166457044802968
GTEX-13NZA-0011-R11b-SM-5KM4W,65.0,58.23891,Brain - Cerebellar Hemisphere,neural,76.87238030776248,-11.931742450453287
GTEX-ZPU1-2126-SM-57WED,45.0,52.496872,Testis,non_neural,44.068044806081915,-18.941377488257036
GTEX-11UD2-0726-SM-5EQ69,55.0,52.297684,Lung,non_neural,69.99880894279546,25.622927090680392
GTEX-OIZF-1526-SM-2I5GR,65.0,57.16054,Stomach,non_neural,53.74520409971366,-20.339321195941277
GTEX-13RTK-0326-SM-5RQHS,25.0,35.125828,Thyroid,non_neural,48.10511261860893,11.587264754723883
GTEX-RU1J-1026-SM-46MUR,25.0,33.61987,Uterus,non_neural,49.167858341245335,-29.77780324363338
GTEX-17F96-0526-SM-79OLE,75.0,69.43014,Thyroid,non_neural,74.7502173804099,44.30146851506378
GTEX-1PBJI-0726-SM-EXUSQ,25.0,40.436047,Thyroid,non_neural,42.64693140336698,8.082837737551653
GTEX-1CAMR-0626-SM-7DHMI,25.0,30.867748,Esophagus - Gastroesophageal Junction,non_neural,37.662491385932455,-29.85361854435822
GTEX-1NV5F-0011-R2a-SM-G8LME,65.0,61.023956,Brain - Substantia nigra,neural,80.08847132690613,38.200498093393676
GTEX-13FHO-1726-SM-DPRZX,65.0,63.156654,Esophagus - Mucosa,non_neural,58.52966639161198,3.9119026748107704
GTEX-ZDXO-0126-SM-5S2ND,65.0,63.73708,Breast - Mammary Tissue,non_neural,72.86494943862144,29.640634712344504
GTEX-1MCC2-1426-SM-GPI8Q,35.0,41.230324,Colon - Sigmoid,non_neural,58.538634098488245,-33.38348373282365
GTEX-T8EM-1626-SM-3DB7K,45.0,44.438614,Artery - Tibial,non_neural,67.07124110342322,20.816446982889737
GTEX-169BO-0008-SM-EAZ32,55.0,61.81213,Cells - Cultured fibroblasts,non_neural,53.161017030140684,18.457155646145946
GTEX-13OVL-0006-SM-5O996,55.0,60.08146,Whole Blood,non_neural,62.259567018477156,-13.65813497977044
GTEX-1KWVE-0011-R10b-SM-F649A,35.0,40.422813,Brain - Frontal Cortex (BA9),neural,49.327603102174194,-38.53994110821243
GTEX-1JMPZ-0011-R8b-SM-F341A,35.0,39.8134,Brain - Hypothalamus,neural,72.68616580812413,17.290310689093268
GTEX-14PJO-0626-SM-6LLHH,65.0,56.753544,Thyroid,non_neural,79.82072907912621,49.936521165856526
GTEX-1EX96-2226-SM-7MKGT,55.0,50.988728,Esophagus - Mucosa,non_neural,50.30056642523418,-19.333568603505782
GTEX-11DXY-1026-SM-5987V,65.0,61.17015,Heart - Atrial Appendage,non_neural,74.4928314860816,27.197819285392324
GTEX-TKQ2-0004-SM-3NMAC,55.0,44.77286,Cells - EBV-transformed lymphocytes,non_neural,14.207565675203071,-39.06108245210981
GTEX-1A32A-1726-SM-731BW,55.0,61.245922,Artery - Coronary,non_neural,70.07205358583526,59.14059255041463
GTEX-146FQ-1126-SM-5NQBM,35.0,44.337963,Esophagus - Muscularis,non_neural,46.907514903514155,-22.322334394332138
GTEX-11TUW-0226-SM-5LU8X,65.0,61.04832,Thyroid,non_neural,79.38632749690197,47.91756642860872
GTEX-1211K-1426-SM-5FQTF,65.0,58.560944,Stomach,non_neural,77.74315353766099,-0.38342926858610266
GTEX-14A5I-0005-SM-5N9FU,55.0,62.076817,Whole Blood,non_neural,56.15442885425395,-4.218198040956958
GTEX-1H23P-0011-R9a-SM-CM2T1,65.0,57.384575,Brain - Spinal cord (cervical c-1),neural,88.60915899696862,24.59283864343846
GTEX-1269C-2526-SM-5EGJ3,65.0,64.196625,Skin - Sun Exposed (Lower leg),non_neural,70.48193361092989,30.693248601116412
GTEX-1I1GQ-1126-SM-CNNQT,55.0,49.221973,Lung,non_neural,72.13985111965829,20.29917065707891
GTEX-1RQED-1126-SM-EVYCU,65.0,69.64477,Artery - Aorta,non_neural,78.15751457514327,79.79696244614917
GTEX-ZEX8-1626-SM-4WKG7,55.0,43.891537,Stomach,non_neural,67.9287286344923,-8.412932197229672
GTEX-1HCVE-3126-SM-GA8Z9,55.0,57.18703,Pituitary,non_neural,73.08231926770516,47.05227338049372
GTEX-1GMRU-0326-SM-9WYT6,55.0,51.650063,Muscle - Skeletal,non_neural,62.12295767358165,7.612702049839677
GTEX-ZT9X-0126-SM-4YCFC,45.0,39.65697,Adrenal Gland,non_neural,45.3268034660225,3.82316798620746
GTEX-1C6VR-2526-SM-7DHMT,65.0,63.18615,Muscle - Skeletal,non_neural,66.64749287591913,8.407077814038193
GTEX-1HFI7-2326-SM-CGQFS,55.0,56.08217,Skin - Not Sun Exposed (Suprapubic),non_neural,58.29032103350626,8.35380585816911
GTEX-13O3Q-0011-R1b-SM-5KM3L,55.0,51.06302,Brain - Hippocampus,neural,61.76878569389197,-32.81378032094785
GTEX-1B97I-0526-SM-73KXE,45.0,43.990234,Adipose - Visceral (Omentum),non_neural,59.09025723015293,7.015124576817697
GTEX-XMK1-2526-SM-4B666,45.0,49.732166,Artery - Tibial,non_neural,60.46791163528957,16.757939348668994
GTEX-YEC3-1126-SM-5IFIH,55.0,51.907654,Artery - Tibial,non_neural,71.57550445574276,30.875229335959414
GTEX-RU1J-1326-SM-46MUL,25.0,34.788017,Colon - Transverse,non_neural,43.07621176638297,-57.378203861434784
GTEX-1K2DU-2226-SM-CXZJY,25.0,31.40386,Testis,non_neural,25.525865986883844,-23.61776144496519
GTEX-ZTPG-1926-SM-HAUZ1,25.0,47.044655,Ovary,non_neural,41.105010847834876,-3.9350005003632478
GTEX-1JKYR-1026-SM-CGQGI,25.0,33.983902,Pancreas,non_neural,46.13488124996823,-16.036183434392516
GTEX-13U4I-0006-SM-5N9CI,45.0,46.905777,Whole Blood,non_neural,45.90768271168368,-15.360287294259377
GTEX-16YQH-0006-SM-7P8OQ,35.0,48.1072,Whole Blood,non_neural,48.25671657972549,-20.520337383817203
GTEX-1H3VE-0326-SM-9YFLH,45.0,62.076317,Skin - Sun Exposed (Lower leg),non_neural,64.63765833702082,24.205359846583875
GTEX-13FTZ-0126-SM-5K7V3,65.0,71.2042,Artery - Aorta,non_neural,80.12562757716736,82.00590007672977
GTEX-16MTA-1725-B-SM-DLZRY,55.0,58.988503,Colon - Transverse - Mucosa,non_neural,55.58810998388698,-37.649679789447944
GTEX-1MA7W-1026-SM-DKPQK,25.0,44.549644,Breast - Mammary Tissue,non_neural,58.53491529050977,7.9133445932370945
GTEX-XLM4-2326-SM-4AT5E,65.0,56.641037,Esophagus - Mucosa,non_neural,55.508298474171866,2.809271897145119
GTEX-16BQI-0226-SM-7KUEX,35.0,45.520714,Skin - Sun Exposed (Lower leg),non_neural,56.04471092926653,22.07142336287055
GTEX-T8EM-1026-SM-3DB7M,45.0,45.330025,Skin - Sun Exposed (Lower leg),non_neural,50.32208009348979,-4.514446049703772
GTEX-145MH-0006-SM-GJ3QU,55.0,65.71647,Whole Blood,non_neural,60.91818733749912,-11.459089249678238
GTEX-15CHQ-2226-SM-HAUY2,65.0,52.709007,Adrenal Gland,non_neural,87.79309532108681,23.425065639141096
GTEX-TSE9-0011-R6A-SM-3DB7L,65.0,63.083107,Brain - Nucleus accumbens (basal ganglia),neural,72.07951369669831,0.06140834917515545
GTEX-15CHC-0226-SM-5YYBB,65.0,65.2764,Lung,non_neural,82.2645753170028,49.640065757292795
GTEX-N7MT-0011-R6a-SM-2I3G3,65.0,68.500374,Brain - Nucleus accumbens (basal ganglia),neural,82.01882841263316,19.11774971080125
GTEX-Q734-0526-SM-2I3EH,45.0,49.077248,Thyroid,non_neural,61.32986320360641,28.7149634614634
GTEX-13PL7-1726-SM-5J2NX,65.0,56.632698,Lung,non_neural,74.94872621753338,19.340952271840084
GTEX-17HII-0826-SM-7DUFH,55.0,56.59157,Adipose - Visceral (Omentum),non_neural,69.40919429767159,52.688229402286005
GTEX-ZYW4-0008-SM-G9EPG,65.0,55.990376,Cells - Cultured fibroblasts,non_neural,51.25075779229063,8.540709174358016
GTEX-13N1W-3026-SM-GIN9V,75.0,68.084656,Brain - Cortex,neural,73.537557496718,-12.402043787031655
GTEX-YJ89-0726-SM-5P9F7,65.0,60.923584,Thyroid,non_neural,59.645888915935856,19.778755460086845
GTEX-111YS-1026-SM-5GZYE,65.0,60.00099,Esophagus - Muscularis,non_neural,72.33589760414714,6.617881953602778
GTEX-17KNJ-0926-SM-7IGP2,55.0,53.036667,Lung,non_neural,62.127645688489764,19.943769440657867
GTEX-1HKZK-1826-SM-ADEJ2,45.0,46.01089,Breast - Mammary Tissue,non_neural,60.89203341607619,-1.7991324874533827
GTEX-ZE7O-3026-SM-51MS4,55.0,62.47467,Stomach,non_neural,78.32162257879304,38.68641033789621
GTEX-1PBJJ-0126-SM-GPIAI,35.0,46.603287,Skin - Sun Exposed (Lower leg),non_neural,45.78009691550167,7.994610390924388
GTEX-1C6VQ-2126-SM-7IGNL,55.0,49.56578,Spleen,non_neural,68.82940540477979,19.25782657614115
GTEX-1PPGY-0126-SM-F2I3L,65.0,57.82328,Prostate,non_neural,76.96310350891585,16.484578798021502
GTEX-1JMPZ-0008-SM-HM8TB,35.0,38.433735,Cells - Cultured fibroblasts,non_neural,45.609596551054636,12.539749836016078
GTEX-14A5I-1226-SM-5NQBW,55.0,60.62749,Heart - Left Ventricle,non_neural,62.265748048503795,2.9868239738677036
GTEX-1LH75-0011-R4a-SM-F2TAM,55.0,57.231503,Brain - Amygdala,neural,85.95125840385984,24.938258594009863
GTEX-X5EB-0726-SM-46MVR,45.0,54.879597,Thyroid,non_neural,68.44223862508686,41.02423137052521
GTEX-1IDJF-1126-SM-ARU7O,25.0,33.522644,Esophagus - Gastroesophageal Junction,non_neural,48.52936376673948,0.08973785163805695
GTEX-1EN7A-1626-SM-79OLV,45.0,45.40328,Adipose - Visceral (Omentum),non_neural,68.07498973119428,54.0690157764267
GTEX-QV31-0826-SM-CKZNC,35.0,35.88439,Colon - Transverse,non_neural,36.86711146113207,-51.15326176432996
GTEX-14PJO-3126-SM-HAV2P,65.0,58.741825,Pituitary,non_neural,88.96655015222717,68.86594704536317
GTEX-1S82P-0008-SM-HPAF6,65.0,47.315773,Cells - Cultured fibroblasts,non_neural,71.24277611660145,48.59031570806713
GTEX-13OVJ-2426-SM-5KM3I,55.0,59.757633,Ovary,non_neural,69.79428106737484,29.658194087732706
GTEX-1LH75-0926-SM-EAZ5C,55.0,52.573555,Liver,non_neural,63.53421293420695,53.265878670326856
GTEX-11O72-0008-SM-5Q5DN,45.0,48.18513,Cells - Cultured fibroblasts,non_neural,56.03973201471413,21.57785292031884
GTEX-1JMQL-0926-SM-CJI3F,55.0,44.594307,Thyroid,non_neural,68.81761015857383,20.832050558299315
GTEX-O5YT-1826-SM-32PK9,25.0,35.217575,Artery - Tibial,non_neural,44.56641263331893,8.17670625347103
GTEX-1MUQO-0005-SM-DKPPT,65.0,47.777794,Whole Blood,non_neural,59.277855144407354,-13.26001351000392
GTEX-1RMOY-0126-SM-EWRNN,55.0,64.78272,Thyroid,non_neural,78.50257913750858,55.57304380942113
GTEX-POMQ-0426-SM-3P61G,25.0,28.875057,Artery - Aorta,non_neural,54.75193539609856,26.79519482725381
GTEX-ZYY3-2926-SM-5GIEB,65.0,65.54733,Skin - Not Sun Exposed (Suprapubic),non_neural,69.01042774044484,30.07334991434822
GTEX-11EM3-2126-SM-5H11M,25.0,28.652798,Muscle - Skeletal,non_neural,31.844558200357753,-30.99527061668078
GTEX-1ICLY-1126-SM-D4P37,55.0,62.75942,Artery - Aorta,non_neural,84.4927452377127,94.47835728344585
GTEX-1A3MX-0011-R7a-SM-7DUEM,65.0,63.913246,Brain - Putamen (basal ganglia),neural,82.30516422862296,13.740959880607038
GTEX-14ICK-1126-SM-69LOO,45.0,47.641033,Esophagus - Gastroesophageal Junction,non_neural,56.836088059171274,-8.371621820401279
GTEX-1E1VI-0011-R4b-SM-9QEHV,55.0,56.844822,Brain - Amygdala,neural,69.0036368139211,-12.578842891241916
GTEX-1RNSC-1226-SM-E9U52,65.0,63.75364,Lung,non_neural,84.20314198228888,51.78376339559555
GTEX-WQUQ-1626-SM-4M9QT,65.0,59.211227,Esophagus - Mucosa,non_neural,54.25082363289626,-8.731823803176653
GTEX-132Q8-1126-SM-5K7XS,65.0,64.579636,Heart - Atrial Appendage,non_neural,74.38410897138742,34.18359337146859
GTEX-13X6K-3026-SM-5QGPA,65.0,59.15844,Pituitary,non_neural,90.10534896448425,70.71118177237786
GTEX-1GMR2-2326-SM-7PC18,55.0,45.191383,Nerve - Tibial,neural,73.15891055755624,37.370051577283526
GTEX-13FTW-1226-SM-5LZZ1,45.0,54.77828,Prostate,non_neural,61.50563976471308,-1.0851008257471488
GTEX-1JN6P-1126-SM-CKZON,65.0,61.63199,Heart - Left Ventricle,non_neural,66.5514854409241,5.515722610687817
GTEX-1F6I4-1326-SM-7P8QQ,65.0,58.713737,Prostate,non_neural,73.2992990726951,11.04687812006704
GTEX-12584-0011-R9b-SM-GI4WC,45.0,56.93891,Brain - Spinal cord (cervical c-1),neural,73.85627100592963,8.909756420398349
GTEX-1KD5A-0726-SM-DIPEO,55.0,52.074577,Muscle - Skeletal,non_neural,61.46714100558577,2.423294231792254
GTEX-XLM4-1026-SM-4AT51,65.0,59.95143,Adipose - Visceral (Omentum),non_neural,78.89382518180489,51.093420117002516
GTEX-1LSVX-0011-R9b-SM-G8LL2,65.0,67.1564,Brain - Spinal cord (cervical c-1),neural,86.8133765160243,15.617884677082692
GTEX-17KNJ-0005-SM-7PBYB,55.0,49.367912,Whole Blood,non_neural,61.193547055732665,-28.32309856570049
GTEX-1IL2V-0226-SM-CMKI2,75.0,69.81719,Adipose - Subcutaneous,non_neural,83.06184192045703,39.99081574905935
GTEX-145LV-2526-SM-5S2VA,55.0,54.128353,Nerve - Tibial,neural,66.61143486199553,36.92377646504504
GTEX-NPJ8-0007-SM-2D7VX,45.0,44.293083,Whole Blood,non_neural,32.796440103748466,-44.75469209537876
GTEX-T5JW-1026-SM-EZ6LR,25.0,23.190136,Bladder,non_neural,50.734560359027455,11.711296774563573
GTEX-11P81-2026-SM-5P9GT,35.0,36.65883,Minor Salivary Gland,non_neural,51.87756601912439,-13.448591280995341
GTEX-131XG-1026-SM-5GCMX,55.0,55.26937,Esophagus - Mucosa,non_neural,55.95100921377137,-11.143129765643936
GTEX-1QCLZ-0726-SM-EY5Z8,65.0,65.518005,Artery - Aorta,non_neural,83.58644256810346,65.90300530575698
GTEX-XQ8I-1726-SM-4BOQB,55.0,59.75656,Spleen,non_neural,64.64366693967497,-13.081436304533215
GTEX-1GN2E-2026-SM-9JGGG,65.0,50.143852,Prostate,non_neural,61.97657107676298,16.547331580110058
GTEX-XMD3-0226-SM-GNTAP,55.0,47.142006,Adipose - Subcutaneous,non_neural,63.33632347445953,15.26998011214991
GTEX-1A3MV-0008-SM-EAZDA,35.0,47.290844,Cells - Cultured fibroblasts,non_neural,36.5989776363963,7.975150511521006
GTEX-1LSNM-1726-SM-GQ1EB,55.0,56.32103,Testis,non_neural,47.18304696550116,-8.13507801670735
GTEX-ZT9X-1426-SM-5DUX1,45.0,45.224266,Testis,non_neural,37.98713838092786,-28.274389246443985
GTEX-1EKGG-0011-R7a-SM-CKZNN,65.0,61.547546,Brain - Putamen (basal ganglia),neural,72.55068596537481,-8.115663176179979
GTEX-Y9LG-0006-SM-4VBRK,35.0,31.776758,Whole Blood,non_neural,44.7614191992905,-27.97945574946066
GTEX-Y3IK-0926-SM-51MQU,55.0,53.0139,Artery - Coronary,non_neural,77.52169799219962,50.57557554617848
GTEX-1EKGG-1226-SM-7IGNO,65.0,56.245743,Liver,non_neural,62.77201749343138,56.81435466568513
GTEX-1BAJH-2126-SM-7EWFB,75.0,63.76818,Adipose - Visceral (Omentum),non_neural,76.16372539866265,36.08489296742327
GTEX-1IKK5-0826-SM-ACKWN,65.0,58.45065,Adipose - Visceral (Omentum),non_neural,57.35702511892484,31.101913341243637
GTEX-1MCC2-1126-SM-EVYD6,35.0,34.09495,Vagina,non_neural,43.1555637017382,13.736591225189075
GTEX-15DDE-0126-SM-6LPKH,55.0,52.62462,Skin - Sun Exposed (Lower leg),non_neural,58.412326862562054,18.119081718106532
GTEX-1B97J-0926-SM-79ONU,55.0,55.230972,Esophagus - Muscularis,non_neural,57.960543635553535,-0.978521117343307
GTEX-1HSMQ-2626-SM-A9SML,55.0,58.240883,Skin - Not Sun Exposed (Suprapubic),non_neural,53.7166310391314,-10.382648877352171
GTEX-1GN73-2226-SM-9YFLF,65.0,71.00578,Artery - Aorta,non_neural,86.2902956730685,83.78846647085435
GTEX-14DAR-1826-SM-664N1,55.0,55.10614,Muscle - Skeletal,non_neural,54.19034791901137,-5.8249265887588715
GTEX-1LKK1-0011-R11a-SM-EXOIG,55.0,56.447773,Brain - Cerebellar Hemisphere,neural,76.94472699239623,29.493735174651167
GTEX-1H3VY-2026-SM-9JGHK,55.0,54.352814,Esophagus - Mucosa,non_neural,40.65305725408932,-23.95933115729426
GTEX-1CAMR-0226-SM-7DUGO,25.0,30.76236,Thyroid,non_neural,38.04956114195679,5.615469840531628
GTEX-P44H-0526-SM-2XCF1,45.0,53.542675,Nerve - Tibial,neural,58.291658815005434,35.519420586716635
GTEX-1HCUA-0006-SM-ACKV9,55.0,54.083603,Whole Blood,non_neural,53.2733418722045,-46.04560171211041
GTEX-POYW-1226-SM-2XCEP,65.0,60.448,Lung,non_neural,66.22889172378505,34.14402987633505
GTEX-1EKGG-0011-R6a-SM-CL538,65.0,56.086903,Brain - Nucleus accumbens (basal ganglia),neural,76.1828957448512,-8.7515788783323
GTEX-X4EO-2726-SM-4E3HS,65.0,60.243206,Colon - Sigmoid,non_neural,81.23792815980597,3.2352951210308807
GTEX-1N2EF-0326-SM-EYYXC,65.0,59.967583,Artery - Tibial,non_neural,74.6466659180686,37.57198332449782
GTEX-1HT8W-3026-SM-CGQEO,35.0,37.345146,Brain - Cortex,neural,53.057750761112985,-32.29780557739745
GTEX-15SZO-0726-SM-HLJRR,55.0,49.382507,Testis,non_neural,43.183978411690575,-33.36445168582241
GTEX-132Q8-2926-SM-5IFFP,65.0,70.38865,Brain - Cerebellum,neural,84.71032370952071,26.47300175238653
GTEX-13NYS-0626-SM-5L3F1,65.0,52.327366,Skin - Not Sun Exposed (Suprapubic),non_neural,72.7351605384833,14.281651205044096
GTEX-13OVG-0226-SM-5LU93,65.0,62.257282,Thyroid,non_neural,70.16123001592514,32.051145828578896
GTEX-1A32A-2626-SM-73KX9,55.0,65.74241,Colon - Sigmoid,non_neural,77.37452124882117,-9.780157047690972
GTEX-14JFF-0011-R11a-SM-G8W7I,65.0,62.912792,Brain - Cerebellar Hemisphere,neural,74.75639048743143,-15.500837614899593
GTEX-1399U-0326-SM-5P9G5,55.0,49.128674,Thyroid,non_neural,67.29544060080164,24.388509292091516
GTEX-1JN76-1426-SM-AHZ4F,25.0,14.182495,Ovary,non_neural,29.789924879092027,-15.735841204952871
GTEX-X4XX-1026-SM-4QARO,65.0,63.18834,Lung,non_neural,66.86544204618045,27.87316381053686
GTEX-T5JW-1326-SM-4DM5G,25.0,32.443768,Esophagus - Mucosa,non_neural,17.145703775457804,-39.22492556267041
GTEX-SE5C-0426-SM-4BRUI,45.0,52.379616,Artery - Coronary,non_neural,56.143821067494,17.41702520276379
GTEX-R55D-0326-SM-48FES,55.0,47.11656,Adipose - Subcutaneous,non_neural,55.75859929281033,19.187752273651128
GTEX-T6MN-0011-R11A-SM-32QOX,55.0,53.822586,Brain - Cerebellar Hemisphere,neural,64.99474991793778,-25.519177348195722
GTEX-13CF3-1526-SM-5J2NB,65.0,64.29734,Esophagus - Muscularis,non_neural,68.66305963747622,6.073510680316331
GTEX-11XUK-2126-SM-5EQLR,45.0,42.229275,Adipose - Subcutaneous,non_neural,58.30294965240438,19.365271394863928
GTEX-R55D-0826-SM-48FEA,55.0,45.63541,Breast - Mammary Tissue,non_neural,62.05830226278566,9.683914903875454
GTEX-XPVG-2826-SM-4B66J,55.0,73.33085,Nerve - Tibial,neural,70.02535738714896,42.46923903744845
GTEX-1POEN-2226-SM-DPRXV,35.0,34.52619,Minor Salivary Gland,non_neural,44.228992476063084,-17.598817332095894
GTEX-17KNJ-2126-SM-718AM,55.0,53.867226,Skin - Not Sun Exposed (Suprapubic),non_neural,60.08192862971494,-0.8490699289292383
GTEX-ZP4G-1226-SM-4WWCJ,25.0,35.090126,Stomach,non_neural,42.5997019380239,-25.05140296127452
GTEX-131XG-1526-SM-5GCNQ,55.0,56.59483,Colon - Sigmoid,non_neural,68.83558264156686,-23.92235462310449
GTEX-1OJC3-1926-SM-DPRYV,25.0,31.290073,Prostate,non_neural,56.85694996493524,-9.439481458819325
GTEX-1IE54-0326-SM-ARZMD,45.0,53.09845,Muscle - Skeletal,non_neural,56.773178173594815,5.52058908619465
GTEX-1F88F-2626-SM-9WG5K,65.0,58.10427,Adipose - Subcutaneous,non_neural,61.96688754846767,17.84693259820004
GTEX-1BAJH-1226-SM-7SB7A,75.0,74.26921,Artery - Coronary,non_neural,85.71461404053515,56.68314358110766
GTEX-ZF3C-0926-SM-DO92P,55.0,54.307537,Lung,non_neural,68.05900928697775,32.81851856862407
GTEX-15CHR-5005-SM-HL11N,55.0,51.60263,Lung,non_neural,70.89561271725645,17.223630371134714
GTEX-WFG7-0001-SM-3P61S,25.0,41.608406,Cells - EBV-transformed lymphocytes,non_neural,29.584007340488654,-32.87289415534052
GTEX-13O21-2926-SM-5J1OU,55.0,59.34092,Artery - Coronary,non_neural,77.70003142568228,58.598873928778744
GTEX-1AYD5-2626-SM-7PBXY,55.0,62.569313,Skin - Not Sun Exposed (Suprapubic),non_neural,59.98884904228049,17.062130949274852
GTEX-1N2EF-0011-R7a-SM-F2T9O,65.0,62.78215,Brain - Putamen (basal ganglia),neural,77.86113616058694,-7.946354025613487
GTEX-13D11-0726-SM-5LZZB,55.0,51.910797,Small Intestine - Terminal Ileum,non_neural,58.2178276306945,-21.722457662436643
GTEX-1EH9U-2026-SM-7PBYS,65.0,70.57475,Colon - Transverse,non_neural,77.79386815203338,0.6473764722525304
GTEX-1JKYN-1126-SM-CGQG5,35.0,34.661243,Thyroid,non_neural,50.63927254619098,16.85236921101425
GTEX-13OVK-2226-SM-6LPJY,45.0,38.30406,Testis,non_neural,40.20236759511806,-39.44107002392722
GTEX-1AMFI-2126-SM-731BT,55.0,47.012276,Adipose - Subcutaneous,non_neural,68.79913153989219,23.233368202708164
GTEX-131XE-2526-SM-5EQ57,55.0,62.96189,Nerve - Tibial,neural,66.96221121759233,44.82613440963401
GTEX-1AX8Z-0826-SM-7DUFZ,65.0,50.49891,Thyroid,non_neural,66.03692686530101,20.145610644015235
GTEX-1IY9M-0011-R10b-SM-EY5YG,65.0,59.073925,Brain - Frontal Cortex (BA9),neural,70.35886395745686,-17.13438140062973
GTEX-11NUK-1026-SM-5HL5J,55.0,60.10878,Thyroid,non_neural,66.42122286094535,42.811505049954356
GTEX-WWYW-1326-SM-3NB2S,55.0,59.835365,Heart - Left Ventricle,non_neural,60.1532453549337,16.8872031416118
GTEX-1R9K4-0626-SM-E76OZ,65.0,64.09645,Muscle - Skeletal,non_neural,74.08668304385779,29.85866552482043
GTEX-1S82U-0326-SM-GQ1DW,35.0,42.155094,Esophagus - Gastroesophageal Junction,non_neural,55.381889325549864,-5.680683767148339
GTEX-RNOR-0726-SM-2TF5I,55.0,60.39678,Lung,non_neural,73.60038532312703,27.20006423711081
GTEX-1RQED-0011-R8a-SM-G8LKO,65.0,66.77245,Brain - Hypothalamus,neural,91.59563826239068,3.9581850334662154
GTEX-12WSA-0011-R8a-SM-5P9EX,65.0,67.68219,Brain - Hypothalamus,neural,84.56260972274434,21.65017217661322
GTEX-18A66-2425-B-SM-DLZQR,65.0,48.809,Colon - Transverse - Mucosa,non_neural,47.53317255039005,-52.08502157990186
GTEX-1S82U-0001-SM-HPAEW,35.0,43.034004,Cells - EBV-transformed lymphocytes,non_neural,37.941211247747646,-1.3514940878947848
GTEX-1H11D-1426-SM-9MQKY,45.0,46.130585,Artery - Coronary,non_neural,57.94461031245615,31.366100088818417
GTEX-XMK1-2626-SM-4B65R,45.0,46.032387,Minor Salivary Gland,non_neural,59.94323749311992,-17.242239562962506
GTEX-1F52S-0006-SM-ARL6X,65.0,62.547497,Whole Blood,non_neural,63.348061861463776,3.8280016866929474
GTEX-17MFQ-1626-SM-7938Z,25.0,30.423872,Minor Salivary Gland,non_neural,44.042730532972115,-16.35705364327244
GTEX-15RIF-1426-SM-7KUKQ,25.0,29.352634,Colon - Sigmoid,non_neural,36.16458992015879,-64.55181494474462
GTEX-1HT8W-0011-R2a-SM-CMKH9,35.0,38.4214,Brain - Substantia nigra,neural,52.4432433162313,-29.1010417424038
GTEX-17F96-2326-SM-GOQZI,75.0,72.13736,Prostate,non_neural,88.72253688340643,49.840327102445194
GTEX-16NPV-0011-R11a-SM-7IGMK,55.0,42.934135,Brain - Cerebellar Hemisphere,neural,74.3157459152582,24.81952953349387
GTEX-1I1CD-1326-SM-A9SMM,65.0,70.97934,Heart - Atrial Appendage,non_neural,80.19698357080074,52.11344901046805
GTEX-1B8SG-1726-SM-73KXK,55.0,49.674904,Brain - Cortex,neural,63.19274545026653,-5.236291637597308
GTEX-ZVT2-0926-SM-5GICE,55.0,53.51377,Heart - Atrial Appendage,non_neural,66.31852862593699,12.642733893450103
GTEX-1LGRB-2526-SM-CNPPQ,55.0,47.84664,Skin - Sun Exposed (Lower leg),non_neural,56.215587414698604,8.96965600767339
GTEX-15SHU-0008-SM-EAZ35,45.0,51.2634,Cells - Cultured fibroblasts,non_neural,38.51864341241698,23.993595493793077
GTEX-14ICK-2326-SM-H7OFR,45.0,55.910686,Testis,non_neural,46.97898382905262,-21.48746463515627
GTEX-12WSF-1526-SM-6PAN6,75.0,53.206863,Adipose - Visceral (Omentum),non_neural,70.83905407661473,43.741358745352464
GTEX-1H3VY-2226-SM-9WYU7,55.0,46.43373,Esophagus - Gastroesophageal Junction,non_neural,61.196837158693015,-0.7862359057314039
GTEX-145MI-0126-SM-GI4WU,65.0,69.28511,Artery - Tibial,non_neural,86.49048346421924,53.00369583607174
GTEX-1IKOE-1326-SM-CE6T6,35.0,50.362965,Breast - Mammary Tissue,non_neural,55.134846575149524,1.8479540771604923
GTEX-S3XE-0526-SM-4AD4G,55.0,56.182804,Pancreas,non_neural,65.53313979979725,3.9666504483376994
GTEX-REY6-0926-SM-48FDA,65.0,54.69967,Artery - Coronary,non_neural,64.27259917925916,39.4592243662841
GTEX-1LBAC-0226-SM-DHXJZ,25.0,30.429838,Adipose - Subcutaneous,non_neural,39.84481420131152,9.80249603508413
GTEX-1KANB-1826-SM-DHXJU,55.0,47.82468,Esophagus - Mucosa,non_neural,49.02092958416088,-18.79092988504961
GTEX-145MO-2126-SM-5Q5CZ,65.0,65.01249,Pancreas,non_neural,73.16259293195314,11.351344151773134
GTEX-1R46S-0011-R4b-SM-F2TBF,65.0,70.597946,Brain - Amygdala,neural,100.55869461191875,18.766565203760283
GTEX-15RIF-1526-SM-6M46K,25.0,25.75673,Prostate,non_neural,42.93698104120932,-13.641395968206213
GTEX-WYJK-2526-SM-4ONDF,55.0,45.817215,Stomach,non_neural,58.86936364361364,-11.439164329341711
GTEX-U3ZN-2126-SM-4DXU1,35.0,41.505512,Colon - Transverse,non_neural,44.393040485699004,-44.68254638431572
GTEX-1RQEC-1726-SM-HKZZX,65.0,57.327293,Esophagus - Muscularis,non_neural,62.15026300130394,14.845202634005721
GTEX-147F3-0526-SM-5MR69,55.0,59.384,Skin - Sun Exposed (Lower leg),non_neural,67.83157215043022,12.518285623248277
GTEX-15CHQ-0011-R6b-SM-69LOX,65.0,68.94974,Brain - Nucleus accumbens (basal ganglia),neural,84.05359306715988,3.3483348815714318
GTEX-14BMV-0011-R8a-SM-G9ERM,55.0,57.90558,Brain - Hypothalamus,neural,76.92269420278777,-3.98663536114448
GTEX-132AR-1825-A-SM-H661J,55.0,52.050873,Pancreas - Mixed Cell,non_neural,68.36882369917164,-12.287319994661837
GTEX-1LKK1-3126-SM-EWRNY,55.0,46.153538,Brain - Cortex,neural,74.2359876496942,26.531760946529406
GTEX-18D9A-0008-SM-EAZBS,35.0,37.845055,Cells - Cultured fibroblasts,non_neural,33.30285316550773,11.666154954364918
GTEX-117XS-0005-SM-5PNU6,65.0,61.116848,Whole Blood,non_neural,62.63644012850256,-23.887910348238783
GTEX-14A6H-2426-SM-5Q5BO,35.0,35.767616,Thyroid,non_neural,56.42480597024607,28.50859246319955
GTEX-1OJC4-0005-SM-DKPQ4,55.0,51.38028,Whole Blood,non_neural,55.29711377487,-11.48432816333405
GTEX-1PPGY-0011-R2b-SM-F33YW,65.0,64.43093,Brain - Substantia nigra,neural,78.15490283413828,-0.40060565255821906
GTEX-1399R-0526-SM-5IJEF,35.0,44.753757,Prostate,non_neural,50.54412476248082,5.388444353524674
GTEX-ZVE2-0826-SM-H6Q6M,55.0,60.508457,Heart - Atrial Appendage,non_neural,63.33019021373856,14.932310476637488
GTEX-1GN2E-0826-SM-9WYT8,65.0,68.68271,Thyroid,non_neural,84.7276594445452,53.78940530696121
GTEX-13OW7-0011-R6a-SM-GJ3Q7,55.0,55.773838,Brain - Nucleus accumbens (basal ganglia),neural,75.19117674648767,-6.205726350166951
GTEX-1C475-2026-SM-793CI,45.0,56.81904,Nerve - Tibial,neural,63.382824309621725,28.555331134064215
GTEX-1I1GR-3026-SM-ARU7C,65.0,57.376602,Pituitary,non_neural,86.67789951991804,55.35486075176401
GTEX-131YS-0011-R1a-SM-5DUXC,65.0,62.458458,Brain - Hippocampus,neural,73.36860470736373,-22.815810190029435
GTEX-XV7Q-2726-SM-9WG6W,45.0,56.210827,Nerve - Tibial,neural,69.39421311243042,54.78581903908115
GTEX-1S83E-1426-SM-EV7B8,45.0,36.02954,Pancreas,non_neural,54.719924498308814,-4.786282279597365
GTEX-1339X-0008-SM-5ZZUL,45.0,45.02555,Cells - Cultured fibroblasts,non_neural,59.78331139253788,19.85935816401951
GTEX-14753-0011-R6b-SM-5S2UD,65.0,58.445786,Brain - Nucleus accumbens (basal ganglia),neural,86.46420171876122,30.355009848494053
GTEX-1HBPM-0926-SM-ARL9C,65.0,58.42314,Thyroid,non_neural,71.89581570157428,33.947940658893295
GTEX-14PN4-0011-R5a-SM-686ZV,55.0,49.29361,Brain - Caudate (basal ganglia),neural,65.51185918457085,-2.973451020859606
GTEX-1J1OQ-0826-SM-CXZJG,45.0,50.402264,Liver,non_neural,66.73181160116451,44.50311586579448
GTEX-1I1GR-2926-SM-G8LLX,65.0,64.15809,Brain - Cortex,neural,73.65997542821985,-15.890293456873444
GTEX-XQ3S-1626-SM-4WAYN,25.0,39.889378,Adipose - Subcutaneous,non_neural,54.75584039480725,19.90446338094744
GTEX-S4Z8-1026-SM-72D6N,65.0,60.36963,Colon - Transverse,non_neural,55.98036134182753,-36.81663638515026
GTEX-RU72-0008-SM-46MV8,55.0,33.92413,Cells - Cultured fibroblasts,non_neural,62.57027160395987,25.036235916177933
GTEX-1122O-1926-SM-5EGIQ,65.0,55.929527,Stomach,non_neural,65.8372411561663,0.23428034093815042
GTEX-1KANA-1126-SM-D3L9M,25.0,45.054554,Stomach,non_neural,29.51520443518818,-35.70980449112677
GTEX-13O61-0526-SM-5J2M1,65.0,55.24656,Heart - Left Ventricle,non_neural,60.94601853140793,13.252260428845872
GTEX-1GF9X-1526-SM-7P8QP,45.0,53.152893,Colon - Transverse,non_neural,57.68245224011123,-31.20208437862927
GTEX-15DYW-0011-R4a-SM-6M46V,65.0,65.03988,Brain - Amygdala,neural,74.25088852898027,-16.558020143281595
GTEX-1I4MK-0002-SM-EZ6M9,55.0,55.697636,Cells - EBV-transformed lymphocytes,non_neural,25.012665468545407,-31.50591982302824
GTEX-1IKOH-2326-SM-CM2TW,65.0,67.05216,Breast - Mammary Tissue,non_neural,83.1709804376274,46.55458858925217
GTEX-14E7W-3126-SM-68725,75.0,60.31916,Pituitary,non_neural,83.9667322905028,58.51645495012297
GTEX-14PJ6-0226-SM-6AJ9K,65.0,54.846676,Spleen,non_neural,70.12941072494085,-1.7105514175315735
GTEX-11UD1-0011-R6b-SM-GI4WJ,45.0,55.219414,Brain - Nucleus accumbens (basal ganglia),neural,74.55849042814785,15.888514170903148
GTEX-SE5C-0626-SM-2XCDV,45.0,57.5027,Heart - Left Ventricle,non_neural,58.64862220149048,9.79650916935386
GTEX-13D11-0426-SM-5LZYA,55.0,51.445557,Adrenal Gland,non_neural,57.85282636061331,6.225364059653486
GTEX-1HCU9-0826-SM-GA8ZD,25.0,41.362274,Esophagus - Mucosa,non_neural,35.67159416353425,-31.14796535279744
GTEX-ZF2S-0326-SM-4WKGD,55.0,51.204712,Spleen,non_neural,59.6601656889617,-18.047975944030316
GTEX-11ZTS-0011-R7a-SM-GI4XD,65.0,60.84449,Brain - Putamen (basal ganglia),neural,75.17089925513766,9.076629828945526
GTEX-16XZY-0126-SM-7IGQ9,75.0,65.27066,Spleen,non_neural,71.49215837249574,14.368449219684072
GTEX-1PBJJ-1226-SM-F3K66,35.0,46.125896,Adipose - Visceral (Omentum),non_neural,59.91550718751391,39.43601956912606
GTEX-1GF9U-2426-SM-7SB8C,45.0,51.888382,Nerve - Tibial,neural,59.134519333335305,45.359975744595864
GTEX-XLM4-0008-SM-4AT4W,65.0,55.422276,Cells - Cultured fibroblasts,non_neural,76.15577950790784,41.108156328486494
GTEX-1PIIG-1426-SM-EXOIS,35.0,44.927303,Adrenal Gland,non_neural,53.94620186070749,7.571637580323326
GTEX-14PJ6-1226-SM-6LLHJ,65.0,66.1867,Artery - Coronary,non_neural,86.8300624565205,64.70051641170974
GTEX-P4QT-0226-SM-3LK68,55.0,67.760414,Adipose - Subcutaneous,non_neural,65.31978955597698,30.520494760935378
GTEX-ZVZQ-0011-R4b-SM-57WCZ,65.0,60.57599,Brain - Amygdala,neural,74.09649316803609,-20.523459595320535
GTEX-1CB4J-0011-R8a-SM-9QEHU,65.0,65.046234,Brain - Hypothalamus,neural,86.48696771654076,38.0429808251136
GTEX-1C6VS-0726-SM-7EPHF,65.0,58.202496,Breast - Mammary Tissue,non_neural,67.36467680993871,17.71586724788209
GTEX-1JMOU-2626-SM-AHZ49,65.0,60.517513,Pituitary,non_neural,87.71463235034682,65.79789162688098
GTEX-1JN76-1026-SM-ARZNI,25.0,23.914925,Adipose - Visceral (Omentum),non_neural,37.97578299758425,-0.23290903778981725
GTEX-1RDX4-1926-SM-E6CJJ,55.0,55.31367,Colon - Sigmoid,non_neural,71.29754833287303,-19.294424914147164
GTEX-11EMC-2926-SM-5EQ4F,65.0,61.150925,Skin - Sun Exposed (Lower leg),non_neural,63.555411173189015,28.815347666351265
GTEX-RWSA-0826-SM-2XCBF,45.0,48.664307,Thyroid,non_neural,63.117135782377076,34.53569842379679
GTEX-1CB4E-1026-SM-793AB,65.0,55.425167,Esophagus - Mucosa,non_neural,50.311017423717686,-20.540597646721917
GTEX-11NSD-0926-SM-5N9DR,25.0,25.470613,Breast - Mammary Tissue,non_neural,40.914428267298405,-8.009491867827625
GTEX-131XG-1426-SM-5GCMO,55.0,51.574158,Pancreas,non_neural,66.52782794513573,0.22584554458156442
GTEX-1C475-1926-SM-7DUFV,45.0,49.443836,Adipose - Subcutaneous,non_neural,64.66182409306495,16.81545529001035
GTEX-15CHQ-0011-R7b-SM-D4P1Q,65.0,64.44944,Brain - Putamen (basal ganglia),neural,86.25417854731066,2.1234138138273844
GTEX-1QW4Y-0005-SM-DO93W,35.0,50.263504,Whole Blood,non_neural,47.97926708113923,-27.901564255689145
GTEX-13NZ9-0626-SM-5IJCO,55.0,51.121822,Muscle - Skeletal,non_neural,46.19136235106947,-16.848282641002495
GTEX-RNOR-2126-SM-EXURR,55.0,64.50774,Bladder,non_neural,80.44813263242126,40.58163227579623
GTEX-SIU8-2226-SM-EAZ2T,55.0,50.781067,Prostate,non_neural,64.68251845635712,5.578945912128346
GTEX-1EU9M-0626-SM-7MXUT,65.0,58.08982,Thyroid,non_neural,77.57954951647858,38.19094539754575
GTEX-ZVE2-0326-SM-57WFC,55.0,50.364063,Adipose - Subcutaneous,non_neural,65.54112031804925,21.133784639694298
GTEX-14A5H-0826-SM-5QGPJ,65.0,68.15949,Skin - Not Sun Exposed (Suprapubic),non_neural,70.323213172084,17.540394533966964
GTEX-OXRN-1426-SM-3LK5U,55.0,63.097176,Nerve - Tibial,neural,72.67915372071539,58.88930213776988
GTEX-1LGRB-2826-SM-COH46,55.0,54.173138,Nerve - Tibial,neural,57.51822206771915,17.625924251348515
GTEX-13NZ9-2026-SM-5KM1U,55.0,51.90852,Adipose - Visceral (Omentum),non_neural,69.36410360265354,44.18143484337054
GTEX-1IDJU-1226-SM-A9G2T,65.0,65.290276,Esophagus - Muscularis,non_neural,73.07474741327013,-0.6134052016980136
GTEX-13111-0626-SM-5LZVR,55.0,47.834976,Adipose - Visceral (Omentum),non_neural,54.28869540988589,-4.400540804080476
GTEX-ZF29-0006-SM-4WKGQ,65.0,63.276157,Whole Blood,non_neural,65.21998819869748,-15.01260583080064
GTEX-1BAJH-1626-SM-73KUV,75.0,64.80618,Heart - Left Ventricle,non_neural,81.4509260273634,14.519645946075633
GTEX-1ICLZ-2826-SM-CL53U,65.0,63.677284,Brain - Cortex,neural,87.70158586144038,17.49622894753651
GTEX-OXRN-1226-SM-2I5EL,55.0,52.523308,Artery - Tibial,non_neural,73.59282441219715,55.580821750141496
GTEX-1AX8Z-2726-SM-73KUC,65.0,56.622112,Colon - Transverse,non_neural,66.99339731884916,-43.59691964495485
GTEX-1E2YA-2626-SM-7MGWW,55.0,50.301632,Colon - Transverse,non_neural,60.651735061722505,-21.29043310658841
GTEX-OOBK-3125-SM-3LK5R,45.0,46.206676,Adrenal Gland,non_neural,61.052649372574024,18.35927947988226
GTEX-1A3MV-0126-SM-731FQ,35.0,38.45589,Spleen,non_neural,41.86394346947465,-27.018122342283007
GTEX-1CB4H-2726-SM-7EWFF,65.0,62.300472,Uterus,non_neural,80.62955483157128,39.69875560097882
GTEX-1QAET-0926-SM-E76QM,55.0,56.883007,Skin - Sun Exposed (Lower leg),non_neural,62.292159196225384,18.64978009953557
GTEX-14ICK-1826-SM-69LOP,45.0,49.993137,Prostate,non_neural,68.71433230477153,4.857757273401092
GTEX-111FC-0011-R6b-SM-GIN8M,65.0,62.296745,Brain - Nucleus accumbens (basal ganglia),neural,75.30090299361933,-8.537995529383812
GTEX-RWSA-0926-SM-47JXW,45.0,49.750523,Artery - Aorta,non_neural,68.34876880473291,50.8912347437338
GTEX-YECK-1126-SM-G8W5Y,65.0,69.32246,Artery - Coronary,non_neural,78.74299620997846,67.1005351315715
GTEX-16XZZ-0926-SM-7DHLI,65.0,62.486954,Lung,non_neural,72.53792096006575,45.890935980169836
GTEX-Y111-2726-SM-4TT3N,55.0,60.41148,Brain - Cortex,neural,69.4589735514115,-21.934297349848904
GTEX-1EMGI-1926-SM-7938Y,65.0,69.0608,Esophagus - Mucosa,non_neural,60.21373816887372,5.44510647560809
GTEX-WY7C-0426-SM-3NB3C,55.0,55.26007,Lung,non_neural,61.335987049090264,7.42568757192119
GTEX-15CHQ-2826-SM-HAUZ4,65.0,70.39965,Prostate,non_neural,96.04943491858126,30.440202547063958
GTEX-15DYW-1726-SM-7KUM5,65.0,66.74202,Esophagus - Gastroesophageal Junction,non_neural,79.42184628097283,34.185768735515445
GTEX-UPJH-0526-SM-4IHK8,55.0,58.22505,Muscle - Skeletal,non_neural,61.81556923713454,7.874814357965644
GTEX-13OW8-0526-SM-5KM24,65.0,63.33459,Testis,non_neural,56.85304088349382,13.959319217611458
GTEX-1HSGN-0826-SM-ACKW3,45.0,45.92962,Skin - Not Sun Exposed (Suprapubic),non_neural,56.149478077726116,6.666139220998474
GTEX-12696-1826-SM-5EGJS,65.0,62.254425,Adipose - Visceral (Omentum),non_neural,70.00518820912131,38.93799567266331
GTEX-1GPI6-0526-SM-9MQKR,65.0,59.36559,Artery - Tibial,non_neural,79.27199334412828,57.61913441193023
GTEX-13QJ3-0926-SM-5P9FO,55.0,47.260323,Thyroid,non_neural,70.98943741764985,34.225724151982114
GTEX-REY6-1426-SM-48FDK,65.0,46.59702,Esophagus - Muscularis,non_neural,64.94296017127289,4.138336298442917
GTEX-1LKK1-0011-R5b-SM-EY5YB,55.0,49.684475,Brain - Caudate (basal ganglia),neural,74.85170089914904,25.898457283065863
GTEX-1QP28-0426-SM-E8VOL,55.0,44.214592,Artery - Tibial,non_neural,67.25672014518142,30.273841017676705
GTEX-12ZZY-1226-SM-5GCNK,65.0,58.89334,Heart - Atrial Appendage,non_neural,71.62580710876055,20.2195648664801
GTEX-132QS-2426-SM-62LFI,65.0,46.888702,Nerve - Tibial,neural,67.4600402498052,41.17989932413442
GTEX-13SLX-0011-R1a-SM-H6Q8N,55.0,57.025326,Brain - Hippocampus,neural,75.54767714702692,-19.796401388855152
GTEX-1LG7Z-1226-SM-DHXK4,35.0,43.68423,Stomach,non_neural,45.576743511088964,-16.94332997155335
GTEX-YEC3-2026-SM-DKPOL,55.0,63.797546,Colon - Sigmoid,non_neural,67.29251660772218,-21.0415576887789
GTEX-1JN1M-2726-SM-CY8I4,65.0,65.8765,Skin - Not Sun Exposed (Suprapubic),non_neural,63.82845907408897,9.879105277927849
GTEX-1GN1V-3026-SM-9JGH9,65.0,68.52174,Pituitary,non_neural,85.17671659136536,69.14557695765095
GTEX-14BIN-0626-SM-5PNXJ,55.0,64.09542,Skin - Sun Exposed (Lower leg),non_neural,64.35980403427008,22.06657776221019
GTEX-1C6VR-0011-R4b-SM-9QEGZ,65.0,65.66614,Brain - Amygdala,neural,82.688871716765,-9.393496887663082
GTEX-ZVT3-0011-R10b-SM-57WB6,65.0,70.188736,Brain - Frontal Cortex (BA9),neural,85.85441824823248,2.756568738969155
GTEX-11P81-1126-SM-5GU5G,35.0,31.769552,Colon - Transverse,non_neural,52.74921432769992,-35.94359341521912
GTEX-14A5H-0226-SM-5S2VK,65.0,64.3858,Artery - Tibial,non_neural,85.31133459451588,60.55862872145266
GTEX-Y114-0326-SM-4TT99,55.0,50.325836,Artery - Coronary,non_neural,73.0996050918286,55.159472823079504
GTEX-T5JW-2026-SM-4DM63,25.0,27.515781,Breast - Mammary Tissue,non_neural,36.87501880005499,-37.86464881117887
GTEX-1GN73-0626-SM-7PC3I,65.0,63.430923,Adipose - Visceral (Omentum),non_neural,69.55459477500517,29.846914553736962
GTEX-11EQ9-1726-SM-5HL6U,35.0,32.321392,Prostate,non_neural,62.456779612145056,5.109342264275654
GTEX-13G51-0011-R11b-SM-5J2NE,65.0,58.84548,Brain - Cerebellar Hemisphere,neural,76.15448287229727,-17.29279575068574
GTEX-1ICG6-1526-SM-C1YQT,75.0,57.01442,Ovary,non_neural,75.35361864703303,17.395723441157298
GTEX-18A6Q-0426-SM-731CC,65.0,76.13518,Nerve - Tibial,neural,72.65851458053739,39.98388095237974
GTEX-P4QT-1326-SM-3NMD3,55.0,51.154438,Adrenal Gland,non_neural,48.632055232421266,5.366098905918669
GTEX-YJ8A-0126-SM-GNTAR,25.0,22.030472,Artery - Aorta,non_neural,38.540275528167896,-3.4344127477352817
GTEX-ZVZP-2626-SM-51MR4,55.0,54.227505,Nerve - Tibial,neural,69.74284887611311,44.27106967250591
GTEX-13NZA-0011-R9b-SM-5MR5I,65.0,57.34415,Brain - Spinal cord (cervical c-1),neural,81.24196161770831,20.02736511565844
GTEX-ZDYS-0426-SM-5IJEQ,55.0,49.145233,Lung,non_neural,72.80865120579178,21.563950345733108
GTEX-1H1ZS-0011-R3b-SM-CE6RS,75.0,73.59407,Brain - Anterior cingulate cortex (BA24),neural,76.95717112455631,2.2119845108696463
GTEX-1A8FM-1826-SM-7MGXO,55.0,54.409073,Pancreas,non_neural,72.59088822743283,8.923372658505945
GTEX-1R7EV-2026-SM-DTX83,45.0,53.898087,Muscle - Skeletal,non_neural,54.63665113199299,-8.474845042037982
GTEX-1RAZQ-0926-SM-EAZ4Q,35.0,35.15926,Thyroid,non_neural,43.66367784120206,12.928838428474794
GTEX-ZTPG-0008-SM-4YCEK,25.0,43.37188,Cells - Cultured fibroblasts,non_neural,30.527518133102717,-0.42348756934159676
GTEX-1JMQJ-0726-SM-CXZJJ,55.0,49.61995,Testis,non_neural,38.82397086611837,-32.00298179014171
GTEX-1I4MK-1926-SM-B2LVQ,55.0,63.218052,Nerve - Tibial,neural,61.413269166594716,19.664188247851392
GTEX-11DXW-0006-SM-5NQ7Y,45.0,44.055397,Whole Blood,non_neural,50.854203327366406,-33.66742757682816
GTEX-131XH-0011-R2b-SM-5DUVY,55.0,60.83828,Brain - Substantia nigra,neural,76.93496477561847,10.59459577404756
GTEX-ZTX8-0006-SM-4YCE4,25.0,33.155014,Whole Blood,non_neural,36.70471067431407,-44.6809029787939
GTEX-1MUQO-0726-SM-E9TJM,65.0,49.125793,Thyroid,non_neural,65.25056982159394,25.556143968020006
GTEX-1B97I-1526-SM-73KUK,45.0,42.57258,Colon - Sigmoid,non_neural,68.26836629890174,-28.8163666633622
GTEX-ZVT4-1126-SM-GPRX7,55.0,59.689575,Lung,non_neural,63.70221785355179,9.339133923379688
GTEX-1JJE9-2926-SM-CY8HV,75.0,67.43387,Brain - Cortex,neural,92.30664586906167,32.91269794233208
GTEX-1F52S-0526-SM-7P8TP,65.0,67.19418,Thyroid,non_neural,77.31293285536415,36.403091952479045
GTEX-1OJC3-1826-SM-DTX93,25.0,30.838396,Colon - Sigmoid,non_neural,38.58018465003258,-54.565409816012206
GTEX-1E2YA-0008-SM-EXURI,55.0,55.4485,Cells - Cultured fibroblasts,non_neural,47.90685773978552,25.17751620149158
GTEX-16NGA-1326-SM-718AH,45.0,47.50746,Esophagus - Muscularis,non_neural,57.201960476731585,-1.1103243780366034
GTEX-1192W-0008-SM-5QGRE,65.0,54.507244,Cells - Cultured fibroblasts,non_neural,59.447111176171376,29.389536775352553
GTEX-13OVJ-1726-SM-5IJDZ,55.0,44.197998,Colon - Transverse,non_neural,60.377110950376476,-7.5883697165641015
GTEX-139T4-0008-SM-5S2WF,55.0,56.03847,Cells - Cultured fibroblasts,non_neural,54.5437746198738,27.85848269228932
GTEX-1OFPY-0126-SM-EXOJ3,65.0,54.829704,Spleen,non_neural,67.22772983299366,5.919199503749342
GTEX-1JMQJ-1926-SM-D4P3A,55.0,47.996986,Adipose - Visceral (Omentum),non_neural,60.690116922866096,32.57337872083082
GTEX-1H1DG-0826-SM-9QEIW,75.0,68.90868,Heart - Atrial Appendage,non_neural,75.478390888695,34.46149506936329
GTEX-14A6H-5019-SM-793DH,35.0,41.132343,Muscle - Skeletal,non_neural,46.73454614703451,-9.206014320970082
GTEX-WH7G-1326-SM-4LVMS,45.0,44.151608,Colon - Transverse,non_neural,60.671112094004116,-42.29990856780549
GTEX-Y5V6-0426-SM-4VBRZ,65.0,54.231594,Artery - Aorta,non_neural,78.01427237674433,39.906298845081636
GTEX-1212Z-2026-SM-5N9EA,65.0,64.34263,Esophagus - Muscularis,non_neural,73.33478512137786,7.952721085583234
GTEX-1MJK3-0626-SM-E6CJB,25.0,34.010384,Adipose - Visceral (Omentum),non_neural,40.53033478451056,-13.654560377960763
GTEX-1HC8U-0626-SM-B2LWB,45.0,45.58577,Heart - Atrial Appendage,non_neural,58.2014239560294,6.481897626011756
GTEX-1LG7Z-1826-SM-D4P3R,35.0,36.074936,Nerve - Tibial,neural,55.23088255658169,29.255030219679266
GTEX-1J1OQ-3226-SM-A9G2Q,45.0,54.584793,Brain - Cortex,neural,72.66710506701311,20.191343647885848
GTEX-1AYD5-0326-SM-7EWEO,55.0,52.527885,Pancreas,non_neural,72.71795642878715,1.0898454502230783
GTEX-12ZZY-1426-SM-5N9EI,65.0,77.05655,Esophagus - Mucosa,non_neural,66.96583136432619,6.311325518892168
GTEX-ZT9W-1726-SM-51MS3,55.0,49.60253,Colon - Sigmoid,non_neural,63.738021997851945,-28.231110349320332
GTEX-1B8SG-0008-SM-EXOHS,55.0,55.995834,Cells - Cultured fibroblasts,non_neural,50.4045762105942,36.48908717561343
GTEX-1F75A-0011-R3b-SM-ARL8K,55.0,57.254433,Brain - Anterior cingulate cortex (BA24),neural,73.49661599827412,-24.08090659091972
GTEX-ZXES-0826-SM-5E43C,35.0,34.427155,Breast - Mammary Tissue,non_neural,59.4128586396172,-15.810097166855485
GTEX-1HSMQ-0426-SM-ADEIM,55.0,62.454628,Heart - Atrial Appendage,non_neural,64.55648138502683,12.170868924702974
GTEX-QDVJ-0826-SM-48U1S,55.0,54.61722,Esophagus - Muscularis,non_neural,56.654485652917714,-4.774296364779807
GTEX-1E1VI-0011-R11a-SM-9OSWI,55.0,58.13285,Brain - Cerebellar Hemisphere,neural,67.79599553335753,-19.64189871486335
GTEX-1H3VY-1926-SM-9JGHJ,55.0,48.66981,Kidney - Cortex,non_neural,67.68152313855698,20.782794906314436
GTEX-14XAO-0008-SM-E9U4M,65.0,54.912544,Cells - Cultured fibroblasts,non_neural,77.97992825108517,42.21180262141522
GTEX-1J8JJ-0008-SM-F2T9K,65.0,55.030113,Cells - Cultured fibroblasts,non_neural,45.39583977098428,29.50395805507888
GTEX-13CIG-0011-R5b-SM-5L3F2,55.0,58.868717,Brain - Caudate (basal ganglia),neural,72.88138611238561,10.376133055438359
GTEX-XMK1-0526-SM-GPRWY,45.0,52.283665,Heart - Atrial Appendage,non_neural,55.65180113626677,-4.701426799507701
GTEX-1R9JW-1326-SM-E6CQ7,35.0,30.21847,Uterus,non_neural,54.27327454461347,-16.781960967574502
GTEX-1LVAM-1626-SM-EV79Y,55.0,48.670845,Colon - Transverse,non_neural,54.22692915233921,-39.30970423132262
GTEX-183WM-2526-SM-731BP,75.0,64.63184,Colon - Sigmoid,non_neural,80.25541674420023,5.096636150866433
GTEX-W5WG-2226-SM-4LMI3,55.0,53.92056,Artery - Tibial,non_neural,72.56085184826989,34.49791151351199
GTEX-17MFQ-2126-SM-7LG5W,25.0,29.012815,Artery - Tibial,non_neural,51.23973483707533,6.013910739285219
GTEX-1OJC3-0126-SM-E76QX,25.0,28.501713,Skin - Sun Exposed (Lower leg),non_neural,37.544952767260426,-18.3001455481144
GTEX-1B8SF-0011-R1b-SM-7P8Q8,65.0,63.011154,Brain - Hippocampus,neural,79.86237804698756,-28.040772578826626
GTEX-139TS-0011-R10a-SM-5K7TU,65.0,62.679756,Brain - Frontal Cortex (BA9),neural,79.96636645182272,-4.340791953136273
GTEX-Y3IK-0426-SM-4WWE2,55.0,51.2043,Pancreas,non_neural,68.15625460488943,-10.369577526640692
GTEX-1GMRU-2126-SM-7P8RA,55.0,52.4111,Skin - Not Sun Exposed (Suprapubic),non_neural,52.64505075145135,0.7352664248717091
GTEX-1KANA-0826-SM-D3L9J,25.0,32.58495,Adipose - Subcutaneous,non_neural,41.582920888414876,-1.9757176706160031
GTEX-ZTTD-0001-SM-4YCD5,55.0,40.13527,Cells - EBV-transformed lymphocytes,non_neural,38.44333171761964,-14.496837094457021
GTEX-15CHQ-0426-SM-HL9UE,65.0,36.367664,Breast - Mammary Tissue,non_neural,66.26815936780999,-10.358725204216988
GTEX-Y5V5-0426-SM-4VBPU,65.0,58.464718,Artery - Aorta,non_neural,69.31814372191361,49.5737655224182
GTEX-ZUA1-2626-SM-5NQ92,45.0,55.41922,Skin - Not Sun Exposed (Suprapubic),non_neural,58.81484063482765,4.870032331600397
GTEX-YEC3-1026-SM-5IFI5,55.0,50.441555,Breast - Mammary Tissue,non_neural,63.22731838274312,12.414895957012554
GTEX-P4PQ-0526-SM-2HMKR,65.0,55.494057,Lung,non_neural,75.8749963239709,11.818698829901953
GTEX-1CAMR-1526-SM-79OLP,25.0,34.236145,Testis,non_neural,48.143582214626804,-21.30917129304218
GTEX-1212Z-0226-SM-59HLF,65.0,64.08516,Liver,non_neural,63.11161929653022,52.76740911209504
GTEX-1R7EU-1226-SM-E8VMR,65.0,56.460983,Breast - Mammary Tissue,non_neural,69.81224134562953,8.152057002934853
GTEX-1122O-0003-SM-5Q5DL,65.0,43.01927,Cells - EBV-transformed lymphocytes,non_neural,36.78925212132009,-22.19862022981973
GTEX-O5YU-0008-SM-4E3I7,65.0,55.448967,Cells - Cultured fibroblasts,non_neural,47.383540971887314,20.118151159051713
GTEX-1MJK3-0526-SM-F2I3I,25.0,22.1716,Stomach,non_neural,44.03073685425433,-24.87529647969565
GTEX-1R9JW-2426-SM-DTXFI,35.0,46.655033,Muscle - Skeletal,non_neural,51.01637664460445,8.842392410697652
GTEX-U3ZM-0926-SM-4DXSW,45.0,40.93885,Prostate,non_neural,55.596612813901984,-15.195854229950355
GTEX-11H98-0011-R11b-SM-5NQ6U,55.0,68.124176,Brain - Cerebellar Hemisphere,neural,73.06095494878679,-5.950333327735596
GTEX-1F75I-2226-SM-7SB8U,45.0,50.972385,Skin - Not Sun Exposed (Suprapubic),non_neural,43.98339850118616,-19.09688558334768
GTEX-11UD1-0011-R3a-SM-5BC6S,45.0,50.875217,Brain - Anterior cingulate cortex (BA24),neural,65.49522557437143,-3.474911499845952
GTEX-1HCUA-0526-SM-A9SMH,55.0,60.19635,Heart - Left Ventricle,non_neural,67.20717007273025,8.019068300800454
GTEX-12ZZZ-0011-R10a-SM-5P9HC,65.0,65.82835,Brain - Frontal Cortex (BA9),neural,74.3166524811259,-17.5048436658952
GTEX-1JKYN-1326-SM-CGQG9,35.0,35.60193,Skin - Sun Exposed (Lower leg),non_neural,55.273240162312135,12.055325357334036
GTEX-13OVK-2026-SM-7KUEO,45.0,40.969128,Skin - Sun Exposed (Lower leg),non_neural,48.5103476269845,3.1878362604592034
GTEX-11TUW-1126-SM-5EQKJ,65.0,62.543304,Heart - Atrial Appendage,non_neural,64.45989742627567,10.046298984756792
GTEX-13O1R-0126-SM-5L3EH,65.0,66.89187,Skin - Sun Exposed (Lower leg),non_neural,70.01514108992097,24.158463027026272
GTEX-11P7K-2326-SM-5EGKZ,35.0,44.506763,Artery - Tibial,non_neural,61.96923487418513,35.304407976656854
GTEX-1QMI2-2126-SM-DPRXQ,65.0,56.406807,Stomach,non_neural,65.57025393592744,7.242040304120735
GTEX-11WQK-0626-SM-GHWPR,55.0,42.553463,Adipose - Subcutaneous,non_neural,45.45501406320591,-14.455231386416152
GTEX-11DZ1-0926-SM-5EQ5R,55.0,54.430992,Muscle - Skeletal,non_neural,61.614685438416444,15.982259960992966
GTEX-T5JC-0011-R6A-SM-D3L87,25.0,24.5811,Brain - Nucleus accumbens (basal ganglia),neural,40.73653764577185,-8.479462204189895
GTEX-18A66-1226-SM-7LT8G,65.0,61.477837,Heart - Left Ventricle,non_neural,64.77843592091787,11.491946126005873
GTEX-1PDJ9-0008-SM-HPAEI,25.0,39.58585,Cells - Cultured fibroblasts,non_neural,60.93928693611393,18.51738362790981
GTEX-1399T-2626-SM-5L3E4,65.0,64.714554,Artery - Tibial,non_neural,80.93740859481466,64.29099299776615
GTEX-14JG1-0426-SM-6ETZZ,45.0,54.8412,Skin - Sun Exposed (Lower leg),non_neural,57.913591878904526,9.801286179202597
GTEX-1LVAO-0526-SM-EWRNS,65.0,62.35006,Muscle - Skeletal,non_neural,80.53662691166812,45.81645693621044
GTEX-1B996-1626-SM-7DHLZ,65.0,70.62854,Esophagus - Muscularis,non_neural,79.4111381229024,14.94654355815565
GTEX-14A5H-0006-SM-5O9AI,65.0,70.394516,Whole Blood,non_neural,73.93359927582574,6.096982000331854
GTEX-1F75A-2826-SM-7MXTS,55.0,56.67946,Testis,non_neural,45.93507281467255,-25.119680764041092
GTEX-T2IS-0008-SM-4DM75,25.0,30.837578,Cells - Cultured fibroblasts,non_neural,32.18742048046134,-1.5716585173506592
GTEX-12WSG-0926-SM-5EGIH,55.0,50.745445,Spleen,non_neural,63.971087046553095,0.7041907702411336
GTEX-1KD5A-1926-SM-DKPQA,55.0,60.485443,Breast - Mammary Tissue,non_neural,81.0323006474797,36.120285424839764
GTEX-1445S-0011-R4a-SM-5PNWN,65.0,69.62496,Brain - Amygdala,neural,82.8578405807203,21.66892017135922
GTEX-XMD3-2626-SM-GPI8L,55.0,61.049385,Skin - Not Sun Exposed (Suprapubic),non_neural,69.69437299695473,-0.8410214073860822
GTEX-15SDE-1726-SM-6LPJS,55.0,52.68705,Vagina,non_neural,60.57750649043895,15.977372515515665
GTEX-12BJ1-2026-SM-5FQUH,65.0,56.724125,Colon - Sigmoid,non_neural,67.64077958487145,-34.36323852986747
GTEX-T5JW-1226-SM-3GACY,25.0,40.310886,Thyroid,non_neural,45.690574812460554,5.843092903320315
GTEX-14JFF-2826-SM-6871Q,65.0,63.703987,Brain - Cerebellum,neural,76.50793325809917,-6.708813429412939
GTEX-1QP28-1926-SM-F33YU,55.0,54.883995,Esophagus - Muscularis,non_neural,63.30079435605505,-4.867169222394958
GTEX-1RDX4-0526-SM-EAZ44,55.0,65.00973,Artery - Tibial,non_neural,89.50452157134276,77.38160090006113
GTEX-1CB4E-0626-SM-7DHMW,65.0,57.846207,Heart - Atrial Appendage,non_neural,68.26280996073474,18.985779241273345
GTEX-1PPGY-0011-R5a-SM-F33ZV,65.0,63.61329,Brain - Caudate (basal ganglia),neural,81.32127846167107,0.3408494177845686
GTEX-1ICG6-1326-SM-ACKWR,75.0,58.045414,Breast - Mammary Tissue,non_neural,73.10497447078122,24.115089474456504
GTEX-1RQEC-0426-SM-E6CHU,65.0,62.389816,Skin - Sun Exposed (Lower leg),non_neural,62.68377846057365,26.691362549638203
GTEX-WQUQ-0426-SM-3MJFU,65.0,66.94388,Skin - Sun Exposed (Lower leg),non_neural,70.0561180452369,21.204835544061265
GTEX-RUSQ-0826-SM-47JWW,55.0,53.36631,Esophagus - Mucosa,non_neural,36.93861630053283,-21.469805763680366
GTEX-ZVTK-0726-SM-5GZX6,25.0,32.324574,Artery - Tibial,non_neural,50.26201103363573,15.838791344358514
GTEX-1EX96-0006-SM-ARU6J,55.0,50.800964,Whole Blood,non_neural,65.65768210044163,-8.573343537185785
GTEX-1HBPI-0326-SM-A9G3N,55.0,52.437515,Prostate,non_neural,66.54364438436644,2.7174016534197962
GTEX-OIZI-0226-SM-2XCEE,45.0,33.119026,Adipose - Subcutaneous,non_neural,55.55623794607658,17.249699306167376
GTEX-14E6C-3126-SM-664ON,45.0,60.506935,Pituitary,non_neural,77.14432042850856,38.49040377487241
GTEX-1HBPH-1126-SM-A96TU,45.0,42.71422,Esophagus - Mucosa,non_neural,43.43542442173218,-11.169727838334092
GTEX-1F75W-2726-SM-7SB8H,65.0,57.111828,Skin - Not Sun Exposed (Suprapubic),non_neural,69.81869138444671,14.432521519815241
GTEX-1GN73-0011-R1a-SM-CKZNT,65.0,64.837,Brain - Hippocampus,neural,80.68849062865789,-28.880512644952834
GTEX-ZDTS-0006-SM-4WAYZ,65.0,70.36825,Whole Blood,non_neural,67.58208049809032,-13.11014527809548
GTEX-1RAZQ-0726-SM-EAZ43,35.0,36.7925,Skin - Sun Exposed (Lower leg),non_neural,40.11910045009162,9.643674949184966
GTEX-11TUW-0926-SM-5EQMW,65.0,58.34626,Artery - Aorta,non_neural,79.71099460578122,81.00240247721494
GTEX-ZTTD-2626-SM-57WEX,55.0,54.20189,Colon - Sigmoid,non_neural,70.31299618980094,-6.700460896300626
GTEX-SE5C-1226-SM-4BRWV,45.0,47.374687,Esophagus - Mucosa,non_neural,48.44740701627339,-3.87867819434323
GTEX-1KANA-1226-SM-DHXKE,25.0,27.880716,Spleen,non_neural,43.18826855058576,-27.207829254871523
GTEX-1EN7A-2226-SM-7MXU6,45.0,55.954807,Testis,non_neural,39.35755433185071,-28.639481421150084
GTEX-ZVT2-2626-SM-51MTD,55.0,43.285217,Artery - Tibial,non_neural,71.43711487737134,28.90034640552645
GTEX-14PJO-2826-SM-6AJA6,65.0,68.15732,Prostate,non_neural,87.59974070963989,39.57152972619432
GTEX-1AX9J-1226-SM-72D6P,65.0,59.53088,Testis,non_neural,34.685206611549006,-31.992526365645528
GTEX-QDVJ-0426-SM-2I5FW,55.0,54.43988,Heart - Left Ventricle,non_neural,56.09070009916594,-3.461481340714138
GTEX-ZDYS-0008-SM-4E3IX,55.0,46.101994,Cells - Cultured fibroblasts,non_neural,52.58859534716561,14.279128007202837
GTEX-1JJ6O-2526-SM-AHZ3J,65.0,64.8513,Kidney - Cortex,non_neural,68.36315385679877,33.91926159773017
GTEX-14JIY-0011-R8a-SM-6AJAP,65.0,61.6424,Brain - Hypothalamus,neural,69.87003400046319,-19.01453552923088
GTEX-11DXX-0326-SM-5PNWC,65.0,61.545307,Heart - Left Ventricle,non_neural,67.09231641551932,9.79636660520928
GTEX-12126-0826-SM-5FQTZ,25.0,34.27251,Skin - Not Sun Exposed (Suprapubic),non_neural,41.415727954032505,-21.46313883837251
GTEX-1A3MV-1626-SM-731C1,35.0,34.565445,Breast - Mammary Tissue,non_neural,59.41172551648718,15.6443064375247
GTEX-13O3O-1326-SM-GHWPT,65.0,62.954193,Esophagus - Muscularis,non_neural,75.88899982689425,32.1229365125885
GTEX-Y9LG-1226-SM-4VBQA,35.0,25.535578,Adipose - Visceral (Omentum),non_neural,40.69051975360861,-5.869736305514824
GTEX-1AX9K-0326-SM-7DHM9,55.0,57.492035,Artery - Coronary,non_neural,77.49912378245814,62.03950479390159
GTEX-1EN7A-0726-SM-7PBXT,45.0,56.000618,Heart - Left Ventricle,non_neural,63.21403619878312,3.351106105524954
GTEX-1JK1U-1626-SM-CY8HL,65.0,65.172775,Esophagus - Gastroesophageal Junction,non_neural,79.95572834580966,16.19798469732114
GTEX-12ZZY-0226-SM-5LZVE,65.0,59.95697,Skin - Sun Exposed (Lower leg),non_neural,68.91624356370305,21.86630465106102
GTEX-1F75B-0011-R2a-SM-ARL8I,55.0,60.538746,Brain - Substantia nigra,neural,77.85378290484643,12.792892935950713
GTEX-1J8Q3-1026-SM-CGQED,65.0,69.31101,Artery - Aorta,non_neural,90.27714772558352,78.56278812281273
GTEX-1RQED-0011-R11a-SM-F2I2Y,65.0,69.21224,Brain - Cerebellar Hemisphere,neural,77.98845298869264,-12.812432893477602
GTEX-13OW8-1326-SM-5J1OW,65.0,63.37146,Skin - Sun Exposed (Lower leg),non_neural,72.84766749747858,42.135701834359864
GTEX-T6MN-1826-SM-EXOHN,55.0,66.023506,Kidney - Cortex,non_neural,65.93191197086696,13.297889569464223
GTEX-11EI6-0011-R5a-SM-GINAM,65.0,67.413826,Brain - Caudate (basal ganglia),neural,82.7717964629072,7.120949429197281
GTEX-ZLWG-0726-SM-5S2N4,55.0,52.964607,Adipose - Visceral (Omentum),non_neural,55.705568745363266,4.397904369190126
GTEX-XQ3S-0006-SM-4BOQ4,25.0,40.239914,Whole Blood,non_neural,46.89199459186369,-44.560453123796556
GTEX-1HBPI-0126-SM-CMKGQ,55.0,43.773876,Artery - Aorta,non_neural,60.448173946820106,53.143592114511996
GTEX-1IDJH-2426-SM-CNNQW,75.0,70.44507,Prostate,non_neural,88.41134383616676,40.52524671426738
GTEX-QLQW-0226-SM-447BJ,35.0,45.55433,Adrenal Gland,non_neural,56.99218329690018,-5.658042448165159
GTEX-1J1OQ-2226-SM-A96SS,45.0,52.868214,Heart - Atrial Appendage,non_neural,55.942267674532815,19.103340318269755
GTEX-1I1GV-0001-SM-F2T9A,65.0,59.502354,Cells - EBV-transformed lymphocytes,non_neural,42.98121602730565,-25.492764789406195
GTEX-13PLJ-0526-SM-5K7VW,65.0,61.16973,Artery - Tibial,non_neural,82.33897476324273,62.52405250864045
GTEX-1I1HK-0011-R9a-SM-CMKHK,65.0,70.84759,Brain - Spinal cord (cervical c-1),neural,78.83041351890449,11.40358758516424
GTEX-13OVK-1126-SM-6PAMR,45.0,38.868652,Esophagus - Mucosa,non_neural,39.51448751651549,-27.45552317236816
GTEX-PLZ6-0626-SM-3P61B,35.0,35.807976,Esophagus - Muscularis,non_neural,49.08287845773842,-15.250120786375373
GTEX-13X6I-0011-R10a-SM-5PNWI,65.0,64.34514,Brain - Frontal Cortex (BA9),neural,74.86644258847691,8.31429715580809
GTEX-1B996-2626-SM-73KZ1,65.0,60.710896,Colon - Transverse,non_neural,82.29781855227299,-9.263774270132892
GTEX-OXRN-0126-SM-48TDM,55.0,53.378094,Skin - Sun Exposed (Lower leg),non_neural,55.773543067619556,5.141805852927453
GTEX-ZVT2-1626-SM-51MRC,55.0,53.727768,Stomach,non_neural,70.49173946102398,-0.9874903152918049
GTEX-11NUK-3126-SM-5986M,55.0,52.452972,Pituitary,non_neural,79.80960169993838,57.20385980173344
GTEX-139T6-1226-SM-5IFFC,55.0,47.08143,Testis,non_neural,37.384737498231075,-40.504376746599235
GTEX-1HBPI-0011-R6b-SM-A9G1T,55.0,54.796047,Brain - Nucleus accumbens (basal ganglia),neural,69.83919183173008,-2.64466697677412
GTEX-1O97I-2126-SM-F3K4C,65.0,60.576298,Adrenal Gland,non_neural,77.91766558354144,31.317322999424373
GTEX-WFG8-0126-SM-4LVMH,25.0,29.20235,Adrenal Gland,non_neural,42.15288168282311,-5.951453572629721
GTEX-13X6H-1826-SM-5O9D1,55.0,53.807777,Small Intestine - Terminal Ileum,non_neural,54.71736066856391,-20.85225446510165
GTEX-1I1GP-1226-SM-A96SC,55.0,49.62995,Esophagus - Gastroesophageal Junction,non_neural,58.71864145748704,-16.4939556435331
GTEX-ZYVF-0226-SM-5GIEG,55.0,66.47282,Adipose - Subcutaneous,non_neural,52.244064285027264,28.199193602672793
GTEX-ZYY3-0011-R8a-SM-H7OHF,65.0,63.42093,Brain - Hypothalamus,neural,88.1443088931352,16.06566655806211
GTEX-WYJK-0226-SM-EYYV8,55.0,50.275394,Adipose - Subcutaneous,non_neural,63.48129737211366,30.015887421158
GTEX-117YX-2026-SM-5GIEF,55.0,40.82649,Testis,non_neural,43.12404797303374,-24.274307395324055
GTEX-WHPG-0826-SM-3NMBF,55.0,46.183575,Heart - Left Ventricle,non_neural,57.74696063000712,1.8506811615521785
GTEX-13111-2226-SM-5LZUE,55.0,48.58953,Muscle - Skeletal,non_neural,54.90828391713751,-7.366892361539799
GTEX-12WSJ-0002-SM-5TDBV,45.0,66.128525,Cells - EBV-transformed lymphocytes,non_neural,24.329885908519813,-38.070420386290024
GTEX-1FIGZ-0226-SM-7P8QR,45.0,50.18431,Thyroid,non_neural,60.34452900572809,22.328545948997913
GTEX-OIZH-0626-SM-3NB1L,55.0,55.096825,Esophagus - Mucosa,non_neural,51.09232058138235,-19.847240031101606
GTEX-U3ZN-0826-SM-4DXSZ,35.0,52.62488,Adrenal Gland,non_neural,52.421950792813576,10.567004249779238
GTEX-1I19N-0011-R11b-SM-ARU6Y,75.0,67.77627,Brain - Cerebellar Hemisphere,neural,78.36299908843935,4.182416276275621
GTEX-131XE-1626-SM-5K7VO,55.0,55.741177,Skin - Not Sun Exposed (Suprapubic),non_neural,67.42317509590681,15.34476940419427
GTEX-1J1OQ-0926-SM-CJI34,45.0,46.518635,Lung,non_neural,58.766209438127945,18.40926559838302
GTEX-1M5QR-1026-SM-DHXK9,45.0,52.159515,Heart - Left Ventricle,non_neural,54.6122064533446,2.0529210195627323
GTEX-WRHK-0926-SM-F21IS,25.0,40.255745,Colon - Transverse,non_neural,36.82372924297259,-52.91661338922711
GTEX-146FQ-0005-SM-H65Z5,35.0,41.922554,Whole Blood,non_neural,50.36475703642988,-33.44408429912883
GTEX-11TTK-0011-R5a-SM-DNZZV,65.0,65.391205,Brain - Caudate (basal ganglia),neural,83.65427725119424,15.712550344515043
GTEX-1MA7X-1026-SM-DKPQ8,65.0,62.584938,Adipose - Visceral (Omentum),non_neural,76.15937119408407,49.19328292901965
GTEX-1GN1W-0526-SM-9MQJQ,55.0,56.72116,Skin - Sun Exposed (Lower leg),non_neural,63.29036019529069,5.159894685341026
GTEX-Y114-2326-SM-4TT7X,55.0,55.424828,Adipose - Subcutaneous,non_neural,66.9193266226072,21.058446318091203
GTEX-1313W-0011-R3a-SM-5EGLI,55.0,57.034885,Brain - Anterior cingulate cortex (BA24),neural,61.68419424453634,-33.4165994006481
GTEX-TKQ1-0326-SM-4DXSM,35.0,39.60213,Esophagus - Mucosa,non_neural,36.44002809253723,-31.483182233961006
GTEX-RWSA-0008-SM-47JYX,45.0,51.877365,Cells - Cultured fibroblasts,non_neural,44.65212402063497,25.30758242782746
GTEX-1LVAM-1226-SM-HK7AP,55.0,54.626698,Esophagus - Muscularis,non_neural,63.06340740511641,-10.610943771127992
GTEX-W5WG-0726-SM-EXUQZ,55.0,67.00281,Artery - Aorta,non_neural,86.65155690956016,79.24036616813088
GTEX-14PJ4-0326-SM-664OT,65.0,52.62157,Thyroid,non_neural,73.15916017290955,31.106336723767058
GTEX-WH7G-2126-SM-4M1XU,45.0,50.508255,Minor Salivary Gland,non_neural,66.57249048948955,0.7512256572574374
GTEX-YF7O-0005-SM-4W1ZU,55.0,51.7479,Whole Blood,non_neural,50.30840295552066,-32.551264536914296
GTEX-1GN2E-1026-SM-9WPOI,65.0,63.598454,Brain - Cerebellar Hemisphere,neural,77.09226711673507,23.549826875729934
GTEX-ZT9W-1526-SM-4YCDE,55.0,54.736404,Stomach,non_neural,65.87281840616261,1.2119384743264725
GTEX-145LS-2426-SM-5TDCZ,65.0,60.292908,Uterus,non_neural,85.58154369382288,8.916735566311612
GTEX-11I78-1526-SM-5A5K7,55.0,49.768753,Esophagus - Mucosa,non_neural,39.37403809207677,-30.308118572698678
GTEX-11GSP-2326-SM-5HL63,65.0,68.98,Skin - Not Sun Exposed (Suprapubic),non_neural,74.46313362247051,39.699819585003645
GTEX-14ICL-0426-SM-5RQJ3,35.0,32.81815,Thyroid,non_neural,52.72139333391853,11.39701747194783
GTEX-SNMC-0008-SM-4DM5A,25.0,36.56051,Cells - Cultured fibroblasts,non_neural,35.39992963129683,-17.700979572446453
GTEX-13X6I-0011-R7b-SM-5PNWP,65.0,63.350716,Brain - Putamen (basal ganglia),neural,81.44918858442603,22.799169650941675
GTEX-13OW6-1126-SM-5L3HL,55.0,56.72635,Heart - Left Ventricle,non_neural,68.88611934904347,18.895401024004425
GTEX-15SZO-0126-SM-GNTBQ,55.0,56.775726,Skin - Sun Exposed (Lower leg),non_neural,63.32416477290384,13.288419729913793
GTEX-14B4R-0226-SM-5TDDO,35.0,35.200977,Artery - Aorta,non_neural,53.51106583875398,29.564097377793633
GTEX-ZQG8-2526-SM-57WEQ,65.0,51.890568,Small Intestine - Terminal Ileum,non_neural,69.33420241341003,-16.606444021086524
GTEX-13O3P-0126-SM-5KM4S,55.0,46.322006,Skin - Sun Exposed (Lower leg),non_neural,63.11498918808137,12.518615749583017
GTEX-139TS-2926-SM-5KM1Z,65.0,56.654053,Pituitary,non_neural,83.20414791938464,53.95169682505658
GTEX-1IDJF-1326-SM-A9G2R,25.0,32.740368,Esophagus - Muscularis,non_neural,46.926198553028826,-6.503638699600088
GTEX-13PVQ-2226-SM-5L3G9,55.0,57.118073,Adipose - Visceral (Omentum),non_neural,62.4691711508314,38.11427760868538
GTEX-YJ8O-0226-SM-5S2NL,45.0,37.736237,Artery - Aorta,non_neural,58.80520579983401,58.98609791106335
GTEX-13OW8-1226-SM-5K7XD,65.0,59.32299,Adipose - Subcutaneous,non_neural,76.26343510462523,35.99338097720971
GTEX-11GSP-2226-SM-5HL5Q,65.0,63.44149,Vagina,non_neural,90.52771230364345,66.77306103362325
GTEX-1N2EF-0011-R4a-SM-F341F,65.0,64.87246,Brain - Amygdala,neural,70.80708758445692,-24.78980745118857
GTEX-1F75A-1026-SM-7PC3W,55.0,64.032005,Heart - Atrial Appendage,non_neural,73.18186954914475,22.49417239187205
GTEX-1AX8Z-0526-SM-7939M,65.0,70.23128,Artery - Tibial,non_neural,78.41772727884026,45.82425950700789
GTEX-117YX-1726-SM-5GZZS,55.0,37.758553,Artery - Coronary,non_neural,63.84576764278147,-1.8162201783044072
GTEX-12WSD-0011-R4b-SM-5LZUA,65.0,61.30879,Brain - Amygdala,neural,79.98789112311171,-8.997736180883324
GTEX-1JMQK-3026-SM-ARL95,65.0,69.87151,Brain - Cortex,neural,88.16190412119192,24.47609580167217
GTEX-1B8L1-2226-SM-7P8PT,65.0,60.60408,Skin - Not Sun Exposed (Suprapubic),non_neural,60.897209420868265,16.76537154743039
GTEX-13OW5-0126-SM-DTXFS,65.0,53.962284,Skin - Sun Exposed (Lower leg),non_neural,60.99074627967707,17.534236060507794
GTEX-WFG7-0626-SM-4LMK6,25.0,27.584509,Artery - Coronary,non_neural,44.29358144331391,10.457919836254172
GTEX-OIZG-0008-SM-4E3J2,55.0,57.06074,Cells - Cultured fibroblasts,non_neural,52.74261586042452,19.016894395180156
GTEX-N7MT-1926-SM-3LK5N,65.0,63.744682,Vagina,non_neural,73.87347966070611,25.544861166187435
GTEX-WRHK-1026-SM-4MVOD,25.0,32.667274,Small Intestine - Terminal Ileum,non_neural,43.749326917475216,-30.773038328211147
GTEX-145LS-0011-R6b-SM-5PNWL,65.0,67.80783,Brain - Nucleus accumbens (basal ganglia),neural,77.2424281357335,7.460888485389737
GTEX-132AR-1426-SM-5IFF1,55.0,56.00729,Ovary,non_neural,69.17438736429676,14.646742587660507
GTEX-16GPK-2926-SM-HL9UI,65.0,66.54574,Brain - Cerebellum,neural,78.3619724475681,-4.8708851207740755
GTEX-1PFEY-0626-SM-E76PH,35.0,33.45144,Prostate,non_neural,52.52135647027933,19.75393152002819
GTEX-1H1DG-0006-SM-ARZL4,75.0,70.58711,Whole Blood,non_neural,71.95779936946049,14.64686851265437
GTEX-14E7W-0426-SM-5S2O4,75.0,68.215996,Nerve - Tibial,neural,75.32917805456665,46.14073641687673
GTEX-1PPGY-0011-R9a-SM-G8LMR,65.0,62.14057,Brain - Spinal cord (cervical c-1),neural,78.3746857982288,7.596261765753602
GTEX-1BAJH-1526-SM-7RHGI,75.0,58.07597,Liver,non_neural,62.94512035677991,41.10039284914617
GTEX-1IDJC-1326-SM-CL53H,55.0,50.075623,Colon - Transverse,non_neural,76.84866325259891,-23.323825476600895
GTEX-N7MS-0126-SM-3TW8O,65.0,59.066242,Testis,non_neural,31.010429938078246,-42.07274327400352
GTEX-1GMR2-2026-SM-7MKHK,55.0,56.816536,Minor Salivary Gland,non_neural,75.088350044478,5.690743324126537
GTEX-1445S-1126-SM-5QGOW,65.0,63.14187,Artery - Coronary,non_neural,71.51334244828705,71.47113560142284
GTEX-ZZ64-0425-B-SM-AW8OF,25.0,35.482254,Stomach - Mucosa,non_neural,48.56541217836798,-21.46010944329747
GTEX-14PN3-0126-SM-6AJAU,65.0,60.413918,Pancreas,non_neural,69.27371452328866,12.185638934309916
GTEX-QV31-0008-SM-447AT,35.0,43.301495,Cells - Cultured fibroblasts,non_neural,41.25975073953008,-9.598312164126854
GTEX-13SLW-1226-SM-5S2Q7,75.0,66.53392,Lung,non_neural,78.94847616224386,37.648740948788515
GTEX-1A8G6-0326-SM-72D6F,65.0,69.607864,Nerve - Tibial,neural,72.84901909801866,56.01931869017143
GTEX-13N1W-0526-SM-5MR4I,75.0,67.98545,Muscle - Skeletal,non_neural,77.52316053356975,20.390609512875535
GTEX-13N1W-2626-SM-5IJEP,75.0,70.92256,Testis,non_neural,32.97401506423142,-28.9279204008122
GTEX-W5WG-2726-SM-4LMIC,55.0,57.68801,Esophagus - Gastroesophageal Junction,non_neural,61.95547052898016,-1.7471766801124804
GTEX-13O3Q-0126-SM-5KM34,55.0,55.93533,Skin - Not Sun Exposed (Suprapubic),non_neural,61.074345217610116,21.069371445217136
GTEX-1GZ2Q-0426-SM-9WPOU,45.0,43.026314,Muscle - Skeletal,non_neural,45.762269589739205,-6.6702938402930885
GTEX-1PPGY-0226-SM-G8LMT,65.0,72.05112,Skin - Sun Exposed (Lower leg),non_neural,69.05106487195084,20.432677987312577
GTEX-1OKEX-0726-SM-DPRYE,65.0,57.673744,Heart - Left Ventricle,non_neural,62.19955115127465,-0.18287435182706763
GTEX-YJ8A-1126-SM-5IFJU,25.0,32.520363,Prostate,non_neural,54.13423677035182,-8.525392971870222
GTEX-1PIGE-0526-SM-DTXFA,25.0,25.897392,Adipose - Subcutaneous,non_neural,43.25494654581283,-13.421075382609345
GTEX-13D11-2726-SM-5K7V7,55.0,57.699078,Artery - Tibial,non_neural,65.02558038666305,26.533143496600754
GTEX-1H11D-2526-SM-9JGGU,45.0,46.350666,Small Intestine - Terminal Ileum,non_neural,50.77301771017882,-18.134465933397866
GTEX-1RAZR-0226-SM-EVYC6,45.0,49.89287,Adipose - Subcutaneous,non_neural,58.24210543150939,9.657371741419354
GTEX-1MA7W-0226-SM-GMXCJ,25.0,19.919098,Artery - Aorta,non_neural,35.37924584263946,12.309700020115871
GTEX-1ICLY-0005-SM-A9G16,55.0,57.01998,Whole Blood,non_neural,58.01564302120525,-12.974225969205648
GTEX-ZZ64-1626-SM-5E43W,25.0,31.615753,Adipose - Subcutaneous,non_neural,38.49186897207055,-3.7644739885810643
GTEX-1L5NE-1926-SM-D3L9R,55.0,56.11359,Colon - Sigmoid,non_neural,57.39090666023441,-33.8387662402776
GTEX-1LH75-0011-R9b-SM-EY5Y9,55.0,66.62831,Brain - Spinal cord (cervical c-1),neural,79.92646193308772,30.836017903757288
GTEX-1QP2A-2226-SM-DTXF6,55.0,64.56051,Colon - Sigmoid,non_neural,75.31271743388464,-23.350444491749506
GTEX-1H11D-2626-SM-9JGH4,45.0,43.877144,Colon - Transverse,non_neural,48.349355937284614,-51.995458978507315
GTEX-O5YV-1226-SM-EV795,65.0,53.02345,Kidney - Cortex,non_neural,58.728919314634666,3.1645276530262176
GTEX-1PWST-0011-R9a-SM-G8OMQ,75.0,73.419716,Brain - Spinal cord (cervical c-1),neural,101.75122561992745,42.13762012456335
GTEX-16BQI-0008-SM-EAZCC,35.0,49.50185,Cells - Cultured fibroblasts,non_neural,39.5165132052464,23.62027015627842
GTEX-1JN76-0426-SM-ARZNK,25.0,28.7331,Nerve - Tibial,neural,39.87122301522528,4.218000076651778
GTEX-1LC47-0126-SM-GNIP7,65.0,52.336792,Skin - Not Sun Exposed (Suprapubic),non_neural,66.70460153101466,11.860245330970814
GTEX-P4QS-1526-SM-HPAFM,65.0,49.203865,Stomach,non_neural,65.75441588210293,-7.0536190436847885
GTEX-1F5PK-0005-SM-A96RM,55.0,45.69037,Whole Blood,non_neural,53.09823047010734,-30.738356998698485
GTEX-ZLFU-1326-SM-DO11R,45.0,46.12501,Stomach,non_neural,64.39576421561475,-7.1923711171864575
GTEX-1QPFJ-0626-SM-DTX7Y,35.0,38.89366,Thyroid,non_neural,48.55540489150731,15.984506562031322
GTEX-13RTK-0226-SM-5RQHR,25.0,34.500603,Stomach,non_neural,53.34924732283801,1.8918250451648313
GTEX-1J1OQ-0011-R3b-SM-D4P2B,45.0,50.03667,Brain - Anterior cingulate cortex (BA24),neural,62.536381379046944,2.8440869632280816
GTEX-11UD2-0326-SM-5EQLE,55.0,50.31507,Muscle - Skeletal,non_neural,67.2338759563935,10.991287282086304
GTEX-1AX9K-1226-SM-793CN,55.0,60.675327,Esophagus - Muscularis,non_neural,70.852290421211,13.443316115891573
GTEX-13PDP-0011-R8b-SM-5O9CS,65.0,59.623272,Brain - Hypothalamus,neural,85.0136573136832,17.106871447996113
GTEX-QVJO-2726-SM-GQ1CG,65.0,64.748566,Cervix - Ectocervix,non_neural,74.27588473496169,26.52904956021233
GTEX-T6MN-0011-R9A-SM-32QOZ,55.0,57.953648,Brain - Spinal cord (cervical c-1),neural,74.37332632406793,11.682964335222715
GTEX-11EM3-2026-SM-GHWOO,25.0,37.073456,Nerve - Tibial,neural,41.82433842071545,12.022643756470023
GTEX-12ZZY-0011-R6b-SM-5EGLA,65.0,63.865517,Brain - Nucleus accumbens (basal ganglia),neural,82.6136941111658,3.763846298619974
GTEX-13QBU-1326-SM-5LU4K,45.0,38.401096,Adipose - Visceral (Omentum),non_neural,45.443658467240226,-8.814363430935925
GTEX-WOFM-1926-SM-4M9R2,25.0,26.16048,Colon - Sigmoid,non_neural,39.03319343754676,-55.570186856639104
GTEX-15UF6-0011-R9b-SM-GOQZG,75.0,70.37618,Brain - Spinal cord (cervical c-1),neural,87.8320385825374,31.216181216203033
GTEX-11GSO-2826-SM-5HL6Q,65.0,62.25689,Pituitary,non_neural,87.01176677869279,61.52327736412963
GTEX-ZTPG-2226-SM-57WF9,25.0,24.561075,Vagina,non_neural,36.35935795544829,-5.997709659136843
GTEX-12126-0011-R10b-SM-5BC6T,25.0,27.40526,Brain - Frontal Cortex (BA9),neural,34.68475510062068,-57.82100784216542
GTEX-1KD4Q-0626-SM-G8LMJ,45.0,44.502518,Heart - Atrial Appendage,non_neural,57.33844230779472,10.78944470796798
GTEX-145LS-0226-SM-5O9A5,65.0,54.731693,Adipose - Subcutaneous,non_neural,75.91335714022111,49.168273250724674
GTEX-1PPGY-1626-SM-EVYBL,65.0,61.72654,Skin - Not Sun Exposed (Suprapubic),non_neural,61.95370990245196,3.467695954725472
GTEX-13S7M-1726-SM-5RQK3,65.0,70.78899,Uterus,non_neural,81.08543605453775,38.67731318104699
GTEX-1EWIQ-0011-R6a-SM-ARU8G,75.0,56.19874,Brain - Nucleus accumbens (basal ganglia),neural,90.44231653026314,23.67450368131167
GTEX-O5YV-1826-SM-2YUNI,65.0,57.087074,Nerve - Tibial,neural,63.297375322410986,35.98475319745744
GTEX-13U4I-2426-SM-5LU34,45.0,46.937477,Colon - Transverse,non_neural,69.82651642599262,-15.888960332678515
GTEX-1LSVX-2426-SM-E6CJX,65.0,62.279015,Breast - Mammary Tissue,non_neural,82.9191809429542,38.89683211373986
GTEX-13X6J-0011-R8b-SM-5PNUA,55.0,55.80326,Brain - Hypothalamus,neural,76.70451149633593,-13.062632973258602
GTEX-1F75A-0011-R4a-SM-ARL8J,55.0,54.5714,Brain - Amygdala,neural,65.58135284667345,-13.221778796710208
GTEX-1QP29-0126-SM-EAZ3S,55.0,45.169262,Spleen,non_neural,50.73077118973218,-26.911693451471596
GTEX-13NYB-0011-R2a-SM-5MR3C,45.0,43.200783,Brain - Substantia nigra,neural,74.01522806230231,7.331345497505383
GTEX-WVLH-0011-R2A-SM-3MJFJ,55.0,51.591743,Brain - Substantia nigra,neural,67.06162599368416,-34.89128841756696
GTEX-17EVQ-0011-R4b-SM-7LT94,75.0,67.66472,Brain - Amygdala,neural,87.13346380505092,-4.220499200588407
GTEX-1P4AB-0011-R3a-SM-F33ZW,55.0,50.769356,Brain - Anterior cingulate cortex (BA24),neural,67.34683193021395,-20.976358133400353
GTEX-1H3VE-0626-SM-9WYSJ,45.0,63.69231,Nerve - Tibial,neural,64.67521336669883,35.433133491992486
GTEX-1CB4H-3126-SM-7IGN4,65.0,65.53954,Brain - Cortex,neural,87.27556965332917,27.116525889789646
GTEX-1F5PL-0726-SM-7MKH8,45.0,54.74154,Pancreas,non_neural,55.41450155988734,-2.5226130119879895
GTEX-SNOS-1026-SM-4DM4Y,45.0,50.729057,Prostate,non_neural,65.2308419770571,0.5046192177469915
GTEX-YB5E-1026-SM-5IFI2,45.0,39.039383,Esophagus - Gastroesophageal Junction,non_neural,59.599253734902305,-0.8212917775722852
GTEX-131YS-0011-R5b-SM-5K7YB,65.0,62.459003,Brain - Caudate (basal ganglia),neural,76.7714271392331,-4.517700080363526
GTEX-Y5V5-1526-SM-4VBQ1,65.0,67.181885,Esophagus - Gastroesophageal Junction,non_neural,73.17057032884847,22.519658115627653
GTEX-ZVT3-0526-SM-5GIE9,65.0,65.12828,Muscle - Skeletal,non_neural,66.98795288829461,8.171372697855396
GTEX-14E1K-1126-SM-5P9IK,55.0,61.01792,Esophagus - Muscularis,non_neural,65.72984310313582,-11.621291347620605
GTEX-ZLV1-0926-SM-5S2MR,65.0,47.392178,Adipose - Visceral (Omentum),non_neural,57.102948608468466,0.7699819257023792
GTEX-13PL7-0126-SM-5NQAR,65.0,59.253,Stomach,non_neural,69.55008970872986,3.6150017845545603
GTEX-14JG6-1026-SM-6LLIF,35.0,36.41786,Esophagus - Gastroesophageal Junction,non_neural,54.0851950655901,5.798333659671925
GTEX-1KD5A-0126-SM-E9U54,55.0,55.17289,Skin - Not Sun Exposed (Suprapubic),non_neural,64.17541620815248,13.504368344243932
GTEX-ZF28-0526-SM-4WKGW,65.0,70.22501,Muscle - Skeletal,non_neural,77.65529504936904,21.69560751877541
GTEX-13S7M-1826-SM-5RQK6,65.0,56.33656,Stomach,non_neural,70.95117309628104,20.010316750861335
GTEX-14H4A-1626-SM-5SI69,45.0,45.089157,Esophagus - Mucosa,non_neural,46.24478928178381,-22.50342925830204
GTEX-15EO6-0011-R3b-SM-7KUDY,55.0,56.47967,Brain - Anterior cingulate cortex (BA24),neural,66.68121378119586,-10.777901109262423
GTEX-Y8E4-0826-SM-4VBRS,45.0,44.244698,Nerve - Tibial,neural,57.123480156880035,36.33334014357193
GTEX-1H23P-0011-R1a-SM-ACKVC,65.0,63.977364,Brain - Hippocampus,neural,93.12647721319715,8.586540352041954
GTEX-1F75A-0011-R6b-SM-9QEHD,55.0,60.793213,Brain - Nucleus accumbens (basal ganglia),neural,72.81104736468006,-5.197700082373348
GTEX-Y8E4-1626-SM-5S2MW,45.0,42.52564,Breast - Mammary Tissue,non_neural,65.55366194516145,9.980315109451475
GTEX-12696-1726-SM-5EQLH,65.0,61.64633,Stomach,non_neural,75.17588281227084,0.6246426566644507
GTEX-1HFI6-0011-R7b-SM-CM2SS,45.0,47.245052,Brain - Putamen (basal ganglia),neural,64.12286451814256,-10.387392759766826
GTEX-13CF2-2826-SM-5LZX9,65.0,70.65962,Nerve - Tibial,neural,69.83447785765927,45.55830639438269
GTEX-1EX96-1626-SM-7PBXR,55.0,43.839413,Skin - Sun Exposed (Lower leg),non_neural,58.039400358819364,26.675682678368496
GTEX-1LGOU-0626-SM-D3L8F,25.0,32.25497,Esophagus - Muscularis,non_neural,44.94241589836261,-18.79749367033773
GTEX-1H3NZ-1026-SM-A9SM5,65.0,62.770844,Heart - Atrial Appendage,non_neural,66.65763881619958,20.571127624716123
GTEX-YF7O-0526-SM-5P9IO,55.0,43.157116,Heart - Atrial Appendage,non_neural,57.99862658455842,-0.9361966446665786
GTEX-13FLW-0011-R10b-SM-5LZZF,55.0,54.300514,Brain - Frontal Cortex (BA9),neural,66.25611564222332,-29.654171036652976
GTEX-1JMLX-1126-SM-CXZJN,55.0,56.151188,Adrenal Gland,non_neural,55.777161375421244,17.979766645789294
GTEX-1GN1U-0011-R6a-SM-CKZNO,55.0,53.04009,Brain - Nucleus accumbens (basal ganglia),neural,71.15719333022774,7.6569326597927025
GTEX-13NZA-1026-SM-5MR48,65.0,59.61286,Thyroid,non_neural,65.99380270632098,41.59328190848176
GTEX-11VI4-0326-SM-5EQ6L,45.0,60.21462,Stomach,non_neural,71.84275589119079,5.967654018874823
GTEX-1RAZR-0006-SM-DLHBR,45.0,41.494614,Whole Blood,non_neural,44.19845264282192,-42.676529105352174
GTEX-1KANA-1125-B-SM-AW8OI,25.0,48.414227,Stomach - Mucosa,non_neural,40.710570142332614,-29.317633157732786
GTEX-WYJK-0726-SM-G8W7Z,55.0,51.65642,Spleen,non_neural,55.68226389885713,-22.206255397448324
GTEX-13PL7-2226-SM-5L3IC,65.0,57.8741,Pancreas,non_neural,69.28868713114835,-5.254841730103141
GTEX-1C64O-0226-SM-73KXB,65.0,58.015953,Adipose - Subcutaneous,non_neural,74.21356260322311,40.2352073812895
GTEX-1E1VI-0008-SM-EY5XM,55.0,63.5771,Cells - Cultured fibroblasts,non_neural,65.07889991818679,35.145767498344334
GTEX-11GS4-0226-SM-5HL77,65.0,59.76193,Skin - Not Sun Exposed (Suprapubic),non_neural,62.18543326229458,16.239316113143275
GTEX-15SHU-2326-SM-7KUMC,45.0,50.89632,Adipose - Visceral (Omentum),non_neural,69.71860151923957,35.63425008924375
GTEX-15EU6-2626-SM-7KUN4,55.0,55.324753,Minor Salivary Gland,non_neural,66.50218228211541,0.10562357921627752
GTEX-WFON-1226-SM-3TW8F,45.0,44.44208,Adipose - Visceral (Omentum),non_neural,51.772695507854735,15.479643653074717
GTEX-13VXU-0011-R8b-SM-GJ3RR,55.0,56.799976,Brain - Hypothalamus,neural,80.84792778190578,-6.050526510095614
GTEX-ZVT2-1326-SM-5E45H,55.0,50.909332,Esophagus - Mucosa,non_neural,50.17267253373247,-14.645188710512825
GTEX-1A3MV-1225-C-SM-AW8PK,35.0,33.812614,Stomach - Muscularis,non_neural,54.179774335829066,-47.279471904061175
GTEX-146FR-0326-SM-5MR5V,65.0,62.632133,Thyroid,non_neural,79.97689532123985,38.04853472955639
GTEX-XPVG-2126-SM-4B667,55.0,50.955788,Skin - Not Sun Exposed (Suprapubic),non_neural,63.947830405398676,3.17065339599405
GTEX-XMK1-2426-SM-4B66I,45.0,51.37036,Nerve - Tibial,neural,57.90403540942522,33.120159713574935
GTEX-11DXZ-1626-SM-5GIDI,55.0,49.65164,Colon - Sigmoid,non_neural,69.35594426154765,-20.701092271095515
GTEX-1LG7Y-2926-SM-CXZKE,55.0,53.495125,Pituitary,non_neural,75.5671171638048,63.67222374391491
GTEX-1MGNQ-2126-SM-EV7AC,45.0,47.108047,Colon - Sigmoid,non_neural,64.61176334695779,-42.093879389924474
GTEX-1LVAM-0226-SM-GMXBW,55.0,45.853455,Adipose - Subcutaneous,non_neural,59.364657160031896,0.04578614117174809
GTEX-1RAZS-2526-SM-E6CHT,55.0,64.61881,Skin - Not Sun Exposed (Suprapubic),non_neural,63.66955592357088,13.463750140165061
GTEX-ZAK1-0011-R5a-SM-GRR32,55.0,54.23736,Brain - Caudate (basal ganglia),neural,79.71042577634074,-5.048120531949999
GTEX-1QP6S-1026-SM-DTXFW,45.0,56.097588,Heart - Atrial Appendage,non_neural,66.88070159789153,22.78096272535352
GTEX-XMD3-0726-SM-H6Q8S,55.0,47.716984,Muscle - Skeletal,non_neural,58.358648538974904,1.0801800474545733
GTEX-13111-1426-SM-5DUW3,55.0,46.932243,Small Intestine - Terminal Ileum,non_neural,62.318487245232774,-25.080670289102958
GTEX-Y9LG-0001-SM-4VBRQ,35.0,39.29501,Cells - EBV-transformed lymphocytes,non_neural,15.355989105939102,-27.32117629476777
GTEX-1R9PN-0526-SM-DTX86,45.0,37.88527,Uterus,non_neural,50.27454450498696,-22.62480125598023
GTEX-1B97I-0826-SM-731DN,45.0,57.76168,Prostate,non_neural,64.82660614850224,14.073703817969315
GTEX-Q734-1426-SM-DTXFX,45.0,48.12717,Vagina,non_neural,63.584974511707756,15.48379747153347
GTEX-1O97I-1426-SM-HLJQB,65.0,62.49723,Adipose - Visceral (Omentum),non_neural,80.44507412347691,46.351884038540696
GTEX-XUZC-1226-SM-4BRVJ,35.0,29.767551,Vagina,non_neural,56.018170829904804,7.479919655732813
GTEX-1S5ZA-1126-SM-EVYBU,25.0,20.30941,Artery - Aorta,non_neural,43.69876520221921,17.760325482049343
GTEX-13112-0426-SM-5PNVC,55.0,58.332336,Heart - Left Ventricle,non_neural,70.26260443612902,9.769549366205688
GTEX-1B996-0011-R10b-SM-CJI3T,65.0,67.22147,Brain - Frontal Cortex (BA9),neural,84.3015059520981,-5.2397666945099415
GTEX-1QAET-2426-SM-EY5Z3,55.0,69.11403,Nerve - Tibial,neural,81.64226425527818,65.6173446463327
GTEX-O5YV-0526-SM-2I5GE,65.0,56.141647,Lung,non_neural,61.39162988253101,20.115443122556826
GTEX-SE5C-1026-SM-4BRUG,45.0,51.92918,Bladder,non_neural,68.89969287452607,-6.942707392913175
GTEX-13OW7-0011-R2b-SM-H6Q8E,55.0,50.738373,Brain - Substantia nigra,neural,65.94934836445638,-6.402615483230025
GTEX-1S831-1526-SM-HLJQS,25.0,35.03573,Small Intestine - Terminal Ileum,non_neural,46.0285905438562,-21.19806526760025
GTEX-14PJ3-1326-SM-664O7,55.0,55.10228,Small Intestine - Terminal Ileum,non_neural,68.15889848757531,2.4597838942255925
GTEX-1KD4Q-0011-R2a-SM-F649I,45.0,56.646244,Brain - Substantia nigra,neural,82.75602581103729,2.9087922466701817
GTEX-ZLV1-0326-SM-HL9UA,65.0,62.73817,Spleen,non_neural,69.78565707877365,6.1368560569563355
GTEX-NFK9-0926-SM-2HMJU,45.0,52.04518,Heart - Left Ventricle,non_neural,60.54083249930021,4.990266221422446
GTEX-ZP4G-0826-SM-4WWF3,25.0,34.15461,Vagina,non_neural,42.44875600742512,7.935079544942726
GTEX-13FXS-2826-SM-5LZYC,55.0,64.59359,Prostate,non_neural,67.43687663601827,7.083932496972476
GTEX-1HKZK-0626-SM-ADEHP,45.0,42.94285,Nerve - Tibial,neural,56.31546452545753,19.876414946567447
GTEX-QEG4-0008-SM-48TYZ,35.0,50.66142,Cells - Cultured fibroblasts,non_neural,35.310296036161205,-8.034016592742763
GTEX-13RTL-0426-SM-7LG66,45.0,61.921314,Artery - Tibial,non_neural,71.68152927009892,38.2615743652825
GTEX-ZZ64-1426-SM-5NQ8C,25.0,41.03388,Nerve - Tibial,neural,45.250362425862434,15.736014360110987
GTEX-1LG7Y-1626-SM-D4P24,55.0,61.648457,Esophagus - Gastroesophageal Junction,non_neural,68.3969204434149,31.899172590422285
GTEX-14PN3-0926-SM-H6Q6A,65.0,71.0112,Lung,non_neural,77.61882132702729,33.722389962070096
GTEX-QEG5-1426-SM-447AS,25.0,39.68095,Esophagus - Mucosa,non_neural,32.25913325478797,-24.012074540979768
GTEX-12696-0011-R1a-SM-GHWPW,65.0,69.59923,Brain - Hippocampus,neural,74.13908381624549,16.272990844244948
GTEX-P4QT-1026-SM-F21IA,55.0,50.08658,Pancreas,non_neural,56.71246011298945,-9.464023598824925
GTEX-1JJ6O-2226-SM-AHZ3I,65.0,65.23057,Heart - Atrial Appendage,non_neural,73.8991159310359,37.443194298849555
GTEX-1399S-0006-SM-5NQ7U,35.0,37.01032,Whole Blood,non_neural,40.61639272648132,-32.04614612902995
GTEX-T5JW-0426-SM-4DM7M,25.0,21.990864,Ovary,non_neural,46.48460652234445,-5.426074316536307
GTEX-1GF9W-0011-R4a-SM-CE6RH,65.0,59.977222,Brain - Amygdala,neural,79.46248098801809,-8.039449877391258
GTEX-XMK1-0726-SM-GQ1CP,45.0,46.16284,Artery - Coronary,non_neural,72.0536204782659,40.15936539701329
GTEX-1CB4G-1826-SM-7MKGO,65.0,61.470085,Pancreas,non_neural,74.36338280071739,11.407486987572891
GTEX-ZYW4-0126-SM-5E44A,65.0,60.083313,Skin - Sun Exposed (Lower leg),non_neural,75.07068235207379,43.557731730579604
GTEX-P4QT-1926-SM-HAUYQ,55.0,49.51709,Bladder,non_neural,76.84937123633601,22.343516500079776
GTEX-1PPGY-2226-SM-F2I29,65.0,59.379158,Liver,non_neural,66.10288104555563,55.27824689056366
GTEX-1HSMP-0126-SM-E6CJS,75.0,61.416954,Skin - Sun Exposed (Lower leg),non_neural,70.16814242901702,28.637265849140658
GTEX-1NHNU-0926-SM-E9J2T,55.0,56.714523,Breast - Mammary Tissue,non_neural,63.06963425228676,17.75071943180457
GTEX-1AX9K-0226-SM-793CM,55.0,53.030426,Spleen,non_neural,65.77984820794177,2.265439658058576
GTEX-18465-3026-SM-7LG6Y,55.0,54.482437,Brain - Cortex,neural,69.89956441464692,-27.093220628556477
GTEX-17F97-0011-R10b-SM-793BB,55.0,55.35241,Brain - Frontal Cortex (BA9),neural,71.70971881632063,-9.887787107157832
GTEX-1HCU6-2526-SM-ADEHL,65.0,57.247818,Skin - Not Sun Exposed (Suprapubic),non_neural,57.23341874630147,4.418949065730734
GTEX-13PL7-1126-SM-5MR5O,65.0,63.29303,Spleen,non_neural,66.18749221915246,-1.9610823319326447
GTEX-1I1GV-2226-SM-ARU7E,65.0,60.82982,Esophagus - Mucosa,non_neural,71.64492754581485,10.861308455823153
GTEX-1GN1U-1126-SM-9WPPZ,55.0,54.75384,Pancreas,non_neural,66.80425476210323,-0.8155679028726956
GTEX-13VXT-0726-SM-5MR7E,25.0,36.741413,Heart - Atrial Appendage,non_neural,40.91297068104281,-9.45140891539946
GTEX-1MGNQ-2026-SM-EAZ51,45.0,46.899452,Colon - Transverse,non_neural,58.72065380218517,-36.16640554918743
GTEX-ZXES-0726-SM-5E451,35.0,32.521553,Uterus,non_neural,58.287651454217,-15.733578250657098
GTEX-X8HC-0326-SM-GHWQD,55.0,53.985,Nerve - Tibial,neural,64.77041767804737,35.76973759360827
GTEX-14B4R-0726-SM-5TDDR,35.0,36.978992,Stomach,non_neural,47.62883662575122,-21.381329846976342
GTEX-14C39-2626-SM-5S2QD,45.0,54.344128,Artery - Tibial,non_neural,66.52925063233242,49.144312178368956
GTEX-1IDJU-0008-SM-F33ZC,65.0,47.937366,Cells - Cultured fibroblasts,non_neural,58.7120599522834,24.54555983618781
GTEX-144GL-1826-SM-5O9C1,55.0,52.64914,Adrenal Gland,non_neural,62.76033088225175,20.636416707651094
GTEX-11GSO-0626-SM-5A5LW,65.0,66.36237,Thyroid,non_neural,75.1703009113746,18.15218347803098
GTEX-UTHO-1026-SM-3GAF7,65.0,56.984802,Breast - Mammary Tissue,non_neural,67.59700999587292,9.034279312486618
GTEX-1AMEY-1126-SM-72D79,35.0,35.42294,Minor Salivary Gland,non_neural,48.86032250000228,-0.6321925981436152
GTEX-1GZ4H-1226-SM-9KNUA,55.0,56.62229,Colon - Transverse,non_neural,64.43485908920985,-25.069009768882392
GTEX-1L5NE-2626-SM-E9U6P,55.0,55.371727,Adipose - Subcutaneous,non_neural,65.62205028836607,14.40106963540472
GTEX-1313W-3126-SM-5LZUI,55.0,56.892124,Brain - Cortex,neural,65.70496126314217,-22.413133883834114
GTEX-ZF28-3026-SM-4WKHP,65.0,67.43591,Brain - Cortex,neural,79.0857362657693,8.078313799585576
GTEX-1HCUA-2026-SM-CGQEJ,55.0,54.603065,Artery - Tibial,non_neural,77.99609767341647,43.69947003350236
GTEX-14JIY-2926-SM-69LPT,65.0,59.0933,Brain - Cortex,neural,67.92147845546435,-16.018928462956964
GTEX-12ZZZ-2926-SM-HPAGD,65.0,71.7292,Pituitary,non_neural,91.75091748649876,62.107635463256514
GTEX-1JMQK-2426-SM-CXZJU,65.0,79.50174,Small Intestine - Terminal Ileum,non_neural,80.67685042333696,37.277818214456396
GTEX-1LG7Y-2226-SM-E9U5K,55.0,58.020493,Colon - Sigmoid,non_neural,66.51676664402206,-22.168672433679287
GTEX-WYVS-2326-SM-3NMAI,45.0,52.344337,Muscle - Skeletal,non_neural,64.90706154154516,11.019597127702605
GTEX-WK11-0626-SM-3NMAV,55.0,52.45954,Heart - Atrial Appendage,non_neural,61.46397244475776,22.17994672110165
GTEX-16NPX-1826-SM-GPRXR,55.0,62.27189,Esophagus - Gastroesophageal Junction,non_neural,65.07367575928068,31.744889697184632
GTEX-1JMQL-0011-R5a-SM-F3424,55.0,53.713047,Brain - Caudate (basal ganglia),neural,66.75177237815095,5.225202987354081
GTEX-1J8Q3-1326-SM-CMKI1,65.0,58.07252,Breast - Mammary Tissue,non_neural,75.67823643053154,17.532486141393854
GTEX-1H3O1-1726-SM-9WYSR,65.0,65.34956,Brain - Cortex,neural,79.29257183285483,2.867326756735216
GTEX-131XF-1226-SM-5HL8V,65.0,48.73157,Stomach,non_neural,69.34839819794969,-8.34927106563196
GTEX-1IDJF-0926-SM-ARL85,25.0,31.959888,Artery - Aorta,non_neural,49.97314453309404,33.48458489021244
GTEX-1EU9M-2926-SM-793DF,65.0,70.43988,Brain - Cerebellum,neural,79.43094497918034,-15.64532839944863
GTEX-1R9PM-0926-SM-DPRYA,25.0,37.313023,Esophagus - Mucosa,non_neural,37.42674989419112,-17.590305822795226
GTEX-WOFL-0426-SM-GMXAM,65.0,63.506374,Artery - Tibial,non_neural,78.4348256356316,64.0010756745166
GTEX-R55D-0426-SM-GNTAK,55.0,58.86449,Artery - Tibial,non_neural,70.58072152509843,34.89482577326236
GTEX-1MCC2-2726-SM-EWRN3,35.0,52.7892,Muscle - Skeletal,non_neural,47.026703109030635,-7.8291436360654965
GTEX-1H3NZ-3126-SM-9WPOK,65.0,67.44718,Pituitary,non_neural,79.51421766163806,62.06545032740275
GTEX-1C6VQ-3126-SM-7MKGH,55.0,58.3136,Pituitary,non_neural,85.23841767247171,64.82424289477991
GTEX-131XH-2426-SM-5PNZ6,55.0,54.084377,Artery - Tibial,non_neural,69.28280075988043,38.95318891522249
GTEX-1LGRB-2626-SM-CNPPR,55.0,50.237217,Muscle - Skeletal,non_neural,66.02896635651436,-7.587689593990587
GTEX-Q2AG-0011-R11A-SM-2HMKZ,45.0,47.643593,Brain - Cerebellar Hemisphere,neural,58.20774887800134,-30.76608700638696
GTEX-1AX8Z-0126-SM-7DHM6,65.0,58.72782,Skin - Sun Exposed (Lower leg),non_neural,65.76510526083938,11.186182953700534
GTEX-X5EB-2326-SM-46MW5,45.0,56.786278,Muscle - Skeletal,non_neural,56.69802626265131,20.879650738991405
GTEX-11PRG-1426-SM-GJ3RU,55.0,72.63534,Thyroid,non_neural,67.24109367192908,33.805032087344415
GTEX-ZYT6-0626-SM-5E45V,35.0,32.56529,Liver,non_neural,35.3566551824195,20.933868159258495
GTEX-ZA64-0326-SM-5HL8T,25.0,37.307816,Lung,non_neural,52.75786104100921,23.787417627091898
GTEX-WEY5-0626-SM-4LMIA,45.0,55.56089,Ovary,non_neural,63.53384273763925,10.084631371899809
GTEX-1445S-0011-R8a-SM-5PNWX,65.0,66.71089,Brain - Hypothalamus,neural,81.31206145958578,8.767891291556912
GTEX-WYVS-0326-SM-3NM9V,45.0,46.548492,Thyroid,non_neural,54.418158939756495,31.956533671936047
GTEX-13O1R-1226-SM-5J1NU,65.0,60.4973,Heart - Left Ventricle,non_neural,65.32348252643511,2.3225299578255645
GTEX-11O72-2826-SM-5HL6W,45.0,51.95229,Brain - Cerebellum,neural,66.52395986752495,-1.8666001060396704
GTEX-12WSJ-1126-SM-5LZVJ,45.0,49.475323,Skin - Not Sun Exposed (Suprapubic),non_neural,53.46894080664927,1.7448858641684089
GTEX-YB5E-1926-SM-5IFIG,45.0,54.287453,Testis,non_neural,49.482271183650994,-17.023222785430672
GTEX-15RIE-5021-SM-HL11W,65.0,52.625084,Muscle - Skeletal,non_neural,57.49157157699456,1.845177819579854
GTEX-1EKGG-2926-SM-7EPIH,65.0,58.45126,Brain - Cortex,neural,68.51505066431251,-5.544313899265979
GTEX-WXYG-0004-SM-4MVOS,55.0,55.472286,Cells - EBV-transformed lymphocytes,non_neural,16.867756092718764,-41.21286901866966
GTEX-17KNJ-1326-SM-7KFTG,55.0,45.935898,Esophagus - Mucosa,non_neural,51.121762281895656,-10.083055546281598
GTEX-QESD-0726-SM-COH23,25.0,31.850082,Esophagus - Muscularis,non_neural,41.4523576090471,-31.775104202659275
GTEX-ZYT6-1526-SM-5E45F,35.0,31.059496,Artery - Tibial,non_neural,52.87230585729009,24.21331212164264
GTEX-13SLW-3126-SM-HAV2Q,75.0,78.56349,Brain - Cortex,neural,85.96865358143691,21.657803983104703
GTEX-13113-2026-SM-5LZU3,65.0,47.796844,Nerve - Tibial,neural,76.58921558005534,47.279182916119446
GTEX-1GF9X-0001-SM-EAZCN,45.0,43.827183,Cells - EBV-transformed lymphocytes,non_neural,24.83241279590301,-33.75272463738474
GTEX-ZF3C-1226-SM-4WWCB,55.0,62.938316,Heart - Left Ventricle,non_neural,66.24198703155905,12.976033273502741
GTEX-18A7A-1026-SM-7LT8B,55.0,50.683487,Lung,non_neural,67.65500282134617,35.04510360075378
GTEX-XPVG-0008-SM-4GICH,55.0,42.49344,Cells - Cultured fibroblasts,non_neural,52.93501537787577,22.096479966376986
GTEX-OXRL-1526-SM-E6CHQ,55.0,45.57779,Stomach,non_neural,58.36183337077017,-7.876648040037714
GTEX-ZVZQ-2726-SM-GPRY1,65.0,68.554276,Vagina,non_neural,84.50901386413383,45.2525834439598
GTEX-1I6K7-2426-SM-AHZ2I,45.0,53.164062,Testis,non_neural,30.02419637185983,-37.1172024290803
GTEX-139TS-0005-SM-5NQC1,65.0,58.5307,Whole Blood,non_neural,66.41087978372215,4.425423670899843
GTEX-X261-0226-SM-3NMD2,55.0,48.53729,Adipose - Subcutaneous,non_neural,70.47548330926774,32.3892839132205
GTEX-WWYW-0726-SM-GRR17,55.0,59.48507,Breast - Mammary Tissue,non_neural,72.88339232198868,29.72929143924531
GTEX-YECK-0926-SM-4W214,65.0,69.72315,Lung,non_neural,83.90171954219547,58.265825225777775
GTEX-WH7G-0326-SM-3NMBH,45.0,48.40526,Heart - Atrial Appendage,non_neural,56.181000284427256,6.50106083639604
GTEX-1LSNM-0005-SM-CXZIW,55.0,44.68599,Whole Blood,non_neural,46.914322150459896,-37.038327452732084
GTEX-13JVG-0011-R5a-SM-5MR4O,65.0,61.381195,Brain - Caudate (basal ganglia),neural,76.97290565975251,14.852537667488146
GTEX-11NV4-0011-R7a-SM-57WDH,65.0,61.9894,Brain - Putamen (basal ganglia),neural,84.22176449854138,-10.307321234500755
GTEX-YJ8A-1526-SM-5P9FT,25.0,37.37008,Stomach,non_neural,41.75359662177645,-43.16354900934559
GTEX-13111-0126-SM-5EGHO,55.0,60.02356,Spleen,non_neural,67.19391641529916,9.968542040664873
GTEX-12WSN-0126-SM-5DUX5,45.0,49.5294,Spleen,non_neural,63.91177822589529,5.507066716607369
GTEX-PSDG-1826-SM-EAZ2S,55.0,47.164516,Colon - Transverse,non_neural,54.25681790226422,-46.587528561556624
GTEX-1J8JJ-1126-SM-CL55P,65.0,63.529526,Lung,non_neural,74.6155817303253,26.658291194659217
GTEX-1HSMQ-0526-SM-A96TY,55.0,68.320595,Thyroid,non_neural,68.19022665259433,30.949335842065615
GTEX-132QS-2526-SM-62LFJ,65.0,56.625893,Adipose - Subcutaneous,non_neural,68.58303144159456,20.087915122604695
GTEX-1H1ZS-1726-SM-9WYUC,75.0,72.64976,Esophagus - Gastroesophageal Junction,non_neural,82.67145148399624,21.568105492389446
GTEX-12WSH-1526-SM-5BC5W,55.0,59.539112,Skin - Not Sun Exposed (Suprapubic),non_neural,59.17695831347652,3.3966268506102133
GTEX-13QJC-0006-SM-HKZYR,65.0,58.873848,Whole Blood,non_neural,68.15285189022688,15.397913071688276
GTEX-1313W-0011-R8a-SM-5DUVM,55.0,52.342762,Brain - Hypothalamus,neural,70.18457930966044,-14.001337095881869
GTEX-1GMR8-0011-R6b-SM-CE6RC,55.0,57.711803,Brain - Nucleus accumbens (basal ganglia),neural,71.60596293778217,25.133760289926162
GTEX-1QAET-2126-SM-F2TBS,55.0,60.575077,Kidney - Cortex,non_neural,71.26675264642472,19.04171534226301
GTEX-1LSVX-0011-R2a-SM-G8OL9,65.0,60.38207,Brain - Substantia nigra,neural,86.33564267456771,17.5869845500839
GTEX-1IOXB-0011-R10a-SM-D3L8I,55.0,59.88422,Brain - Frontal Cortex (BA9),neural,66.43287608366789,-23.070833559060382
GTEX-1LNCM-1026-SM-E9U5D,55.0,71.23275,Vagina,non_neural,66.91001846813558,6.826947166617779
GTEX-ZEX8-1026-SM-4WKHE,55.0,55.04347,Pancreas,non_neural,65.94423136978567,7.581388469884549
GTEX-14A5H-0526-SM-5TDCN,65.0,75.54012,Adipose - Subcutaneous,non_neural,82.64970916227281,54.966368559991814
GTEX-ZYT6-2226-SM-5GIC9,35.0,37.742916,Kidney - Cortex,non_neural,50.056716457918284,-14.42943956127024
GTEX-SN8G-0126-SM-32PLI,55.0,67.176315,Skin - Sun Exposed (Lower leg),non_neural,65.77251509805437,31.258575713248018
GTEX-1F6I4-0011-R6a-SM-CE6R4,65.0,58.81487,Brain - Nucleus accumbens (basal ganglia),neural,74.5468843102451,-9.42934559743148
GTEX-W5WG-1126-SM-4LMK4,55.0,46.852318,Adrenal Gland,non_neural,58.157529714709995,2.924591235526391
GTEX-ZYFG-1426-SM-5GICS,65.0,58.69341,Adipose - Visceral (Omentum),non_neural,75.10595877495646,29.96496170579874
GTEX-18D9U-2226-SM-7KFTN,45.0,46.410812,Minor Salivary Gland,non_neural,58.923377954916134,-5.9335536940792215
GTEX-QLQ7-0008-SM-447AW,65.0,52.006615,Cells - Cultured fibroblasts,non_neural,65.10404206006048,23.65439023164731
GTEX-1MJIX-1726-SM-HK79H,45.0,42.30944,Colon - Transverse,non_neural,50.68910322782759,-39.97386130045102
GTEX-1RAZS-0126-SM-G8LMW,55.0,53.815334,Skin - Sun Exposed (Lower leg),non_neural,60.372638543917034,10.984256831563874
GTEX-15DZA-2026-SM-6PANE,35.0,53.84443,Muscle - Skeletal,non_neural,46.564481729332755,-15.305726290921712
GTEX-1N2DV-0006-SM-GPRXT,45.0,45.062912,Whole Blood,non_neural,55.07535892186708,-33.65478549106803
GTEX-YFC4-3126-SM-5PNV6,45.0,46.856834,Brain - Cortex,neural,64.5255185655439,-19.072706388420148
GTEX-11NUK-0426-SM-5HL5V,55.0,57.674408,Nerve - Tibial,neural,64.59179032697182,38.716145853577395
GTEX-15CHC-0526-SM-6EU23,65.0,61.19898,Artery - Coronary,non_neural,85.60405239570608,70.03360404918922
GTEX-1MCC2-2626-SM-GNINA,35.0,39.312077,Artery - Tibial,non_neural,55.00532381929706,8.458037299188012
GTEX-13VXT-1326-SM-5LU3Y,25.0,35.171925,Spleen,non_neural,45.555925786761094,-26.544074634786696
GTEX-146FH-0126-SM-5QGPP,55.0,61.644005,Skin - Sun Exposed (Lower leg),non_neural,54.17745021178702,4.893401675817454
GTEX-13112-0011-R5b-SM-5DUV8,55.0,56.004765,Brain - Caudate (basal ganglia),neural,69.0987795264949,-3.1879324382705008
GTEX-1A3MV-1826-SM-731CD,35.0,38.449566,Skin - Not Sun Exposed (Suprapubic),non_neural,39.28016761415789,-18.490326640362944
GTEX-144GN-1726-SM-GI4XM,55.0,48.042362,Skin - Not Sun Exposed (Suprapubic),non_neural,44.568097898348256,-12.303036836945164
GTEX-PWCY-0926-SM-48TD7,25.0,33.50449,Stomach,non_neural,45.78953925799445,-14.775445658279063
GTEX-ZP4G-1726-SM-4WWCM,25.0,37.358696,Colon - Transverse,non_neural,43.01524054282912,-56.9911508010783
GTEX-QV44-0426-SM-4R1KF,55.0,47.53762,Pancreas,non_neural,59.342249584507144,-10.576653667588765
GTEX-11DXX-1426-SM-5GIDU,65.0,60.70349,Ovary,non_neural,77.6595497761996,17.47662881627062
GTEX-1A3MV-1926-SM-718BT,35.0,35.663628,Skin - Sun Exposed (Lower leg),non_neural,41.578808249983936,-15.205974310307205
GTEX-X62O-0005-SM-46MV1,55.0,52.117893,Whole Blood,non_neural,53.887586091995814,-15.026680461085846
GTEX-1BAJH-2626-SM-7EPG6,75.0,62.788467,Adrenal Gland,non_neural,69.46535835415385,27.990250543443
GTEX-1EKGG-1426-SM-7PBY2,65.0,52.22436,Adipose - Visceral (Omentum),non_neural,67.63276684053976,37.856263410769735
GTEX-11ZVC-3226-SM-5FQV1,55.0,59.5648,Pituitary,non_neural,83.65472806758245,61.34482787550992
GTEX-1F6I4-0002-SM-EVR38,65.0,57.280876,Cells - EBV-transformed lymphocytes,non_neural,40.73673023798793,-23.920797433113215
GTEX-1PBJJ-1726-SM-HLJQN,35.0,47.78665,Testis,non_neural,26.80329245801832,-43.39198926168047
GTEX-NPJ7-1326-SM-3MJHO,65.0,67.07981,Artery - Coronary,non_neural,84.66282209024466,61.808928541001904
GTEX-14E6D-1026-SM-5S2RS,55.0,54.239162,Lung,non_neural,75.56886763215554,50.06526335964394
GTEX-QVUS-0011-R1A-SM-3GAD2,65.0,69.14087,Brain - Hippocampus,neural,85.65002825178455,32.83816159066212
GTEX-14JFF-0011-R4a-SM-5ZZV5,65.0,64.6824,Brain - Amygdala,neural,77.90370072876212,7.99207198311634
GTEX-14PJO-0926-SM-686YT,65.0,64.39947,Lung,non_neural,87.76493069944786,46.76876896948167
GTEX-1RAZS-0011-R5b-SM-F341U,55.0,54.370823,Brain - Caudate (basal ganglia),neural,71.39029433801863,1.5521921676280463
GTEX-ZPIC-1526-SM-GNTB6,45.0,39.131584,Esophagus - Mucosa,non_neural,39.673403041885635,-28.771431852898164
GTEX-1LKK1-1626-SM-EVR4Y,55.0,46.171574,Ovary,non_neural,66.99734175260552,21.805692195265404
GTEX-18D9A-0526-SM-7KFSW,35.0,43.133945,Esophagus - Mucosa,non_neural,37.26184383973383,-17.857347199831825
GTEX-13FH7-0226-SM-5IFGG,55.0,49.715073,Adrenal Gland,non_neural,58.51801613855743,0.37188360950240573
GTEX-1JMQK-0011-R4a-SM-G8LLQ,65.0,66.509605,Brain - Amygdala,neural,90.39978611381407,14.376044145568523
GTEX-11OF3-1826-SM-5987N,65.0,62.33149,Testis,non_neural,41.144721012696834,-30.743971497734712
GTEX-18D9U-1726-SM-7LTA5,45.0,45.88398,Esophagus - Muscularis,non_neural,58.34560179992317,-12.071872300559352
GTEX-X261-2426-SM-4PQZU,55.0,57.99681,Minor Salivary Gland,non_neural,70.18612033951017,0.621293797227124
GTEX-1F7RK-0126-SM-7PC2S,25.0,38.75768,Skin - Sun Exposed (Lower leg),non_neural,40.57092480275411,-1.821690889387404
GTEX-QMRM-1826-SM-GPI8E,55.0,54.27958,Skin - Sun Exposed (Lower leg),non_neural,59.073009445627065,5.1946578158004755
GTEX-T6MO-1026-SM-4DM72,45.0,39.722122,Fallopian Tube,non_neural,47.91763123426577,-21.35828592538529
GTEX-131YS-0726-SM-5P9G9,65.0,72.01246,Thyroid,non_neural,77.42739567722475,41.51296060369339
GTEX-11ZU8-0005-SM-5PNU5,65.0,62.500816,Whole Blood,non_neural,65.3130377090829,3.4140880835040526
GTEX-WY7C-1726-SM-4ONCC,55.0,57.5944,Stomach,non_neural,53.60403828740293,-20.355611635111956
GTEX-111FC-3126-SM-5GZZ2,65.0,63.69271,Brain - Cortex,neural,71.3228528635323,-17.837168161023158
GTEX-15UF6-1026-SM-7KUF7,75.0,66.99736,Muscle - Skeletal,non_neural,63.368583725506795,20.136818076638612
GTEX-1QEPI-2226-SM-E8VN6,65.0,61.150963,Adipose - Visceral (Omentum),non_neural,76.8443568382041,56.42380705332519
GTEX-13OW8-1826-SM-5L3H1,65.0,65.61741,Artery - Aorta,non_neural,83.53102011017384,73.78767164041834
GTEX-1C64N-0226-SM-HLJSN,55.0,51.65759,Adipose - Subcutaneous,non_neural,59.785928010845254,12.04484475657543
GTEX-1QP28-0126-SM-G8LMP,55.0,47.644627,Skin - Sun Exposed (Lower leg),non_neural,61.353563661822065,2.67071236169631
GTEX-14BMV-0011-R6b-SM-5YY9I,55.0,50.11322,Brain - Nucleus accumbens (basal ganglia),neural,70.16493729925989,-12.47503999165107
GTEX-TMMY-2226-SM-4DXTN,45.0,49.437202,Uterus,non_neural,68.49887824885879,-5.876540177638906
GTEX-139TS-0011-R8a-SM-5J1NP,65.0,64.25218,Brain - Hypothalamus,neural,94.61141783731114,13.887790139000684
GTEX-145ME-1826-SM-5MR6H,45.0,44.378117,Skin - Sun Exposed (Lower leg),non_neural,53.97221822204867,12.38859789092015
GTEX-13PVQ-0526-SM-5LU8Q,55.0,60.898098,Artery - Tibial,non_neural,76.49913355853016,66.62442810453175
GTEX-1AMEY-1026-SM-718AA,35.0,42.35033,Breast - Mammary Tissue,non_neural,65.87719167426265,20.07646977818462
GTEX-12C56-1526-SM-5FQUQ,25.0,32.96137,Skin - Not Sun Exposed (Suprapubic),non_neural,40.47182460636215,-22.896127594893255
GTEX-1IE54-0126-SM-CMKHW,45.0,48.75057,Skin - Sun Exposed (Lower leg),non_neural,56.04878380663715,32.05692384995648
GTEX-WXYG-0826-SM-4ONC7,55.0,57.84453,Pancreas,non_neural,71.37132400646401,10.251318787460967
GTEX-13OW7-0326-SM-5J1MP,55.0,63.248283,Muscle - Skeletal,non_neural,66.4830994923517,21.308920132647334
GTEX-1HSMQ-5021-SM-HTQ8B,55.0,54.832275,Esophagus - Muscularis,non_neural,60.09755693355896,-4.986225022524163
GTEX-Y111-0626-SM-4SOIT,55.0,50.530846,Skin - Not Sun Exposed (Suprapubic),non_neural,52.457790023254745,-9.716681889847756
GTEX-1LG7Z-1626-SM-CXKYR,35.0,46.741146,Skin - Not Sun Exposed (Suprapubic),non_neural,51.09808585289066,-0.16468369678156908
GTEX-11WQC-0011-R2a-SM-DO927,65.0,67.57501,Brain - Substantia nigra,neural,82.0264741781909,7.776165942419883
GTEX-ZDTS-1226-SM-4WKGL,65.0,63.825027,Heart - Atrial Appendage,non_neural,69.28732536151513,27.233769269759232
GTEX-ZAB4-2226-SM-5HL97,45.0,45.687992,Colon - Transverse,non_neural,66.57765327405279,5.701295039579926
GTEX-1S82P-0003-SM-HPAE8,65.0,38.665386,Cells - EBV-transformed lymphocytes,non_neural,47.623344568689575,-3.0741344887557056
GTEX-1KANA-0926-SM-D3L9K,25.0,37.873657,Muscle - Skeletal,non_neural,33.15429094573611,-23.960136858509124
GTEX-ZY6K-0006-SM-GRR18,55.0,47.475197,Whole Blood,non_neural,58.909901890846996,-17.241685728071797
GTEX-13OW6-0526-SM-5L3HY,55.0,66.69478,Adipose - Subcutaneous,non_neural,71.32735330030127,24.795419196227375
GTEX-1I1GS-0726-SM-C1YS7,65.0,57.1371,Thyroid,non_neural,78.0448512780705,58.07914697426736
GTEX-14753-0011-R5a-SM-5S2VW,65.0,57.205315,Brain - Caudate (basal ganglia),neural,78.52258400245044,25.84104356170233
GTEX-XMK1-1326-SM-4B65Q,45.0,48.43827,Esophagus - Mucosa,non_neural,45.20020715052202,-25.273621201080978
GTEX-YF7O-1426-SM-GNTBH,55.0,51.87279,Adipose - Visceral (Omentum),non_neural,58.969894615660024,14.031871442713717
GTEX-11UD2-2526-SM-5CVNU,55.0,56.51654,Skin - Not Sun Exposed (Suprapubic),non_neural,65.54790000253773,16.890808402916498
GTEX-145LV-1426-SM-5Q5BV,55.0,58.03353,Esophagus - Muscularis,non_neural,72.26846820113367,16.70870000609418
GTEX-13FH7-1926-SM-5J2OL,55.0,49.60159,Adipose - Visceral (Omentum),non_neural,56.58465483773348,1.3116611293318423
GTEX-XV7Q-2226-SM-4BRVY,45.0,54.32731,Colon - Sigmoid,non_neural,63.8529619134697,-27.864988993109968
GTEX-WRHK-1626-SM-3MJFH,25.0,29.06868,Muscle - Skeletal,non_neural,33.96402068874586,-36.810739764322975
GTEX-R55F-0226-SM-48FCI,55.0,59.027153,Nerve - Tibial,neural,73.69085149252223,39.779547492038894
GTEX-1HCU6-0526-SM-A9SKU,65.0,62.11946,Muscle - Skeletal,non_neural,63.96866014286347,11.755362945478513
GTEX-11UD2-0826-SM-5EQKS,55.0,56.651505,Artery - Aorta,non_neural,69.29879005040335,53.33379689089244
GTEX-14E7W-0011-R4b-SM-62LEA,75.0,70.54714,Brain - Amygdala,neural,82.5522378671659,-3.6889427300027515
GTEX-1F75B-0526-SM-7P8T5,55.0,58.986618,Muscle - Skeletal,non_neural,58.68311161793969,6.658180334041523
GTEX-Y8E4-2026-SM-5IFJB,45.0,49.830036,Skin - Not Sun Exposed (Suprapubic),non_neural,54.22411090802112,-10.241099589020989
GTEX-18D9B-0526-SM-7LTAS,65.0,66.526634,Skin - Sun Exposed (Lower leg),non_neural,70.5807975843828,33.180674156498874
GTEX-YF7O-2426-SM-5IFJL,55.0,50.803623,Adipose - Subcutaneous,non_neural,67.16986990963166,26.34364346602006
GTEX-QDVN-2026-SM-3GAEP,55.0,61.29663,Skin - Sun Exposed (Lower leg),non_neural,68.25519175410383,26.394560355916187
GTEX-ZYT6-1026-SM-DKPOV,35.0,29.455538,Artery - Aorta,non_neural,58.15470230582345,59.162580332682786
GTEX-17HG3-0011-R7b-SM-7EPGR,35.0,42.3583,Brain - Putamen (basal ganglia),neural,56.85343585735721,-15.800367484635078
GTEX-ZYY3-0926-SM-5E454,65.0,61.56411,Lung,non_neural,84.38105891438282,38.29118918213451
GTEX-147JS-1826-SM-5ZZWG,65.0,65.15976,Esophagus - Muscularis,non_neural,76.3365551129618,31.706347733702238
GTEX-QMRM-1926-SM-GQ1CJ,55.0,54.5531,Muscle - Skeletal,non_neural,50.124617690979235,-2.8217127560505224
GTEX-139YR-0226-SM-5IFEM,55.0,55.450157,Liver,non_neural,53.769131513956935,36.16324819849432
GTEX-1AYCT-1026-SM-79ONR,55.0,54.901134,Testis,non_neural,44.53384481832627,-16.17010415847796
GTEX-13W3W-0726-SM-5IJDQ,65.0,58.34322,Skin - Not Sun Exposed (Suprapubic),non_neural,60.23743926413047,1.8554649911014895
GTEX-XYKS-1326-SM-4BRUN,65.0,57.303143,Breast - Mammary Tissue,non_neural,75.17018752294152,25.44532519158668
GTEX-ZPCL-0726-SM-DO91S,65.0,56.65735,Pancreas,non_neural,66.63840180555609,8.619177393312325
GTEX-18A66-2025-C-SM-H661X,65.0,49.398216,Liver - Hepatocyte,non_neural,53.802931356634375,40.96613188206296
GTEX-1JMPY-0826-SM-AHZ4A,35.0,38.10393,Esophagus - Mucosa,non_neural,43.74631545533774,-15.691195843861726
GTEX-ZYY3-1526-SM-5MR7A,65.0,58.66919,Esophagus - Mucosa,non_neural,55.73271386976349,-8.063539798702056
GTEX-WFON-0001-SM-3P61W,45.0,47.563004,Cells - EBV-transformed lymphocytes,non_neural,32.38639495724391,-23.806182715005388
GTEX-1CAMQ-0008-SM-EXOI5,45.0,65.07646,Cells - Cultured fibroblasts,non_neural,50.87109738245006,29.719313636355025
GTEX-OXRO-0726-SM-E9U4C,65.0,60.68445,Colon - Transverse,non_neural,63.936882420026365,-16.882058154569624
GTEX-14ABY-0126-SM-62LDI,55.0,56.162525,Muscle - Skeletal,non_neural,58.58147616161973,-12.584054516150172
GTEX-131YS-0011-R11b-SM-5EGLM,65.0,67.003,Brain - Cerebellar Hemisphere,neural,75.91430240693929,-23.721423696512577
GTEX-R55C-1226-SM-GOQY7,45.0,51.109493,Bladder,non_neural,78.9687045545154,19.538435821734854
GTEX-15DYW-0011-R5a-SM-6M46W,65.0,58.693607,Brain - Caudate (basal ganglia),neural,74.70113342636074,3.955122447532068
GTEX-YB5K-2126-SM-4WWDJ,45.0,46.777122,Skin - Sun Exposed (Lower leg),non_neural,51.51315185451432,2.6518294723142812
GTEX-ZF28-0126-SM-4WKGK,65.0,75.03708,Skin - Sun Exposed (Lower leg),non_neural,92.30018219754527,57.93789006263776
GTEX-PWCY-1826-SM-DHXIZ,25.0,31.251081,Skin - Sun Exposed (Lower leg),non_neural,35.07987013432847,-26.318835621195053
GTEX-1IDJI-1026-SM-A96TE,55.0,53.864967,Heart - Left Ventricle,non_neural,58.74023585666485,6.378162505628628
GTEX-13113-0926-SM-HK78I,65.0,63.500847,Esophagus - Mucosa,non_neural,59.68540240773838,-0.34440544057154193
GTEX-XMK1-1826-SM-4B66F,45.0,52.236053,Small Intestine - Terminal Ileum,non_neural,63.77316554433423,-34.54394270865732
GTEX-1C6VQ-0526-SM-7MGWD,55.0,55.80498,Thyroid,non_neural,62.026056119908674,24.275967742837203
GTEX-13CF3-1626-SM-5IFG9,65.0,59.39568,Esophagus - Mucosa,non_neural,46.27578117730741,-4.832929561149403
GTEX-14E7W-0526-SM-5S2W8,75.0,63.077324,Artery - Tibial,non_neural,81.01880749563279,54.990629345977894
GTEX-1B933-3126-SM-7P8RL,55.0,58.0515,Brain - Cortex,neural,66.41983758831283,-22.72987551575378
GTEX-17F96-1126-SM-7EWDF,75.0,72.6865,Artery - Aorta,non_neural,85.16908438800058,73.57862863591457
GTEX-12ZZX-0011-R1a-SM-5EQ6B,45.0,50.45335,Brain - Hippocampus,neural,59.713628066211726,-10.14308381711955
GTEX-ZA64-0005-SM-GNTAL,25.0,41.857,Whole Blood,non_neural,39.96973827918194,-36.97390835773869
GTEX-Q734-0226-SM-48U1A,45.0,44.004097,Spleen,non_neural,51.08141821751805,-16.026985987254264
GTEX-1KANA-1125-C-SM-AW8QM,25.0,35.36178,Stomach - Muscularis,non_neural,51.72692920991234,-65.07854757853482
GTEX-1N2DW-1426-SM-EV7AZ,55.0,57.264553,Esophagus - Mucosa,non_neural,53.163709078722846,-3.726476151495884
GTEX-1S5ZA-0926-SM-EVR55,25.0,25.605383,Esophagus - Gastroesophageal Junction,non_neural,36.94310285463128,-27.778831831015324
GTEX-TSE9-2726-SM-4DXSQ,65.0,62.54393,Cervix - Endocervix,non_neural,77.37314888688144,47.21847237924802
GTEX-11P7K-1525-B-SM-DLZRO,35.0,38.962975,Colon - Transverse - Mucosa,non_neural,44.60271440546494,-50.67153258630824
GTEX-1PPH7-1126-SM-DTX9A,45.0,41.60948,Skin - Not Sun Exposed (Suprapubic),non_neural,50.706035207234194,6.402532026792432
GTEX-14PK6-1826-SM-69LOM,75.0,65.78042,Colon - Sigmoid,non_neural,67.64752279317123,-29.474523406277306
GTEX-13O21-2526-SM-5J1OZ,55.0,54.19776,Artery - Tibial,non_neural,71.54511127350243,41.552382912537155
GTEX-PWN1-1926-SM-HAUZN,45.0,45.110695,Bladder,non_neural,61.87001039774968,19.56381332287143
GTEX-UPK5-2026-SM-4JBIM,45.0,49.29596,Small Intestine - Terminal Ileum,non_neural,49.48473934538873,-13.826438455358128
GTEX-15DCD-0011-R8b-SM-7KUEF,75.0,67.251175,Brain - Hypothalamus,neural,91.41349011431944,17.776883309427657
GTEX-1AX9I-0726-SM-73KWV,65.0,66.21169,Breast - Mammary Tissue,non_neural,82.9460631872671,47.14997264182188
GTEX-1RAZR-1426-SM-EVR4M,45.0,47.235043,Esophagus - Gastroesophageal Junction,non_neural,60.7656140987513,-8.611450009336536
GTEX-13FTW-0726-SM-9WG72,45.0,59.430954,Artery - Aorta,non_neural,60.77841690481246,45.67897547938413
GTEX-11TTK-0426-SM-5EQLT,65.0,69.26222,Nerve - Tibial,neural,81.7589970422662,73.11881295272525
GTEX-17GQL-2326-SM-731EJ,65.0,61.678326,Artery - Aorta,non_neural,79.3926674727258,67.16542831723038
GTEX-11EQ9-0006-SM-5LUB6,35.0,49.473774,Whole Blood,non_neural,43.47171399174509,-22.114983806917778
GTEX-ZPU1-0004-SM-4WWAV,45.0,43.969513,Cells - EBV-transformed lymphocytes,non_neural,25.840492814033254,-27.885448361595763
GTEX-1MCC2-0326-SM-EV7AK,35.0,47.746418,Heart - Left Ventricle,non_neural,50.4544897283544,4.478141589480363
GTEX-1H1E6-0008-SM-F21JI,35.0,42.78842,Cells - Cultured fibroblasts,non_neural,42.108872702011524,14.320750819035457
GTEX-14XAO-1826-SM-GQ1D9,65.0,56.277874,Colon - Sigmoid,non_neural,68.65532138892112,-28.375322309275774
GTEX-ZVP2-1526-SM-5NQ82,55.0,44.03116,Colon - Transverse,non_neural,50.79583485691823,-30.587807312500527
GTEX-14E6C-0426-SM-5YYA8,45.0,60.443638,Heart - Left Ventricle,non_neural,62.935399679440636,11.345990874921384
GTEX-1QP28-0226-SM-E9J2N,55.0,58.225216,Adipose - Subcutaneous,non_neural,69.77815631466275,29.518297765311697
GTEX-ZTSS-1226-SM-51MSZ,45.0,47.231194,Colon - Sigmoid,non_neural,55.71154053471757,-33.82996423273055
GTEX-1GN1U-1826-SM-9JGH2,55.0,51.18924,Esophagus - Mucosa,non_neural,56.312355948958356,-7.6023970514955295
GTEX-1PPH8-1326-SM-DTXFO,25.0,25.458244,Stomach,non_neural,44.49869626678773,-42.441165465721696
GTEX-1LGOU-0926-SM-DIPFT,25.0,28.834213,Esophagus - Gastroesophageal Junction,non_neural,42.983663555983426,-19.089018269360185
GTEX-13VXU-0011-R9b-SM-5SI73,55.0,58.343254,Brain - Spinal cord (cervical c-1),neural,70.14507290599657,5.074564681451103
GTEX-13OW5-0011-R6b-SM-5O9BW,65.0,62.80958,Brain - Nucleus accumbens (basal ganglia),neural,73.54401266023534,9.062864102787382
GTEX-ZG7Y-1626-SM-5S2NO,55.0,55.981796,Adipose - Visceral (Omentum),non_neural,58.053279231235464,26.443041629149405
GTEX-15SHV-0826-SM-7KUFA,65.0,63.794685,Artery - Aorta,non_neural,72.38652333799327,57.59738630436572
GTEX-ZQUD-1426-SM-57WER,35.0,41.513073,Skin - Sun Exposed (Lower leg),non_neural,46.2075509607683,-4.888056509536799
GTEX-13VXU-0011-R7b-SM-5SI72,55.0,62.24353,Brain - Putamen (basal ganglia),neural,73.55716184349662,-9.68139291216117
GTEX-1C6VQ-3026-SM-7IGPU,55.0,61.076393,Brain - Cortex,neural,76.66573125406902,22.792223192771107
GTEX-1I1GP-3126-SM-C1YS2,55.0,51.986954,Pituitary,non_neural,75.37792455364648,47.25556143003471
GTEX-131XF-2526-SM-5EQ68,65.0,64.695404,Artery - Tibial,non_neural,79.98929656889513,43.6864666857623
GTEX-1A8FM-0626-SM-7PC25,55.0,60.03653,Skin - Not Sun Exposed (Suprapubic),non_neural,69.06677642568248,31.973878588630317
GTEX-11OF3-0011-R3b-SM-H65ZS,65.0,60.38195,Brain - Anterior cingulate cortex (BA24),neural,67.93005938383853,-35.04713286410152
GTEX-S7PM-0626-SM-4AD4Q,65.0,60.232285,Testis,non_neural,39.05606488758876,-29.384284749624623
GTEX-1QP2A-1026-SM-EY5ZA,55.0,63.94249,Heart - Atrial Appendage,non_neural,72.05897249223754,22.63635096562024
GTEX-14PJ3-1926-SM-62LEY,55.0,52.76782,Adipose - Subcutaneous,non_neural,70.38318839459306,23.421598525641652
GTEX-1IDFM-0726-SM-GQ1CI,65.0,63.857643,Thyroid,non_neural,63.09634471013281,23.7630835433178
GTEX-R55E-0011-R2A-SM-EYYV9,25.0,27.64264,Brain - Substantia nigra,neural,40.01318877556476,-34.45115303249281
GTEX-1MCC2-0826-SM-EV7AM,35.0,34.433304,Spleen,non_neural,41.96033005160655,-25.015594523764676
GTEX-XUZC-2126-SM-4BRW8,35.0,42.325916,Muscle - Skeletal,non_neural,40.397913817144556,-14.327954480785493
GTEX-1LVA9-0226-SM-E9U5N,55.0,54.90701,Adipose - Subcutaneous,non_neural,72.10098698207747,33.849929750635624
GTEX-131XH-0011-R10a-SM-5EGLJ,55.0,51.58129,Brain - Frontal Cortex (BA9),neural,61.78787520382839,-30.065953826495072
GTEX-1313W-0326-SM-5LZU5,55.0,44.66462,Nerve - Tibial,neural,65.39409187016972,30.839106895799024
GTEX-13S7M-2126-SM-5S2QR,65.0,63.92449,Lung,non_neural,79.21385437844063,46.64236414008099
GTEX-13JVG-1426-SM-5MR4W,65.0,49.677433,Lung,non_neural,65.41466227614612,23.819920681068808
GTEX-1GPI7-1325-B-SM-AW8OS,25.0,33.54956,Stomach - Mucosa,non_neural,48.32945012055107,-20.338098470516382
GTEX-1AX9I-0011-R8a-SM-7P8PJ,65.0,63.29763,Brain - Hypothalamus,neural,79.12930480797478,-3.101056791923422
GTEX-1R46S-0011-R7b-SM-EXUTH,65.0,58.93234,Brain - Putamen (basal ganglia),neural,83.0967003796144,25.423155420453
GTEX-XQ8I-1526-SM-4BOOH,55.0,58.076134,Esophagus - Mucosa,non_neural,48.902364622749445,-21.49194962561507
GTEX-1A3MX-0011-R8a-SM-7P8PI,65.0,60.44185,Brain - Hypothalamus,neural,74.67009665740959,-0.8711627108175055
GTEX-1R46S-0011-R9a-SM-EZ6N7,65.0,69.21186,Brain - Spinal cord (cervical c-1),neural,94.49284866497786,44.336422966165735
GTEX-1K9T9-2426-SM-DHXKT,55.0,58.240986,Ovary,non_neural,76.64336731492115,2.6210894527797435
GTEX-1NV8Z-2026-SM-E8VMD,65.0,64.491356,Esophagus - Gastroesophageal Junction,non_neural,76.35844982070338,47.25033709648947
GTEX-16NFA-2326-SM-7KUE5,55.0,50.985752,Skin - Sun Exposed (Lower leg),non_neural,56.52384577144814,5.119469283473354
GTEX-1B932-0226-SM-7PBYH,45.0,45.789494,Adipose - Subcutaneous,non_neural,62.66049653847152,15.334432115163937
GTEX-17EVQ-0526-SM-7KFSK,75.0,64.24932,Thyroid,non_neural,79.17461820973135,55.55117420403585
GTEX-WHPG-0004-SM-3NMDO,55.0,53.43055,Cells - EBV-transformed lymphocytes,non_neural,34.898908659992046,-32.61066271372135
GTEX-147JS-2626-SM-5S2UX,65.0,58.28279,Colon - Sigmoid,non_neural,74.57635595261033,-23.095432845637884
GTEX-ZP4G-2326-SM-57WEM,25.0,35.983017,Adipose - Subcutaneous,non_neural,39.642293327754274,-9.29157315112682
GTEX-139T6-1826-SM-5KM2E,55.0,42.414833,Artery - Tibial,non_neural,65.65212547598448,29.89702886355363
GTEX-1OJC3-1526-SM-GPRXU,25.0,29.847553,Stomach,non_neural,46.78014800381362,-45.724544526832894
GTEX-14PJO-1726-SM-68719,65.0,65.96472,Liver,non_neural,71.33158514464533,57.205109560072565
GTEX-1JMQJ-2926-SM-D5OV4,55.0,44.253647,Pituitary,non_neural,74.15642566955493,53.733655189890015
GTEX-ZDYS-0002-SM-4WKGR,55.0,54.396072,Whole Blood,non_neural,56.047854008198456,-2.239559135581173
GTEX-1OKEX-0008-SM-HK789,65.0,55.751953,Cells - Cultured fibroblasts,non_neural,52.77470464709512,22.51946898647138
GTEX-1HSGN-0426-SM-CGQFW,45.0,52.85102,Nerve - Tibial,neural,62.32321935097811,24.995129453286275
GTEX-ZAB4-0011-R2a-SM-4RGNP,45.0,45.50346,Brain - Substantia nigra,neural,63.640672464604165,6.505739248789889
GTEX-14PKV-1226-SM-6871T,25.0,28.65621,Ovary,non_neural,43.585376916387816,-8.801770184427445
GTEX-T5JC-1826-SM-4DM6E,25.0,31.20182,Esophagus - Muscularis,non_neural,38.673959266249454,-10.846479584500067
GTEX-11EM3-1226-SM-5N9DD,25.0,34.459362,Skin - Not Sun Exposed (Suprapubic),non_neural,38.78182541573193,-22.53596394907821
GTEX-1GZ4H-0826-SM-9OSXK,55.0,45.505306,Uterus,non_neural,59.17306696065765,-39.85683539646104
GTEX-1BAJH-2326-SM-7IGMO,75.0,59.04783,Colon - Transverse,non_neural,75.34327179249748,-26.97423385675123
GTEX-11GSO-2526-SM-5PNVX,65.0,56.876537,Muscle - Skeletal,non_neural,65.96633285699565,15.38701783494538
GTEX-1JMOU-0011-R11b-SM-EXUTA,65.0,66.07722,Brain - Cerebellar Hemisphere,neural,82.26733486889424,5.667923433772617
GTEX-13SLW-0826-SM-5QGP7,75.0,57.51984,Heart - Atrial Appendage,non_neural,67.94601767023444,34.96213567147378
GTEX-178AV-0426-SM-6LPJG,45.0,38.337868,Prostate,non_neural,61.335725309186245,5.014849074362144
GTEX-ZQG8-1526-SM-5HL65,65.0,49.620735,Adipose - Subcutaneous,non_neural,67.8906817595424,7.689433289332533
GTEX-17HGU-0626-SM-7939Y,55.0,62.2284,Muscle - Skeletal,non_neural,60.54673005678845,1.1677685717288115
GTEX-1J8Q3-2526-SM-CNNQ4,65.0,57.060123,Small Intestine - Terminal Ileum,non_neural,72.98185901507317,-0.06540649155885281
GTEX-1JJ6O-0326-SM-CYPSZ,65.0,55.788506,Nerve - Tibial,neural,78.41606350542767,50.44712137811149
GTEX-1QP2A-0426-SM-E9J44,55.0,55.13248,Artery - Tibial,non_neural,72.94047326958433,34.605929894883936
GTEX-1HUB1-0011-R11b-SM-CE6SC,65.0,62.642635,Brain - Cerebellar Hemisphere,neural,82.48068312965808,6.8827539864746194
GTEX-14JG6-2126-SM-6EU2F,35.0,36.15969,Muscle - Skeletal,non_neural,42.98763932770031,-24.17694148010583
GTEX-WXYG-0926-SM-3NB2O,55.0,53.158016,Adipose - Visceral (Omentum),non_neural,67.77045292574175,25.196801347541797
GTEX-1QP9N-0226-SM-E9J4A,35.0,46.286785,Artery - Aorta,non_neural,57.3753581582272,37.085632532249306
GTEX-1HCVE-1026-SM-ACKXR,55.0,58.80914,Artery - Aorta,non_neural,66.51626236393699,69.47041364038208
GTEX-17HHE-1226-SM-793C6,55.0,45.547676,Testis,non_neural,34.91013073145736,-36.04667589402845
GTEX-ZYFG-1826-SM-5GZWX,65.0,55.471375,Colon - Sigmoid,non_neural,74.22023007379656,-24.911521335583714
GTEX-144GN-1126-SM-5LU33,55.0,54.86195,Colon - Transverse,non_neural,54.212403158078146,-25.41725279326988
GTEX-WHSE-0526-SM-5GZZD,25.0,30.73385,Muscle - Skeletal,non_neural,26.286257158876083,-42.84045067478751
GTEX-1IOXB-0726-SM-A9G32,55.0,56.286304,Heart - Atrial Appendage,non_neural,65.28356467240408,27.90411537672591
GTEX-QMRM-0426-SM-4R1K2,55.0,51.14086,Artery - Coronary,non_neural,74.66983888685468,43.40055749560758
GTEX-1I1GV-3026-SM-CNNR9,65.0,59.540028,Brain - Cerebellum,neural,77.89550872302695,-12.900167626964418
GTEX-1GMR2-0001-SM-EYYWA,55.0,48.354206,Cells - EBV-transformed lymphocytes,non_neural,30.03176530822789,-33.45266143822783
GTEX-ZZPT-0011-R2a-SM-GNTB1,55.0,50.619038,Brain - Substantia nigra,neural,78.18757861803343,24.146203005466482
GTEX-16AAH-0005-SM-7P8RD,55.0,54.82027,Whole Blood,non_neural,58.13276769936016,-21.36891710218483
GTEX-ZTPG-1226-SM-4YCDO,25.0,36.443726,Heart - Left Ventricle,non_neural,36.67183348049301,-20.298546931761777
GTEX-13U4I-1326-SM-5KM25,45.0,50.18848,Esophagus - Gastroesophageal Junction,non_neural,58.81085376330249,-5.054805807279869
GTEX-1QMI2-0011-R4b-SM-F3K4R,65.0,61.384228,Brain - Amygdala,neural,81.32159949389143,-2.1218076703417994
GTEX-1B996-1426-SM-7EPIA,65.0,55.298294,Liver,non_neural,67.920536881937,47.49937907073234
GTEX-1GZ4H-1326-SM-7P8TE,55.0,52.061695,Colon - Sigmoid,non_neural,68.54390961807366,-18.16543333022635
GTEX-1EWIQ-2226-SM-7MGXJ,75.0,63.249878,Ovary,non_neural,73.654349433949,19.87718723528129
GTEX-15ER7-0011-R11a-SM-6LPIL,25.0,40.097843,Brain - Cerebellar Hemisphere,neural,51.502423302995126,-34.58055603675615
GTEX-ZYFC-0626-SM-5GIDR,55.0,60.392582,Nerve - Tibial,neural,69.50600774854401,52.96190730980208
GTEX-1399T-0126-SM-5KM15,65.0,64.28699,Thyroid,non_neural,77.43165868452252,47.86288533097455
GTEX-1477Z-0326-SM-7IGLA,65.0,75.21306,Skin - Not Sun Exposed (Suprapubic),non_neural,75.18585390771077,37.895414279950096
GTEX-PWCY-0426-SM-48TCW,25.0,20.70468,Artery - Coronary,non_neural,37.00587715274085,5.210261269773697
GTEX-1EX96-0226-SM-7RHHR,55.0,51.002895,Lung,non_neural,63.71855662876207,25.623978190743
GTEX-12WSJ-1326-SM-5GCOB,45.0,50.48315,Vagina,non_neural,77.11950228456564,31.49530648703569
GTEX-YFC4-0011-R5a-SM-4RGLR,45.0,48.94291,Brain - Caudate (basal ganglia),neural,64.85417591214872,-6.699499101643063
GTEX-1C64O-1926-SM-79ONP,65.0,64.67413,Esophagus - Muscularis,non_neural,67.41159096447957,6.436972130229026
GTEX-131YS-0826-SM-5PNYV,65.0,64.278305,Heart - Atrial Appendage,non_neural,78.17277157418238,28.497418184449767
GTEX-1HT8W-1326-SM-CGQEN,35.0,43.829407,Heart - Atrial Appendage,non_neural,46.19437353378318,-2.2298708272652714
GTEX-XQ8I-2426-SM-4WAXY,55.0,45.596645,Breast - Mammary Tissue,non_neural,58.90131883217984,14.965063040791225
GTEX-14JIY-2326-SM-6AJAJ,65.0,61.52272,Brain - Cerebellum,neural,76.38768944494662,-15.909454898257792
GTEX-14PN3-2426-SM-6LLHS,65.0,62.31883,Skin - Sun Exposed (Lower leg),non_neural,70.76942796684705,19.529356907133863
GTEX-XV7Q-0826-SM-4BRV7,45.0,41.444557,Heart - Left Ventricle,non_neural,43.90906960148392,-7.472724078890171
GTEX-15EU6-0726-SM-7KUFU,55.0,48.32935,Artery - Tibial,non_neural,67.5001398479741,25.84091325428867
GTEX-1C6VS-0126-SM-7PC2H,65.0,70.14951,Muscle - Skeletal,non_neural,71.0603607596588,21.581174794930444
GTEX-1QCLY-1826-SM-DTX89,35.0,34.2758,Prostate,non_neural,63.9738916916849,-17.56433413753487
GTEX-1A32A-0006-SM-7PC1Y,55.0,57.1077,Whole Blood,non_neural,67.80217173865003,-0.5896823180698949
GTEX-1C64O-0006-SM-7PC22,65.0,44.77632,Whole Blood,non_neural,56.30220904795193,-32.67786543480432
GTEX-16XZZ-3026-SM-79OMJ,65.0,63.506844,Brain - Cortex,neural,71.4311385196889,5.838405642783276
GTEX-1H23P-0008-SM-F21JM,65.0,68.59967,Cells - Cultured fibroblasts,non_neural,60.57312840532117,26.507589192171565
GTEX-14BMV-0011-R3a-SM-5ZZU7,55.0,52.586063,Brain - Anterior cingulate cortex (BA24),neural,67.28368800386522,-12.92728086494289
GTEX-1314G-0008-SM-5YY9K,35.0,48.726303,Cells - Cultured fibroblasts,non_neural,38.186135612862245,14.39696789144937
GTEX-1HSEH-1326-SM-ADEI1,65.0,61.547184,Adipose - Visceral (Omentum),non_neural,54.334330910160546,9.689796865340734
GTEX-1L5NE-2526-SM-E6CIE,55.0,52.707676,Skin - Sun Exposed (Lower leg),non_neural,51.74494050259976,13.01573001598987
GTEX-1H1E6-0003-SM-EY5XY,35.0,44.692005,Cells - EBV-transformed lymphocytes,non_neural,21.825061692286766,-45.619712950983754
GTEX-146FR-1726-SM-5Q5DT,65.0,63.36534,Muscle - Skeletal,non_neural,66.5328717122852,4.6729919781374205
GTEX-17F96-2626-SM-GPRXX,75.0,68.61586,Esophagus - Muscularis,non_neural,70.91933228203575,21.08763670525409
GTEX-YJ8A-1826-SM-GNTAB,25.0,35.999863,Minor Salivary Gland,non_neural,50.73867530063683,-18.432574054617827
GTEX-1HCUA-2326-SM-ACKVJ,55.0,51.074223,Muscle - Skeletal,non_neural,58.79524017088181,-8.988619998318708
GTEX-1313W-0011-R4b-SM-5KLZV,55.0,54.049747,Brain - Amygdala,neural,70.29554426674356,-20.87866531544032
GTEX-YEC3-2526-SM-CXZIH,55.0,53.131985,Esophagus - Mucosa,non_neural,51.88833386199741,-22.82335257857155
GTEX-ZLWG-1926-SM-DO92J,55.0,54.070522,Breast - Mammary Tissue,non_neural,70.8006845128644,11.626846242896862
GTEX-OOBK-0726-SM-3LK5Q,45.0,48.90991,Esophagus - Muscularis,non_neural,63.018536704928806,-2.846834951240454
GTEX-13PL6-0011-R9b-SM-5O9CH,45.0,69.424576,Brain - Spinal cord (cervical c-1),neural,66.67158524931942,12.493158577527831
GTEX-14C39-1726-SM-5RQIL,45.0,52.957726,Skin - Not Sun Exposed (Suprapubic),non_neural,60.81705252953549,16.607124303913665
GTEX-PVOW-0011-R3A-SM-32PKX,45.0,40.692307,Brain - Anterior cingulate cortex (BA24),neural,54.89136721874456,-48.18774739317778
GTEX-14ABY-0011-R6a-SM-5PNWR,55.0,56.98712,Brain - Nucleus accumbens (basal ganglia),neural,71.79164050498639,-13.704030423219363
GTEX-SJXC-0726-SM-2XCFJ,65.0,67.28784,Thyroid,non_neural,66.4553910026669,31.659902291295822
GTEX-S33H-1926-SM-EYYVH,35.0,47.397404,Bladder,non_neural,64.52049193288305,22.868839584421433
GTEX-14C39-0005-SM-5NQBR,45.0,61.047607,Whole Blood,non_neural,52.003270336088875,-4.280944523893691
GTEX-1RB15-2226-SM-DTXFZ,65.0,50.9066,Muscle - Skeletal,non_neural,55.70932261780766,-8.779965405197506
GTEX-1N2DW-0326-SM-E9TK3,55.0,60.938747,Adipose - Subcutaneous,non_neural,78.97835903318153,55.10907675852245
GTEX-WY7C-1026-SM-4OND3,55.0,43.35693,Pancreas,non_neural,64.81699264339228,-6.904819379927456
GTEX-1K2DA-1226-SM-CGQGH,55.0,36.762085,Prostate,non_neural,58.06095118294961,-2.8307270215194875
GTEX-1NV8Z-0011-R9b-SM-G8OME,65.0,63.658928,Brain - Spinal cord (cervical c-1),neural,76.45066717852637,7.7187196070555935
GTEX-WH7G-2026-SM-3NMBL,45.0,60.474792,Skin - Not Sun Exposed (Suprapubic),non_neural,47.30236701462502,-15.877469212256596
GTEX-RWSA-0626-SM-2XCBD,45.0,48.64882,Heart - Left Ventricle,non_neural,58.83344103998418,6.566621151503453
GTEX-P4QS-1926-SM-GQ1BY,65.0,60.18225,Bladder,non_neural,85.76002514777312,-2.733873181009856
GTEX-11GS4-2526-SM-5A5KT,65.0,60.658707,Muscle - Skeletal,non_neural,63.10906218470319,5.889253588057465
GTEX-15SDE-0226-SM-H7OEW,55.0,56.70129,Lung,non_neural,59.7675759308576,3.988410669489636
GTEX-1RQEC-0526-SM-E6CHV,65.0,66.37906,Adipose - Subcutaneous,non_neural,70.8454300437384,35.799257396003995
GTEX-1PIEJ-0726-SM-HK799,25.0,30.455889,Thyroid,non_neural,46.95293012927924,7.726826702917944
GTEX-1KANA-0726-SM-D3L9I,25.0,37.676247,Skin - Sun Exposed (Lower leg),non_neural,42.515604914020656,-11.001429148048217
GTEX-WHSB-0226-SM-4M1XE,55.0,47.744644,Artery - Aorta,non_neural,68.27905381592852,55.932694758243244
GTEX-11TT1-1926-SM-5PNYN,25.0,30.487068,Adipose - Visceral (Omentum),non_neural,22.27184564577611,-26.82935180126626
GTEX-PLZ6-1026-SM-GQ1C8,35.0,39.52763,Bladder,non_neural,67.96149229211245,-11.083560136789307
GTEX-1EU9M-1826-SM-7DUGU,65.0,62.704918,Heart - Left Ventricle,non_neural,73.05665722359377,22.12769504431189
GTEX-ZT9W-1226-SM-57WE4,55.0,51.749268,Esophagus - Muscularis,non_neural,74.21143764352327,4.515741227463936
GTEX-16MTA-1025-B-SM-AW8PT,55.0,54.66446,Stomach - Mucosa,non_neural,60.08431931693562,-14.053441317817482
GTEX-11ZUS-0011-R8a-SM-5BC73,35.0,53.297783,Brain - Hypothalamus,neural,50.59232039636663,-29.459876010864296
GTEX-ZVE2-0226-SM-59HJB,55.0,55.876595,Skin - Sun Exposed (Lower leg),non_neural,64.65971036582945,35.263933818863684
GTEX-1HC8U-0001-SM-EYYW3,45.0,40.17135,Cells - EBV-transformed lymphocytes,non_neural,22.209263939049947,-39.70062527614997
GTEX-1HCU6-2426-SM-GA8Z1,65.0,61.220245,Uterus,non_neural,84.64075087192352,9.83053458934136
GTEX-1S5ZA-1026-SM-EWRO2,25.0,22.23893,Adipose - Visceral (Omentum),non_neural,33.82631223019571,-11.036046947684138
GTEX-Y3IK-1026-SM-51MR7,55.0,57.43983,Heart - Atrial Appendage,non_neural,65.82362913242739,18.70869309125583
GTEX-1MUQO-1126-SM-GPI8W,65.0,58.893913,Artery - Coronary,non_neural,62.201249813520974,41.26563972662949
GTEX-1F6IF-0126-SM-9MQLB,65.0,67.63825,Nerve - Tibial,neural,79.2890941789455,57.198343697101905
GTEX-NL4W-0011-R9a-SM-2I3G1,55.0,58.72288,Brain - Spinal cord (cervical c-1),neural,64.13502583976863,-2.7484519737314907
GTEX-1JN1M-0426-SM-CY8IN,65.0,47.886127,Artery - Tibial,non_neural,70.56157692689034,28.805062653164217
GTEX-SIU8-0426-SM-4BRUE,55.0,55.123405,Artery - Tibial,non_neural,80.66718180457752,62.212884980734444
GTEX-1I1GQ-2226-SM-B2LX1,55.0,54.097374,Pancreas,non_neural,68.25534061732304,11.582849218571093
GTEX-12WSC-1726-SM-5GCN3,55.0,55.407326,Adipose - Visceral (Omentum),non_neural,63.1628832718913,41.984412831456915
GTEX-NL3H-0011-R3a-SM-2I3GL,65.0,62.937527,Brain - Anterior cingulate cortex (BA24),neural,68.77256529559051,-25.416641387783738
GTEX-14JG1-0006-SM-7SB6P,45.0,50.152245,Whole Blood,non_neural,44.44992756930395,-34.179894416074895
GTEX-1HR9M-0005-SM-AHZ26,65.0,47.095463,Whole Blood,non_neural,65.9960007611255,3.95674739706584
GTEX-1LVAN-1826-SM-CNPOP,55.0,60.694717,Artery - Coronary,non_neural,70.13168905139884,42.649194980340376
GTEX-1QP9N-0826-SM-DTX9O,35.0,40.861256,Colon - Sigmoid,non_neural,59.824945094687536,-29.29424388028922
GTEX-1IKOE-0005-SM-CMKFL,35.0,40.055305,Whole Blood,non_neural,38.99320927747581,-49.33049332112245
GTEX-14LZ3-0005-SM-7MXUG,65.0,54.01655,Whole Blood,non_neural,64.16505749300948,-3.0353884327436536
GTEX-1EMGI-0426-SM-7P8TR,65.0,67.21078,Artery - Tibial,non_neural,79.04115159004685,44.76461384861859
GTEX-147JS-1326-SM-5SI6D,65.0,65.038704,Heart - Atrial Appendage,non_neural,73.11614737260238,21.281424310322816
GTEX-1GF9X-0926-SM-7PC2X,45.0,55.46397,Adipose - Visceral (Omentum),non_neural,63.70952681525446,33.785940509096875
GTEX-QVJO-0011-R4A-SM-2S1QL,65.0,64.99991,Brain - Amygdala,neural,80.83329487041524,-6.260477292974523
GTEX-14PN3-1726-SM-GRR3A,65.0,67.937645,Uterus,non_neural,83.00429503457354,25.223368920059965
GTEX-ZYFG-0826-SM-5BC5T,65.0,55.83219,Pancreas,non_neural,71.3996161983865,6.451035792420162
GTEX-13PLJ-0326-SM-5L3I7,65.0,59.076653,Muscle - Skeletal,non_neural,75.0848145912771,48.09136555174879
GTEX-1EN7A-1526-SM-7MGXC,45.0,44.3781,Esophagus - Gastroesophageal Junction,non_neural,59.20983937427536,3.1309324295237935
GTEX-1IGQW-0011-R11a-SM-C1YRV,65.0,64.83852,Brain - Cerebellar Hemisphere,neural,73.61869722239811,-9.007317164297918
GTEX-1LVAO-1226-SM-DIPGB,65.0,65.072426,Lung,non_neural,80.90816457208946,52.433514467544505
GTEX-WYJK-1926-SM-4ONDP,55.0,46.690063,Esophagus - Mucosa,non_neural,44.90628494361246,-27.658182928310804
GTEX-1AYD5-2326-SM-73KXF,55.0,53.06145,Adipose - Subcutaneous,non_neural,66.84372128393663,24.843810549662535
GTEX-13FH7-1626-SM-5J2O9,55.0,59.992943,Colon - Sigmoid,non_neural,71.23939119945108,-23.830485664412105
GTEX-13CIG-0002-SM-HTQ7R,55.0,59.374763,Cells - EBV-transformed lymphocytes,non_neural,32.554700519124324,-28.316128746064198
GTEX-139UW-0426-SM-5K7V4,65.0,63.319534,Artery - Aorta,non_neural,73.33138902842902,69.41840862094894
GTEX-13111-0326-SM-5DUXF,55.0,54.49121,Adrenal Gland,non_neural,62.4277023336691,11.458751074182741
GTEX-15G19-0011-R2b-SM-H6Q7S,65.0,66.17627,Brain - Substantia nigra,neural,84.24394630948964,20.755451827850116
GTEX-1GN73-0011-R4b-SM-9QEIK,65.0,63.06501,Brain - Amygdala,neural,76.80684974263608,-24.96316173682427
GTEX-1BAJH-2526-SM-7IGOT,75.0,65.1492,Small Intestine - Terminal Ileum,non_neural,66.95211278861714,7.020850834423366
GTEX-1PIIG-0126-SM-E9J46,35.0,45.34551,Muscle - Skeletal,non_neural,49.383443190297754,-10.264267848919323
GTEX-1K9T9-0226-SM-E9U6K,55.0,52.48536,Adipose - Subcutaneous,non_neural,61.66441980086991,-5.248715237789368
GTEX-145LU-1926-SM-5O99A,55.0,55.97305,Skin - Not Sun Exposed (Suprapubic),non_neural,52.236240673265414,-1.6146286127134586
GTEX-Z93S-2426-SM-5HL8N,55.0,52.587727,Colon - Transverse,non_neural,64.25579633657388,-24.07954816495572
GTEX-ZPU1-0008-SM-4E3IR,45.0,52.92666,Cells - Cultured fibroblasts,non_neural,48.33317400342642,5.939731668378552
GTEX-13OW6-2926-SM-5KM29,55.0,57.340515,Brain - Cerebellum,neural,72.6723271564351,-6.1004468811112345
GTEX-15RIE-2026-SM-7KFRW,65.0,56.633293,Colon - Sigmoid,non_neural,69.0492589517968,-17.67421079112266
GTEX-13O61-0226-SM-5KM52,65.0,53.835835,Thyroid,non_neural,66.94245810492144,28.921082046402933
GTEX-1HSEH-1726-SM-B2LXH,65.0,55.79842,Colon - Transverse,non_neural,59.51863325777671,-27.038600437216008
GTEX-1IKOE-0626-SM-A9G31,35.0,44.842686,Heart - Atrial Appendage,non_neural,46.366399945435134,-3.639914190868054
GTEX-1B8L1-2526-SM-9WYTF,65.0,55.581924,Skin - Sun Exposed (Lower leg),non_neural,56.859033778723955,5.909984954033659
GTEX-13O3Q-0626-SM-5IJG1,55.0,61.346123,Thyroid,non_neural,68.09226926307763,43.15001334113611
GTEX-PVOW-0126-SM-2XCFA,45.0,44.175434,Skin - Sun Exposed (Lower leg),non_neural,46.071472537367356,9.942824864442674
GTEX-XBED-1626-SM-47JYN,65.0,60.966118,Breast - Mammary Tissue,non_neural,80.43175589223097,29.4777499474709
GTEX-13OVL-3226-SM-5L3H8,55.0,56.27518,Pituitary,non_neural,85.34616017793437,54.55132096929821
GTEX-1IOXB-1526-SM-A96T6,55.0,64.08067,Testis,non_neural,34.27207496262207,-33.70603170597256
GTEX-1AMFI-0426-SM-731C7,55.0,56.843414,Artery - Aorta,non_neural,73.26019191040525,54.40079142437828
GTEX-13FLV-0226-SM-5J2OF,55.0,53.594856,Thyroid,non_neural,58.8953740047789,38.465142758723225
GTEX-1HBPI-0726-SM-9WG7Z,55.0,39.728165,Stomach,non_neural,54.60036270822026,-28.329225138639853
GTEX-13OW8-0004-SM-I9BP8,65.0,36.3136,Cells - EBV-transformed lymphocytes,non_neural,35.66133286169918,-31.59273278036734
GTEX-16NPX-1726-SM-7KULP,55.0,58.3068,Esophagus - Muscularis,non_neural,67.67909348077193,34.06335511764467
GTEX-UPJH-0226-SM-3GADV,55.0,64.06946,Skin - Not Sun Exposed (Suprapubic),non_neural,62.14281327406975,2.5328508753290464
GTEX-12WSE-0011-R7a-SM-5PNWF,25.0,40.885803,Brain - Putamen (basal ganglia),neural,45.18554419353535,-30.140608989685465
GTEX-15DYW-1326-SM-6LPIV,65.0,60.651623,Liver,non_neural,65.18852425428356,56.553320272674085
GTEX-18465-0008-SM-EAZBM,55.0,50.91931,Cells - Cultured fibroblasts,non_neural,42.536862876032316,13.44654402663498
GTEX-1F88E-1626-SM-7SB8Z,65.0,67.686485,Skin - Not Sun Exposed (Suprapubic),non_neural,69.44363878677962,22.92776786946611
GTEX-1QP28-1426-SM-EVR4E,55.0,56.118027,Vagina,non_neural,63.754238570278034,15.249818582658182
GTEX-1JMPZ-0426-SM-COH32,35.0,30.301159,Nerve - Tibial,neural,44.69921111890953,13.045018301588806
GTEX-WZTO-2126-SM-4PQYW,45.0,60.159912,Stomach,non_neural,66.81540263958043,11.404032534170547
GTEX-VUSG-0626-SM-4KL1Z,55.0,41.71811,Artery - Coronary,non_neural,68.69963231374754,49.03671146817731
GTEX-17F97-0126-SM-7LT8N,55.0,70.66861,Nerve - Tibial,neural,72.9522257661124,67.39549751633336
GTEX-1S82U-1726-SM-GNIOK,35.0,38.123905,Artery - Tibial,non_neural,56.645645973635766,24.830312561575035
GTEX-1GTWX-0011-R9a-SM-ADEH4,65.0,64.25192,Brain - Spinal cord (cervical c-1),neural,84.1470282972629,11.447167099570262
GTEX-1C2JI-1326-SM-7IGMX,55.0,47.57144,Esophagus - Gastroesophageal Junction,non_neural,69.32961317616173,2.110472876240385
GTEX-1H1DG-0126-SM-9WYU2,75.0,66.31051,Skin - Sun Exposed (Lower leg),non_neural,69.06828992041984,27.89868610881175
GTEX-13W3W-2226-SM-5LU4M,65.0,60.23951,Colon - Sigmoid,non_neural,56.42330651544208,-29.048621249055756
GTEX-ZAB4-0011-R1a-SM-4RGNO,45.0,42.468933,Brain - Hippocampus,neural,67.04008510826947,-8.671176944883952
GTEX-PLZ5-1626-SM-3NB21,55.0,48.37578,Nerve - Tibial,neural,63.444946468394164,35.1533471658738
GTEX-1JMQK-2226-SM-ARU8U,65.0,64.64487,Prostate,non_neural,81.24567193297052,23.67901192523514
GTEX-1GZHY-1926-SM-9WYUL,55.0,59.695297,Esophagus - Gastroesophageal Junction,non_neural,64.93846291444362,28.184008654267927
GTEX-13CF3-0526-SM-5IJBV,65.0,65.66792,Artery - Aorta,non_neural,78.72377907211205,59.329434099003
GTEX-S33H-1226-SM-4AD69,35.0,43.47412,Pancreas,non_neural,54.73657628552802,-9.932594297726675
GTEX-1477Z-0011-R8b-SM-5S2RG,65.0,65.85884,Brain - Hypothalamus,neural,88.07576647361034,23.499302311832626
GTEX-1HCVE-2526-SM-A9G2G,55.0,55.22189,Colon - Transverse,non_neural,64.35389154257066,-13.407139452482005
GTEX-13CF3-2426-SM-5IFGX,65.0,56.167675,Skin - Sun Exposed (Lower leg),non_neural,69.57661636106607,31.805758823505382
GTEX-1HBPM-1126-SM-9YFL2,65.0,61.746185,Artery - Coronary,non_neural,82.28273710159976,61.50759745321295
GTEX-1HCUA-0008-SM-F21JY,55.0,56.359463,Cells - Cultured fibroblasts,non_neural,62.191467986664094,25.329401823913237
GTEX-13111-1126-SM-5GCMZ,55.0,51.8184,Esophagus - Gastroesophageal Junction,non_neural,61.08568002965471,-7.276001345730975
GTEX-1PPH8-1626-SM-E6CQP,25.0,30.865162,Esophagus - Mucosa,non_neural,24.185927441744795,-35.7462584503136
GTEX-1HCU7-1026-SM-ADEIP,55.0,50.49781,Breast - Mammary Tissue,non_neural,63.49668565208391,16.819716102690762
GTEX-YJ89-2926-SM-5P9IT,65.0,58.2299,Brain - Cerebellum,neural,75.53383608799393,-15.048327093888386
GTEX-15G19-0011-R3a-SM-6LPIG,65.0,68.10273,Brain - Anterior cingulate cortex (BA24),neural,87.0792703888113,20.751944895042723
GTEX-1GZ4H-1626-SM-7PC3F,55.0,52.084663,Muscle - Skeletal,non_neural,53.50005698547034,-14.784539884020123
GTEX-14BMU-0826-SM-5P9IF,25.0,32.02424,Esophagus - Muscularis,non_neural,40.974955103996095,-27.028258845389093
GTEX-11OF3-0008-SM-5S2NH,65.0,62.032402,Cells - Cultured fibroblasts,non_neural,63.184414532195376,41.47518486883131
GTEX-1F6I4-0226-SM-9MQMA,65.0,58.71361,Adipose - Subcutaneous,non_neural,63.79308151637616,22.269872629511045
GTEX-ZVT2-2126-SM-5NQ93,55.0,52.308716,Small Intestine - Terminal Ileum,non_neural,62.991800399996876,1.6592701001326684
GTEX-1HT8W-0726-SM-A9SLB,35.0,35.585106,Adipose - Visceral (Omentum),non_neural,54.234083398636216,10.92593808335083
GTEX-13YAN-2226-SM-GJ3QA,65.0,64.59148,Prostate,non_neural,84.4498520158109,23.128526684925568
GTEX-NPJ8-0011-R5a-SM-2HMJY,45.0,43.431435,Brain - Caudate (basal ganglia),neural,56.518969914881424,17.85403524023481
GTEX-RVPV-1126-SM-EAZAV,65.0,57.050053,Testis,non_neural,34.100150714958275,-39.13121499786799
GTEX-1HSKV-2326-SM-A9SL9,65.0,66.936905,Colon - Sigmoid,non_neural,76.02984664053007,-11.091518798192398
GTEX-12ZZY-2926-SM-5DUXO,65.0,64.95453,Brain - Cerebellum,neural,72.33885686962401,-13.757285268524459
GTEX-ZP4G-0326-SM-4YCEF,25.0,34.035828,Spleen,non_neural,36.033103010328844,-24.937931003744026
GTEX-11ONC-0926-SM-5BC5E,65.0,67.97098,Artery - Aorta,non_neural,76.81889112851634,92.01144796097044
GTEX-1LG7Z-2126-SM-CXKYU,35.0,46.190083,Muscle - Skeletal,non_neural,51.81143826348526,2.654080526829881
GTEX-111VG-2526-SM-5GZXP,65.0,51.982967,Nerve - Tibial,neural,79.98796104140803,57.86243529971813
GTEX-1399S-0126-SM-5IJCF,35.0,47.99781,Skin - Not Sun Exposed (Suprapubic),non_neural,52.97910146435453,5.089085933311423
GTEX-13QJ3-1926-SM-5QGQM,55.0,57.417152,Esophagus - Gastroesophageal Junction,non_neural,65.31864407761374,25.368260103704174
GTEX-1MCQQ-0005-SM-DKPPV,65.0,49.115643,Whole Blood,non_neural,55.98882656791314,-30.677112148500566
GTEX-O5YV-1926-SM-EV797,65.0,65.288536,Stomach,non_neural,76.91797280536744,6.640140383246413
GTEX-1QP6S-3126-SM-DPRZY,45.0,52.894012,Pituitary,non_neural,72.69804319854649,42.9633517449822
GTEX-15ETS-3126-SM-6LPKN,45.0,53.841793,Spleen,non_neural,58.55209985851299,-2.2729957754882975
GTEX-1MCQQ-2026-SM-G8LMK,65.0,60.13851,Skin - Not Sun Exposed (Suprapubic),non_neural,62.50736012176789,23.968074423672416
GTEX-ZTX8-1026-SM-5EGHD,25.0,25.381458,Prostate,non_neural,48.44710169817816,-15.674400710535876
GTEX-1CAMS-2526-SM-7EPH7,45.0,39.97965,Colon - Transverse,non_neural,49.117567886421426,-33.52072006259865
GTEX-15ER7-0426-SM-6PAM3,25.0,34.400818,Adipose - Subcutaneous,non_neural,43.28929126495849,-0.34118669809130003
GTEX-133LE-1325-B-SM-AW8PP,25.0,31.87679,Stomach - Mucosa,non_neural,40.25913353003102,-31.508978671279248
GTEX-14PJN-2226-SM-6872I,35.0,41.775402,Artery - Tibial,non_neural,56.939751117013586,30.072911387667705
GTEX-15SHV-0008-SM-EAZCA,65.0,65.500496,Cells - Cultured fibroblasts,non_neural,54.97577210420789,28.341044866235855
GTEX-1I4MK-0826-SM-A9G2J,55.0,53.81073,Esophagus - Gastroesophageal Junction,non_neural,68.50764242123047,-4.910432268418124
GTEX-1MCYP-0526-SM-E9U6Q,25.0,35.129105,Skin - Not Sun Exposed (Suprapubic),non_neural,33.94710113337487,-27.42498654511898
GTEX-145LV-1026-SM-5O9AE,55.0,53.727592,Adipose - Visceral (Omentum),non_neural,57.55273412840354,7.12560875135529
GTEX-12WSF-0005-SM-5NQAQ,75.0,67.14738,Whole Blood,non_neural,74.98693534859454,-0.10292484831581772
GTEX-1CB4I-0926-SM-7MKFY,55.0,54.428154,Testis,non_neural,43.24739396629822,-20.50460006509894
GTEX-ZF3C-0008-SM-4E3IL,55.0,43.80773,Cells - Cultured fibroblasts,non_neural,52.62193257692665,13.533699140380595
GTEX-11DXW-1026-SM-5H11K,45.0,51.230648,Brain - Cerebellum,neural,66.14803772135899,-11.685262170698671
GTEX-OXRL-0005-SM-3LK6A,55.0,51.729584,Whole Blood,non_neural,52.22891440588654,-30.861045488565043
GTEX-1F52S-1326-SM-7SB6Q,65.0,65.1033,Adipose - Visceral (Omentum),non_neural,71.41969951431183,54.559909153475616
GTEX-13OVJ-0726-SM-5KM1W,55.0,53.908264,Lung,non_neural,61.59135279750383,10.539548072004207
GTEX-1QP67-1126-SM-EAZ4C,45.0,45.124237,Adipose - Visceral (Omentum),non_neural,58.71802812948941,4.062676682400399
GTEX-1MGNQ-0526-SM-E9J2W,45.0,49.255653,Artery - Tibial,non_neural,62.69927284490376,36.29036234958368
GTEX-POYW-1326-SM-48TCG,65.0,59.510532,Esophagus - Mucosa,non_neural,56.49211044117081,-9.154259154173378
GTEX-17EVP-0011-R11a-SM-7EWDL,45.0,52.7146,Brain - Cerebellar Hemisphere,neural,70.29650968657046,-17.798683080456087
GTEX-17JCI-2526-SM-7DHLB,65.0,51.817894,Vagina,non_neural,75.30051811089669,44.16611722663042
GTEX-XMD1-0011-R9A-SM-4AT49,65.0,57.227127,Brain - Spinal cord (cervical c-1),neural,75.48558051824752,19.35585077963691
GTEX-1192X-0011-R1b-SM-GI4VU,55.0,55.873283,Brain - Hippocampus,neural,65.53779502612294,-25.612510200604873
GTEX-13SLX-3226-SM-5YYA6,55.0,48.561207,Brain - Cerebellum,neural,68.54598306947527,-16.736333153866045
GTEX-Y8E4-0426-SM-4V6GB,45.0,48.88388,Heart - Atrial Appendage,non_neural,62.43515699820247,1.5553169563022395
GTEX-O5YT-3026-SM-GRR3F,25.0,29.085344,Artery - Coronary,non_neural,42.500757543144246,8.630233163349013
GTEX-16Z82-0011-R6a-SM-7IGLV,65.0,62.897644,Brain - Nucleus accumbens (basal ganglia),neural,86.57698459381987,0.2742971536989311
GTEX-1EH9U-1126-SM-7IGLU,65.0,63.950768,Liver,non_neural,66.51913787460707,55.03215076938035
GTEX-1LVA9-2826-SM-EAZ5D,55.0,51.74478,Testis,non_neural,29.46066148298739,-47.96281633039304
GTEX-1PIGE-0326-SM-E8VNQ,25.0,27.741873,Nerve - Tibial,neural,37.76151182786023,9.084870535152675
GTEX-WL46-2126-SM-GQ1DY,55.0,42.091618,Prostate,non_neural,80.64056835152559,16.562532640384166
GTEX-ZAB4-2426-SM-5HL8A,45.0,43.82893,Colon - Sigmoid,non_neural,62.67740444456429,3.306463625046589
GTEX-XGQ4-0526-SM-4AT6C,55.0,58.675426,Heart - Atrial Appendage,non_neural,62.488231043252185,9.470619529623752
GTEX-14BMV-0726-SM-73KVE,55.0,55.996086,Thyroid,non_neural,64.89447855290058,51.14324110875979
GTEX-1HCUA-1126-SM-B2LWD,55.0,48.1484,Esophagus - Gastroesophageal Junction,non_neural,61.58912887162565,-3.8450755757407866
GTEX-1K9T9-0726-SM-CXZJZ,55.0,56.016693,Liver,non_neural,59.847608260040076,53.85878632021035
GTEX-17EUY-0006-SM-7P8SB,25.0,37.802483,Whole Blood,non_neural,36.73175936087182,-52.08608219927803
GTEX-Q2AH-0126-SM-48U2B,45.0,49.852665,Adrenal Gland,non_neural,45.42162683090962,-13.03445262763021
GTEX-1HT8W-0626-SM-A9G2H,35.0,47.546864,Skin - Not Sun Exposed (Suprapubic),non_neural,51.53529371314467,-3.655027123079283
GTEX-1S82Z-0008-SM-HPAFI,35.0,47.727943,Cells - Cultured fibroblasts,non_neural,64.67613372463549,39.61858179976231
GTEX-1211K-1425-B-SM-AW8PF,65.0,56.554367,Stomach - Mucosa,non_neural,74.52243870797707,-20.519503867016674
GTEX-1AX8Z-0626-SM-731EH,65.0,60.663864,Minor Salivary Gland,non_neural,71.08955097344837,-0.5535968040627643
GTEX-15UKP-0126-SM-GPIA8,25.0,30.823051,Artery - Tibial,non_neural,52.3095915997836,11.891149970453913
GTEX-QEL4-1226-SM-447A4,55.0,53.977077,Liver,non_neural,58.33968517109905,31.828659458258933
GTEX-1J8Q2-0011-R2b-SM-EAZ2X,65.0,61.815437,Brain - Substantia nigra,neural,91.59726685744107,17.79768885422387
GTEX-11UD2-0626-SM-5GU6L,55.0,56.508648,Thyroid,non_neural,68.70328100990768,14.252734589953658
GTEX-1HCUA-1725-D-SM-H661S,55.0,41.164375,Small Intestine - Terminal Ileum - Lymphoid Aggregate,non_neural,57.28822800489192,-31.17452785245352
GTEX-13QBU-0926-SM-5K7WQ,45.0,44.2962,Esophagus - Muscularis,non_neural,53.23549573714844,-4.811561665884979
GTEX-17HHE-0126-SM-79398,55.0,41.320297,Liver,non_neural,49.196226800357636,29.94299364957863
GTEX-ZEX8-1926-SM-4WKFR,55.0,48.472816,Colon - Transverse,non_neural,54.042721844741706,-44.86847037117306
GTEX-1497J-2126-SM-5NQB8,65.0,57.626945,Esophagus - Gastroesophageal Junction,non_neural,77.41544078753856,39.37465060498934
GTEX-1A3MW-0526-SM-731BY,65.0,66.1695,Muscle - Skeletal,non_neural,63.661568190919226,12.584709738316276
GTEX-16NFA-5014-SM-HL121,55.0,57.06328,Prostate,non_neural,85.96022441500338,42.08999365179755
GTEX-11DZ1-0226-SM-5A5KF,55.0,66.56051,Adipose - Subcutaneous,non_neural,69.67663585284849,30.140080162063374
GTEX-TML8-0926-SM-4DXSJ,45.0,45.733665,Ovary,non_neural,48.1511609147891,-20.594554727076865
GTEX-REY6-0326-SM-2TF5A,65.0,45.809086,Adipose - Subcutaneous,non_neural,60.80798986399557,10.19569231713025
GTEX-1I1GT-1326-SM-ACKWB,65.0,63.800854,Adipose - Visceral (Omentum),non_neural,78.08050541131715,43.13619055429368
GTEX-1GF9W-0126-SM-7PC12,65.0,41.79345,Nerve - Tibial,neural,65.73059060711329,33.633653265103376
GTEX-13QIC-0011-R4a-SM-5PNX8,65.0,68.12338,Brain - Amygdala,neural,86.10923622014909,21.86816745107066
GTEX-1CB4I-1626-SM-7RHGV,55.0,51.999763,Heart - Left Ventricle,non_neural,62.930733942626915,15.727194146376423
GTEX-11ZU8-0011-R5a-SM-GJ3PY,65.0,69.37729,Brain - Caudate (basal ganglia),neural,85.6811846155166,10.36602655886643
GTEX-1HB9E-1626-SM-ARL9J,55.0,61.0084,Esophagus - Muscularis,non_neural,67.18410491314565,28.971185370729536
GTEX-ZYT6-0526-SM-5GIEA,35.0,33.599842,Lung,non_neural,56.4268998955656,9.79169402165999
GTEX-1RQED-0011-R6b-SM-F3K5S,65.0,60.671352,Brain - Nucleus accumbens (basal ganglia),neural,77.27110497430408,12.054174228321836
GTEX-ZVTK-0008-SM-57WDA,25.0,32.803368,Cells - Cultured fibroblasts,non_neural,44.70891809008921,4.3155568888030675
GTEX-1RLM8-0426-SM-G8OL5,55.0,57.455486,Artery - Coronary,non_neural,77.56885911677404,67.67288775330145
GTEX-12WSJ-1526-SM-5GCNI,45.0,40.224525,Colon - Transverse,non_neural,57.99853538538984,-18.089095988370847
GTEX-X4EO-2526-SM-EWRM8,65.0,58.527454,Colon - Transverse,non_neural,71.08217174316503,-0.28263432045243525
GTEX-13OW6-0011-R6b-SM-5L3GR,55.0,54.76701,Brain - Nucleus accumbens (basal ganglia),neural,72.01517910188184,-9.673420298203643
GTEX-1MGNQ-0826-SM-EVR41,45.0,43.752884,Lung,non_neural,58.48340006768757,9.521027354521303
GTEX-1QCLZ-2326-SM-DTXDO,65.0,59.33651,Breast - Mammary Tissue,non_neural,78.8231876790895,25.170167357972904
GTEX-1GMR2-1126-SM-7RHI6,55.0,48.793262,Artery - Aorta,non_neural,72.93623401293739,47.57521163293702
GTEX-13FH7-0426-SM-5KM4M,55.0,63.080063,Artery - Coronary,non_neural,68.19474413547228,33.63231355887453
GTEX-ZF2S-2326-SM-4WWCE,55.0,50.593304,Skin - Sun Exposed (Lower leg),non_neural,65.20644226008908,18.35573813961498
GTEX-1I1GS-0005-SM-DHXIW,65.0,71.22434,Whole Blood,non_neural,69.2129572843747,5.070326922021659
GTEX-X4XX-0011-R11A-SM-46MWQ,65.0,60.64948,Brain - Cerebellar Hemisphere,neural,74.53635733183023,-14.993713147706094
GTEX-183WM-0011-R5a-SM-718A4,75.0,74.08037,Brain - Caudate (basal ganglia),neural,88.96928430141116,34.0549352252246
GTEX-13O61-1325-D-SM-DLZRC,65.0,60.2135,Small Intestine - Terminal Ileum - Lymphoid Aggregate,non_neural,73.32344738137037,-9.852178025603614
GTEX-131XH-0426-SM-5DUWU,55.0,53.563107,Lung,non_neural,69.53904353636742,39.70443074325146
GTEX-V1D1-2026-SM-3GAF4,55.0,44.39748,Skin - Not Sun Exposed (Suprapubic),non_neural,59.106614421385245,6.47370900439491
GTEX-11ZVC-0126-SM-5986G,55.0,47.539215,Thyroid,non_neural,60.07870033461559,32.864183834725985
GTEX-1F52S-0226-SM-7SB7U,65.0,64.69176,Adipose - Subcutaneous,non_neural,69.21336580357185,46.82367422393346
GTEX-139TS-0011-R2b-SM-5J1MX,65.0,64.34014,Brain - Substantia nigra,neural,87.50986438759472,17.388227345299285
GTEX-ZPU1-2426-SM-4WWFM,45.0,49.82566,Adipose - Subcutaneous,non_neural,59.2511238053533,12.260612639769537
GTEX-1JMQI-0226-SM-ARZN3,55.0,49.797962,Artery - Aorta,non_neural,69.2736640267818,70.57146813371192
GTEX-1JMQL-1026-SM-CMKGV,55.0,49.801846,Heart - Atrial Appendage,non_neural,69.37322198015411,37.98385654675371
GTEX-17F96-1626-SM-7DUFL,75.0,66.07352,Skin - Sun Exposed (Lower leg),non_neural,74.32887337631242,29.67984270265802
GTEX-11EI6-2626-SM-5PNVT,65.0,56.54782,Colon - Sigmoid,non_neural,69.31411106476178,-13.9777659892103
GTEX-14JG6-1926-SM-6LLIG,35.0,39.80892,Nerve - Tibial,neural,44.74740096384372,9.130164414507835
GTEX-16MT9-0326-SM-GNTCH,65.0,65.25734,Artery - Tibial,non_neural,78.61196971258451,57.248188541859456
GTEX-148VJ-0126-SM-5TDDN,75.0,69.90466,Skin - Sun Exposed (Lower leg),non_neural,72.12191277997212,44.455647038585646
GTEX-14JIY-0226-SM-GNTBC,65.0,60.449795,Artery - Tibial,non_neural,72.54013829462694,51.06090429939866
GTEX-1H3NZ-0008-SM-F21JR,65.0,51.67646,Cells - Cultured fibroblasts,non_neural,49.91869030639177,24.980291831731265
GTEX-RU1J-0426-SM-46MUK,25.0,27.47402,Esophagus - Muscularis,non_neural,36.40150348703632,-27.956707433708328
GTEX-13O21-1726-SM-5MR5A,55.0,64.33847,Muscle - Skeletal,non_neural,62.275047331695504,-3.0224041377334605
GTEX-UPJH-0826-SM-4WKFD,55.0,58.8926,Lung,non_neural,73.57555711126717,39.2861436719091
GTEX-1QAET-1126-SM-E8VML,55.0,59.047794,Adipose - Subcutaneous,non_neural,71.01002766525443,30.895445414095704
GTEX-1FIGZ-1726-SM-9MQKS,45.0,47.68226,Muscle - Skeletal,non_neural,46.040833248224516,-14.918093651007748
GTEX-14PJ6-1126-SM-6AJ9R,65.0,59.495426,Esophagus - Muscularis,non_neural,77.65956813036519,18.971185232135863
GTEX-11EQ9-1326-SM-5985X,35.0,39.25545,Small Intestine - Terminal Ileum,non_neural,41.76968991575208,-22.10704053409946
GTEX-1JJ6O-0011-R9a-SM-EYYXP,65.0,67.466774,Brain - Spinal cord (cervical c-1),neural,87.91793067565925,45.43478511741498
GTEX-11PRG-1526-SM-5HL6Z,55.0,55.06657,Adipose - Visceral (Omentum),non_neural,69.29717266935116,41.007150030815616
GTEX-1HFI6-0011-R4b-SM-A96RT,45.0,44.895027,Brain - Amygdala,neural,62.51681682788505,-29.64730655209638
GTEX-1192X-0011-R9b-SM-DO934,55.0,55.52293,Brain - Spinal cord (cervical c-1),neural,73.1082174166143,6.847515062226409
GTEX-1JMQK-2826-SM-CXZJV,65.0,68.72036,Pituitary,non_neural,93.81901700026654,80.67285433210385
GTEX-1O97I-1726-SM-EXOIP,65.0,58.136547,Pancreas,non_neural,66.68332428012707,5.496085545075796
GTEX-1RAZS-2926-SM-EVR4T,55.0,64.203316,Pituitary,non_neural,82.47536924053047,52.997225300347736
GTEX-1QEPI-2926-SM-EXOIV,65.0,64.58415,Pituitary,non_neural,92.45586129720502,62.94118263592068
GTEX-WFG8-1726-SM-4LVM6,25.0,34.747833,Colon - Sigmoid,non_neural,51.53127173659318,-40.03427526073854
GTEX-1P4AB-0011-R2a-SM-F649K,55.0,57.15708,Brain - Substantia nigra,neural,73.71751029316228,17.69314797474317
GTEX-15ETS-0008-SM-E8VNG,45.0,54.11255,Cells - Cultured fibroblasts,non_neural,37.001466711622044,22.116216440523175
GTEX-1LG7Y-1226-SM-CXZKD,55.0,64.44604,Heart - Left Ventricle,non_neural,67.54880559168751,14.640367736511626
GTEX-1AX8Z-2526-SM-731E3,65.0,54.937996,Small Intestine - Terminal Ileum,non_neural,55.071069342268785,-23.615565663657627
GTEX-1IL2U-2926-SM-GA8ZO,65.0,64.116,Brain - Cerebellum,neural,81.90897013595281,-1.4250388574871387
GTEX-111YS-0001-SM-HKZYQ,65.0,63.336803,Cells - EBV-transformed lymphocytes,non_neural,49.22771391158879,-3.8933328417453636
GTEX-12WSG-0826-SM-5EQ5A,55.0,51.64278,Kidney - Cortex,non_neural,65.78997157680134,14.926202969300272
GTEX-1QCLZ-0826-SM-EWRNA,65.0,64.241684,Artery - Coronary,non_neural,77.75649362655369,47.308991526788994
GTEX-WYBS-1226-SM-3NM9N,65.0,58.69417,Heart - Atrial Appendage,non_neural,77.2399029975,48.062692424438964
GTEX-1JMQL-3026-SM-D4P2Q,55.0,60.086456,Pituitary,non_neural,65.72886926208821,59.26506362886425
GTEX-1B8KE-0926-SM-7189I,55.0,56.49688,Adrenal Gland,non_neural,55.120318859126826,17.28807774390013
GTEX-17F98-0226-SM-793BV,45.0,48.190594,Lung,non_neural,66.6570722180458,21.628386746220443
GTEX-15RIF-1826-SM-6M469,25.0,36.59148,Testis,non_neural,42.09656439622465,-31.88728319753869
GTEX-1GN1U-0226-SM-9YFLQ,55.0,51.012722,Adipose - Subcutaneous,non_neural,57.93925182623674,24.022630660710238
GTEX-Q2AH-1426-SM-EXOHC,45.0,57.337486,Prostate,non_neural,70.23676548041998,15.81411335648893
GTEX-ZDXO-2926-SM-4WKFM,65.0,57.597427,Brain - Cerebellum,neural,72.19763202840578,-17.572572495979628
GTEX-148VI-0526-SM-5TDDG,65.0,45.51591,Thyroid,non_neural,79.45520835270993,41.05598716988063
GTEX-RVPV-2626-SM-F21IR,65.0,60.459923,Pituitary,non_neural,91.7724936192001,64.51954843153406
GTEX-131XE-0006-SM-5P9F9,55.0,49.116013,Whole Blood,non_neural,56.284277083760244,-27.77887086984164
GTEX-15ER7-0726-SM-7KUMF,25.0,25.475838,Thyroid,non_neural,37.39174920622301,1.4755015647794305
GTEX-QLQW-0326-SM-447A8,35.0,45.91475,Pancreas,non_neural,62.538529006047256,5.784002623280541
GTEX-OXRL-0426-SM-3NM97,55.0,56.384033,Artery - Aorta,non_neural,65.91459280131414,51.39954523787673
GTEX-13QJ3-0826-SM-5PNV5,55.0,59.186195,Breast - Mammary Tissue,non_neural,58.123883491291835,35.793489092064874
GTEX-1JMQL-0011-R1a-SM-F3K4U,55.0,56.70601,Brain - Hippocampus,neural,70.79741545022043,-4.744111331624743
GTEX-ZXES-0626-SM-5E45P,35.0,36.698822,Vagina,non_neural,56.36674969932059,2.7290267489459312
GTEX-OXRP-0226-SM-3NB14,65.0,63.60022,Adipose - Subcutaneous,non_neural,64.10790608891361,21.75811337440409
GTEX-XMK1-1026-SM-4B65H,45.0,48.73127,Prostate,non_neural,69.33286201644034,-3.9109688935199114
GTEX-1MJK2-0011-R10b-SM-F649G,55.0,58.878323,Brain - Frontal Cortex (BA9),neural,67.68411239621703,-26.581927158810892
GTEX-1477Z-2826-SM-5MR6K,65.0,61.79336,Pituitary,non_neural,85.59277106634431,69.87777560211914
GTEX-14DAR-1026-SM-73KV3,55.0,48.434795,Prostate,non_neural,68.63932970086682,15.836794741290824
GTEX-1L5NE-1426-SM-DHXKV,55.0,56.40638,Esophagus - Mucosa,non_neural,47.369944703387176,-14.087322100410889
GTEX-1M5QR-0426-SM-GNIOM,45.0,49.506447,Adipose - Visceral (Omentum),non_neural,58.577047954853995,3.2424042214079796
GTEX-1HSKV-2026-SM-CMKGX,65.0,68.7628,Breast - Mammary Tissue,non_neural,78.74250443968617,26.36036066468411
GTEX-Y3I4-0326-SM-4TT28,55.0,55.011395,Artery - Aorta,non_neural,75.76333115709961,52.12536438097753
GTEX-ZE9C-0011-R3a-SM-4WKGT,65.0,64.92432,Brain - Anterior cingulate cortex (BA24),neural,88.1980623465988,1.5975151005388748
GTEX-1MA7X-0011-R2b-SM-EZ6MT,65.0,58.39882,Brain - Substantia nigra,neural,76.31673666420248,5.651037386942258
GTEX-1HSMO-0011-R2a-SM-CL553,65.0,58.103115,Brain - Substantia nigra,neural,80.74008421932373,28.588426665938577
GTEX-1GN1W-0003-SM-EY5XR,55.0,48.875633,Cells - EBV-transformed lymphocytes,non_neural,39.64936444302201,-23.905344734810765
GTEX-1PFEY-1726-SM-DPRZ4,35.0,29.938602,Colon - Sigmoid,non_neural,48.29542063710845,-50.08788852867544
GTEX-12BJ1-0006-SM-5MR86,65.0,57.555023,Whole Blood,non_neural,58.47698240762209,-22.17501463821158
GTEX-ZDTS-0226-SM-5HL7Q,65.0,61.314087,Adipose - Subcutaneous,non_neural,76.51349537248893,37.85612833904362
GTEX-S32W-0426-SM-4AD6H,55.0,55.675755,Artery - Aorta,non_neural,73.83728562147502,54.250132766585835
GTEX-YFCO-0005-SM-4W1ZI,45.0,41.80763,Whole Blood,non_neural,46.50475153618709,-32.60285921807094
GTEX-1C6WA-0011-R7b-SM-7P8S8,65.0,61.998634,Brain - Putamen (basal ganglia),neural,74.98947321585152,-5.643816394030866
GTEX-1I1GP-0126-SM-CYPSG,55.0,56.988205,Nerve - Tibial,neural,67.33869363499849,26.555658519852194
GTEX-15UKP-1926-SM-6LPI9,25.0,44.368423,Lung,non_neural,56.94128035615631,1.078889158339086
GTEX-1H23P-0011-R10a-SM-A96RS,65.0,68.51691,Brain - Frontal Cortex (BA9),neural,88.69794568096495,23.38940071332404
GTEX-1KD4Q-0126-SM-GMXC1,45.0,45.695477,Adipose - Subcutaneous,non_neural,59.758991022249646,32.4957851466543
GTEX-O5YT-1426-SM-3MJHC,25.0,32.377758,Colon - Transverse,non_neural,32.0533533864827,-49.531670135057226
GTEX-18A6Q-2226-SM-7LG61,65.0,62.27894,Colon - Sigmoid,non_neural,70.05694560812456,-34.22662422613134
GTEX-1C6VQ-2626-SM-7IGMQ,55.0,55.709835,Colon - Sigmoid,non_neural,77.53342092478516,5.045159448634798
GTEX-16XZY-1026-SM-HAV39,75.0,56.97822,Kidney - Cortex,non_neural,71.65610195952674,21.005694537017373
GTEX-139T6-0526-SM-5IJC9,55.0,45.725693,Adipose - Visceral (Omentum),non_neural,61.2526338785828,4.22919568384677
GTEX-1JMOU-0011-R9b-SM-EY5YI,65.0,76.98485,Brain - Spinal cord (cervical c-1),neural,89.441131673993,45.280175194701606
GTEX-139T6-1426-SM-5P9J7,55.0,49.47511,Colon - Sigmoid,non_neural,67.30307770076853,-21.9568289781721
GTEX-11DYG-0011-R7b-SM-EXUS6,65.0,59.229023,Brain - Putamen (basal ganglia),neural,80.03907203530352,-7.646783101526332
GTEX-1RDX4-0005-SM-DLHBS,55.0,60.220528,Whole Blood,non_neural,65.12879802708677,0.14721749188943162
GTEX-12ZZX-0226-SM-5DUXU,45.0,41.073578,Adipose - Subcutaneous,non_neural,54.1384955881324,13.842172129145526
GTEX-11PRG-0011-R4a-SM-DNZZR,55.0,55.183002,Brain - Amygdala,neural,78.18839256321218,-24.864124996997102
GTEX-1QCLZ-1526-SM-EXUSS,65.0,58.28189,Esophagus - Gastroesophageal Junction,non_neural,67.0374925587916,1.4620133462650151
GTEX-1H3VY-0526-SM-9MQKE,55.0,48.75834,Nerve - Tibial,neural,68.12755560820972,38.81888195243454
GTEX-13112-2526-SM-GHWPV,55.0,60.542942,Artery - Tibial,non_neural,73.90282702152744,60.35953223495002
GTEX-1LH75-2126-SM-EVR5F,55.0,55.18334,Colon - Transverse,non_neural,71.0751497942344,-14.091646057540826
GTEX-14PJ3-0126-SM-69LQP,55.0,54.679535,Thyroid,non_neural,63.46727540976612,27.08222655097159
GTEX-ZYFG-1925-B-SM-DLZS1,65.0,66.19855,Colon - Transverse - Mucosa,non_neural,62.78826875419749,-33.40542503154936
GTEX-13X6I-1526-SM-5MR7D,65.0,57.06931,Adipose - Visceral (Omentum),non_neural,64.81116272973101,42.93974467078008
GTEX-1S82Z-1726-SM-E6CHZ,35.0,42.613808,Stomach,non_neural,53.7046960584976,-20.78332685132111
GTEX-1A32A-1326-SM-73KWW,55.0,50.98866,Heart - Atrial Appendage,non_neural,67.87777070987494,10.759555587209405
GTEX-11ZTS-1926-SM-5CVLA,65.0,85.60917,Ovary,non_neural,85.10298420740193,31.613610567851957
GTEX-12WSF-0011-R6b-SM-5HL8W,75.0,73.55814,Brain - Nucleus accumbens (basal ganglia),neural,82.64941820114453,11.836445321753477
GTEX-139TT-2126-SM-5LZWC,65.0,69.18202,Skin - Not Sun Exposed (Suprapubic),non_neural,68.85132965008755,7.437650984691435
GTEX-T5JC-0001-SM-3NMAK,25.0,44.225124,Cells - EBV-transformed lymphocytes,non_neural,21.67016717948266,-42.540503649560044
GTEX-1E2YA-1626-SM-7MGXS,55.0,52.948227,Kidney - Cortex,non_neural,69.3398384646224,14.856587695977405
GTEX-11DYG-1426-SM-5A5JR,65.0,56.843044,Esophagus - Muscularis,non_neural,69.48258413772041,2.3018380954079745
GTEX-1C6VQ-1526-SM-73KU9,55.0,50.486977,Adipose - Visceral (Omentum),non_neural,74.96029889388635,52.03811923197622
GTEX-Y3I4-2126-SM-4TT7C,55.0,60.897743,Skin - Sun Exposed (Lower leg),non_neural,63.21036320790492,19.855319205749282
GTEX-ZY6K-1226-SM-5GZYL,55.0,39.322212,Colon - Transverse,non_neural,54.17655278336204,-51.88525517757433
GTEX-WVJS-0126-SM-4MVOT,55.0,56.12596,Skin - Sun Exposed (Lower leg),non_neural,64.4576808333367,12.230115952195154
GTEX-1QAET-0826-SM-E76QR,55.0,65.55196,Artery - Coronary,non_neural,83.77668973150978,69.48006149522435
GTEX-1K9T9-1526-SM-DIPFR,55.0,52.79813,Skin - Not Sun Exposed (Suprapubic),non_neural,69.70157785193629,18.592694925875193
GTEX-139T8-0011-R4a-SM-5HL54,65.0,61.046394,Brain - Amygdala,neural,80.77668025508535,15.217718566177362
GTEX-OXRK-1026-SM-GQ1C1,55.0,54.022076,Artery - Aorta,non_neural,67.70712499827854,39.10324760656307
GTEX-S33H-2326-SM-2XCB3,35.0,39.181152,Nerve - Tibial,neural,50.44674930731314,28.357022817281955
GTEX-147JS-0126-SM-5S2TW,65.0,62.37169,Testis,non_neural,48.516246102354714,-21.297159589361474
GTEX-1S5ZA-1426-SM-E6CJQ,25.0,29.940853,Colon - Sigmoid,non_neural,44.10457584262765,-47.36305385018957
GTEX-YB5E-0826-SM-4VDRZ,45.0,38.014606,Esophagus - Muscularis,non_neural,59.91264375381601,5.286367593743038
GTEX-13O21-0326-SM-5J1N9,55.0,57.294662,Heart - Atrial Appendage,non_neural,71.19950130792965,27.662785744183676
GTEX-1B933-2126-SM-7MGXR,55.0,52.557396,Ovary,non_neural,67.06011159313663,17.75813759298037
GTEX-1N2DW-2826-SM-E9TK5,55.0,61.073837,Brain - Cortex,neural,73.94896729286414,-9.15153783930849
GTEX-13JVG-0005-SM-HKZYO,65.0,52.5692,Whole Blood,non_neural,67.22574906367917,-7.7310739687101675
GTEX-Y3I4-0226-SM-4TT27,55.0,52.908096,Thyroid,non_neural,68.39402607577765,31.201589856826406
GTEX-1J1R8-1026-SM-CJI37,45.0,40.238686,Esophagus - Gastroesophageal Junction,non_neural,59.789199281955646,-8.962353987685415
GTEX-15SDE-0326-SM-GNIOT,55.0,50.138023,Adipose - Visceral (Omentum),non_neural,67.29281943032157,18.923852935114954
GTEX-13FXS-0011-R1a-SM-5K7U6,55.0,52.32527,Brain - Hippocampus,neural,74.09651109314922,-27.07667811101925
GTEX-ZYFD-0011-R11a-SM-H7OHB,55.0,55.407722,Brain - Cerebellar Hemisphere,neural,64.63325514306403,-17.012218465659878
GTEX-11EQ9-1826-SM-5Q5AJ,35.0,30.85683,Breast - Mammary Tissue,non_neural,44.787645125181186,-9.241772899346504
GTEX-QLQW-0626-SM-447A6,35.0,51.172047,Esophagus - Muscularis,non_neural,57.372409772863534,4.272864942242041
GTEX-17EVP-0005-SM-7P8RC,45.0,50.87799,Whole Blood,non_neural,55.92097986889216,-14.759999122520933
GTEX-1QEPI-0226-SM-EWRMR,65.0,68.219894,Adipose - Subcutaneous,non_neural,84.64639769027383,53.780143873859046
GTEX-1A8G6-0011-R7b-SM-7MXTV,65.0,69.6451,Brain - Putamen (basal ganglia),neural,74.87462166230252,6.727897237656065
GTEX-ZAJG-1326-SM-5S2NV,55.0,46.19596,Esophagus - Mucosa,non_neural,38.33804778908106,-30.118718531063962
GTEX-1EKGG-0011-R11a-SM-9QEHZ,65.0,58.514603,Brain - Cerebellar Hemisphere,neural,73.37711529974203,-17.925375137805744
GTEX-111YS-0626-SM-5GZXV,65.0,56.59092,Lung,non_neural,70.17433679281433,18.413354554660636
GTEX-1F88F-0008-SM-EAZCT,65.0,53.530926,Cells - Cultured fibroblasts,non_neural,48.91066316496291,29.384553813118305
GTEX-1L5NE-0326-SM-E6CIC,55.0,56.58941,Artery - Aorta,non_neural,66.96009371193178,34.59585676167851
GTEX-145MO-1526-SM-5QGQC,65.0,65.52991,Esophagus - Muscularis,non_neural,73.39533178399212,22.851509813141394
GTEX-1RAZR-1226-SM-E6CRD,45.0,43.65055,Esophagus - Mucosa,non_neural,44.66711122675632,-29.399120824018887
GTEX-1M4P7-2226-SM-GPI9V,65.0,61.518284,Colon - Sigmoid,non_neural,81.22023366518835,-3.450661294358206
GTEX-WVLH-0011-R11A-SM-3MJFO,55.0,49.387722,Brain - Cerebellar Hemisphere,neural,64.94282641545381,-31.858969028559574
GTEX-1CB4I-0126-SM-7RHGG,55.0,54.076965,Skin - Not Sun Exposed (Suprapubic),non_neural,59.7108129716666,7.4053486113406555
GTEX-YB5K-0626-SM-5LUB5,45.0,53.095413,Esophagus - Gastroesophageal Junction,non_neural,60.071372881403434,1.233490884829222
GTEX-12C56-1926-SM-5FQUG,25.0,27.24119,Muscle - Skeletal,non_neural,31.002055045852515,-34.78944842649582
GTEX-1QPFJ-2626-SM-DPRZU,35.0,37.967777,Small Intestine - Terminal Ileum,non_neural,52.45084653485317,-7.69733063042189
GTEX-16NGA-0226-SM-718AI,45.0,40.63703,Lung,non_neural,59.2840416436086,9.944778097453838
GTEX-1H1DG-2926-SM-9WYU3,75.0,64.876915,Brain - Cortex,neural,78.04271951515688,1.3444238093092482
GTEX-1I19N-0011-R9a-SM-CMKHN,75.0,65.084755,Brain - Spinal cord (cervical c-1),neural,83.13028651762284,21.32795703044301
GTEX-13OVJ-0011-R5a-SM-5P9H7,55.0,50.520607,Brain - Caudate (basal ganglia),neural,70.91356509438243,15.679733941772152
GTEX-1269C-2626-SM-5EQ5C,65.0,55.577133,Muscle - Skeletal,non_neural,65.50409849264332,5.959670579513434
GTEX-1I1GV-0008-SM-F2I18,65.0,59.283943,Cells - Cultured fibroblasts,non_neural,50.502164433929636,39.854092578945455
GTEX-17GQL-0826-SM-731AM,65.0,69.642555,Adipose - Visceral (Omentum),non_neural,72.4654499247213,25.21549363693513
GTEX-1LSVX-0011-R8a-SM-F2TB3,65.0,60.69556,Brain - Hypothalamus,neural,80.53890926388945,-3.7050800554258085
GTEX-1QW4Y-1326-SM-EWRMZ,35.0,43.617474,Colon - Transverse,non_neural,55.83809864481623,-41.64241056542642
GTEX-1I1HK-2826-SM-CKZPL,65.0,67.89514,Brain - Cortex,neural,74.86649733140716,-10.831625640151941
GTEX-QEG5-0826-SM-2I5GF,25.0,35.554478,Thyroid,non_neural,38.3528175268703,-6.903650957367051
GTEX-TKQ1-0226-SM-33HB5,35.0,29.502483,Breast - Mammary Tissue,non_neural,46.916658802362605,-12.737860802156609
GTEX-Q2AG-1226-SM-4GICA,45.0,48.107468,Esophagus - Muscularis,non_neural,55.88512650531351,2.6615661842510767
GTEX-1CAMR-1326-SM-7PC1F,25.0,30.886812,Skin - Not Sun Exposed (Suprapubic),non_neural,37.97237795277205,-18.91742668088685
GTEX-14ABY-0726-SM-5Q5DF,55.0,54.180496,Prostate,non_neural,70.1637372576781,14.512804614289525
GTEX-1I1GU-1926-SM-ADEHK,45.0,46.825684,Artery - Tibial,non_neural,65.07589918458191,33.36421428080304
GTEX-1GN1V-2826-SM-9JGIA,65.0,61.822594,Skin - Not Sun Exposed (Suprapubic),non_neural,57.26479099211586,22.919509410079733
GTEX-11GS4-3126-SM-5A5LH,65.0,62.99826,Brain - Cortex,neural,76.19962121264183,-10.746502221016053
GTEX-145LS-2926-SM-5O99G,65.0,65.77173,Colon - Sigmoid,non_neural,79.0978683818046,19.71384497581429
GTEX-S3LF-1126-SM-EVR33,75.0,65.563354,Lung,non_neural,51.105166156336196,10.421068575540984
GTEX-139YR-1026-SM-5LZYN,55.0,57.736977,Skin - Not Sun Exposed (Suprapubic),non_neural,53.4441915252189,3.8943274937075847
GTEX-17GQL-1626-SM-7LG69,65.0,57.62982,Colon - Sigmoid,non_neural,74.47929544107278,-25.98971352588293
GTEX-1E2YA-0011-R5a-SM-9QEGT,55.0,59.092827,Brain - Caudate (basal ganglia),neural,75.80800727593116,19.02213600422465
GTEX-UPJH-0726-SM-4IHJW,55.0,60.145313,Artery - Tibial,non_neural,76.05204804283056,46.92568672332686
GTEX-RTLS-1226-SM-46MUP,65.0,57.19744,Esophagus - Muscularis,non_neural,74.51117562493887,33.311095093576654
GTEX-13FHO-0011-R10b-SM-5J2MM,65.0,60.716663,Brain - Frontal Cortex (BA9),neural,69.36765453279801,2.5417196519695944
GTEX-148VJ-2426-SM-5NQ9Y,75.0,71.27636,Colon - Sigmoid,non_neural,83.37942184623327,13.470687390692133
GTEX-1A3MV-1526-SM-731BO,35.0,37.210655,Esophagus - Muscularis,non_neural,50.59230616988346,-10.6779900199264
GTEX-RWS6-0008-SM-47JYV,65.0,57.36008,Cells - Cultured fibroblasts,non_neural,71.27641617674463,27.55609031925389
GTEX-1E1VI-0011-R8b-SM-ARU8E,55.0,53.176453,Brain - Hypothalamus,neural,68.02567321329617,-6.25675471888434
GTEX-RU72-0726-SM-46MUW,55.0,48.555893,Esophagus - Mucosa,non_neural,48.10928317151715,-17.72910735250736
GTEX-14H4A-0426-SM-5ZZWO,45.0,38.570408,Heart - Atrial Appendage,non_neural,55.80850672352341,3.6909082245202613
GTEX-13S86-1126-SM-5RQJX,45.0,47.105824,Thyroid,non_neural,60.350826075765795,26.066815077970737
GTEX-WHSE-1226-SM-F21KR,25.0,27.58091,Breast - Mammary Tissue,non_neural,34.05089966790359,-22.10310037491899
GTEX-13SLW-0126-SM-5SI6C,75.0,64.62743,Skin - Sun Exposed (Lower leg),non_neural,74.81566203864085,33.24373679120366
GTEX-OHPL-1326-SM-3MJGG,65.0,61.25332,Adrenal Gland,non_neural,67.83568421897826,30.392770019061363
GTEX-1F88E-1826-SM-9MQLV,65.0,75.35695,Muscle - Skeletal,non_neural,75.2400116859704,47.756010943741074
GTEX-12WSL-1626-SM-5GCMU,55.0,62.53435,Colon - Transverse,non_neural,66.35306523246145,-20.865172361826932
GTEX-ZDYS-1026-SM-4WKHC,55.0,60.127335,Spleen,non_neural,66.06935917337135,-1.5217186934733657
GTEX-T2IS-2626-SM-32QPP,25.0,35.64966,Muscle - Skeletal,non_neural,40.843198810137906,-24.130479656570866
GTEX-1F48J-0011-R5b-SM-9OSVZ,55.0,54.76104,Brain - Caudate (basal ganglia),neural,72.07647376846045,24.348505284029446
GTEX-1HCU9-1726-SM-ADEHY,25.0,37.301983,Nerve - Tibial,neural,48.42866434467665,23.451946614637933
GTEX-14PJM-1726-SM-6LLHB,55.0,65.30862,Esophagus - Gastroesophageal Junction,non_neural,69.2466468365705,24.49474501699555
GTEX-1JMPY-0006-SM-DHXJ8,35.0,43.887035,Whole Blood,non_neural,40.52702620072834,-37.350599992784325
GTEX-147JS-1026-SM-5S2MP,65.0,67.31801,Adipose - Visceral (Omentum),non_neural,72.66556737315368,41.953502380504354
GTEX-1I1GU-0226-SM-AHZ2J,45.0,33.03177,Adrenal Gland,non_neural,46.38788488976542,-14.487172255198779
GTEX-1GF9V-1526-SM-7PC3E,65.0,71.773895,Artery - Aorta,non_neural,78.13954509302505,75.12113170983532
GTEX-S341-0626-SM-4AD5T,45.0,41.710655,Stomach,non_neural,49.60907969210773,-11.351455284725319
GTEX-WEY5-0726-SM-4LMID,45.0,52.207428,Uterus,non_neural,59.029792717053965,-8.165381483040596
GTEX-QCQG-0726-SM-43V8X,55.0,51.28713,Esophagus - Muscularis,non_neural,70.40072324517662,13.121721657871223
GTEX-WYJK-0826-SM-3NM8Y,55.0,57.019966,Lung,non_neural,77.89899038848728,46.10366081600775
GTEX-1M4P7-0426-SM-DKPQG,65.0,62.09485,Artery - Tibial,non_neural,74.13529946687117,71.41843103371264
GTEX-1A32A-0826-SM-72D5C,55.0,51.89392,Liver,non_neural,55.267283350802,42.08622900661065
GTEX-1QP29-1626-SM-EXUSZ,55.0,51.73557,Adipose - Visceral (Omentum),non_neural,60.04658477667439,7.308826004578928
GTEX-XPT6-0226-SM-4B65L,25.0,27.587074,Heart - Atrial Appendage,non_neural,38.40301255071266,-8.216179285591545
GTEX-1OJC4-2326-SM-DTXA5,55.0,62.338768,Kidney - Cortex,non_neural,71.39551187532159,8.965462878418908
GTEX-15RIF-1026-SM-7KUMZ,25.0,33.174072,Esophagus - Gastroesophageal Junction,non_neural,35.319505832283696,-32.95599104526981
GTEX-1IY9M-0002-SM-F3K41,65.0,59.235847,Cells - EBV-transformed lymphocytes,non_neural,37.557103817322854,-32.55630398953741
GTEX-1NV5F-3226-SM-EXUSL,65.0,65.037315,Brain - Cortex,neural,81.87669012612025,43.573011030342414
GTEX-1NSGN-0626-SM-E9J35,55.0,64.92949,Minor Salivary Gland,non_neural,72.01819068138927,16.7305064221875
GTEX-11LCK-0326-SM-5A5M7,35.0,51.735847,Adipose - Visceral (Omentum),non_neural,57.44742432939081,8.120155739635091
GTEX-T8EM-1526-SM-3DB7I,45.0,47.395397,Nerve - Tibial,neural,59.317275302611606,27.889922256448678
GTEX-11ONC-2226-SM-5HL6D,65.0,63.412056,Testis,non_neural,56.066829997680784,-9.543977377467534
GTEX-145LS-0626-SM-7EPG7,65.0,67.87486,Skin - Not Sun Exposed (Suprapubic),non_neural,68.15512443502601,35.68461339563932
GTEX-WWYW-0011-R6A-SM-3NB3G,55.0,53.71439,Brain - Nucleus accumbens (basal ganglia),neural,61.29917034542848,-9.57887655608158
GTEX-1H1CY-0726-SM-9OSXX,65.0,64.32255,Thyroid,non_neural,66.44166547712383,37.1615918231382
GTEX-YEC4-2326-SM-5IFHV,45.0,41.862476,Artery - Tibial,non_neural,62.008608053605144,30.374762903024124
GTEX-144GL-0126-SM-5TDE2,55.0,57.749092,Skin - Sun Exposed (Lower leg),non_neural,60.585162017058195,25.698450065827107
GTEX-1HSKV-0011-R1b-SM-CMKH7,65.0,63.991253,Brain - Hippocampus,neural,76.01395706907073,-18.830942519880544
GTEX-1I1GQ-0011-R11b-SM-CKZPA,55.0,55.581394,Brain - Cerebellar Hemisphere,neural,78.85260331915524,-12.642664504879995
GTEX-132QS-0008-SM-5ZZUB,65.0,60.472054,Cells - Cultured fibroblasts,non_neural,59.857212794907284,28.921614944749816
GTEX-11DXZ-2126-SM-59881,55.0,55.497696,Testis,non_neural,42.41264346510489,-33.71030332009743
GTEX-1ICG6-1026-SM-B2LY6,75.0,66.92642,Liver,non_neural,67.92993893733774,48.1313041042745
GTEX-X3Y1-1326-SM-4PQZB,45.0,38.704716,Esophagus - Mucosa,non_neural,36.284666208836725,-41.25823745591977
GTEX-13NYB-2626-SM-9YFMI,45.0,59.02789,Adipose - Subcutaneous,non_neural,71.86694459375491,30.579319182205413
GTEX-14A5H-0326-SM-5RQIB,65.0,57.46002,Muscle - Skeletal,non_neural,62.75811425855028,13.74161395049093
GTEX-ZVTK-0426-SM-51MRS,25.0,34.154152,Skin - Sun Exposed (Lower leg),non_neural,32.3485250496651,-19.027224489178526
GTEX-145MG-0011-R7b-SM-5P9JY,55.0,53.89762,Brain - Putamen (basal ganglia),neural,71.62000982516325,-4.715042376988239
GTEX-WEY5-1926-SM-3GIL8,45.0,45.027214,Adipose - Subcutaneous,non_neural,45.96341793482297,6.184876669684813
GTEX-1HFI7-2026-SM-CGQFR,55.0,52.99778,Adipose - Subcutaneous,non_neural,65.82010355165126,29.90875602674282
GTEX-14C38-1226-SM-5S2UK,55.0,54.660244,Artery - Coronary,non_neural,63.30532844163753,56.2458496473211
GTEX-13X6I-1426-SM-5MR71,65.0,61.967216,Heart - Left Ventricle,non_neural,67.24152987751722,35.21492581426032
GTEX-YJ8A-1226-SM-5IFHH,25.0,29.91129,Esophagus - Muscularis,non_neural,37.81263768515704,-35.593143764846175
GTEX-15FZZ-0326-SM-6M48O,35.0,53.182655,Lung,non_neural,54.09556035943375,8.601471747704302
GTEX-144GM-1725-B-SM-AW8OU,25.0,37.693237,Stomach - Mucosa,non_neural,48.22499457834718,-23.48124785118633
GTEX-14PJP-0005-SM-7P8OM,25.0,52.59533,Whole Blood,non_neural,37.51530370811619,-46.88163082846287
GTEX-17EVP-0011-R10a-SM-7IGLP,45.0,46.92839,Brain - Frontal Cortex (BA9),neural,65.72928662773303,-21.142628765100323
GTEX-1IKK5-2726-SM-CNPQ6,65.0,54.148636,Colon - Transverse,non_neural,67.35503659912708,-13.968750043896932
GTEX-1IDJH-0326-SM-A9SLQ,75.0,58.697945,Skin - Sun Exposed (Lower leg),non_neural,63.830709895619364,14.148773988625454
GTEX-WFG8-1026-SM-4LVMZ,25.0,32.39473,Esophagus - Muscularis,non_neural,48.48870081179767,-8.522892547552793
GTEX-U3ZN-0326-SM-3DB86,35.0,44.38422,Thyroid,non_neural,45.12311535373695,24.118168974269015
GTEX-13111-5001-SM-I9BPN,55.0,53.738403,Lung,non_neural,68.58975649647859,11.987570371249047
GTEX-Y114-0006-SM-4TT76,55.0,47.58484,Whole Blood,non_neural,55.38879557209059,-29.011092375921525
GTEX-1I1GU-0006-SM-G8W6L,45.0,47.204773,Whole Blood,non_neural,38.094543289965216,-44.8849278590496
GTEX-1QP28-1326-SM-DPRXZ,55.0,57.446056,Ovary,non_neural,73.43838935513828,18.484086959112272
GTEX-1R9PO-2826-SM-E6CPV,65.0,60.99679,Brain - Cerebellum,neural,74.69845462152561,-5.310344836255307
GTEX-15EO6-0011-R4a-SM-7KUKZ,55.0,51.478107,Brain - Amygdala,neural,69.69036305611132,-10.844174563219386
GTEX-11GS4-0011-R1a-SM-DO129,65.0,58.881077,Brain - Hippocampus,neural,72.90555301216146,-30.040812815683726
GTEX-XPT6-2026-SM-4B64V,25.0,35.69224,Muscle - Skeletal,non_neural,33.49280860532842,-29.280245431568584
GTEX-11P81-2526-SM-5GU6H,35.0,44.51747,Muscle - Skeletal,non_neural,42.192514727642916,-14.04926536193304
GTEX-RN5K-0011-R2A-SM-GQ1CA,55.0,62.128338,Brain - Substantia nigra,neural,80.4127545337328,20.98514538242934
GTEX-W5X1-2426-SM-HPAGA,45.0,46.887074,Minor Salivary Gland,non_neural,64.14965520634078,1.382966677038274
GTEX-12584-0826-SM-5FQSK,45.0,43.680305,Thyroid,non_neural,58.12055035318359,44.872946021630135
GTEX-12WSD-2626-SM-5EGJE,65.0,58.387104,Colon - Sigmoid,non_neural,73.76859004248948,-14.166019103377105
GTEX-U3ZN-0008-SM-4DXTL,35.0,35.13336,Cells - Cultured fibroblasts,non_neural,41.18200277740594,0.48973960300106967
GTEX-PVOW-2526-SM-2XCF7,45.0,46.636368,Brain - Cortex,neural,51.019962275185804,-39.841807893000805
GTEX-1QCLY-1726-SM-DPRXY,35.0,42.149933,Colon - Transverse,non_neural,45.674087780883596,-42.350361326280684
GTEX-13G51-0011-R2b-SM-5LZXS,65.0,64.67247,Brain - Substantia nigra,neural,80.2787288195115,3.919221372266301
GTEX-1H1ZS-0426-SM-9WG6G,75.0,65.89175,Skin - Sun Exposed (Lower leg),non_neural,75.03428461180829,38.133485113021244
GTEX-14PK6-0226-SM-62LF5,75.0,61.11093,Skin - Not Sun Exposed (Suprapubic),non_neural,65.58209874998226,14.400282742566699
GTEX-1KANC-0326-SM-D3LA7,55.0,48.098297,Artery - Aorta,non_neural,68.15301852810887,56.08138639354115
GTEX-QEL4-0126-SM-F21IC,55.0,58.962578,Testis,non_neural,44.974039598617196,-0.7894110147344873
GTEX-1B8L1-1126-SM-7RHIC,65.0,56.633648,Esophagus - Muscularis,non_neural,62.33234583641746,7.003846140750415
GTEX-1JMPZ-0926-SM-CXZJR,35.0,36.137634,Spleen,non_neural,62.088521018617456,14.058403178365603
GTEX-1OKEX-0226-SM-HM8UQ,65.0,54.58179,Thyroid,non_neural,63.96626155340614,16.452728773853323
GTEX-14PN3-1126-SM-69LOR,65.0,63.495705,Esophagus - Muscularis,non_neural,68.35243830943227,8.793187300474738
GTEX-1LKK1-0011-R8a-SM-F341O,55.0,62.661694,Brain - Hypothalamus,neural,84.76354254722902,10.42754324912813
GTEX-13FHO-0011-R3b-SM-5K7YA,65.0,59.5267,Brain - Anterior cingulate cortex (BA24),neural,74.04473443415783,4.777676243184084
GTEX-13G51-1226-SM-5K7Z3,65.0,65.37131,Thyroid,non_neural,77.79072056096302,51.89567121287437
GTEX-1399U-2426-SM-5K7XB,55.0,53.09813,Adipose - Subcutaneous,non_neural,59.31894609021114,8.067813809831316
GTEX-148VJ-0626-SM-5LUAW,75.0,64.33293,Skin - Not Sun Exposed (Suprapubic),non_neural,68.02952735906099,24.962147981189812
GTEX-13OW8-0011-R7a-SM-5L3FP,65.0,62.295883,Brain - Putamen (basal ganglia),neural,83.25415246047363,11.453045970961677
GTEX-1F6I4-0011-R11b-SM-9OSWS,65.0,60.63438,Brain - Cerebellar Hemisphere,neural,71.41036428570509,-21.395662523228133
GTEX-12ZZY-0326-SM-5LZVQ,65.0,65.41756,Adipose - Subcutaneous,non_neural,71.46299522881505,33.00344325254589
GTEX-183FY-1426-SM-7DHLM,25.0,35.225967,Colon - Sigmoid,non_neural,43.23925402543864,-46.3352820116795
GTEX-WHPG-1226-SM-4M1ZI,55.0,53.82208,Esophagus - Muscularis,non_neural,62.52300453796305,-4.040669299511548
GTEX-ZVT3-0626-SM-59HLK,65.0,64.93548,Esophagus - Mucosa,non_neural,51.2955619060465,3.1079413429799794
GTEX-1EKGG-0001-SM-EAZCL,65.0,58.51198,Cells - EBV-transformed lymphocytes,non_neural,28.652002016410236,-33.70856615244566
GTEX-OXRL-0326-SM-2I3F2,55.0,52.92578,Heart - Left Ventricle,non_neural,56.54887897312345,-2.137132140708319
GTEX-11EM3-0726-SM-5GZZM,25.0,36.462597,Esophagus - Muscularis,non_neural,35.53321460984557,-34.81040187875526
GTEX-1B8KE-1626-SM-793CK,55.0,46.7192,Esophagus - Muscularis,non_neural,57.39756448679742,-10.607165200942692
GTEX-S341-0006-SM-3NM8D,45.0,45.762592,Whole Blood,non_neural,48.30056981176742,-27.810319814171795
GTEX-14BIN-1026-SM-HAV32,55.0,58.74514,Adrenal Gland,non_neural,75.82638199404315,22.655380087664476
GTEX-1KANC-1226-SM-CYPT7,55.0,47.44255,Skin - Not Sun Exposed (Suprapubic),non_neural,55.347428747132966,-8.829052898709746
GTEX-15SDE-1926-SM-H6Q7Y,55.0,55.87225,Heart - Left Ventricle,non_neural,73.59265135833053,9.1680379326132
GTEX-117YW-0826-SM-5H11O,55.0,63.828026,Adipose - Visceral (Omentum),non_neural,76.57856694157378,52.821869828537444
GTEX-U3ZM-1026-SM-EZ6LD,45.0,41.070396,Adipose - Subcutaneous,non_neural,58.07175012549257,16.18514332896508
GTEX-Y111-0326-SM-4SOIX,55.0,52.52049,Muscle - Skeletal,non_neural,57.36401456495089,-2.4667053879472776
GTEX-117XS-0011-R9b-SM-GHWOG,65.0,65.80261,Brain - Spinal cord (cervical c-1),neural,73.50295813380112,6.412101507898105
GTEX-1A3MX-0011-R3b-SM-79OOW,65.0,62.400185,Brain - Anterior cingulate cortex (BA24),neural,73.67898943650765,-12.756719805350071
GTEX-RU72-2226-SM-46MUE,55.0,49.66776,Ovary,non_neural,59.511222758256864,6.875978782980268
GTEX-1HB9E-0426-SM-CNPPV,55.0,58.43652,Adipose - Subcutaneous,non_neural,72.96379635600411,41.36159337045184
GTEX-1212Z-2826-SM-59HJ5,65.0,72.84627,Artery - Tibial,non_neural,82.82574971895886,66.16303869735748
GTEX-ZQUD-0825-B-SM-AW8P9,35.0,40.389683,Stomach - Mucosa,non_neural,47.20748441317579,-26.560175050616316
GTEX-1CAMQ-1426-SM-7MKFL,45.0,66.29393,Liver,non_neural,57.90149091705295,43.18961331791236
GTEX-145LT-0726-SM-5S2VM,45.0,41.570236,Breast - Mammary Tissue,non_neural,67.06091650372657,3.992105424206086
GTEX-R53T-0626-SM-HLJSG,55.0,50.660515,Lung,non_neural,61.18253212687948,3.1205652971199296
GTEX-1H1DE-0005-SM-A9SK4,25.0,33.622475,Whole Blood,non_neural,36.974552452268256,-50.124440204768526
GTEX-WRHK-1426-SM-3MJF9,25.0,32.395798,Skin - Sun Exposed (Lower leg),non_neural,33.095958591516265,-26.03759199527919
GTEX-15SHU-0726-SM-7KUFI,45.0,46.793995,Thyroid,non_neural,61.04200485399325,28.979930334025624
GTEX-1CB4I-0226-SM-79OLH,55.0,48.270943,Skin - Sun Exposed (Lower leg),non_neural,58.470061339537594,15.152518508903519
GTEX-YF7O-0004-SM-4W1ZT,55.0,60.123512,Cells - EBV-transformed lymphocytes,non_neural,36.64440133449163,-21.01784522328754
GTEX-1IDJC-1926-SM-ACKWT,55.0,51.737587,Nerve - Tibial,neural,74.74792117073908,40.42193526817221
GTEX-ZYFG-1626-SM-5GZYY,65.0,63.516403,Kidney - Cortex,non_neural,68.5485917626948,11.43573455495576
GTEX-XMK1-2326-SM-GPRWW,45.0,47.28066,Muscle - Skeletal,non_neural,51.33829247805632,-11.349584130566853
GTEX-132QS-0126-SM-5IFH9,65.0,60.12896,Adrenal Gland,non_neural,71.35240895568812,20.235435982114833
GTEX-1GL5R-2126-SM-9WYTK,55.0,65.25472,Artery - Tibial,non_neural,81.89416245244007,57.12432300923407
GTEX-U4B1-1726-SM-3DB9F,45.0,46.320576,Adipose - Subcutaneous,non_neural,54.52841211077333,12.503880474602312
GTEX-RUSQ-1826-SM-2TF6E,55.0,49.274624,Nerve - Tibial,neural,60.73000867952253,24.178777464129382
GTEX-S341-0826-SM-4AD73,45.0,40.928825,Fallopian Tube,non_neural,54.77504428774297,-1.6698247484638988
GTEX-132Q8-0011-R7b-SM-5N9F1,65.0,64.610565,Brain - Putamen (basal ganglia),neural,87.89403459220202,45.75893447566502
GTEX-13QIC-0011-R7b-SM-GIN9M,65.0,69.92232,Brain - Putamen (basal ganglia),neural,85.5480738191566,14.562607738104585
GTEX-Y5V6-1726-SM-4VDSZ,65.0,58.497562,Testis,non_neural,36.09960455834549,-37.0811409962343
GTEX-1399R-1626-SM-5P9GG,35.0,54.888756,Testis,non_neural,54.83872164729625,-2.3348661668044386
GTEX-1QPFJ-1126-SM-E9U5V,35.0,51.981342,Liver,non_neural,42.662620510984326,30.280037652392085
GTEX-1IGQW-0011-R6a-SM-CM2TC,65.0,66.47654,Brain - Nucleus accumbens (basal ganglia),neural,92.7651879338376,16.375670197498575
GTEX-13QJC-0011-R2b-SM-5PNUN,65.0,70.10771,Brain - Substantia nigra,neural,88.25113323957441,32.36739731550532
GTEX-1GZ4I-2326-SM-9YFMO,55.0,63.568565,Adipose - Visceral (Omentum),non_neural,67.74129461105707,50.315931844705794
GTEX-145LT-1326-SM-5O9AQ,45.0,42.97468,Esophagus - Gastroesophageal Junction,non_neural,58.50166483758693,-1.2608362893921239
GTEX-ZZ64-0626-SM-5GZWR,25.0,28.37695,Adipose - Visceral (Omentum),non_neural,37.54617321581995,-11.199334521958107
GTEX-1MJK3-0001-SM-HLJQJ,25.0,34.23301,Cells - EBV-transformed lymphocytes,non_neural,27.546882688999276,-40.139014462064026
GTEX-1B97I-0926-SM-731DZ,45.0,47.338207,Esophagus - Mucosa,non_neural,50.68232717883254,-15.517955163882114
GTEX-1R46S-0126-SM-E9J3O,65.0,65.80045,Nerve - Tibial,neural,78.6876933304148,57.93489738685077
GTEX-1JMOU-0126-SM-E9U53,65.0,66.326546,Artery - Aorta,non_neural,80.36383699840012,81.65572301087762
GTEX-ZXG5-2026-SM-HAUZV,65.0,57.69331,Kidney - Cortex,non_neural,75.75065735643325,7.192501865343199
GTEX-Y3I4-2426-SM-6LLJK,55.0,42.670563,Nerve - Tibial,neural,72.81030594817022,41.613031417184935
GTEX-1JJE9-0926-SM-CNNP9,75.0,76.92416,Lung,non_neural,76.76870852372414,28.208258583684227
GTEX-11DZ1-0326-SM-5N9BN,55.0,56.777668,Breast - Mammary Tissue,non_neural,64.08269618995497,6.334620971118526
GTEX-1IKK5-1926-SM-A9G2V,65.0,58.47387,Lung,non_neural,69.58801265166596,22.882937083675152
GTEX-14BIN-2626-SM-5YY8U,55.0,60.588238,Esophagus - Muscularis,non_neural,70.88046144381276,25.249519012449532
GTEX-11ONC-0011-R7b-SM-DO93J,65.0,65.89461,Brain - Putamen (basal ganglia),neural,83.8588047775186,7.198853977845177
GTEX-QLQ7-1626-SM-2S1R8,65.0,52.94789,Skin - Sun Exposed (Lower leg),non_neural,64.12997742302531,10.454738715704798
GTEX-15G1A-0326-SM-6M467,35.0,45.561745,Thyroid,non_neural,53.087972954894155,8.128182947122639
GTEX-ZYFG-1925-C-SM-DLZPV,65.0,55.955246,Colon - Transverse - Muscularis,non_neural,80.09880321530855,-31.82332021535557
GTEX-1J8JJ-0426-SM-CMKG7,65.0,66.27469,Artery - Tibial,non_neural,85.98109812604518,76.14940509461242
GTEX-Z93S-0011-R8a-SM-4RGNL,55.0,53.914654,Brain - Hypothalamus,neural,66.3172600975211,-17.228762407260223
GTEX-1KD4Q-0011-R11b-SM-EXOIE,45.0,53.10015,Brain - Cerebellar Hemisphere,neural,64.70271107441043,-19.327822614024914
GTEX-16Z82-0011-R1b-SM-7EPHZ,65.0,60.664677,Brain - Hippocampus,neural,78.0578649721549,-18.95585901888134
GTEX-13FTX-0226-SM-5K7TX,25.0,28.36921,Artery - Aorta,non_neural,44.69458426832854,24.00543350137029
GTEX-1JMQJ-0011-R2a-SM-F6493,55.0,56.000496,Brain - Substantia nigra,neural,77.76063933533078,1.9769011822754947
GTEX-ZYFD-2126-SM-5E43D,55.0,53.91295,Artery - Aorta,non_neural,72.65678095755058,66.07112018748782
GTEX-13NYS-0526-SM-5J1OF,65.0,57.923626,Artery - Tibial,non_neural,79.64587394979466,38.61912827262816
GTEX-ZPIC-2526-SM-57WDP,45.0,52.627403,Muscle - Skeletal,non_neural,59.93202231515487,18.604349959193815
GTEX-13CF3-1826-SM-5J1NK,65.0,59.077335,Muscle - Skeletal,non_neural,60.58459559560929,9.476554325950179
GTEX-YEC3-0005-SM-4W21J,55.0,44.0042,Whole Blood,non_neural,57.585704105899325,-27.57494087094969
GTEX-1PWST-0726-SM-EWRMO,75.0,74.05725,Thyroid,non_neural,75.79352132513452,46.01312028167716
GTEX-1KWVE-0226-SM-E9TKK,35.0,31.609581,Adipose - Visceral (Omentum),non_neural,56.46272722567424,-1.3186047523034672
GTEX-ZC5H-2126-SM-EY5XK,45.0,50.023125,Uterus,non_neural,66.06100544762165,-0.37620635001083685
GTEX-WFON-0526-SM-4LVLY,45.0,48.93508,Artery - Aorta,non_neural,66.75284510321598,54.51259158218755
GTEX-1HBPN-1426-SM-9WPNO,55.0,53.409115,Esophagus - Muscularis,non_neural,58.96286185782418,-9.789929720685723
GTEX-15DZA-0226-SM-7KFS6,35.0,48.39019,Thyroid,non_neural,55.17110406926005,17.075885962722996
GTEX-YB5K-1126-SM-H6Q6O,45.0,42.821068,Small Intestine - Terminal Ileum,non_neural,52.44306321531376,-34.50814865664808
GTEX-14B4R-0526-SM-5QGQT,35.0,47.6702,Adipose - Visceral (Omentum),non_neural,47.534355452953136,-3.710869937964725
GTEX-1F5PK-0426-SM-7RHHZ,55.0,61.81051,Artery - Coronary,non_neural,66.8689582989331,34.15281247167328
GTEX-14C5O-1126-SM-5TDEH,65.0,65.30156,Lung,non_neural,83.50917177532577,63.39633782134002
GTEX-1IKJJ-0005-SM-CMKFS,65.0,67.07052,Whole Blood,non_neural,68.85655400136213,-10.936133576630942
GTEX-PLZ5-0526-SM-GPRW4,55.0,46.780045,Artery - Coronary,non_neural,56.712786821373015,15.08120998604863
GTEX-11EQ9-0726-SM-5A5K2,35.0,46.029186,Esophagus - Mucosa,non_neural,39.420849156746456,-13.257895646996841
GTEX-1N2EF-0005-SM-CXZIL,65.0,52.989754,Whole Blood,non_neural,66.83115145877058,4.239557875311798
GTEX-1MCYP-1026-SM-DPRYB,25.0,32.89187,Esophagus - Mucosa,non_neural,29.76845980999059,-43.50651548681272
GTEX-16NFA-0426-SM-GRR1Z,55.0,57.51511,Heart - Left Ventricle,non_neural,62.52216925985094,11.15766158304336
GTEX-15RIE-1326-SM-6PAMM,65.0,59.46488,Heart - Atrial Appendage,non_neural,65.62611721092883,16.91477245532071
GTEX-14JG1-1626-SM-664NH,45.0,48.261387,Liver,non_neural,44.95341378502464,36.59072533477728
GTEX-1HSMO-0926-SM-A96S7,65.0,61.95351,Lung,non_neural,67.52038982902762,47.188264202321236
GTEX-PW2O-0426-SM-48TCC,25.0,32.7376,Artery - Aorta,non_neural,52.82848732304865,27.804977288259312
GTEX-14PJ6-0526-SM-6LLIU,65.0,61.788647,Artery - Aorta,non_neural,81.98781233385495,70.4915319317563
GTEX-1ICG6-1826-SM-AHZ2O,75.0,54.91001,Stomach,non_neural,69.06097072728546,-2.0264134024006113
GTEX-1117F-0626-SM-5N9CS,65.0,63.895008,Artery - Coronary,non_neural,76.91153155212167,44.758606471965564
GTEX-1HCUA-1526-SM-A9G3M,55.0,54.501694,Esophagus - Muscularis,non_neural,69.08206784125665,-6.222436524861725
GTEX-ZYVF-2326-SM-5E44Z,55.0,53.795326,Esophagus - Muscularis,non_neural,60.2378524556858,25.264131317390905
GTEX-RNOR-2426-SM-48FDY,55.0,50.2877,Pituitary,non_neural,85.45544052416588,47.099752258174476
GTEX-ZLV1-0526-SM-4WWD4,65.0,55.050926,Esophagus - Mucosa,non_neural,54.01803911281367,-16.673453217889683
GTEX-13X6J-3026-SM-5Q5CU,55.0,58.207336,Brain - Cortex,neural,70.27797280340951,-16.287366111678743
GTEX-1AMFI-0226-SM-731D5,55.0,49.186066,Esophagus - Mucosa,non_neural,56.41256219386527,-11.754111196544022
GTEX-18QFQ-0006-SM-7SB6X,35.0,39.65454,Whole Blood,non_neural,37.33200055980946,-42.18419868605594
GTEX-16MT8-1226-SM-6M488,65.0,67.26529,Esophagus - Gastroesophageal Junction,non_neural,79.77707200186954,32.787338344192825
GTEX-Y3IK-0226-SM-51MRJ,55.0,59.393272,Adrenal Gland,non_neural,66.17827988481694,25.663789605797913
GTEX-1C6VS-1126-SM-7EWEW,65.0,60.417805,Testis,non_neural,67.46929403534891,15.308190428697321
GTEX-1S82P-1726-SM-F2I28,65.0,55.42258,Stomach,non_neural,68.93891530804785,-3.453347808675339
GTEX-R3RS-0426-SM-GPRWV,45.0,52.7219,Nerve - Tibial,neural,67.17271634238656,40.49772983386535
GTEX-17HG3-2826-SM-7EPGO,35.0,40.04037,Brain - Cerebellum,neural,61.63611708978313,-23.68760184200825
GTEX-13RTJ-0011-R5a-SM-5P9HR,65.0,64.48579,Brain - Caudate (basal ganglia),neural,75.9865270112389,18.536813435893354
GTEX-11DXY-3226-SM-5GIDE,65.0,68.282,Brain - Cortex,neural,75.22012964508515,-11.972449405303632
GTEX-1S83E-0226-SM-EVYCW,45.0,41.57119,Adipose - Subcutaneous,non_neural,56.05982823209649,15.14353613282107
GTEX-P4QS-0926-SM-48TBS,65.0,51.39353,Spleen,non_neural,66.73077146858321,-1.7500844065360441
GTEX-1GMR3-0526-SM-9YFLI,45.0,38.789894,Artery - Aorta,non_neural,62.620995509677684,50.60418546055039
GTEX-132NY-0626-SM-5L3D9,65.0,56.377388,Artery - Tibial,non_neural,70.39108443072026,42.09112036384042
GTEX-WVLH-2126-SM-EYYWD,55.0,61.43811,Liver,non_neural,69.79610532257199,59.62502687866401
GTEX-1HBPH-3126-SM-9WYUV,45.0,47.443634,Brain - Cortex,neural,66.55739176576421,-13.59046501807956
GTEX-11ZTS-0126-SM-5EQ6M,65.0,59.607704,Skin - Sun Exposed (Lower leg),non_neural,62.91863635269941,25.08937284000727
GTEX-ZAJG-0011-R7a-SM-GQ1CU,55.0,52.227592,Brain - Putamen (basal ganglia),neural,78.42463617767085,21.540376292224718
GTEX-1H1DG-2026-SM-9QEIV,75.0,61.45345,Adipose - Visceral (Omentum),non_neural,77.31924084569019,49.1349047607418
GTEX-ZPIC-1826-SM-57WFE,45.0,53.101406,Adipose - Subcutaneous,non_neural,60.440691683754096,27.914738775424805
GTEX-ZAB4-0011-R8b-SM-4SOKF,45.0,42.455956,Brain - Hypothalamus,neural,78.54405994726827,10.636416986510191
GTEX-13SLW-0011-R3b-SM-5SI6Y,75.0,69.56424,Brain - Anterior cingulate cortex (BA24),neural,81.16744301914909,10.731128023248644
GTEX-1H3VE-0011-R1a-SM-A9G1K,45.0,53.733673,Brain - Hippocampus,neural,73.34730982824247,-0.25302792543132974
GTEX-WHWD-1026-SM-4M9QC,55.0,51.42248,Esophagus - Muscularis,non_neural,62.33008181415042,-18.539656428480356
GTEX-1PIIG-1326-SM-EXOIR,35.0,51.2913,Liver,non_neural,38.0514425843066,24.45664506155516
GTEX-T8EM-0426-SM-4DM7E,45.0,50.597706,Artery - Aorta,non_neural,66.87353899824782,43.50805234242032
GTEX-X8HC-1626-SM-46MWE,55.0,65.34137,Heart - Left Ventricle,non_neural,72.0665063641248,17.86514243075466
GTEX-YFC4-0126-SM-5CVLY,45.0,50.03027,Skin - Sun Exposed (Lower leg),non_neural,57.14580935655147,9.419178094923664
GTEX-11ZUS-1326-SM-5FQUC,35.0,39.394943,Artery - Tibial,non_neural,61.60437929330365,43.003540732478854
GTEX-ZG7Y-1426-SM-4WWBM,55.0,57.464294,Heart - Atrial Appendage,non_neural,66.23008749591091,19.658373939601923
GTEX-145MO-1426-SM-DTX9W,65.0,61.699486,Esophagus - Mucosa,non_neural,57.774250383849306,-4.766029254242245
GTEX-1GN1U-0011-R9b-SM-CMKFW,55.0,58.345345,Brain - Spinal cord (cervical c-1),neural,79.18451410971772,15.606020171840445
GTEX-1MJK3-0726-SM-E6CJC,25.0,39.281696,Skin - Not Sun Exposed (Suprapubic),non_neural,38.9386464781397,-20.13516550220875
GTEX-Y114-1425-D-SM-DLZRB,55.0,51.14149,Small Intestine - Terminal Ileum - Lymphoid Aggregate,non_neural,62.12036680249916,-25.61420636951565
GTEX-1GF9V-1126-SM-9MQM7,65.0,62.159897,Adipose - Visceral (Omentum),non_neural,70.3579197878198,42.839279195935795
GTEX-1QPFJ-0126-SM-E9J4B,35.0,41.291145,Adipose - Subcutaneous,non_neural,50.825182606877135,8.034525341768472
GTEX-1HSMQ-0326-SM-D4P2J,55.0,63.148285,Artery - Aorta,non_neural,75.73797191047991,60.46061496062771
GTEX-14BMU-1626-SM-5TDE7,25.0,17.651184,Breast - Mammary Tissue,non_neural,45.72562992785295,-11.738599659270148
GTEX-16AAH-1225-B-SM-AW8P5,55.0,57.400322,Stomach - Mucosa,non_neural,67.01675396622915,-17.38668857369722
GTEX-OOBK-0425-SM-3LK5O,45.0,44.285767,Artery - Aorta,non_neural,59.12844359506276,36.61977481473147
GTEX-11ZTT-0002-SM-5S2PA,65.0,58.6688,Cells - EBV-transformed lymphocytes,non_neural,40.21924512655822,-27.51251931461381
GTEX-1GN2E-0011-R7b-SM-9QEIJ,65.0,65.684364,Brain - Putamen (basal ganglia),neural,80.40088603015701,12.234049602786156
GTEX-11DXZ-0326-SM-5EGH1,55.0,69.50583,Heart - Atrial Appendage,non_neural,77.8885620894748,38.11824892417963
GTEX-12ZZX-1226-SM-5EGHS,45.0,53.493355,Thyroid,non_neural,66.20301512294209,39.42931164804198
GTEX-15DCD-1926-SM-HAV33,75.0,64.592896,Kidney - Cortex,non_neural,80.71841996583696,26.812551711012674
GTEX-16MTA-1725-A-SM-DLZQ8,55.0,54.74505,Colon - Transverse - Mixed Cell,non_neural,55.27762720643288,-44.09392297457837
GTEX-15SKB-0926-SM-7KUFC,65.0,58.800827,Heart - Atrial Appendage,non_neural,65.91867960118817,16.218009045310172
GTEX-TKQ2-0926-SM-4DXU5,55.0,50.607986,Stomach,non_neural,63.57246952668034,-22.921937125703188
GTEX-QDT8-2026-SM-EZ6LS,35.0,40.602764,Stomach,non_neural,59.73425682697298,1.9521916724413348
GTEX-1HSMO-1426-SM-CNNQN,65.0,63.071316,Adipose - Visceral (Omentum),non_neural,76.35181305874329,40.216174501633475
GTEX-13111-0008-SM-5YY8R,55.0,53.843513,Cells - Cultured fibroblasts,non_neural,53.296146066369744,32.54686359324261
GTEX-14E6C-2626-SM-5RQJP,45.0,57.798157,Thyroid,non_neural,67.68472419287104,31.98977220878743
GTEX-ZP4G-0006-SM-4WWE6,25.0,36.938988,Whole Blood,non_neural,39.86159369806549,-33.08676157343101
GTEX-13U4I-2626-SM-5MR6D,45.0,47.467834,Colon - Sigmoid,non_neural,71.52887105388594,-17.568672555289716
GTEX-1N2EE-2726-SM-F2I1N,65.0,53.46697,Colon - Transverse,non_neural,63.3772293304353,-18.152044296543647
GTEX-13U4I-1026-SM-5LU3G,45.0,52.233284,Artery - Aorta,non_neural,74.44753655210756,58.871424322643534
GTEX-16Z82-2926-SM-6LPJJ,65.0,67.574745,Brain - Cerebellum,neural,82.64941142616588,4.404263597482999
GTEX-ZVT2-0005-SM-57WBW,55.0,51.013317,Whole Blood,non_neural,53.23310978469047,-33.008155559857094
GTEX-1FIGZ-0326-SM-7RHGT,45.0,50.774757,Lung,non_neural,56.35294929497324,25.50271583301094
GTEX-1CB4J-0011-R5a-SM-9WG5Y,65.0,59.94916,Brain - Caudate (basal ganglia),neural,71.97867475365364,25.960647597133324
GTEX-15DYW-0011-R6b-SM-6PALA,65.0,63.794384,Brain - Nucleus accumbens (basal ganglia),neural,81.09367224493607,0.18740010443396296
GTEX-1IL2U-0003-SM-F647T,65.0,56.799973,Cells - EBV-transformed lymphocytes,non_neural,21.051790466183178,-31.652384071285482
GTEX-1NV8Z-1426-SM-DTX91,65.0,63.658054,Esophagus - Muscularis,non_neural,77.53009533289631,33.476901045674055
GTEX-1IKOE-0526-SM-CE6T3,35.0,41.290306,Artery - Tibial,non_neural,50.04448677891817,11.808172398998959
GTEX-16XZZ-1026-SM-7DHKS,65.0,56.832344,Heart - Atrial Appendage,non_neural,69.47512046709194,28.023533891844693
GTEX-1CAMS-0005-SM-ARL6Y,45.0,47.6947,Whole Blood,non_neural,42.77584829458097,-27.569892782874735
GTEX-1399U-1625-A-SM-AW8Q8,55.0,55.562378,Stomach - Mixed Cell,non_neural,70.9845262780825,-4.931085671412759
GTEX-1JMPY-0526-SM-CL54O,35.0,29.292519,Breast - Mammary Tissue,non_neural,54.28602861400633,-0.007266814616282369
GTEX-16MT9-0008-SM-EAZC8,65.0,47.041016,Cells - Cultured fibroblasts,non_neural,63.23614348621871,15.993916704839314
GTEX-1RQED-0326-SM-HL11M,65.0,72.949974,Adipose - Subcutaneous,non_neural,75.90145449813858,42.20103033151835
GTEX-11EI6-2826-SM-5H11D,65.0,61.656807,Skin - Not Sun Exposed (Suprapubic),non_neural,69.11387256703793,16.137360125250584
GTEX-1GN1W-1526-SM-7P8TG,55.0,57.115547,Vagina,non_neural,62.261402263201305,17.803164271788148
GTEX-1IDJI-0004-SM-F647W,55.0,54.839912,Cells - EBV-transformed lymphocytes,non_neural,36.13412682542348,-32.540209278665046
GTEX-U8T8-0126-SM-3DB94,65.0,62.490723,Skin - Sun Exposed (Lower leg),non_neural,61.88406795376625,12.15630303836562
GTEX-TMMY-1026-SM-4DXTI,45.0,43.2196,Artery - Aorta,non_neural,58.73810976748615,39.24921867525051
GTEX-R55C-0008-SM-48FCF,45.0,49.24067,Cells - Cultured fibroblasts,non_neural,50.54120476026462,10.852032127982024
GTEX-Q2AH-0526-SM-G8W7V,45.0,54.76426,Heart - Left Ventricle,non_neural,63.33122208365204,10.018110585099924
GTEX-1JK1U-2326-SM-CNPOV,65.0,57.662502,Artery - Tibial,non_neural,75.38157117554715,43.051725684580795
GTEX-14ABY-0326-SM-5TDDK,55.0,53.382156,Adipose - Subcutaneous,non_neural,62.17847266477936,10.508688314791142
GTEX-13OVG-1326-SM-5K7Y3,65.0,60.220352,Adipose - Visceral (Omentum),non_neural,72.13432632480658,27.123271259524802
GTEX-13PVQ-0626-SM-5LU47,55.0,56.766125,Skin - Not Sun Exposed (Suprapubic),non_neural,66.36645678970257,23.15051000752908
GTEX-12WSI-0005-SM-5O99K,55.0,47.352707,Whole Blood,non_neural,51.60525967165388,-21.405422440980175
GTEX-1117F-2126-SM-GIN9G,65.0,68.39474,Kidney - Cortex,non_neural,74.84745916305657,15.240080832678906
GTEX-1HFI6-3026-SM-CNPPJ,45.0,48.99694,Brain - Cortex,neural,68.75342822387735,-14.449982203418964
GTEX-11P81-1426-SM-5P9JN,35.0,42.526615,Colon - Sigmoid,non_neural,53.39882612957713,-31.207104212900813
GTEX-1R9K4-2426-SM-F33ZG,65.0,69.84384,Colon - Sigmoid,non_neural,68.31229136885526,-7.100116371490157
GTEX-ZQG8-1226-SM-51MRX,65.0,49.778103,Muscle - Skeletal,non_neural,61.00249092475684,-3.5339080538288714
GTEX-ZQUD-0005-SM-4YCE5,35.0,44.607265,Whole Blood,non_neural,48.77105246168668,-34.47862346193139
GTEX-ZF28-0008-SM-4E3K3,65.0,58.264915,Cells - Cultured fibroblasts,non_neural,52.473185853790284,28.529194085318625
GTEX-XBED-1226-SM-4AT5V,65.0,61.884674,Stomach,non_neural,60.800289643889485,-13.747580084626108
GTEX-11DXX-1726-SM-5H11T,65.0,72.05746,Vagina,non_neural,69.10545866046934,31.442161574701302
GTEX-WFG7-0005-SM-3GIKM,25.0,40.77412,Whole Blood,non_neural,38.04595175821301,-46.739441738810804
GTEX-WY7C-1826-SM-4ONCE,55.0,59.802414,Small Intestine - Terminal Ileum,non_neural,63.927926552792684,-6.722994071684661
GTEX-14PHX-2226-SM-6EU2P,55.0,54.30509,Skin - Not Sun Exposed (Suprapubic),non_neural,57.92948547451056,-9.044208987951983
GTEX-R55E-0726-SM-48FCZ,25.0,43.257256,Testis,non_neural,36.598921511666774,-42.67648008752076
GTEX-13NZ9-1126-SM-5MR37,55.0,48.802643,Thyroid,non_neural,53.07445782336501,14.165394960532417
GTEX-QLQ7-0626-SM-CE6QX,65.0,55.465385,Pancreas,non_neural,75.00342762296792,2.4627899511701776
GTEX-1F6RS-0008-SM-EWRMG,65.0,59.74852,Cells - Cultured fibroblasts,non_neural,44.498705588972385,18.552779154283506
GTEX-NL4W-0011-R11A-SM-2I3DW,55.0,56.52066,Brain - Cerebellar Hemisphere,neural,62.28293689831786,-11.833276870456777
GTEX-13PVQ-0326-SM-5K7YF,55.0,57.708736,Muscle - Skeletal,non_neural,61.19816335922894,6.2039709727722165
GTEX-11GSO-0005-SM-5O9CA,65.0,59.8571,Whole Blood,non_neural,67.90876210538542,2.638849201607733
GTEX-1B8L1-3126-SM-7EPHA,65.0,67.67932,Pituitary,non_neural,84.83323177471368,40.55508619878689
GTEX-117YX-0626-SM-5EGJI,55.0,50.244972,Heart - Atrial Appendage,non_neural,66.13282913423564,1.6963366541882394
GTEX-1NV5F-0426-SM-G8OMX,65.0,64.99132,Artery - Tibial,non_neural,91.4186248155479,67.75389278687952
GTEX-1CB4F-1926-SM-7MKFN,65.0,55.941723,Colon - Sigmoid,non_neural,66.10734553579354,-26.25830787408833
GTEX-1LVAO-2726-SM-E9TJ8,65.0,65.53089,Skin - Not Sun Exposed (Suprapubic),non_neural,74.78946104745096,32.14953978331254
GTEX-S3LF-0126-SM-GPRYF,75.0,73.70517,Skin - Sun Exposed (Lower leg),non_neural,63.39400409783474,-5.307965030450917
GTEX-1LG7Z-0126-SM-EV79V,35.0,44.684437,Spleen,non_neural,51.67403490860258,-10.47209160648972
GTEX-1HCU6-1826-SM-C1YRN,65.0,57.329903,Adrenal Gland,non_neural,62.35766680325828,-0.8569854645608714
GTEX-13OW5-0011-R9b-SM-5O9CL,65.0,50.47317,Brain - Spinal cord (cervical c-1),neural,73.85691491426736,15.660754854728891
GTEX-P4QT-1426-SM-3NMCX,55.0,60.110966,Colon - Transverse,non_neural,59.206394057808396,-35.82301695076966
GTEX-12696-0011-R2b-SM-GHWPY,65.0,72.6095,Brain - Substantia nigra,neural,76.56802991724837,16.52014478971674
GTEX-17F97-0008-SM-EAZBB,55.0,52.004776,Cells - Cultured fibroblasts,non_neural,46.452912108386286,26.71123796001632
GTEX-13FHP-0126-SM-5IJBG,55.0,57.410976,Skin - Sun Exposed (Lower leg),non_neural,60.74809800913212,12.945324084449867
GTEX-13X6I-0011-R3b-SM-5P9HM,65.0,62.267227,Brain - Anterior cingulate cortex (BA24),neural,75.9176933699697,7.239927228038294
GTEX-1S83E-0526-SM-HLJQ8,45.0,41.843407,Lung,non_neural,65.73622502084064,8.39915228656353
GTEX-139T8-0011-R5b-SM-5J1MO,65.0,57.67239,Brain - Caudate (basal ganglia),neural,84.33066596557623,40.908696013351
GTEX-1JMLX-0011-R9a-SM-EYYXM,55.0,60.43399,Brain - Spinal cord (cervical c-1),neural,78.77997513213064,9.782827339930414
GTEX-16A39-0326-SM-GMXBL,35.0,32.824055,Adipose - Visceral (Omentum),non_neural,46.70852006748059,-11.54911781643278
GTEX-16GPK-0011-R8a-SM-79OMQ,65.0,62.699875,Brain - Hypothalamus,neural,86.4762990425042,-0.5138315155767241
GTEX-15UF6-2626-SM-6M466,75.0,82.08615,Colon - Transverse,non_neural,80.8712979159499,9.642685174521155
GTEX-14E6E-1226-SM-5S2R5,35.0,40.282066,Spleen,non_neural,48.690787675038464,-5.9704435860951515
GTEX-QLQW-0426-SM-447A7,35.0,46.536118,Colon - Transverse,non_neural,51.14982650964646,-42.820707588825414
GTEX-1QAET-0006-SM-DLZQQ,55.0,52.27198,Whole Blood,non_neural,55.577913888324076,-28.237379411545195
GTEX-15UF6-2026-SM-6LPI3,75.0,76.50258,Ovary,non_neural,73.27854876441138,40.664323594355146
GTEX-1JJ6O-0826-SM-CXZJL,65.0,64.49792,Liver,non_neural,56.402520892232644,63.87278194586718
GTEX-13D11-1026-SM-5IJFB,55.0,51.045525,Breast - Mammary Tissue,non_neural,75.90064905766123,20.86396042323964
GTEX-U4B1-1926-SM-3DB9E,45.0,54.121613,Artery - Tibial,non_neural,67.26338604305964,50.16465535445057
GTEX-PLZ6-1426-SM-DKPOT,35.0,35.71656,Skin - Sun Exposed (Lower leg),non_neural,45.95469197726652,-13.463521388868555
GTEX-X585-0226-SM-4QAS2,55.0,55.830635,Skin - Sun Exposed (Lower leg),non_neural,64.59222552983756,13.864352682774927
GTEX-1LSVX-2826-SM-EVR58,65.0,65.55251,Brain - Cerebellum,neural,85.52619676151917,-0.9895715929039122
GTEX-12WSL-0926-SM-5N9EK,55.0,57.95115,Artery - Coronary,non_neural,63.80162072942029,21.50551719820531
GTEX-U3ZH-0626-SM-4DXT3,35.0,29.578106,Artery - Aorta,non_neural,50.70875376381218,29.44015986954744
GTEX-13PLJ-0011-R9b-SM-5O9DV,65.0,63.982338,Brain - Spinal cord (cervical c-1),neural,77.7818558368611,8.089833082661215
GTEX-11NUK-0011-R11b-SM-H6Q8G,55.0,56.93309,Brain - Cerebellar Hemisphere,neural,74.22982677763106,-14.874152221335532
GTEX-1F5PK-1026-SM-HL9S5,55.0,45.042305,Pancreas,non_neural,70.6710969088323,-0.07640733946547223
GTEX-14C5O-0526-SM-62LEI,65.0,58.18225,Artery - Tibial,non_neural,78.11301973234441,49.54118618087357
GTEX-1HFI6-2926-SM-A9G3E,45.0,57.447254,Pituitary,non_neural,79.27006951247928,67.5770180832191
GTEX-145MF-0726-SM-5Q5BT,55.0,53.854324,Lung,non_neural,66.03526620012083,38.02744565252777
GTEX-N7MT-0011-R10A-SM-2I3E1,65.0,65.70664,Brain - Frontal Cortex (BA9),neural,80.17546548197535,6.533270428868939
GTEX-1H3NZ-0011-R9a-SM-ADEH7,65.0,59.790474,Brain - Spinal cord (cervical c-1),neural,88.34188169017582,15.29523358709266
GTEX-11VI4-1626-SM-5EQKO,45.0,48.263622,Small Intestine - Terminal Ileum,non_neural,66.08244306791339,-13.745757076025104
GTEX-12WSI-0011-R7b-SM-5GU78,55.0,48.56803,Brain - Putamen (basal ganglia),neural,68.2873447407618,-7.240655566137481
GTEX-12WSH-2426-SM-GHWOY,55.0,66.12049,Skin - Sun Exposed (Lower leg),non_neural,72.4823578207334,39.50701286388524
GTEX-12WSD-0626-SM-5GCMW,65.0,59.188423,Skin - Not Sun Exposed (Suprapubic),non_neural,64.75643730894089,8.766282550155045
GTEX-1A32A-0526-SM-731B9,55.0,54.349205,Muscle - Skeletal,non_neural,63.44390199011312,10.883727195346678
GTEX-113JC-0011-R9a-SM-H6Q8K,55.0,56.505276,Brain - Spinal cord (cervical c-1),neural,70.70399796494304,17.64558140993239
GTEX-O5YV-0126-SM-HM8V5,65.0,58.70236,Skin - Sun Exposed (Lower leg),non_neural,70.47227005040008,26.252029521771256
GTEX-ZC5H-0226-SM-4WAY9,45.0,46.985146,Skin - Sun Exposed (Lower leg),non_neural,56.802926387774264,23.063072448032948
GTEX-14BMU-2026-SM-5S2W6,25.0,32.385628,Muscle - Skeletal,non_neural,40.78095151580456,-19.443979779268275
GTEX-NFK9-1726-SM-3TW8P,45.0,41.465908,Adrenal Gland,non_neural,55.98446032409527,-1.704619499538868
GTEX-1ICLZ-1426-SM-CKZPR,65.0,63.112984,Esophagus - Muscularis,non_neural,70.35244552123221,2.0489489478135523
GTEX-11NUK-0011-R5a-SM-DO93N,55.0,56.69303,Brain - Caudate (basal ganglia),neural,66.5023203490392,-11.073487981005911
GTEX-1PDJ9-0826-SM-E76PS,25.0,32.559612,Thyroid,non_neural,51.63535368788065,15.545394718279068
GTEX-11GS4-0011-R2a-SM-DO942,65.0,61.51576,Brain - Substantia nigra,neural,82.11320265163675,10.435073119987145
GTEX-ZYVF-2826-SM-5GIDK,55.0,45.234344,Colon - Transverse,non_neural,61.59202130142897,-27.284338391891303
GTEX-1I1GP-2226-SM-CGQFK,55.0,58.89276,Skin - Sun Exposed (Lower leg),non_neural,64.1077669357044,16.28592611777147
GTEX-OXRK-1726-SM-G8W7C,55.0,48.365124,Colon - Transverse,non_neural,60.39029053634286,-40.42853331825571
GTEX-18A6Q-2926-SM-718AR,65.0,61.731865,Brain - Cortex,neural,74.25223291717937,-13.972779275090351
GTEX-14E7W-1326-SM-5RQIV,75.0,62.35772,Lung,non_neural,84.74135946540545,39.64301449792965
GTEX-1QP2A-1426-SM-EY5ZB,55.0,55.223587,Adipose - Visceral (Omentum),non_neural,64.75999243951671,9.331392055342407
GTEX-YFCO-0426-SM-4W1Z7,45.0,46.84604,Lung,non_neural,69.84850515010001,19.355160710410505
GTEX-1IDJH-0626-SM-ARZMC,75.0,77.010506,Nerve - Tibial,neural,86.54764947327268,54.59566922671531
GTEX-17EVP-0326-SM-7DHLG,45.0,51.17935,Skin - Sun Exposed (Lower leg),non_neural,57.02557411106538,26.302043547117336
GTEX-U3ZN-2326-SM-3DB7W,35.0,48.56349,Skin - Sun Exposed (Lower leg),non_neural,51.06067032463059,15.600028010894466
GTEX-1E2YA-2526-SM-7IGOU,55.0,55.61698,Colon - Sigmoid,non_neural,64.37086675198216,-10.050918521745201
GTEX-1J1R8-0426-SM-A96SZ,45.0,40.165268,Esophagus - Muscularis,non_neural,56.01245016724016,-9.073647959121638
GTEX-1IOXB-0126-SM-ARL8G,55.0,63.29932,Skin - Sun Exposed (Lower leg),non_neural,62.70893904741935,11.526876917050819
GTEX-15EO6-2726-SM-GMXB8,55.0,54.39182,Artery - Tibial,non_neural,78.87853860349739,55.656138899050276
GTEX-1S5VW-0826-SM-F64A2,65.0,64.763214,Thyroid,non_neural,68.55037168428356,34.89567221890315
GTEX-ZY6K-0226-SM-5MR7Z,55.0,46.831116,Thyroid,non_neural,52.47097151061932,9.77769867799462
GTEX-13FXS-0011-R8a-SM-5J1MN,55.0,60.502914,Brain - Hypothalamus,neural,78.90938153614064,-6.079329417880722
GTEX-1I1GT-0526-SM-CGQEQ,65.0,56.955612,Adipose - Subcutaneous,non_neural,66.62808578141566,19.63298362671692
GTEX-1RAZR-1826-SM-E6CRE,45.0,39.860146,Small Intestine - Terminal Ileum,non_neural,50.97027519237673,-31.06613633939947
GTEX-12WSD-1126-SM-5EGJD,65.0,61.977867,Heart - Left Ventricle,non_neural,78.6917958979736,25.80220548185135
GTEX-1HC8U-0005-SM-ADEGV,45.0,50.06603,Whole Blood,non_neural,47.01798525915798,-44.628830803338325
GTEX-15SHU-0426-SM-GNIOU,45.0,45.372757,Artery - Tibial,non_neural,60.488393284504625,36.53590340758589
GTEX-ZYW4-1126-SM-5MR6A,65.0,68.74286,Thyroid,non_neural,80.59314803725917,37.320230445905175
GTEX-1A3MV-0726-SM-72D5M,35.0,36.11164,Testis,non_neural,25.45192246980369,-46.18661104945746
GTEX-1H3VY-0005-SM-GA8YN,55.0,55.08086,Whole Blood,non_neural,49.99765180643121,-25.66680647056683
GTEX-1C64N-0005-SM-7PBY7,55.0,54.03845,Whole Blood,non_neural,58.49950511136002,-18.136718686745084
GTEX-11DXY-2026-SM-5N9CZ,65.0,55.83239,Colon - Sigmoid,non_neural,73.2831623135618,-5.089627758017286
GTEX-1CB4J-0726-SM-7IGN8,65.0,60.33495,Liver,non_neural,64.09223954242064,38.55128681309804
GTEX-R55E-0011-R11A-SM-2TC6I,25.0,24.929276,Brain - Cerebellar Hemisphere,neural,40.227040686739514,-48.85395505652649
GTEX-OXRK-1426-SM-3NB19,55.0,55.971893,Esophagus - Muscularis,non_neural,59.66412450882778,0.04452694795073539
GTEX-R55F-1426-SM-2TF53,55.0,44.37893,Adipose - Subcutaneous,non_neural,56.973666811213604,32.290070797320084
GTEX-13OW5-0626-SM-5J2N2,65.0,62.07588,Thyroid,non_neural,70.25380601448782,29.959659638691985
GTEX-QCQG-0826-SM-GPI8H,55.0,54.303455,Bladder,non_neural,76.84546359549162,20.06165366237035
GTEX-S3XE-0826-SM-4AD4U,55.0,55.66892,Esophagus - Muscularis,non_neural,60.29542558922934,-14.129825397807892
GTEX-1GF9X-0126-SM-A9G38,45.0,51.18251,Thyroid,non_neural,64.51611398556713,46.447091378803606
GTEX-POMQ-0006-SM-5SI7D,25.0,40.39345,Whole Blood,non_neural,32.96646594173832,-45.81216921405621
GTEX-144GL-0011-R4a-SM-5PNUI,55.0,57.364746,Brain - Amygdala,neural,78.16719445834653,-11.441475602000448
GTEX-15CHR-0008-SM-E9U4K,55.0,55.905396,Cells - Cultured fibroblasts,non_neural,46.19591044624934,19.152197923756198
GTEX-14B4R-0006-SM-5O9A7,35.0,40.30841,Whole Blood,non_neural,45.08831831763328,-32.30273039974351
GTEX-1E2YA-0011-R1b-SM-CJI29,55.0,55.33255,Brain - Hippocampus,neural,74.99748528072034,8.013313959769494
GTEX-17GQL-2026-SM-718BA,65.0,58.80028,Skin - Sun Exposed (Lower leg),non_neural,68.32587244131827,16.811387115142033
GTEX-13RTL-0011-R1a-SM-5PNZ8,45.0,61.60846,Brain - Hippocampus,neural,73.21163593900873,-13.669010261068145
GTEX-14BIL-0011-R8b-SM-69LQK,55.0,58.81176,Brain - Hypothalamus,neural,75.00046197139847,19.290366370793098
GTEX-1GF9X-2026-SM-7PC3A,45.0,53.236523,Skin - Sun Exposed (Lower leg),non_neural,54.695898714314154,6.473024862219194
GTEX-ZVZP-0004-SM-51MS8,55.0,62.3399,Cells - EBV-transformed lymphocytes,non_neural,53.525278667283715,1.928650966754912
GTEX-17MF6-1326-SM-79ONE,45.0,46.446423,Adipose - Visceral (Omentum),non_neural,64.89318450489516,45.00738283637001
GTEX-1GMR3-2726-SM-7MKFB,45.0,46.268913,Small Intestine - Terminal Ileum,non_neural,51.78032433868022,-0.3276435218905303
GTEX-RM2N-1426-SM-2TF4H,55.0,54.370712,Skin - Sun Exposed (Lower leg),non_neural,53.02479638941466,8.63707738152915
GTEX-15RJE-0926-SM-6LLHZ,45.0,52.338127,Esophagus - Mucosa,non_neural,46.0075310331069,-18.98173758280779
GTEX-15FZZ-1026-SM-6AJBI,35.0,41.490578,Uterus,non_neural,62.66221922063043,-11.739485583913558
GTEX-WL46-0126-SM-3TW8I,55.0,47.31012,Thyroid,non_neural,57.482303129520076,15.511392352703966
GTEX-XMK1-1626-SM-HLJRZ,45.0,42.972717,Colon - Sigmoid,non_neural,49.41885621247259,-55.21068426993611
GTEX-1KANB-0002-SM-HK78C,55.0,61.302696,Cells - EBV-transformed lymphocytes,non_neural,44.46462069760024,-17.824219142454236
GTEX-1QCLZ-1626-SM-E9U5R,65.0,56.200012,Esophagus - Mucosa,non_neural,49.3659761457825,-13.572456194855077
GTEX-1A3MV-0005-SM-7PC1O,35.0,38.476265,Whole Blood,non_neural,42.76084947771153,-43.47599249807351
GTEX-16NPV-0011-R8a-SM-7EPH8,55.0,56.035156,Brain - Hypothalamus,neural,86.1716775092882,20.0462865496612
GTEX-P4PP-3026-SM-3P61O,35.0,50.040066,Artery - Coronary,non_neural,62.090767516758376,30.094754563928817
GTEX-14DAQ-2526-SM-5RQIO,65.0,62.785583,Adipose - Visceral (Omentum),non_neural,77.01583500458267,44.83800713679406
GTEX-1RQEC-0011-R8b-SM-F648X,65.0,63.874424,Brain - Hypothalamus,neural,78.87327159516796,-7.973518058343928
GTEX-1HCVE-0126-SM-CGQEU,55.0,50.677605,Skin - Sun Exposed (Lower leg),non_neural,66.25857617146954,32.874648138811004
GTEX-1H1DG-2226-SM-9WPPC,75.0,65.86144,Colon - Transverse,non_neural,70.5060768775434,-10.093428854415798
GTEX-11GSP-0011-R7b-SM-57WC3,65.0,62.339645,Brain - Putamen (basal ganglia),neural,83.21947720479888,12.751297744220425
GTEX-1JMLX-2926-SM-CL54C,55.0,58.48958,Brain - Cortex,neural,73.64051592551955,-9.758197250573494
GTEX-14ASI-0726-SM-5Q5DC,65.0,61.48515,Thyroid,non_neural,64.01454024618427,26.344142203702656
GTEX-1C64N-0526-SM-7PC32,55.0,48.424973,Artery - Tibial,non_neural,71.71146754324687,33.79913753812876
GTEX-1PPH8-0326-SM-E76PR,25.0,38.576714,Muscle - Skeletal,non_neural,34.99911660320042,-21.51388795537945
GTEX-SNMC-0826-SM-4DM66,25.0,36.81864,Bladder,non_neural,49.33512457026083,1.590757768408146
GTEX-13SLX-0926-SM-5S2NM,55.0,59.298492,Heart - Atrial Appendage,non_neural,68.35829356329916,27.05130015115632
GTEX-17F9Y-0526-SM-7EWDC,75.0,71.06485,Thyroid,non_neural,80.90955284099235,46.96107862454675
GTEX-17MF6-1026-SM-7EWE1,45.0,55.03874,Artery - Aorta,non_neural,71.34343190960004,82.27568875506559
GTEX-1C64N-1326-SM-7SB7D,55.0,58.249416,Adipose - Visceral (Omentum),non_neural,64.7204731875248,24.344326579037148
GTEX-12WSD-1826-SM-5GCOA,65.0,71.058044,Esophagus - Mucosa,non_neural,68.34439499347978,13.322966187638478
GTEX-P4PQ-0326-SM-2HMJ8,65.0,62.84078,Heart - Left Ventricle,non_neural,65.55616370088065,7.490656256854729
GTEX-131XG-0926-SM-5LZW5,55.0,45.455044,Esophagus - Muscularis,non_neural,66.78659321999328,7.001425319394826
GTEX-11P7K-1725-B-SM-AW8PJ,35.0,34.30826,Stomach - Mucosa,non_neural,40.2849255483696,-32.026460792513866
GTEX-1GN1W-1926-SM-7P8TH,55.0,54.781853,Breast - Mammary Tissue,non_neural,65.91305409734088,9.102714178509963
GTEX-OXRO-1726-SM-3LK6C,65.0,67.10538,Muscle - Skeletal,non_neural,73.63375199186086,68.25616497146413
GTEX-1S82P-1026-SM-EAZ4W,65.0,58.500694,Pancreas,non_neural,70.0696888214946,10.344601349824028
GTEX-YFCO-1326-SM-664NV,45.0,38.877098,Small Intestine - Terminal Ileum,non_neural,55.5598417841571,-18.96754612896034
GTEX-11EQ8-0006-SM-5P9HJ,65.0,67.11167,Whole Blood,non_neural,67.10654680019047,-22.18265590356642
GTEX-XXEK-0008-SM-4BRW7,55.0,53.585606,Cells - Cultured fibroblasts,non_neural,65.61565743662813,32.20509164332316
GTEX-13RTK-0126-SM-5RQHQ,25.0,24.250368,Artery - Aorta,non_neural,48.35517466118557,16.522329052905047
GTEX-16XZZ-2926-SM-6LPK4,65.0,62.961304,Brain - Cerebellum,neural,75.90447333132497,29.677473468841836
GTEX-P4QT-2126-SM-H6Q7H,55.0,49.93346,Cervix - Ectocervix,non_neural,48.387183788018376,-0.13251554097710294
GTEX-UTHO-3026-SM-3GAFB,65.0,66.99335,Brain - Cortex,neural,73.55023427165398,-0.7750682946077281
GTEX-1I1GU-0326-SM-AHZ2K,45.0,59.806168,Pancreas,non_neural,63.08765257004934,-9.88723514510903
GTEX-1H1DG-1026-SM-9MQJS,75.0,66.78203,Lung,non_neural,84.26633945696504,51.9754651185821
GTEX-1EU9M-2326-SM-7MKGS,65.0,66.666504,Esophagus - Mucosa,non_neural,68.33159630353039,12.619046144153488
GTEX-1I6K6-0001-SM-F2T96,35.0,43.72319,Cells - EBV-transformed lymphocytes,non_neural,40.76384684059154,-38.786055058969026
GTEX-XMD1-0011-R1A-SM-4AT4C,65.0,67.25116,Brain - Hippocampus,neural,90.78119700341526,14.910546583655222
GTEX-1GZ4H-1026-SM-9OSXL,55.0,40.393967,Stomach,non_neural,60.25555022165334,-6.918264293935992
GTEX-146FH-0326-SM-5QGPT,55.0,64.06187,Nerve - Tibial,neural,74.71628095007063,43.73823352146181
GTEX-XXEK-0005-SM-4BRWJ,55.0,47.249428,Whole Blood,non_neural,52.79259537879349,-35.86462656500611
GTEX-12WSH-3126-SM-5LZW8,55.0,50.571644,Brain - Cerebellum,neural,67.72769889319059,-17.720300165727156
GTEX-OIZF-0726-SM-7PC15,65.0,62.160667,Esophagus - Muscularis,non_neural,63.2557016562734,-7.245576547605275
GTEX-OHPN-1626-SM-GNTBJ,65.0,62.735306,Ovary,non_neural,65.77025818750617,36.678599498859086
GTEX-1LH75-1326-SM-F2I1R,55.0,50.35266,Kidney - Cortex,non_neural,72.91916237915302,40.55595460503036
GTEX-WH7G-2326-SM-G8W7K,45.0,52.436237,Skin - Sun Exposed (Lower leg),non_neural,47.07137287147631,-9.107068363860522
GTEX-1RQEC-0006-SM-CL542,65.0,54.683483,Whole Blood,non_neural,57.49985244595345,-14.74970255315851
GTEX-Y3IK-1726-SM-4YCCR,55.0,54.97986,Small Intestine - Terminal Ileum,non_neural,64.20766123089297,-30.737693650678118
GTEX-1R9PO-0326-SM-DTXA1,65.0,62.779453,Heart - Left Ventricle,non_neural,68.61672092933975,24.865811378762544
GTEX-QMR6-0011-R5A-SM-32PKT,55.0,53.16718,Brain - Caudate (basal ganglia),neural,77.27489274891238,16.717340319452084
GTEX-15ETS-2026-SM-6AJBC,45.0,52.162685,Esophagus - Muscularis,non_neural,65.22622026855635,-6.498644276161707
GTEX-14E6C-1226-SM-5ZZUN,45.0,49.89772,Adipose - Visceral (Omentum),non_neural,65.85899234887307,54.96104865558537
GTEX-1C6VQ-0626-SM-7EPHE,55.0,54.884037,Nerve - Tibial,neural,76.20344637792651,51.70130199466771
GTEX-WY7C-0006-SM-3NB3L,55.0,59.26063,Whole Blood,non_neural,60.79208087614974,-23.85827145868247
GTEX-1F48J-2226-SM-7MXTN,55.0,62.594696,Kidney - Cortex,non_neural,73.90525965384778,24.441590764847895
GTEX-1GN2E-0626-SM-9MQJR,65.0,68.17585,Artery - Tibial,non_neural,82.85949448910605,83.78822986954894
GTEX-1JMOU-0011-R3a-SM-EYYXN,65.0,66.04881,Brain - Anterior cingulate cortex (BA24),neural,76.78258215346432,8.101750368350256
GTEX-1E2YA-0326-SM-9KNW8,55.0,46.98642,Nerve - Tibial,neural,68.32869336146173,49.53243144257549
GTEX-18QFQ-0326-SM-731C3,35.0,40.067493,Muscle - Skeletal,non_neural,42.25716959660774,-27.285807318459216
GTEX-1LVAO-0826-SM-E6CIU,65.0,68.41919,Artery - Aorta,non_neural,74.40219701196432,72.999727639091
GTEX-1QP66-1226-SM-DTX7U,55.0,47.06062,Skin - Not Sun Exposed (Suprapubic),non_neural,50.54603471212347,-9.839741677578289
GTEX-ZYFD-0011-R5a-SM-H6Q7M,55.0,56.716267,Brain - Caudate (basal ganglia),neural,72.14856836280516,-5.719168579893942
GTEX-1B996-0726-SM-7IGPI,65.0,66.987305,Lung,non_neural,83.53225995778612,34.28097533031522
GTEX-T8EM-1726-SM-GPRWO,45.0,45.348335,Bladder,non_neural,68.06777996456034,28.421555762371636
GTEX-1117F-3026-SM-5GZYU,65.0,66.5948,Minor Salivary Gland,non_neural,81.15650821254431,22.18611492306715
GTEX-WH7G-0002-SM-4LVN9,45.0,53.52767,Cells - EBV-transformed lymphocytes,non_neural,51.472377655950794,-1.8710091441380858
GTEX-13QIC-0011-R10a-SM-5O9C7,65.0,68.72854,Brain - Frontal Cortex (BA9),neural,77.73326610458882,-2.8756551022217747
GTEX-15UKP-0826-SM-HAV2U,25.0,24.901814,Adrenal Gland,non_neural,42.61547587982983,-16.259324567376307
GTEX-OIZG-0726-SM-33HBL,55.0,53.39061,Skin - Sun Exposed (Lower leg),non_neural,57.339913443690335,3.1971785694692034
GTEX-XGQ4-1326-SM-4GIDU,55.0,46.708538,Small Intestine - Terminal Ileum,non_neural,50.43439041295936,-29.496162251707805
GTEX-SE5C-2026-SM-EAZ2U,45.0,45.653458,Artery - Tibial,non_neural,57.698759637407136,24.06707370803877
GTEX-14PJ3-2026-SM-5ZZVK,55.0,52.17954,Muscle - Skeletal,non_neural,62.54399502718732,-6.319173526782825
GTEX-WYJK-2426-SM-4ONDQ,55.0,55.364147,Pancreas,non_neural,68.80355173655173,0.17338339341440406
GTEX-S32W-1926-SM-4AD63,55.0,51.08899,Liver,non_neural,60.95394921348378,31.664253888717905
GTEX-Y114-0226-SM-4TT8W,55.0,57.930676,Heart - Left Ventricle,non_neural,62.34499731251,16.642135523541704
GTEX-13OVL-0011-R3b-SM-5L3I8,55.0,54.69893,Brain - Anterior cingulate cortex (BA24),neural,66.91478185365786,-20.68292001913558
GTEX-1JMQL-2326-SM-CNNPV,55.0,51.212967,Vagina,non_neural,56.11799575663163,3.1307265666736557
GTEX-WVJS-0826-SM-4MVNR,55.0,52.946655,Lung,non_neural,79.37535487041845,45.03551681701695
GTEX-WFG8-1826-SM-4LVM4,25.0,35.096226,Prostate,non_neural,49.87002422838364,-2.51276958036236
GTEX-1GZHY-0226-SM-9WG6A,55.0,52.108112,Nerve - Tibial,neural,59.63564654170193,40.466530452344834
GTEX-1B8SF-0011-R8b-SM-7P8SX,65.0,63.673405,Brain - Hypothalamus,neural,80.71551663015225,0.12203445519608448
GTEX-144GN-2326-SM-GHWQE,55.0,55.114555,Skin - Sun Exposed (Lower leg),non_neural,49.05004160354663,-1.1398817196828563
GTEX-1M4P7-0826-SM-E9TJR,65.0,62.281708,Lung,non_neural,78.5154335046955,28.665916782250893
GTEX-S95S-0226-SM-4B656,65.0,62.79397,Artery - Aorta,non_neural,75.11509474812793,57.71770980063722
GTEX-PW2O-0526-SM-2I3DX,25.0,42.386005,Lung,non_neural,39.987775011140954,-10.105639675313451
GTEX-ZYFG-1326-SM-5GICJ,65.0,59.085293,Stomach,non_neural,72.03756099827346,1.2579103156839297
GTEX-XUW1-2126-SM-F21J2,55.0,50.210415,Stomach,non_neural,64.97152485493977,-13.098284695164306
GTEX-1F75I-0926-SM-7MXUU,45.0,54.272274,Thyroid,non_neural,67.43349063887666,29.765464225638517
GTEX-14C5O-0011-R4b-SM-G9ERF,65.0,60.938942,Brain - Amygdala,neural,83.16466426218707,7.1381410235291725
GTEX-11UD2-1126-SM-5EQM6,55.0,61.24178,Artery - Coronary,non_neural,74.64606482980915,58.57900353694135
GTEX-1N5O9-0011-R9a-SM-G8LLD,65.0,64.087074,Brain - Spinal cord (cervical c-1),neural,81.38299131832272,19.01911449497951
GTEX-139T8-0826-SM-G8OLO,65.0,42.631886,Breast - Mammary Tissue,non_neural,73.45918965046172,-23.47540971156204
GTEX-18D9B-2126-SM-7LTAQ,65.0,53.610058,Esophagus - Muscularis,non_neural,72.38165076273668,7.254110655774834
GTEX-11ONC-0011-R9b-SM-5NQ8J,65.0,67.52373,Brain - Spinal cord (cervical c-1),neural,88.31564405251373,19.2316163771455
GTEX-12WSJ-0526-SM-5GCOZ,45.0,50.596157,Spleen,non_neural,64.1818828500711,-0.10642140585167836
GTEX-WHPG-1826-SM-GNTAH,55.0,49.634556,Small Intestine - Terminal Ileum,non_neural,52.21715403404488,-38.96945474626201
GTEX-1RQEC-0826-SM-G8OL7,65.0,62.86967,Heart - Atrial Appendage,non_neural,77.34415917905093,39.59269680800613
GTEX-15UF6-1826-SM-6LLI9,75.0,67.87851,Pancreas,non_neural,79.63774711840718,14.128889002508451
GTEX-WEY5-0926-SM-4LMI4,45.0,45.886593,Esophagus - Mucosa,non_neural,47.98070131943747,-16.07350245215699
GTEX-1B996-0226-SM-7RHGO,65.0,68.38969,Skin - Sun Exposed (Lower leg),non_neural,72.41238299621295,25.816883655124553
GTEX-13FLV-1626-SM-5J2N4,55.0,51.10088,Brain - Cerebellum,neural,67.06895378239868,-13.0701872962575
GTEX-Y9LG-2226-SM-4VDS9,35.0,50.843678,Nerve - Tibial,neural,56.85409918594618,33.05879365770828
GTEX-ZV7C-1526-SM-5NQ72,55.0,54.703907,Colon - Transverse,non_neural,58.62547508616474,-38.722023741137996
GTEX-XMK1-1126-SM-4IHJ8,45.0,43.36412,Breast - Mammary Tissue,non_neural,58.064963660304954,-5.553901829843179
GTEX-11GSO-0011-R9b-SM-GI4VN,65.0,62.107582,Brain - Spinal cord (cervical c-1),neural,82.42520903261482,11.866930254310725
GTEX-17HII-0011-R3a-SM-7LT9D,55.0,58.85685,Brain - Anterior cingulate cortex (BA24),neural,73.08104172817954,-9.434231688943257
GTEX-16GPK-2226-SM-GRR2M,65.0,69.86348,Adrenal Gland,non_neural,73.06288997247663,31.835808141192434
GTEX-Z9EW-1526-SM-EZ6LU,45.0,51.20706,Breast - Mammary Tissue,non_neural,62.74248957264014,12.499329615533334
GTEX-13NZA-0005-SM-HKZYV,65.0,55.815357,Whole Blood,non_neural,77.51823683039238,7.915605117850039
GTEX-15SHV-0726-SM-6PAMO,65.0,59.670403,Artery - Coronary,non_neural,70.68394342119629,36.62600895384073
GTEX-13D11-2526-SM-5KM28,55.0,52.22579,Muscle - Skeletal,non_neural,64.64264196039305,-6.948661551498189
GTEX-13X6J-1926-SM-5TDCU,55.0,49.52909,Adipose - Visceral (Omentum),non_neural,68.82506656682297,34.74830835552616
GTEX-11EQ9-0526-SM-5A5JZ,35.0,41.134666,Liver,non_neural,41.77040274430004,21.269103876134064
GTEX-1R9JW-2226-SM-E8VMS,35.0,51.87577,Nerve - Tibial,neural,55.49932704874189,36.47528537193684
GTEX-11H98-0526-SM-GINAW,55.0,55.665394,Artery - Tibial,non_neural,64.86951695284817,34.88109731329542
GTEX-1GMR3-2826-SM-9WPOG,45.0,46.047424,Colon - Transverse,non_neural,56.22950230732181,-35.71855806857286
GTEX-1C2JI-0826-SM-7EPHB,55.0,58.750107,Adipose - Visceral (Omentum),non_neural,63.166830251951154,12.888154575230761
GTEX-1EH9U-2226-SM-7PBXX,65.0,66.97364,Stomach,non_neural,82.21068479411234,27.241536832081444
GTEX-144GN-2426-SM-GINAZ,55.0,51.002502,Muscle - Skeletal,non_neural,43.451304521106124,-19.509550222299612
GTEX-111FC-2026-SM-5GZYO,65.0,52.75726,Prostate,non_neural,63.458563769132326,3.7576871999782075
GTEX-ZVE2-0008-SM-51MRU,55.0,61.508442,Cells - Cultured fibroblasts,non_neural,65.28251004179151,28.950583680034324
GTEX-XBEW-1626-SM-4SOJP,45.0,42.339073,Pancreas,non_neural,56.989437859802806,-7.627428412484183
GTEX-1CB4F-0226-SM-7EPHS,65.0,41.56913,Spleen,non_neural,57.93150023520137,-30.9872759231618
GTEX-1CB4H-0011-R3b-SM-9OSVI,65.0,61.802444,Brain - Anterior cingulate cortex (BA24),neural,79.46513154456011,13.006632788896004
GTEX-1R9JW-0826-SM-DPRZJ,35.0,48.974155,Liver,non_neural,47.09961681998698,37.304109745791834
GTEX-18465-0326-SM-7LTAD,55.0,55.886486,Muscle - Skeletal,non_neural,55.897813171959484,-1.282220620972753
GTEX-YJ8A-0006-SM-HL9SG,25.0,34.832558,Whole Blood,non_neural,37.40421769672628,-47.028085455787824
GTEX-13OVK-1926-SM-6M48G,45.0,43.275375,Muscle - Skeletal,non_neural,49.444678185289234,-9.74109810465258
GTEX-X4EP-1026-SM-4QAS5,65.0,61.215004,Liver,non_neural,70.95307857361091,61.007286722497405
GTEX-145LV-2326-SM-5LU8Z,55.0,48.389156,Muscle - Skeletal,non_neural,46.04073207145066,-12.703505915069801
GTEX-17HHY-0926-SM-793C1,55.0,57.696815,Breast - Mammary Tissue,non_neural,69.50476612571508,28.880571123643797
GTEX-145LU-0826-SM-5O98L,55.0,56.111046,Artery - Tibial,non_neural,63.327589031882425,44.82825906027522
GTEX-X4EO-0004-SM-4QARM,65.0,67.625,Cells - EBV-transformed lymphocytes,non_neural,27.945762454405767,-10.486240124868718
GTEX-1F6IF-0011-R8a-SM-9OSX5,65.0,62.529663,Brain - Hypothalamus,neural,74.79859263111327,-2.959658440576438
GTEX-12WSN-1426-SM-5GCO6,45.0,46.87612,Skin - Not Sun Exposed (Suprapubic),non_neural,59.20607594622621,5.093707872651486
GTEX-13O3Q-2626-SM-5KM3S,55.0,57.638546,Nerve - Tibial,neural,66.14504639795797,48.701253983892784
GTEX-11GSO-1826-SM-HAV2L,65.0,62.467804,Testis,non_neural,44.880217591729476,-27.662740121827568
GTEX-ZVT3-0006-SM-51MT9,65.0,62.63176,Whole Blood,non_neural,66.72832020339807,-11.724426566283896
GTEX-17EUY-1226-SM-GQ1E3,25.0,21.709105,Esophagus - Gastroesophageal Junction,non_neural,30.79487419029931,-37.184589401143796
GTEX-1LGRB-1426-SM-CNNPT,55.0,46.849403,Colon - Transverse,non_neural,53.23099936983698,-37.48761739809722
GTEX-X3Y1-1426-SM-GPRY2,45.0,46.40476,Stomach,non_neural,49.08554538012585,-32.2618272969338
GTEX-11TTK-0011-R4a-SM-DNZZU,65.0,66.64207,Brain - Amygdala,neural,85.43305676208954,12.63047893327089
GTEX-1H1DG-0011-R10b-SM-CE6S7,75.0,69.16737,Brain - Frontal Cortex (BA9),neural,84.31016037447753,4.416648999370138
GTEX-12KS4-1226-SM-HAV3K,35.0,37.97358,Artery - Tibial,non_neural,64.28240227103859,41.01593812889131
GTEX-1GN1W-1326-SM-9JGHZ,55.0,58.253857,Uterus,non_neural,69.52256314731474,5.041722895938818
GTEX-1QMI2-2626-SM-E6CR4,65.0,60.04581,Colon - Transverse,non_neural,78.1944164224584,-8.358840064863013
GTEX-1FIGZ-1926-SM-9KNUL,45.0,44.719955,Artery - Tibial,non_neural,55.482485646390586,14.191338983993045
GTEX-14LZ3-0011-R1a-SM-69LP5,65.0,67.11861,Brain - Hippocampus,neural,84.6873398416864,1.165071075777647
GTEX-ZVE2-0006-SM-51MRW,55.0,57.854378,Whole Blood,non_neural,57.515119461527036,-2.3672319987582586
GTEX-1CAMR-0926-SM-7MXTD,25.0,36.445126,Colon - Transverse,non_neural,32.628418273215956,-51.96756754058153
GTEX-131XH-0011-R1a-SM-5DUWA,55.0,49.931934,Brain - Hippocampus,neural,61.67351863370763,-38.37732661475789
GTEX-131YS-0626-SM-5EGKL,65.0,64.93887,Breast - Mammary Tissue,non_neural,88.81514958253318,32.061733429282825
GTEX-Y5V6-1026-SM-4VBS2,65.0,51.275337,Esophagus - Mucosa,non_neural,49.290440039667374,-26.94202903340733
GTEX-12WSN-5019-SM-79OM6,45.0,45.098286,Skin - Sun Exposed (Lower leg),non_neural,63.55614326848175,17.664975122267734
GTEX-11TTK-2726-SM-5GU58,65.0,63.02366,Vagina,non_neural,67.91595263507487,13.053697087467663
GTEX-1GZHY-0011-R9a-SM-9WG5R,55.0,60.802456,Brain - Spinal cord (cervical c-1),neural,69.08559130658585,-2.1939329813047883
GTEX-1HCU6-0011-R4b-SM-ARU74,65.0,62.36006,Brain - Amygdala,neural,78.2274823126906,-14.218591185425552
GTEX-ZTSS-0626-SM-59867,45.0,47.256924,Esophagus - Mucosa,non_neural,47.42781486267255,-13.940134615926592
GTEX-117XS-0011-R8b-SM-GHWOD,65.0,74.42964,Brain - Hypothalamus,neural,71.79761377664173,-12.229019447802216
GTEX-1JMLX-1626-SM-ARZMV,55.0,58.48227,Heart - Left Ventricle,non_neural,64.82889114128902,3.9023216039120134
GTEX-1CB4F-0926-SM-7DHMJ,65.0,47.3553,Lung,non_neural,68.99040920176057,14.127954337568074
GTEX-1MUQO-2426-SM-EAZ5A,65.0,63.726837,Small Intestine - Terminal Ileum,non_neural,70.4974430040607,-1.1239509974408268
GTEX-13G51-0426-SM-5K7Z5,65.0,70.36646,Lung,non_neural,77.9231968697363,43.02572765256479
GTEX-14PN4-3026-SM-664O4,55.0,55.890198,Brain - Cerebellum,neural,77.12592826547194,-4.046847958055873
GTEX-WYVS-0926-SM-4SOJV,45.0,45.627434,Pancreas,non_neural,58.23822596465472,11.005384872587213
GTEX-13X6H-2326-SM-5O9BC,55.0,54.101604,Muscle - Skeletal,non_neural,63.12630899133487,-0.522574918277174
GTEX-1I1HK-0008-SM-F2I1B,65.0,59.62564,Cells - Cultured fibroblasts,non_neural,60.13773883777884,34.411677409641605
GTEX-1BAJH-0011-R8a-SM-7MXUB,75.0,67.50727,Brain - Hypothalamus,neural,84.90285515949586,8.584598021840756
GTEX-1LSNL-2026-SM-HLJQ4,55.0,54.899803,Liver,non_neural,62.844252325068325,41.451159897940016
GTEX-1445S-0626-SM-G9EQK,65.0,55.34683,Muscle - Skeletal,non_neural,72.08927636963362,26.418662880561506
GTEX-1JN1M-0006-SM-DHXJE,65.0,55.83969,Whole Blood,non_neural,56.63164720921361,-16.138614321318734
GTEX-1CAMS-0226-SM-79397,45.0,35.918144,Adrenal Gland,non_neural,48.873159725133306,8.426007817674517
GTEX-1F7RK-0011-R3b-SM-9OSWJ,25.0,38.392536,Brain - Anterior cingulate cortex (BA24),neural,52.90792421091564,-42.90558664502433
GTEX-16Z82-1126-SM-H7OGK,65.0,65.9874,Heart - Left Ventricle,non_neural,73.84484685905022,5.125412863644962
GTEX-117YX-1326-SM-5H125,55.0,47.682686,Lung,non_neural,67.38621209457658,8.480113825840025
GTEX-1HC8U-1326-SM-9YFMJ,45.0,47.947166,Skin - Not Sun Exposed (Suprapubic),non_neural,50.285854417357314,-1.342662808773665
GTEX-ZYFD-0011-R10a-SM-GPI91,55.0,52.458427,Brain - Frontal Cortex (BA9),neural,64.85256710031145,-27.601677730678034
GTEX-Z9EW-0326-SM-5CVM8,45.0,49.75839,Esophagus - Gastroesophageal Junction,non_neural,56.517819633656245,-7.603371959852238
GTEX-1I1GS-0011-R7a-SM-CM2T6,65.0,63.08459,Brain - Putamen (basal ganglia),neural,93.88067323613757,51.844274746886924
GTEX-1LG7Y-0326-SM-EYYWL,55.0,54.344273,Artery - Tibial,non_neural,75.61790007786676,62.50345987055997
GTEX-1477Z-0011-R10b-SM-5S2RF,65.0,63.097824,Brain - Frontal Cortex (BA9),neural,76.16965566588314,7.953779102880225
GTEX-17F98-0826-SM-7DUF7,45.0,49.277504,Nerve - Tibial,neural,58.79068856686929,25.890175454996903
GTEX-1N2DW-0011-R4b-SM-EZ6MD,55.0,57.94335,Brain - Amygdala,neural,81.08143175946896,2.3469513837116778
GTEX-111CU-0326-SM-5GZXO,55.0,56.142746,Lung,non_neural,63.23732685767652,3.5126741913832236
GTEX-1399T-0011-R6b-SM-5K7YL,65.0,69.94161,Brain - Nucleus accumbens (basal ganglia),neural,89.73025904969947,-0.8556754094893899
GTEX-15CHR-1126-SM-7EWF4,55.0,48.90738,Skin - Not Sun Exposed (Suprapubic),non_neural,60.323453663172884,-1.7090388382376325
GTEX-12WSD-2926-SM-5LZUH,65.0,61.015034,Vagina,non_neural,95.48031400887749,52.804362397359725
GTEX-PX3G-0008-SM-48U2L,25.0,41.79979,Cells - Cultured fibroblasts,non_neural,33.377549837642945,7.0428340784461385
GTEX-11NUK-2426-SM-5BC4U,55.0,50.27903,Stomach,non_neural,51.43195654041051,-2.613409300128641
GTEX-1EKGG-2226-SM-7IGOA,65.0,53.199814,Kidney - Cortex,non_neural,66.27014729062496,14.366592848931635
GTEX-11H98-0011-R3a-SM-GIN8P,55.0,56.916023,Brain - Anterior cingulate cortex (BA24),neural,63.53469418312227,-13.869018808375772
GTEX-13OVH-0526-SM-5L3E6,75.0,66.14172,Skin - Not Sun Exposed (Suprapubic),non_neural,75.29734367456358,26.48868682767241
GTEX-13NYC-2826-SM-5K7WR,65.0,68.17255,Brain - Cortex,neural,72.71883818935996,0.29742453111209155
GTEX-1IKK5-0011-R5b-SM-CL55B,65.0,65.53445,Brain - Caudate (basal ganglia),neural,76.2268927121467,15.35880632426232
GTEX-WZTO-0011-R4A-SM-3NMC7,45.0,39.041496,Brain - Amygdala,neural,57.262233743001104,-42.69153168953111
GTEX-1PPH8-1026-SM-DPRXN,25.0,22.139013,Adipose - Visceral (Omentum),non_neural,35.31923869946817,-22.618199957347066
GTEX-11PRG-0726-SM-5EGL1,55.0,60.65989,Skin - Not Sun Exposed (Suprapubic),non_neural,62.63763793376583,12.261577563291329
GTEX-XV7Q-2426-SM-4BRV8,45.0,57.239944,Minor Salivary Gland,non_neural,50.521150301348996,-3.8957105244939565
GTEX-13OVI-0826-SM-5KLZ8,65.0,61.79928,Thyroid,non_neural,81.40611991765238,39.80242906408448
GTEX-1M4P7-0526-SM-EVYCP,65.0,72.24928,Nerve - Tibial,neural,82.4677252825254,76.67105757066717
GTEX-16XZZ-2626-SM-6M47S,65.0,59.947285,Colon - Transverse,non_neural,74.01552914829756,25.120836254046743
GTEX-16NGA-1025-A-SM-DLZRM,45.0,41.75332,Colon - Transverse - Mixed Cell,non_neural,53.88373483105771,-47.976770848271165
GTEX-1PPGY-0011-R10a-SM-F649Q,65.0,65.0789,Brain - Frontal Cortex (BA9),neural,76.25480932203618,-18.706867783279545
GTEX-Y3I4-2326-SM-4TT81,55.0,56.884514,Muscle - Skeletal,non_neural,61.90064031119026,-1.6825393845263075
GTEX-11NUK-0005-SM-5MR5F,55.0,55.220207,Whole Blood,non_neural,57.73994729674395,-24.865180710538336
GTEX-1EH9U-1726-SM-7P8QK,65.0,64.35701,Adrenal Gland,non_neural,73.00971197595558,31.18498765765
GTEX-13VXU-0011-R1a-SM-GINAT,55.0,62.31271,Brain - Hippocampus,neural,73.3784448490104,-23.059256561104707
GTEX-12584-2726-SM-5FQUN,45.0,40.002335,Muscle - Skeletal,non_neural,60.54050313666107,21.46310808207456
GTEX-15F5U-1526-SM-6PANO,45.0,49.681683,Skin - Sun Exposed (Lower leg),non_neural,56.5580331624937,3.294613149445768
GTEX-1KD5A-0626-SM-DIPEN,55.0,60.772816,Artery - Tibial,non_neural,77.58385087491922,53.074682471409886
GTEX-1NUQO-0426-SM-HK79G,25.0,33.150036,Spleen,non_neural,52.855999280364,-22.688248486780466
GTEX-ZTX8-0726-SM-59HL9,25.0,29.530087,Adipose - Visceral (Omentum),non_neural,30.81077633563244,-22.262908795837973
GTEX-ZVZP-2226-SM-57WBF,55.0,52.074837,Testis,non_neural,45.23572550976232,-23.56945925048599
GTEX-S7SF-0626-SM-4AD4V,25.0,29.920067,Stomach,non_neural,39.872172272277126,-53.22515332091361
GTEX-12WSF-0011-R1a-SM-5DUVI,75.0,69.21777,Brain - Hippocampus,neural,76.90369757970574,-15.22881590996348
GTEX-1EH9U-0011-R10a-SM-CJI2A,65.0,63.272938,Brain - Frontal Cortex (BA9),neural,87.59235066627403,20.807568617914
GTEX-1NUQO-1326-SM-HK79B,25.0,35.903572,Colon - Transverse,non_neural,53.557400513450645,-31.766665924002393
GTEX-1CAMS-1926-SM-7DUEU,45.0,53.130623,Pancreas,non_neural,58.73745767812174,-2.3789592893627907
GTEX-111VG-1626-SM-5EGIO,65.0,62.53396,Skin - Not Sun Exposed (Suprapubic),non_neural,64.17831020226313,25.365525356509924
GTEX-1IY9M-0011-R1a-SM-EXURZ,65.0,66.862495,Brain - Hippocampus,neural,80.79709478606516,-16.416648803510167
GTEX-1LG7Y-0011-R9a-SM-G8LMA,55.0,45.763943,Brain - Spinal cord (cervical c-1),neural,72.49527791303701,13.879645778779231
GTEX-S7PM-0006-SM-3NM8C,65.0,57.667007,Whole Blood,non_neural,60.727305402720106,-0.06811390291072439
GTEX-16MTA-0008-SM-EAZC6,55.0,46.72454,Cells - Cultured fibroblasts,non_neural,42.43914777966873,12.90532659547118
GTEX-131XH-0002-SM-HTQ7Q,55.0,58.45185,Cells - EBV-transformed lymphocytes,non_neural,42.60267337701515,-24.369295694986295
GTEX-WRHK-0626-SM-4MVOE,25.0,26.763248,Stomach,non_neural,44.30491430459773,-22.443433947545508
GTEX-1LVAN-2526-SM-CNPPC,55.0,47.83697,Colon - Transverse,non_neural,57.38142763691768,-30.614255262953986
GTEX-1HBPI-0011-R9b-SM-ARL76,55.0,57.87587,Brain - Spinal cord (cervical c-1),neural,74.787341892947,5.785946162360897
GTEX-ZT9X-0226-SM-51MT2,45.0,40.53678,Thyroid,non_neural,61.99062303750314,26.472181831176812
GTEX-YFC4-0011-R10a-SM-4SOK5,45.0,44.326824,Brain - Frontal Cortex (BA9),neural,59.75864993459673,-29.381739132613
GTEX-14BIN-2426-SM-5TDCF,55.0,57.023758,Colon - Sigmoid,non_neural,78.44902769920196,-9.913776393990595
GTEX-1CB4J-0126-SM-7PC3K,65.0,67.87369,Artery - Aorta,non_neural,84.90965306453211,80.8955953350451
GTEX-R45C-0726-SM-HAUYL,65.0,66.90693,Thyroid,non_neural,69.00266221482016,31.959049428088623
GTEX-15RIE-0426-SM-7KUMH,65.0,57.178936,Thyroid,non_neural,67.53734652746387,28.55535255611196
GTEX-WXYG-1126-SM-4ONCH,55.0,51.205997,Esophagus - Muscularis,non_neural,58.911832871828636,-1.6573327484251592
GTEX-15CHC-1326-SM-6LLJA,65.0,53.273952,Esophagus - Gastroesophageal Junction,non_neural,77.37627660743573,50.96291803990505
GTEX-Y8LW-1226-SM-4WWDP,55.0,48.758675,Colon - Transverse,non_neural,69.43255386765013,-30.982801533215415
GTEX-WYVS-1826-SM-4OND6,45.0,51.05962,Colon - Transverse,non_neural,55.5176247184819,-42.817783367670806
GTEX-Q734-0626-SM-2I3EF,45.0,36.356968,Lung,non_neural,43.91734446879359,-5.48732460924486
GTEX-1QCLZ-1226-SM-EAZ49,65.0,60.155846,Liver,non_neural,57.0466542803493,35.96900688513532
GTEX-1QMI2-0011-R11a-SM-F2I2I,65.0,59.870438,Brain - Cerebellar Hemisphere,neural,71.26740080680739,-15.759884119739931
GTEX-ZVT3-0326-SM-5GU6U,65.0,57.108067,Nerve - Tibial,neural,78.2694298960772,61.657624150414925
GTEX-13O3O-1526-SM-5KM1C,65.0,62.425674,Heart - Left Ventricle,non_neural,73.96878965632519,18.846758255505527
GTEX-1MA7X-0626-SM-E9TJI,65.0,52.268555,Lung,non_neural,60.478421941456915,13.800782253812487
GTEX-OIZI-1126-SM-3NB1F,45.0,48.12291,Artery - Aorta,non_neural,69.84589550263978,58.90700305750058
GTEX-V955-1026-SM-4JBHO,65.0,61.31199,Esophagus - Muscularis,non_neural,66.43030447492461,8.036564372875443
GTEX-15F5U-1826-SM-6LLJF,45.0,54.691612,Muscle - Skeletal,non_neural,49.401083931076315,-16.66312037164894
GTEX-16NPX-1126-SM-GPRXK,55.0,61.583313,Lung,non_neural,74.71947683858757,44.045247336046295
GTEX-13OVG-0326-SM-5KM57,65.0,51.267353,Lung,non_neural,69.40224933708966,12.050817344083782
GTEX-1MJK2-2926-SM-G8LLK,55.0,58.268505,Brain - Cortex,neural,67.15284232703496,-16.55646754583388
GTEX-12WSD-1726-SM-5GCN4,65.0,62.74988,Spleen,non_neural,70.29283839744375,7.724461072531701
GTEX-1IDJD-0426-SM-CM2TO,35.0,34.56554,Artery - Coronary,non_neural,54.28562495940356,22.723438562658764
GTEX-W5X1-0126-SM-HLJRF,45.0,49.50379,Liver,non_neural,66.14561119476929,51.15187129088111
GTEX-1QP28-2026-SM-F2I3M,55.0,51.752716,Minor Salivary Gland,non_neural,73.28690971665202,6.053333405348662
GTEX-1GZ4I-0526-SM-9YFLX,55.0,64.50888,Muscle - Skeletal,non_neural,69.12206408437967,22.58288669692083
GTEX-X3Y1-1226-SM-4PQZ8,45.0,53.405956,Esophagus - Muscularis,non_neural,51.51708598110004,-15.015841936459369
GTEX-1LVAO-1026-SM-F33ZR,65.0,63.598724,Thyroid,non_neural,75.9584900161403,46.08253033826824
GTEX-1I1HK-0005-SM-ARZL8,65.0,69.28938,Whole Blood,non_neural,56.136849314473906,-17.625326700118336
GTEX-ZT9W-2026-SM-51MRA,55.0,53.79042,Breast - Mammary Tissue,non_neural,60.66914528600597,0.11901547166285179
GTEX-15CHR-0626-SM-7938V,55.0,53.709476,Adrenal Gland,non_neural,66.15944567369601,10.750095792032239
GTEX-13FTW-1826-SM-5IJEN,45.0,48.24928,Colon - Transverse,non_neural,49.40508577423353,-42.492692242675844
GTEX-144GM-1325-A-SM-H6618,25.0,35.492805,Liver - Mixed Cell,non_neural,34.75454226095353,18.548750084031116
GTEX-YJ8O-2426-SM-5HL7S,45.0,38.518253,Adipose - Subcutaneous,non_neural,50.721086215673495,4.602747535481207
GTEX-XMD3-1126-SM-HL9TY,55.0,55.657898,Heart - Left Ventricle,non_neural,62.639701189982546,2.119872736752793
GTEX-15SKB-2526-SM-6PALP,65.0,54.27559,Muscle - Skeletal,non_neural,64.54175012339273,7.273707509460469
GTEX-11ZTT-2326-SM-5EQLG,65.0,58.941887,Breast - Mammary Tissue,non_neural,75.85153277599996,20.839926019831122
GTEX-1AYD5-1726-SM-7RHFW,55.0,61.79519,Colon - Transverse,non_neural,76.81613456549896,-1.7280863099757147
GTEX-147JS-0426-SM-5TDD2,65.0,61.755642,Adipose - Subcutaneous,non_neural,67.60985044920442,20.6888848895755
GTEX-12ZZZ-0226-SM-59HKU,65.0,59.830105,Muscle - Skeletal,non_neural,70.28763794199178,21.689475795951292
GTEX-14E6E-1126-SM-5S2R4,35.0,44.76741,Prostate,non_neural,48.778017424364265,-6.437055341381811
GTEX-18A7A-2726-SM-7LG6U,55.0,60.28962,Stomach,non_neural,71.49054546503372,0.5014238783083858
GTEX-1H11D-0008-SM-F21KM,45.0,43.8795,Cells - Cultured fibroblasts,non_neural,55.36233577392338,25.3430571921105
GTEX-12WSK-2026-SM-5CVNB,45.0,36.89089,Uterus,non_neural,57.26899421551386,3.816716193123701
GTEX-11GSP-1126-SM-5A5LM,65.0,64.47492,Artery - Aorta,non_neural,80.59907853934064,76.23351237961344
GTEX-VJYA-0726-SM-4KL1T,65.0,57.03343,Esophagus - Mucosa,non_neural,51.08156680693389,-18.43896302571616
GTEX-ZUA1-0326-SM-5NQA3,45.0,50.994625,Muscle - Skeletal,non_neural,55.90086796116289,-2.5718930990712323
GTEX-11DXX-0526-SM-5PNVR,65.0,61.912178,Heart - Atrial Appendage,non_neural,64.4373020672519,14.809427855210426
GTEX-1M4P7-2626-SM-E9U5F,65.0,76.328125,Breast - Mammary Tissue,non_neural,80.83894358297772,54.08210848179119
GTEX-1M5QR-2026-SM-DKPQL,45.0,56.198566,Artery - Tibial,non_neural,71.13821680377131,58.991170760336004
GTEX-1RLM8-0011-R10a-SM-F3414,55.0,44.818962,Brain - Frontal Cortex (BA9),neural,70.74298689334644,13.498431863661036
GTEX-U4B1-0008-SM-4DXUW,45.0,36.415432,Cells - Cultured fibroblasts,non_neural,57.52165456873125,8.508471453168273
GTEX-12ZZY-0826-SM-5EQMT,65.0,62.728256,Thyroid,non_neural,69.92458558948071,47.801274666296756
GTEX-1PBJJ-0626-SM-DPRYO,35.0,47.727825,Liver,non_neural,55.544623774136255,44.74434495605623
GTEX-14BMV-1626-SM-5P9I2,55.0,43.470356,Adipose - Visceral (Omentum),non_neural,60.29372296702198,32.04618073860376
GTEX-1399R-1226-SM-5P9GF,35.0,49.305058,Liver,non_neural,48.950536098387914,30.707168456606638
GTEX-1K2DU-1226-SM-CYPT4,25.0,30.805859,Skin - Not Sun Exposed (Suprapubic),non_neural,39.17024979311027,-4.326767028401892
GTEX-1B97I-0126-SM-731DH,45.0,41.9143,Spleen,non_neural,52.24340964601859,-13.971749892986251
GTEX-11DXX-0126-SM-5EGH7,65.0,65.04826,Adrenal Gland,non_neural,72.2615417786728,32.83808895252692
GTEX-ZZPT-1326-SM-5E43H,55.0,54.573135,Lung,non_neural,74.72261428475443,41.00452832144206
GTEX-1C6VR-2426-SM-79OLD,65.0,57.202457,Skin - Sun Exposed (Lower leg),non_neural,68.49156607109609,24.078633149572443
GTEX-1QP66-0626-SM-E76PD,55.0,52.16715,Adipose - Visceral (Omentum),non_neural,59.46410073281734,11.787094786275029
GTEX-13113-1426-SM-5EGHU,65.0,53.601997,Colon - Sigmoid,non_neural,69.02901566177654,-31.416682938891164
GTEX-15SHU-0011-R4b-SM-7IGLC,45.0,46.199997,Brain - Amygdala,neural,61.766824277636076,-24.41340292557959
GTEX-12ZZX-0126-SM-5EGK9,45.0,42.362625,Skin - Sun Exposed (Lower leg),non_neural,52.515210357120694,-1.7198457427042342
GTEX-146FR-1926-SM-5NQA6,65.0,57.680866,Spleen,non_neural,67.37468003935246,-3.1074089750087572
GTEX-WH7G-1726-SM-4LVKY,45.0,56.596134,Prostate,non_neural,72.93429284567395,7.133942963824424
GTEX-15SDE-2026-SM-GPIA7,55.0,43.8313,Artery - Aorta,non_neural,69.46856996935092,49.19478977550461
GTEX-16XZY-0526-SM-7DHKY,75.0,55.49877,Heart - Atrial Appendage,non_neural,74.91472070247566,21.671502369795054
GTEX-WZTO-0826-SM-3NM8Q,45.0,57.26117,Muscle - Skeletal,non_neural,57.95725668516211,6.3294727797830985
GTEX-YECK-1326-SM-4W1ZF,65.0,70.482285,Artery - Aorta,non_neural,83.61669935412495,80.40705926571997
GTEX-14PII-0726-SM-6EU2B,65.0,61.91036,Skin - Not Sun Exposed (Suprapubic),non_neural,60.28892942982017,15.725010162750657
GTEX-13FTY-0226-SM-5IJBW,45.0,43.52955,Muscle - Skeletal,non_neural,58.7452746114203,11.160419614431143
GTEX-12WSE-0426-SM-GI4X4,25.0,43.778675,Muscle - Skeletal,non_neural,53.780006694567646,-6.202200209664907
GTEX-ZE9C-1426-SM-4WKGM,65.0,55.961388,Kidney - Cortex,non_neural,66.54371632049131,6.2687328813464624
GTEX-OXRK-0826-SM-2HMK7,55.0,52.946243,Heart - Left Ventricle,non_neural,53.890708794042965,5.60285612360081
GTEX-OIZI-1026-SM-3NB1K,45.0,49.573013,Lung,non_neural,62.15704647270988,15.217821369478084
GTEX-14PHY-2726-SM-62LE2,65.0,63.901047,Artery - Tibial,non_neural,82.37592888112431,33.08152371430483
GTEX-14PJO-1626-SM-69LPQ,65.0,64.460266,Adipose - Visceral (Omentum),non_neural,71.35380337608223,23.242683754146125
GTEX-1I1GP-2326-SM-CGQFL,55.0,60.5214,Adipose - Subcutaneous,non_neural,70.45148324290844,27.305296622719784
GTEX-13FHP-2826-SM-5IJFW,55.0,53.11232,Testis,non_neural,29.66911578905139,-49.89348515578767
GTEX-WK11-2426-SM-3NMAA,55.0,51.25363,Adipose - Visceral (Omentum),non_neural,60.749459363328285,23.75060781436252
GTEX-12584-0326-SM-59HK2,45.0,58.325592,Nerve - Tibial,neural,64.38599877639702,43.805777253588225
GTEX-1RAZR-2226-SM-E6CRG,45.0,47.361168,Testis,non_neural,47.34329627013517,-31.924973291434792
GTEX-1J1OQ-0011-R5a-SM-D3L8K,45.0,46.62392,Brain - Caudate (basal ganglia),neural,63.06604043298816,10.8134986390729
GTEX-14E1K-0726-SM-62LDU,55.0,59.166412,Artery - Aorta,non_neural,68.5486428028621,59.6413442806406
GTEX-SNOS-1626-SM-3NMA4,45.0,48.593655,Nerve - Tibial,neural,56.41836999772606,29.11612796734279
GTEX-XBEW-0926-SM-4QASR,45.0,45.676792,Nerve - Tibial,neural,61.654101526091594,40.819303169151304
GTEX-1HCUA-0826-SM-ADEHM,55.0,57.614086,Skin - Not Sun Exposed (Suprapubic),non_neural,60.88755519577006,8.533222782647247
GTEX-X4XY-0011-R8A-SM-46MVC,65.0,52.90988,Brain - Hypothalamus,neural,80.71177150535073,19.740620446192917
GTEX-WVJS-2426-SM-EZ6LI,55.0,55.654144,Colon - Transverse,non_neural,72.36193219404832,-0.14301552403428114
GTEX-16BQI-1326-SM-6M486,35.0,36.049644,Skin - Not Sun Exposed (Suprapubic),non_neural,54.38314872924164,11.52621668203654
GTEX-1QCLZ-2426-SM-EVYBW,65.0,58.340225,Skin - Not Sun Exposed (Suprapubic),non_neural,65.21143724977571,8.204051828270202
GTEX-ZDXO-1026-SM-GMXB2,65.0,69.20278,Artery - Coronary,non_neural,75.01056699401296,47.9934047535292
GTEX-1HGF4-2626-SM-CM2SJ,65.0,60.635067,Muscle - Skeletal,non_neural,68.02087639316092,13.134972375009559
GTEX-ZLV1-0826-SM-DO11P,65.0,58.11057,Stomach,non_neural,67.1910145078011,2.704413435559595
GTEX-1GF9U-2126-SM-7SB7L,45.0,48.865746,Skin - Sun Exposed (Lower leg),non_neural,60.320663424182655,22.585405640929736
GTEX-OOBK-0326-SM-GRR3H,45.0,39.841164,Heart - Left Ventricle,non_neural,58.64917692238028,0.24883103656949893
GTEX-15ETS-2426-SM-6PANJ,45.0,48.528652,Artery - Tibial,non_neural,64.11936838357144,21.94538019740867
GTEX-11WQC-2726-SM-5CVLG,65.0,62.67711,Artery - Tibial,non_neural,73.29604489786344,52.5990317041844
GTEX-P44H-0726-SM-48TBT,45.0,54.925964,Heart - Left Ventricle,non_neural,63.05196314894964,18.8430462614529
GTEX-ZPIC-1726-SM-G8OM6,45.0,59.101532,Skin - Sun Exposed (Lower leg),non_neural,69.0990724742159,33.964386718875204
GTEX-QDVN-1726-SM-HL9TO,55.0,56.429394,Kidney - Cortex,non_neural,64.30612213572897,10.595575784318076
GTEX-1I1HK-2326-SM-CKZOH,65.0,61.57383,Skin - Not Sun Exposed (Suprapubic),non_neural,64.91958120486841,16.53484560183086
GTEX-1JMQJ-0226-SM-GNIOF,55.0,58.579216,Nerve - Tibial,neural,68.7365248648921,55.27579207086203
GTEX-13SLW-0626-SM-5Q5ER,75.0,55.25491,Skin - Not Sun Exposed (Suprapubic),non_neural,68.63227384221287,29.473052317774275
GTEX-Y5LM-0326-SM-4VBRN,45.0,49.054283,Spleen,non_neural,49.98915847202052,-18.791675685040193
GTEX-ZTTD-1926-SM-GOQZ2,55.0,47.855225,Adipose - Visceral (Omentum),non_neural,53.8330996982273,29.779640202740925
GTEX-1GZ4I-3026-SM-9KNTX,55.0,51.558643,Brain - Cortex,neural,67.94332417600968,-15.639497161782302
GTEX-U8T8-1426-SM-3DB9H,65.0,52.945442,Muscle - Skeletal,non_neural,57.294528490659516,7.481088095992683
GTEX-Y8LW-0526-SM-4VDS7,55.0,57.071518,Esophagus - Gastroesophageal Junction,non_neural,74.71190650494785,23.98508712536739
GTEX-1C6VQ-0426-SM-79OOX,55.0,53.943848,Breast - Mammary Tissue,non_neural,61.958784354772305,10.371567873262473
GTEX-113JC-0726-SM-5GZZR,55.0,50.09962,Adipose - Visceral (Omentum),non_neural,66.35525896903005,44.973827034301024
GTEX-13VXU-0726-SM-5J2O7,55.0,59.994873,Testis,non_neural,43.69645247356634,-34.35612305173199
GTEX-T6MN-0011-R7A-SM-32QP5,55.0,56.064503,Brain - Putamen (basal ganglia),neural,69.9071636048569,-3.674523700929984
GTEX-1LSNM-0001-SM-HK7AA,55.0,52.127483,Cells - EBV-transformed lymphocytes,non_neural,18.24048848307784,-39.169442698349265
GTEX-11ZTT-0008-SM-5S2TZ,65.0,46.853188,Cells - Cultured fibroblasts,non_neural,59.956245630578934,23.67412762685256
GTEX-145MH-0011-R11a-SM-5P9HQ,55.0,53.696514,Brain - Cerebellar Hemisphere,neural,66.4719368493482,-28.172928193452606
GTEX-1N2DV-2026-SM-EV7BL,45.0,47.41383,Esophagus - Mucosa,non_neural,38.53837538208268,-31.520809437828778
GTEX-X8HC-0126-SM-4E3JW,55.0,54.157974,Skin - Sun Exposed (Lower leg),non_neural,58.090746195533555,2.9191550899727186
GTEX-1B933-0006-SM-7P8OP,55.0,54.134468,Whole Blood,non_neural,60.000638636235095,-14.698113855564786
GTEX-WYBS-0926-SM-3NM94,65.0,78.28024,Breast - Mammary Tissue,non_neural,91.98136446946904,53.791556801383514
GTEX-OOBK-1926-SM-HAUZL,45.0,44.549572,Bladder,non_neural,60.36046047839281,23.43890312077381
GTEX-17HHE-1926-SM-7EPGW,55.0,45.501133,Adipose - Subcutaneous,non_neural,60.42201821384781,17.975267635578124
GTEX-1MCQQ-0011-R7a-SM-F649U,65.0,59.849476,Brain - Putamen (basal ganglia),neural,70.42371624117024,-4.872664714121613
GTEX-11EMC-1926-SM-5A5JU,65.0,59.256706,Vagina,non_neural,63.190359894263096,5.162458072570704
GTEX-1POEN-0226-SM-EYYXE,35.0,33.73045,Adipose - Subcutaneous,non_neural,49.244965812082654,-2.0838745649453356
GTEX-1F6I4-0626-SM-9MQLL,65.0,62.405994,Artery - Coronary,non_neural,72.21146267640682,84.52793478998527
GTEX-13OVL-1826-SM-5KLZR,55.0,54.09634,Kidney - Cortex,non_neural,63.56217992861018,-6.298975376624796
GTEX-OHPL-2326-SM-HL9TT,65.0,66.678665,Fallopian Tube,non_neural,62.70006454728144,-0.6947039412084501
GTEX-1PBJI-0005-SM-CJI1Y,25.0,17.899826,Whole Blood,non_neural,22.237683706334224,-89.42118167662275
GTEX-131XH-2626-SM-5GCNP,55.0,49.94417,Minor Salivary Gland,non_neural,57.213658940086106,3.0164337982926326
GTEX-145LU-0011-R1a-SM-5Q5CE,55.0,57.396667,Brain - Hippocampus,neural,66.2272959872215,-14.861556198701084
GTEX-ZPU1-1226-SM-5HL71,45.0,45.29356,Adipose - Visceral (Omentum),non_neural,60.895988539624014,4.267639536318382
GTEX-18A66-2225-B-SM-AW8OK,65.0,58.03001,Stomach - Mucosa,non_neural,52.85086904835954,-24.12760818941141
GTEX-1JMQL-0011-R3b-SM-F2TBC,55.0,49.984444,Brain - Anterior cingulate cortex (BA24),neural,73.09174354537751,-2.390331860071147
GTEX-1R9K5-2226-SM-DTX9G,55.0,44.72245,Colon - Sigmoid,non_neural,61.168308593371805,-44.46344678524245
GTEX-1JJ6O-0011-R11b-SM-EXUS2,65.0,69.409706,Brain - Cerebellar Hemisphere,neural,78.6029267579735,1.076138637314618
GTEX-11OC5-0006-SM-5N9FA,65.0,58.04549,Whole Blood,non_neural,61.01823180089765,-8.834615414553648
GTEX-WK11-0326-SM-4M9QI,55.0,52.022236,Testis,non_neural,33.059466302679155,-45.17412448646132
GTEX-YB5E-2226-SM-5IFJ5,45.0,45.3935,Muscle - Skeletal,non_neural,48.37074321336884,-1.9939436471253336
GTEX-QEL4-0726-SM-3GIJ5,55.0,61.940773,Thyroid,non_neural,72.27206409466395,43.00004462067643
GTEX-1JMOU-0008-SM-HM8TG,65.0,58.90718,Cells - Cultured fibroblasts,non_neural,51.24132024405006,32.10366281141237
GTEX-1OKEX-1826-SM-DTX8J,65.0,58.018646,Prostate,non_neural,73.88920818443307,9.381760188220024
GTEX-ZZPU-1426-SM-5GZZ6,55.0,50.329487,Stomach,non_neural,66.44880111250139,-4.391244870181473
GTEX-1MA7X-2226-SM-E6CIY,65.0,56.2054,Skin - Sun Exposed (Lower leg),non_neural,64.91422323208074,16.85482127587333
GTEX-R53T-1626-SM-3GAEW,55.0,47.474518,Adipose - Subcutaneous,non_neural,53.75324978878163,12.650016157319854
GTEX-12BJ1-1726-SM-5HL9B,65.0,53.782497,Stomach,non_neural,65.90940362384548,-8.473485269415995
GTEX-1IDJC-0226-SM-CMKG2,55.0,38.62519,Adipose - Visceral (Omentum),non_neural,67.24766375061714,4.631688589448762
GTEX-1N2DW-0011-R8a-SM-EY5YD,55.0,59.034607,Brain - Hypothalamus,neural,87.2450047429669,3.3170119778610356
GTEX-11VI4-1026-SM-5EQM1,45.0,49.844246,Ovary,non_neural,58.280619275355534,-2.040305909823889
GTEX-WYJK-1726-SM-3NM9U,55.0,48.00199,Muscle - Skeletal,non_neural,53.47607705936413,-13.722766511381574
GTEX-Y8E4-0726-SM-4WWFN,45.0,37.84177,Adipose - Subcutaneous,non_neural,56.93480538546808,16.20728977513119
GTEX-1HCU9-0126-SM-9WG7M,25.0,40.392525,Spleen,non_neural,47.29086670007227,-15.875783269422136
GTEX-X15G-1726-SM-4PQZN,55.0,67.55451,Ovary,non_neural,82.40971053632983,35.522603642731994
GTEX-1S5ZU-0726-SM-EWROH,25.0,34.726875,Thyroid,non_neural,44.49199863026756,11.528681175852006
GTEX-15RIF-1125-A-SM-AW8QI,25.0,39.44129,Stomach - Mixed Cell,non_neural,55.20839391105149,-23.84240079164546
GTEX-RN64-1026-SM-48FDX,55.0,48.183556,Esophagus - Mucosa,non_neural,44.55089423570581,-22.895538922906805
GTEX-1LGOU-2126-SM-DIPFG,25.0,42.555367,Muscle - Skeletal,non_neural,32.33791648135451,-24.705023773713823
GTEX-1HCUA-0326-SM-CGQEH,55.0,51.95752,Artery - Aorta,non_neural,69.66364714592605,46.02112627020062
GTEX-13OVI-2026-SM-5J1MU,65.0,58.49781,Colon - Transverse,non_neural,85.447776295855,20.47990033119626
GTEX-1ICLZ-0926-SM-CKZPQ,65.0,53.636784,Lung,non_neural,72.5306100628208,29.453993324186918
GTEX-1269C-2826-SM-5EQ5O,65.0,61.895084,Artery - Tibial,non_neural,73.70789200849842,58.88894844040981
GTEX-1JMQK-2726-SM-CNNPI,65.0,66.11786,Testis,non_neural,52.825273806078584,4.704139095180476
GTEX-1NV8Z-2826-SM-E8VME,65.0,65.86174,Breast - Mammary Tissue,non_neural,72.70726277332443,30.271638022984835
GTEX-1EWIQ-0011-R9a-SM-ARL8L,75.0,64.231316,Brain - Spinal cord (cervical c-1),neural,83.26022098424303,9.739385294082716
GTEX-13FHP-0226-SM-5K7WD,55.0,47.642986,Adipose - Subcutaneous,non_neural,59.25823501743018,34.537009029758835
GTEX-1QP29-1226-SM-E6CQ1,55.0,48.008026,Lung,non_neural,65.10848272853913,10.67921922064684
GTEX-1399S-2226-SM-5IFEW,35.0,32.582733,Uterus,non_neural,54.74575815293436,-8.936012698673174
GTEX-1QMI2-2326-SM-E76PE,65.0,58.51889,Esophagus - Muscularis,non_neural,68.87874649024788,21.31780159248739
GTEX-R53T-0008-SM-48FEW,55.0,47.26637,Cells - Cultured fibroblasts,non_neural,63.0395800239978,33.41915128540245
GTEX-1CB4J-0011-R1a-SM-9WG64,65.0,63.761707,Brain - Hippocampus,neural,75.42844933306523,11.74506301516909
GTEX-1MGNQ-2226-SM-EV7A2,45.0,48.522457,Prostate,non_neural,57.900694676586525,-4.020484504275697
GTEX-1F5PK-2526-SM-9MQKN,55.0,54.43268,Adipose - Subcutaneous,non_neural,70.38730657667948,29.18699577630412
GTEX-V1D1-1626-SM-HLJSH,55.0,45.719257,Colon - Sigmoid,non_neural,47.59596429050855,-36.991135880192566
GTEX-16NPV-3226-SM-7MGW6,55.0,44.36347,Pituitary,non_neural,72.60972980290374,58.1676035694559
GTEX-1E2YA-1926-SM-7P8QH,55.0,44.3852,Esophagus - Gastroesophageal Junction,non_neural,64.49130500290562,36.31198059425218
GTEX-1313W-0826-SM-5EQ4T,55.0,53.563812,Breast - Mammary Tissue,non_neural,64.71140777429267,20.42971238647694
GTEX-11NSD-1226-SM-5986Q,25.0,40.602802,Esophagus - Muscularis,non_neural,52.75992710786309,-12.809011926904052
GTEX-1GN2E-0526-SM-9MQKC,65.0,68.25501,Nerve - Tibial,neural,82.68731364088512,62.41722637022164
GTEX-SNMC-0626-SM-4DM6H,25.0,38.857727,Stomach,non_neural,37.880511816480364,-33.14879896122248
GTEX-QVJO-1926-SM-G8W5S,65.0,64.60324,Heart - Left Ventricle,non_neural,81.97737419200475,22.37590069246339
GTEX-QMR6-0011-R11A-SM-32PKK,55.0,55.793404,Brain - Cerebellar Hemisphere,neural,71.78295478241162,-5.8101087436528305
GTEX-12WSD-0005-SM-5N9FZ,65.0,69.63917,Whole Blood,non_neural,73.14113428462026,8.0373603599909
GTEX-QVJO-1325-SM-2S1QX,65.0,59.398117,Brain - Cerebellum,neural,81.48408173193859,-2.824728059933599
GTEX-11P7K-1826-SM-5HL5A,35.0,42.06965,Colon - Sigmoid,non_neural,55.77740371785906,-40.420659983021665
GTEX-XQ8I-2526-SM-EAZB3,55.0,64.56766,Prostate,non_neural,72.24177875589214,9.705310397784885
GTEX-18A7A-2526-SM-7LG6I,55.0,60.071453,Esophagus - Gastroesophageal Junction,non_neural,60.33842420608319,3.7803340844660274
GTEX-13N11-0226-SM-5KM3C,55.0,51.527386,Pancreas,non_neural,60.34104381430792,-15.021012368726993
GTEX-16NFA-0008-SM-EAZC4,55.0,68.61857,Cells - Cultured fibroblasts,non_neural,56.321820255406735,27.30286893064203
GTEX-XV7Q-1226-SM-4BRVT,45.0,52.13193,Esophagus - Gastroesophageal Junction,non_neural,61.470028913483034,0.20119357009143232
GTEX-1F52S-0011-R8a-SM-9OSXA,65.0,60.776352,Brain - Hypothalamus,neural,84.99613359922165,10.182712201570085
GTEX-1E2YA-2926-SM-7MGWX,55.0,60.396942,Brain - Cerebellum,neural,76.66360957878807,11.002500102173803
GTEX-13NZ9-2626-SM-5L3FK,55.0,52.13032,Skin - Not Sun Exposed (Suprapubic),non_neural,62.75859829442534,9.096337570377019
GTEX-117YW-2426-SM-5Q5AE,55.0,55.6185,Muscle - Skeletal,non_neural,63.453679124801496,8.546128126087321
GTEX-QCQG-1626-SM-48U26,55.0,54.8043,Colon - Transverse,non_neural,63.812683166018616,-23.907091078260354
GTEX-1GZ2Q-0004-SM-EY5XV,45.0,43.497284,Cells - EBV-transformed lymphocytes,non_neural,37.05299853670017,-24.106097060602952
GTEX-XQ3S-2626-SM-F21J3,25.0,39.017303,Colon - Transverse,non_neural,58.1222687088122,-33.77885990155012
GTEX-OXRP-0006-SM-2I3FN,65.0,68.611145,Whole Blood,non_neural,68.24199221140906,-1.9928668455605503
GTEX-13CF3-0426-SM-5IJEU,65.0,70.37977,Lung,non_neural,62.68566612782949,7.6934293794206265
GTEX-1J1OQ-0011-R10a-SM-GQ1DR,45.0,50.46307,Brain - Frontal Cortex (BA9),neural,74.31625193216405,25.018803245128158
GTEX-1F48J-0011-R6a-SM-CJI2F,55.0,52.955845,Brain - Nucleus accumbens (basal ganglia),neural,76.97341890995546,23.85055107274577
GTEX-S3XE-1226-SM-4AD4L,55.0,43.383175,Bladder,non_neural,65.43711614590721,9.23708636568409
GTEX-1ICLZ-0011-R1b-SM-A9SM3,65.0,58.5299,Brain - Hippocampus,neural,73.69440071339181,-2.9412873779318467
GTEX-11H98-0011-R5b-SM-57WCF,55.0,55.087357,Brain - Caudate (basal ganglia),neural,74.11043329102773,16.609574701818495
GTEX-Z93S-1626-SM-5CVMB,55.0,59.278442,Skin - Not Sun Exposed (Suprapubic),non_neural,55.382806895052155,-9.188489300681045
GTEX-P4QT-0726-SM-3NMCM,55.0,66.18048,Esophagus - Muscularis,non_neural,65.11707244458043,10.473084603543786
GTEX-1GN1U-0626-SM-9MQL9,55.0,54.981552,Skin - Not Sun Exposed (Suprapubic),non_neural,50.774264428846564,12.937358826124285
GTEX-ZVT2-2426-SM-57WCQ,55.0,50.009674,Muscle - Skeletal,non_neural,57.5447760961337,-4.384079024357456
GTEX-147F4-0011-R10b-SM-5S2WC,55.0,52.961502,Brain - Frontal Cortex (BA9),neural,64.16663374138349,-12.858110815060966
GTEX-13QBU-0126-SM-5LU3V,45.0,49.839096,Artery - Coronary,non_neural,62.09617324028703,34.95030368211707
GTEX-WY7C-2726-SM-3NB3P,55.0,53.67942,Breast - Mammary Tissue,non_neural,65.88999051199121,4.273215178694363
GTEX-13QJ3-2726-SM-5SI6L,55.0,59.076244,Stomach,non_neural,73.66557817652692,41.65813829944961
GTEX-1S5ZA-0626-SM-HM8TK,25.0,28.117775,Thyroid,non_neural,46.26713554908109,5.827268736741635
GTEX-1JJ6O-1226-SM-HLJQA,65.0,59.869816,Adrenal Gland,non_neural,74.82705297435757,30.505322224950785
GTEX-SN8G-0326-SM-32PLG,55.0,65.077805,Muscle - Skeletal,non_neural,74.1917878187976,16.82541686260328
GTEX-14753-0126-SM-5S2TX,65.0,51.37807,Nerve - Tibial,neural,68.71828220095043,55.05720814317984
GTEX-1NHNU-0126-SM-G8LLJ,55.0,46.267086,Artery - Aorta,non_neural,70.12805225370258,41.49446491503112
GTEX-ZVZQ-0011-R1a-SM-57WBU,65.0,53.22428,Brain - Hippocampus,neural,80.02302255776883,-15.667480990373761
GTEX-14BIM-0326-SM-5MR6C,65.0,64.531845,Muscle - Skeletal,non_neural,64.45121323825977,10.09053908654992
GTEX-12WSH-0011-R1a-SM-5GU5V,55.0,55.814507,Brain - Hippocampus,neural,71.53921786272883,-16.36219193629524
GTEX-O5YW-0826-SM-HK7A3,55.0,50.5886,Liver,non_neural,62.01474044247303,33.55037231531143
GTEX-11EM3-1326-SM-5N9C6,25.0,26.744705,Breast - Mammary Tissue,non_neural,43.51152900272969,-27.133467279572443
GTEX-ZDXO-0011-R7a-SM-4WWCU,65.0,67.686295,Brain - Putamen (basal ganglia),neural,87.5945381030748,17.49044755747963
GTEX-R45C-2126-SM-EZ6KZ,65.0,72.13506,Colon - Transverse,non_neural,73.33496510988357,13.16339948543656
GTEX-1399T-3126-SM-5IJFS,65.0,59.430546,Brain - Cerebellum,neural,79.4297093102351,-16.081311614836476
GTEX-1EN7A-0926-SM-7P8RZ,45.0,40.698833,Artery - Coronary,non_neural,73.22210766780726,71.04375999058968
GTEX-OIZH-2026-SM-3NB1M,55.0,58.281193,Prostate,non_neural,80.62789526605553,9.638924121425731
GTEX-14PHW-0011-R6b-SM-5YYAR,65.0,55.780216,Brain - Nucleus accumbens (basal ganglia),neural,77.09597344568661,32.90714640417404
GTEX-11GSP-2926-SM-5N9C2,65.0,69.38695,Artery - Tibial,non_neural,84.69640774465844,63.442805731821636
GTEX-13VXU-3126-SM-5MR75,55.0,45.97352,Pituitary,non_neural,88.79663185140089,48.53104827401649
GTEX-1LB8K-0826-SM-D4P41,55.0,54.612732,Lung,non_neural,65.71359165246183,34.30706641012428
GTEX-13JVG-0526-SM-5IJBN,65.0,60.79614,Nerve - Tibial,neural,77.0306090347364,58.96791413453136
GTEX-1H23P-1726-SM-A9SMN,65.0,65.47732,Adipose - Visceral (Omentum),non_neural,70.4024376471441,34.26389068636074
GTEX-WFG8-1926-SM-4LVM1,25.0,30.767849,Testis,non_neural,36.20808143087439,-32.077893317768925
GTEX-1JK1U-1126-SM-CY8HK,65.0,56.560658,Lung,non_neural,76.57441750365837,28.114637657198813
GTEX-TSE9-3126-SM-4DXSY,65.0,53.114563,Pituitary,non_neural,80.42115556019408,51.719062346960726
GTEX-Y114-1525-C-SM-DLZRS,55.0,54.709595,Colon - Transverse - Muscularis,non_neural,74.34223772753576,-37.078984138897006
GTEX-1NUQO-2426-SM-F2I24,25.0,32.473484,Stomach,non_neural,49.55741165199575,-28.952844440154802
GTEX-YEC4-1326-SM-5IFHG,45.0,46.117657,Pancreas,non_neural,58.601979892996695,-11.840825698875047
GTEX-WRHK-1726-SM-3MJFK,25.0,22.107824,Artery - Tibial,non_neural,37.970219488478975,-9.600791614909106
GTEX-1I6K6-1226-SM-GA8YF,35.0,39.033524,Esophagus - Mucosa,non_neural,35.009867165472556,-24.791247967278558
GTEX-R45C-0526-SM-GQ1CK,65.0,56.45175,Muscle - Skeletal,non_neural,49.92409656705772,6.452636850391915
GTEX-1HSGN-0526-SM-ADEHQ,45.0,47.47345,Artery - Tibial,non_neural,61.29269095482154,25.120966631716218
GTEX-1NHNU-0326-SM-HKZZJ,55.0,50.668873,Adipose - Visceral (Omentum),non_neural,60.91350371373433,18.054642659181237
GTEX-1L5NE-0226-SM-HAUYM,55.0,56.30728,Thyroid,non_neural,63.1213620365813,9.2919424837325
GTEX-14C38-0826-SM-5S2U8,55.0,52.570602,Thyroid,non_neural,60.47544282907825,23.241957128076727
GTEX-1PWST-0011-R10a-SM-F2I37,75.0,73.276634,Brain - Frontal Cortex (BA9),neural,93.09286351351282,31.559351442406694
GTEX-11EQ9-2526-SM-5HL66,35.0,43.766296,Adipose - Subcutaneous,non_neural,49.42188115743768,6.325884594239717
GTEX-1LC47-0011-R10b-SM-EYYWE,65.0,63.447098,Brain - Frontal Cortex (BA9),neural,85.79492531054251,33.53403881735788
GTEX-15UKP-0008-SM-EAZ3A,25.0,45.221054,Cells - Cultured fibroblasts,non_neural,49.11704807091543,6.950764585621913
GTEX-1OFPY-0926-SM-DTX8Q,65.0,60.301907,Heart - Atrial Appendage,non_neural,72.49745562363547,23.104159207870758
GTEX-17HII-0011-R10a-SM-79OMY,55.0,57.3172,Brain - Frontal Cortex (BA9),neural,71.4884010211672,-10.200272548465158
GTEX-11ZTS-3226-SM-5EGID,65.0,64.02368,Brain - Cerebellum,neural,74.70654549921318,-0.4981887954919229
GTEX-1R9K4-3126-SM-DTX9Y,65.0,65.39734,Brain - Cortex,neural,75.73647828151944,-1.640343723482836
GTEX-1GN1U-1626-SM-9MQKP,55.0,57.784534,Artery - Aorta,non_neural,69.73990354735813,65.82518397783565
GTEX-1MCQQ-0011-R5b-SM-GJ3RW,65.0,62.22912,Brain - Caudate (basal ganglia),neural,70.25112677045536,-5.196069518399836
GTEX-UTHO-0011-R5A-SM-G8W6H,65.0,65.506714,Brain - Caudate (basal ganglia),neural,81.75868895453323,1.94376558858723
GTEX-13OVL-0011-R6a-SM-5L3G4,55.0,56.43921,Brain - Nucleus accumbens (basal ganglia),neural,66.88023353403747,-6.1004224626534596
GTEX-1S82P-0926-SM-EWRNP,65.0,53.761044,Adipose - Visceral (Omentum),non_neural,61.79963108274676,15.650648654021106
GTEX-1MCQQ-2426-SM-DLHBZ,65.0,48.909546,Pituitary,non_neural,84.54212699511493,63.82474043530792
GTEX-ZVE1-0326-SM-HL9TZ,55.0,65.413666,Nerve - Tibial,neural,69.28034766557333,57.23605593221031
GTEX-1J8QM-0526-SM-AHZ3Y,65.0,64.49366,Lung,non_neural,76.37488179953321,28.60148660685455
GTEX-11P7K-2026-SM-5GU74,35.0,32.037117,Adipose - Subcutaneous,non_neural,50.02079157356039,6.713032387346839
GTEX-1QP29-0001-SM-GOQZW,55.0,55.446186,Cells - EBV-transformed lymphocytes,non_neural,67.9396493510687,11.360632960380896
GTEX-1F7RK-0826-SM-7SB8V,25.0,28.1255,Lung,non_neural,38.66365776016026,-13.071810958757887
GTEX-WXYG-2026-SM-4E3IY,55.0,45.429733,Skin - Not Sun Exposed (Suprapubic),non_neural,51.75402981539622,-8.618957444288473
GTEX-SE5C-1626-SM-7SB89,45.0,44.040916,Skin - Sun Exposed (Lower leg),non_neural,48.39047481555528,0.03138820704820022
GTEX-1MCC2-1026-SM-EVR5I,35.0,47.875923,Ovary,non_neural,56.25197849919448,10.594232365691568
GTEX-11NV4-1926-SM-5N9D4,65.0,52.544144,Minor Salivary Gland,non_neural,63.97546470330742,-3.6626108818092393
GTEX-WZTO-0626-SM-4PQYY,45.0,40.77847,Liver,non_neural,45.53334126897437,41.02160375105961
GTEX-RWS6-0226-SM-2XCA9,65.0,46.265015,Lung,non_neural,76.36345264922767,33.27504603702569
GTEX-14H4A-0226-SM-5SI6Q,45.0,41.166862,Adrenal Gland,non_neural,51.473126040133565,0.6413636201940789
GTEX-XUW1-1926-SM-4BOP1,55.0,47.68907,Colon - Transverse,non_neural,56.66451494139979,-50.5512432855758
GTEX-1QPFJ-1626-SM-DTX7X,35.0,44.905045,Vagina,non_neural,61.656677503298994,31.921135316427055
GTEX-1J8JJ-0326-SM-CMKG6,65.0,58.060284,Adipose - Subcutaneous,non_neural,78.42383769186934,37.24586069758405
GTEX-1IDJF-1226-SM-C1YPX,25.0,30.02643,Esophagus - Mucosa,non_neural,32.35087824925694,-19.552396825102356
GTEX-12BJ1-0726-SM-5EGGF,65.0,54.71152,Spleen,non_neural,74.78823605856383,6.133524341520504
GTEX-QLQ7-0426-SM-DHXIN,65.0,58.596073,Artery - Aorta,non_neural,77.13255630274006,47.97308586770048
GTEX-1H1DG-1226-SM-9JGH3,75.0,56.4729,Esophagus - Mucosa,non_neural,66.75378943066848,-0.9752884592930089
GTEX-1B97I-2026-SM-7DHN2,45.0,41.33651,Muscle - Skeletal,non_neural,44.71971722764006,-19.217742973618368
GTEX-111YS-1626-SM-5GZZ9,65.0,63.196518,Colon - Transverse,non_neural,72.52405730009,-21.199350588045725
GTEX-S4Q7-0726-SM-4AD5F,25.0,33.08122,Stomach,non_neural,41.58726673174908,-20.754883876510206
GTEX-13OVL-0626-SM-5KM13,55.0,63.190155,Lung,non_neural,65.73369753145177,49.717206146806774
GTEX-12C56-0426-SM-5FQU1,25.0,26.480818,Esophagus - Gastroesophageal Junction,non_neural,50.51665225837502,-15.730576264718856
GTEX-13VXT-0426-SM-5LU57,25.0,48.8833,Nerve - Tibial,neural,43.924603434654074,19.035883695676993
GTEX-T2YK-0326-SM-4DM7D,55.0,41.218155,Nerve - Tibial,neural,55.99485658880347,9.040678850967119
GTEX-1CAMS-0826-SM-7P8P1,45.0,36.87456,Thyroid,non_neural,59.88047068461583,16.08081269281318
GTEX-15SDE-1025-C-SM-DLZRR,55.0,54.805412,Colon - Transverse - Muscularis,non_neural,72.73596596303403,-31.36365907661654
GTEX-1I1GT-0226-SM-GA8ZH,65.0,70.998535,Spleen,non_neural,73.60730014912288,11.078693435194051
GTEX-QCQG-1026-SM-GOQYG,55.0,48.79862,Cervix - Ectocervix,non_neural,73.00714216289438,25.048145397521736
GTEX-147GR-1026-SM-GI4X2,65.0,57.94666,Heart - Atrial Appendage,non_neural,60.02110781090512,17.25994915651331
GTEX-1AX9I-1026-SM-73KYF,65.0,61.897667,Heart - Atrial Appendage,non_neural,77.30515166599966,38.69347587863446
GTEX-NPJ8-0011-R1a-SM-33HCB,45.0,46.91872,Brain - Hippocampus,neural,59.88030543676338,-0.5730154536434131
GTEX-1KANB-0326-SM-D4P3H,55.0,48.48569,Nerve - Tibial,neural,67.11716834789183,47.07915435352131
GTEX-1I4MK-1626-SM-CM2TJ,55.0,54.099026,Breast - Mammary Tissue,non_neural,73.33855626865476,20.490174901776403
GTEX-1GN73-2326-SM-9MQKV,65.0,66.43793,Heart - Atrial Appendage,non_neural,69.6535832001419,20.807430535855804
GTEX-14BMU-1425-D-SM-DLZRD,25.0,29.585878,Small Intestine - Terminal Ileum - Lymphoid Aggregate,non_neural,41.51825254488922,-39.54700223374141
GTEX-18D9B-1526-SM-7KFRK,65.0,60.721794,Liver,non_neural,58.65691827448059,38.99206930593945
GTEX-13QIC-0011-R8b-SM-5O9CV,65.0,64.56001,Brain - Hypothalamus,neural,79.60938128909388,-4.099459050016408
GTEX-1I1HK-0011-R1b-SM-CM2T7,65.0,61.89423,Brain - Hippocampus,neural,85.12114875095006,-4.898666756767248
GTEX-14PQA-1226-SM-6M47A,55.0,55.60074,Thyroid,non_neural,69.00317175029438,38.464227682736755
GTEX-13PVQ-0011-R8a-SM-GJ3PT,55.0,51.099377,Brain - Hypothalamus,neural,69.04391976110395,-19.9497532078664
GTEX-11ZTT-1126-SM-GIN9D,65.0,55.7077,Esophagus - Gastroesophageal Junction,non_neural,74.13637298629487,9.876108042104864
GTEX-1QAET-2526-SM-E9J3R,55.0,60.04489,Artery - Tibial,non_neural,75.8590880161893,54.59506364653309
GTEX-P4PQ-0926-SM-E9U4D,65.0,58.990887,Spleen,non_neural,66.69036608489115,-6.105955056750986
GTEX-ZGAY-0126-SM-GPI9J,45.0,46.105404,Artery - Aorta,non_neural,64.90044270951608,47.415731744888355
GTEX-13S86-0126-SM-5S2PI,45.0,46.112766,Spleen,non_neural,44.709870702671495,-18.49132338980357
GTEX-O5YV-1026-SM-3LK72,65.0,65.51259,Esophagus - Mucosa,non_neural,55.99724903275282,-10.577698764765602
GTEX-U4B1-1426-SM-4DXTX,45.0,47.42863,Prostate,non_neural,60.621513624968316,-0.7819890600307093
GTEX-1GN73-0226-SM-9WG67,65.0,64.45578,Skin - Sun Exposed (Lower leg),non_neural,61.897851260782986,14.587497371866853
GTEX-ZF29-1426-SM-DO11G,65.0,61.90242,Esophagus - Gastroesophageal Junction,non_neural,73.28719155948468,14.210028059026929
GTEX-VJYA-0826-SM-4KL1M,65.0,55.215492,Pancreas,non_neural,67.98832513378166,2.283190651039315
GTEX-1S82Z-1026-SM-GMXC4,35.0,41.01129,Adipose - Subcutaneous,non_neural,57.70123293365421,15.292349782489435
GTEX-1JMQI-1726-SM-ARL93,55.0,53.68198,Skin - Not Sun Exposed (Suprapubic),non_neural,64.8740912934308,27.35937538339207
GTEX-T5JW-0226-SM-4DM7I,25.0,30.41811,Pancreas,non_neural,43.17399763101692,-19.823630490718703
GTEX-ZPCL-0626-SM-DNZZ6,65.0,62.40741,Spleen,non_neural,70.68255143638737,7.554513676246132
GTEX-Q734-2026-SM-3GADA,45.0,50.021564,Muscle - Skeletal,non_neural,53.501907600853,-6.62532319606885
GTEX-13G51-0626-SM-HK7AV,65.0,62.9381,Liver,non_neural,61.575461455413645,37.03773934920938
GTEX-18D9A-0226-SM-7KFSJ,35.0,34.137367,Lung,non_neural,51.74006422314659,8.204376203532336
GTEX-13NZA-0011-R8b-SM-5KM2Q,65.0,64.38572,Brain - Hypothalamus,neural,71.63416162852957,1.4274666969880128
GTEX-1QP67-0326-SM-EVR45,45.0,42.41083,Thyroid,non_neural,64.04196421785498,30.777976452332133
GTEX-1JMQK-1226-SM-D4P2S,65.0,70.0244,Skin - Not Sun Exposed (Suprapubic),non_neural,74.48307296386646,21.00998156075891
GTEX-1AX9I-2626-SM-73KU5,65.0,60.60457,Colon - Transverse,non_neural,82.19078621612667,8.090552598059686
GTEX-13FLV-0011-R10b-SM-5LZZ2,55.0,58.690567,Brain - Frontal Cortex (BA9),neural,61.483528125903405,-9.68119052331436
GTEX-ZXG5-2826-SM-5NQ8T,65.0,60.417564,Minor Salivary Gland,non_neural,71.83474006530443,-6.174047429700191
GTEX-1497J-1926-SM-5TDCC,65.0,59.15732,Small Intestine - Terminal Ileum,non_neural,76.81286076354243,14.866644867451386
GTEX-12ZZZ-0011-R7b-SM-5EGLE,65.0,67.65296,Brain - Putamen (basal ganglia),neural,82.22330866611217,4.139326254652958
GTEX-13OW7-0226-SM-5MR3N,55.0,57.643578,Adipose - Subcutaneous,non_neural,64.00816846173497,29.815727045200504
GTEX-OHPL-2226-SM-G9ER8,65.0,59.11338,Cervix - Endocervix,non_neural,76.19743646413691,9.815843018587737
GTEX-T2IS-1526-SM-32QPR,25.0,42.258896,Breast - Mammary Tissue,non_neural,44.93057324157,-20.52330671267155
GTEX-WY7C-0326-SM-4OND5,55.0,55.9108,Adrenal Gland,non_neural,64.15493240701873,18.641851872089102
GTEX-Y3IK-0526-SM-4WWE3,55.0,55.738686,Thyroid,non_neural,70.1472136533795,36.646537102622034
GTEX-1GN2E-0011-R1b-SM-CE6RJ,65.0,64.764915,Brain - Hippocampus,neural,85.49420503351334,-4.705288202358798
GTEX-1JJEA-0226-SM-COH2X,65.0,68.53002,Adipose - Subcutaneous,non_neural,82.36680119593927,43.336054388930776
GTEX-TKQ1-1126-SM-4GIAZ,35.0,35.72137,Adipose - Subcutaneous,non_neural,44.94532977230318,-10.027993678702709
GTEX-13NYS-1026-SM-5KLZT,65.0,73.5322,Prostate,non_neural,89.18415610092413,44.02941533636133
GTEX-1F6RS-3126-SM-9MQK7,65.0,63.729584,Brain - Cortex,neural,72.81138226536353,-0.8824604913327521
GTEX-1IL2U-0626-SM-CE6TA,65.0,64.206764,Artery - Tibial,non_neural,82.60312309175407,71.36900507957743
GTEX-S3LF-0426-SM-GOQY6,75.0,65.25666,Nerve - Tibial,neural,66.14905170849701,42.2716752040583
GTEX-1R9PM-0226-SM-DPRY7,25.0,31.513344,Thyroid,non_neural,49.59262766057779,1.1997827084111006
GTEX-17HG3-2626-SM-7DUF2,35.0,34.3179,Skin - Not Sun Exposed (Suprapubic),non_neural,42.58698650775803,7.647247834308058
GTEX-11ZU8-0011-R9b-SM-GHWOL,65.0,69.35684,Brain - Spinal cord (cervical c-1),neural,79.26201699984796,11.381019918512452
GTEX-ZAJG-0011-R9a-SM-GNTAY,55.0,52.350723,Brain - Spinal cord (cervical c-1),neural,78.45090786848736,3.48696366961915
GTEX-13O3P-2526-SM-HLJQZ,55.0,56.38126,Testis,non_neural,40.77633489065002,-19.08010393206841
GTEX-ZQUD-0008-SM-4YCCU,35.0,47.821636,Cells - Cultured fibroblasts,non_neural,42.385436841129746,4.350681862800606
GTEX-131XG-1326-SM-5DUX4,55.0,50.809975,Adrenal Gland,non_neural,57.75780670018416,-0.8039340190360298
GTEX-S4Q7-0126-SM-4AD5P,25.0,36.93409,Spleen,non_neural,36.65114318082696,-27.589085059755455
GTEX-1MGNQ-0226-SM-EVYCK,45.0,44.113445,Adipose - Subcutaneous,non_neural,53.26360386944839,10.902581769389492
GTEX-15RJE-0011-R5b-SM-H6Q7T,45.0,56.733875,Brain - Caudate (basal ganglia),neural,76.26417899610804,23.248990014058407
GTEX-1GF9U-1126-SM-AHZ4H,45.0,41.745674,Stomach,non_neural,59.08691763260035,-12.671436162257283
GTEX-1H11D-1526-SM-9MQJY,45.0,42.75291,Breast - Mammary Tissue,non_neural,58.345032602793665,14.456477586447233
GTEX-11PRG-0011-R7a-SM-DNZZT,55.0,53.92558,Brain - Putamen (basal ganglia),neural,72.84157278340709,-8.557006092782695
GTEX-14C5O-0426-SM-5ZZUW,65.0,63.269592,Nerve - Tibial,neural,81.14440621459788,61.75821706726143
GTEX-1CB4E-0826-SM-793CS,65.0,54.763565,Adipose - Visceral (Omentum),non_neural,65.99079191026613,21.19017685180533
GTEX-1HBPN-1326-SM-GA91F,55.0,46.320602,Esophagus - Mucosa,non_neural,40.904859445949185,-15.292986006660724
GTEX-1B932-2326-SM-79OL5,45.0,46.400192,Skin - Not Sun Exposed (Suprapubic),non_neural,53.185139298678706,5.375232564035895
GTEX-1B97J-1426-SM-79OLR,55.0,56.802364,Esophagus - Gastroesophageal Junction,non_neural,60.3836945562912,4.4712400471906
GTEX-1HCU7-0001-SM-EZ6LZ,55.0,30.471107,Cells - EBV-transformed lymphocytes,non_neural,44.5675876275333,-0.2820155631125803
GTEX-14PJO-0005-SM-9JGGY,65.0,61.789417,Whole Blood,non_neural,65.89953044784089,-3.0115067333586016
GTEX-1A8G6-1626-SM-7MGWO,65.0,67.325966,Heart - Left Ventricle,non_neural,76.81203749147991,13.270772961086273
GTEX-1RAZQ-1126-SM-EAZ4S,35.0,44.348248,Testis,non_neural,33.35338068359576,-35.72381560014308
GTEX-15RIE-1926-SM-7KUKJ,65.0,55.443172,Skin - Not Sun Exposed (Suprapubic),non_neural,57.30322248346273,-1.5276793645659998
GTEX-11NUK-0011-R7a-SM-DO93P,55.0,56.641415,Brain - Putamen (basal ganglia),neural,74.57756670116396,-4.02008109456154
GTEX-1O9I2-1126-SM-DTXEA,55.0,56.245136,Heart - Left Ventricle,non_neural,64.61679168483984,16.428920858131338
GTEX-11ZTS-0011-R9b-SM-DO93Q,65.0,62.164547,Brain - Spinal cord (cervical c-1),neural,81.69386364261952,7.446532548471932
GTEX-1RAZA-2226-SM-E9U4X,25.0,30.094479,Skin - Not Sun Exposed (Suprapubic),non_neural,46.24964133565054,-18.776452137386613
GTEX-14BMV-1526-SM-5PNUU,55.0,53.768166,Esophagus - Gastroesophageal Junction,non_neural,59.95562423181045,7.3636084108118585
GTEX-1MA7X-0011-R8a-SM-G9EQD,65.0,65.34459,Brain - Hypothalamus,neural,85.60049703399096,-2.5015646111816423
GTEX-1QCLY-1426-SM-E76P8,35.0,40.404366,Esophagus - Muscularis,non_neural,49.35818146734461,-17.54457836251864
GTEX-WYVS-0726-SM-4ONDO,45.0,48.318928,Esophagus - Mucosa,non_neural,51.77420109588644,-19.157769084564308
GTEX-S95S-1126-SM-4B64E,65.0,52.76841,Testis,non_neural,36.324533031428444,-30.89906214780627
GTEX-13NZB-1226-SM-5J2MW,35.0,43.655983,Esophagus - Mucosa,non_neural,42.0466218380286,-18.42299715958246
GTEX-16XZY-1126-SM-GPIA3,75.0,62.58354,Esophagus - Muscularis,non_neural,76.72919351727683,16.156521303877863
GTEX-18A67-2426-SM-7LT95,55.0,55.678574,Esophagus - Mucosa,non_neural,52.691629341184125,-7.439708191822816
GTEX-1HSMQ-1926-SM-A9G3O,55.0,61.712814,Esophagus - Gastroesophageal Junction,non_neural,68.59345062383406,6.264569336495609
GTEX-14E6E-1026-SM-664N9,35.0,40.057552,Testis,non_neural,32.01704559338144,-37.898339440779445
GTEX-1CB4G-0011-R11a-SM-9OSWG,65.0,63.157013,Brain - Cerebellar Hemisphere,neural,68.55952895622366,-22.446204591308287
GTEX-11I78-1426-SM-5PNVY,55.0,47.668835,Esophagus - Muscularis,non_neural,59.071879371099314,-8.032038934363356
GTEX-13NYB-0426-SM-5IJDD,45.0,60.13878,Artery - Aorta,non_neural,70.92367562580887,77.195085459819
GTEX-XQ3S-1326-SM-4BOPQ,25.0,39.136673,Breast - Mammary Tissue,non_neural,48.47690892412679,-11.754252078626518
GTEX-XUZC-1326-SM-4BRV2,35.0,44.78761,Colon - Transverse,non_neural,43.88319900756157,-38.32396440203732
GTEX-1ICG6-2726-SM-CKZPN,75.0,50.43371,Muscle - Skeletal,non_neural,69.63895537607297,4.036273465302376
GTEX-16A39-1726-SM-H6Q6U,35.0,43.18349,Skin - Not Sun Exposed (Suprapubic),non_neural,37.335198238778815,-15.861698301273105
GTEX-1ICLY-0626-SM-GA915,55.0,52.793434,Minor Salivary Gland,non_neural,76.58892133325702,16.79026308956222
GTEX-1LGOU-1026-SM-DHXL4,25.0,25.366066,Ovary,non_neural,24.831435205744697,-35.92538314701918
GTEX-N7MS-0225-SM-4E3HO,65.0,58.06891,Skin - Sun Exposed (Lower leg),non_neural,63.94675290360786,8.171744052696326
GTEX-WZTO-0426-SM-3NM99,45.0,51.366768,Lung,non_neural,60.832422313514826,29.23151125521028
GTEX-131XG-0626-SM-5GCMP,55.0,50.987095,Heart - Left Ventricle,non_neural,54.58871509737931,3.2839792160549544
GTEX-13X6H-0926-SM-5MR83,55.0,54.55375,Skin - Not Sun Exposed (Suprapubic),non_neural,67.53517672137127,13.641514827591973
GTEX-1JMOU-1326-SM-CNPOO,65.0,67.798225,Artery - Tibial,non_neural,88.76039959144327,62.91241315354625
GTEX-RWSA-2126-SM-H7OG7,45.0,52.001244,Bladder,non_neural,75.08623200294576,37.16748092757529
GTEX-1EN7A-0011-R3a-SM-9OSVT,45.0,49.40904,Brain - Anterior cingulate cortex (BA24),neural,69.45989299960098,1.8441895607854515
GTEX-11ZTT-0626-SM-5EQLM,65.0,59.885895,Lung,non_neural,78.66593338990285,35.74987207250759
GTEX-1IL2U-0011-R2a-SM-ARU6V,65.0,65.137115,Brain - Substantia nigra,neural,78.99912782157928,9.619431774943083
GTEX-1N5O9-2226-SM-E8VMN,65.0,62.922924,Esophagus - Gastroesophageal Junction,non_neural,71.53490954807341,23.765127933169254
GTEX-13FHP-0001-SM-I9BPT,55.0,56.15252,Cells - EBV-transformed lymphocytes,non_neural,49.39109787946602,-15.230590903110615
GTEX-ZG7Y-0003-SM-4WWEJ,55.0,60.026154,Cells - EBV-transformed lymphocytes,non_neural,28.64034959144726,-20.48141711317481
GTEX-12BJ1-2226-SM-5BC6G,65.0,50.835632,Minor Salivary Gland,non_neural,55.83238137109407,3.936997534650103
GTEX-1399S-0326-SM-5IFFS,35.0,46.98825,Pancreas,non_neural,53.19961653886925,-1.827098997105634
GTEX-16YQH-0011-R1a-SM-7LT8R,35.0,33.48928,Brain - Hippocampus,neural,39.60804317296041,-54.33592075308082
GTEX-X15G-0726-SM-4PQZ5,55.0,59.689686,Pancreas,non_neural,73.38009988826745,7.692291172209439
GTEX-QEL4-1526-SM-447AB,55.0,54.532074,Esophagus - Muscularis,non_neural,68.48126229440058,18.488221703009586
GTEX-1GN1V-2926-SM-9JGI3,65.0,70.31209,Minor Salivary Gland,non_neural,83.93388993515705,31.794695179067283
GTEX-YJ8A-0226-SM-H7OFO,25.0,21.357746,Thyroid,non_neural,35.948308923443406,-15.551686674076448
GTEX-Y5V6-0008-SM-4V6FV,65.0,60.34056,Cells - Cultured fibroblasts,non_neural,60.796310033385055,37.009149290433406
GTEX-12WSG-0726-SM-5EGIG,55.0,52.839478,Adrenal Gland,non_neural,71.80682683321064,26.729997397931744
GTEX-145MI-0426-SM-5O99V,65.0,66.95317,Adipose - Subcutaneous,non_neural,77.1391416689153,43.88588683273875
GTEX-14A5I-0326-SM-5NQ9J,55.0,57.108593,Muscle - Skeletal,non_neural,58.154110806855044,13.185114966369307
GTEX-131XW-3226-SM-5LZUO,55.0,61.040283,Pituitary,non_neural,89.20709475186834,61.52341708159492
GTEX-17EVP-0008-SM-EAZBZ,45.0,55.752155,Cells - Cultured fibroblasts,non_neural,44.975472856677186,24.315079606836008
GTEX-ZAB4-0008-SM-4RGM6,45.0,56.090897,Cells - Cultured fibroblasts,non_neural,52.865805209706565,12.891653354139423
GTEX-11ZUS-3026-SM-5EGI4,35.0,32.546513,Pituitary,non_neural,62.158151436342905,37.54039138394495
GTEX-1LSNM-0426-SM-E9TIZ,55.0,56.668068,Heart - Atrial Appendage,non_neural,67.85632481158238,22.237268722978072
GTEX-12WSM-1926-SM-5BC65,65.0,57.82099,Skin - Not Sun Exposed (Suprapubic),non_neural,60.06715560064838,6.6140059397749145
GTEX-WFG8-0626-SM-3GILJ,25.0,30.210829,Heart - Left Ventricle,non_neural,38.19749141424816,-13.886622113984263
GTEX-1CAV2-0011-R5b-SM-9QEH4,45.0,49.1522,Brain - Caudate (basal ganglia),neural,81.55850491067167,24.12741009060379
GTEX-1I1CD-0126-SM-CM2TK,65.0,70.913925,Skin - Sun Exposed (Lower leg),non_neural,75.74323390426302,44.50761450910562
GTEX-ZDYS-1326-SM-5IJFF,55.0,54.712894,Testis,non_neural,45.77810286534594,-29.163884207932472
GTEX-U8T8-0326-SM-3DB93,65.0,57.478897,Artery - Tibial,non_neural,77.99845729785021,51.14787686094458
GTEX-15DCE-1526-SM-7KUFD,25.0,33.702785,Esophagus - Gastroesophageal Junction,non_neural,37.954099391475296,-30.213932570539143
GTEX-1IDJU-2326-SM-ARL89,65.0,59.566727,Artery - Tibial,non_neural,82.29684629954073,54.84283658208327
GTEX-17HGU-2026-SM-79OKS,55.0,57.83086,Pancreas,non_neural,67.27528471693134,4.419163202963414
GTEX-1R46S-3126-SM-DPRZ9,65.0,60.280468,Brain - Cerebellum,neural,79.77528700860358,12.667416122106815
GTEX-1IDJI-0008-SM-F3K3M,55.0,52.45543,Cells - Cultured fibroblasts,non_neural,49.68240046960686,22.703482206123873
GTEX-1B8SF-0726-SM-73KYZ,65.0,62.413292,Artery - Tibial,non_neural,77.67739287016806,53.46128574083502
GTEX-14ICL-1926-SM-5RQIZ,35.0,38.51837,Muscle - Skeletal,non_neural,43.32496007649303,-11.876876630843446
GTEX-1QMI2-1226-SM-EY5ZI,65.0,59.91647,Heart - Left Ventricle,non_neural,70.02365757101762,14.287939143142234
GTEX-15RJ7-0826-SM-6LLI8,45.0,45.784737,Pancreas,non_neural,59.54285202740053,-4.2059501347305615
GTEX-1EH9U-1826-SM-7P8QL,65.0,55.644623,Prostate,non_neural,87.16804082937529,42.147975320718174
GTEX-13OW7-0011-R4b-SM-5O9CX,55.0,54.098934,Brain - Amygdala,neural,70.57963994283817,-3.572551398109347
GTEX-1H23P-0011-R5a-SM-CKZOI,65.0,65.322525,Brain - Caudate (basal ganglia),neural,95.02495795464102,28.033927192927727
GTEX-1CAMQ-1226-SM-7SB7E,45.0,53.397118,Adipose - Visceral (Omentum),non_neural,72.34758812467274,67.36547707056806
GTEX-ZPIC-0002-SM-4WWEC,45.0,52.41382,Cells - EBV-transformed lymphocytes,non_neural,38.12656579645186,-20.986300081860694
GTEX-XLM4-3126-SM-4AT6M,65.0,47.671333,Pituitary,non_neural,86.24101514445623,58.46885682829155
GTEX-16GPK-0011-R3b-SM-H6Q7W,65.0,67.12603,Brain - Anterior cingulate cortex (BA24),neural,89.18073302922238,-5.4349928975368655
GTEX-QEL4-1426-SM-447AC,55.0,60.29618,Esophagus - Mucosa,non_neural,54.53358840046262,7.414878993859415
GTEX-1NHNU-2526-SM-HK79M,55.0,49.299194,Small Intestine - Terminal Ileum,non_neural,55.782475615195466,-13.891509419029534
GTEX-YFC4-2726-SM-5IFJW,45.0,39.71725,Ovary,non_neural,65.16534730078065,4.372560023375975
GTEX-1EMGI-0011-R6a-SM-9OSVR,65.0,62.514107,Brain - Nucleus accumbens (basal ganglia),neural,78.75336546003084,4.551704202224208
GTEX-YEC4-1226-SM-5CVLX,45.0,41.845284,Esophagus - Gastroesophageal Junction,non_neural,58.46409653753999,0.6638677171174009
GTEX-YB5E-2126-SM-5IFI7,45.0,38.412575,Adipose - Subcutaneous,non_neural,53.55714265570789,9.711697416552955
GTEX-TKQ1-0526-SM-4DXTG,35.0,42.06765,Stomach,non_neural,49.60046432450129,-40.46274228705104
GTEX-1LGOU-2226-SM-E9U56,25.0,41.060707,Adipose - Subcutaneous,non_neural,39.79764698439301,-1.9173145178934194
GTEX-1MUQO-0426-SM-E9J2Z,65.0,51.98732,Artery - Tibial,non_neural,61.51577547872249,33.11212258957307
GTEX-147GR-2726-SM-664OO,65.0,44.402443,Colon - Transverse,non_neural,53.96754165391408,-19.541824345403686
GTEX-1I1GT-1726-SM-C1YS3,65.0,55.194897,Stomach,non_neural,74.11953897043993,-1.915068366581171
GTEX-131XF-2326-SM-5BC6B,65.0,52.98876,Muscle - Skeletal,non_neural,57.557685917687124,-4.181889912536219
GTEX-12696-0008-SM-5TDBX,65.0,58.085655,Cells - Cultured fibroblasts,non_neural,55.246007501273596,12.885251317714687
GTEX-15CHQ-0011-R9a-SM-6LLHX,65.0,69.04553,Brain - Spinal cord (cervical c-1),neural,73.48318514307765,19.54061102187398
GTEX-18D9U-2126-SM-7LG4Y,45.0,38.67987,Esophagus - Mucosa,non_neural,39.02886785314263,-16.86070383112981
GTEX-18D9B-0008-SM-EAZBT,65.0,53.74093,Cells - Cultured fibroblasts,non_neural,45.962164533216225,28.947256878230206
GTEX-1HSKV-0126-SM-E6CI1,65.0,55.369095,Muscle - Skeletal,non_neural,57.74840217625207,-5.015391192386119
GTEX-WHSE-1526-SM-4M1XH,25.0,41.909805,Esophagus - Mucosa,non_neural,29.14376607642643,-35.27673461862187
GTEX-1B932-0126-SM-7PC2M,45.0,50.011127,Skin - Sun Exposed (Lower leg),non_neural,66.2449745170629,14.882833801042281
GTEX-11NV4-2226-SM-5BC4T,65.0,59.271873,Brain - Cerebellum,neural,69.55817094047764,-22.898931675348933
GTEX-VUSG-0426-SM-3GIKD,55.0,70.937,Thyroid,non_neural,72.48916713431603,35.22442005048282
GTEX-14ICK-0926-SM-HAV22,45.0,42.973125,Pancreas,non_neural,62.33404159768817,-2.646555234404202
GTEX-N7MS-0007-SM-2D7W1,65.0,62.24493,Whole Blood,non_neural,59.5739931792305,-18.271821995006174
GTEX-1AX9J-1626-SM-73KUI,65.0,56.756496,Lung,non_neural,82.99088573119485,33.93625757326453
GTEX-15CHQ-0011-R2b-SM-6AJAD,65.0,65.54707,Brain - Substantia nigra,neural,78.8039655625403,4.497411711944411
GTEX-16A39-0008-SM-EAZC9,35.0,41.900528,Cells - Cultured fibroblasts,non_neural,46.6213247566005,17.67171160838931
GTEX-1I1GV-0326-SM-ARL7L,65.0,58.951828,Artery - Tibial,non_neural,78.92050372585408,71.81984385132635
GTEX-1RLM8-0726-SM-E6CRH,55.0,52.46473,Esophagus - Mucosa,non_neural,65.26465677954462,2.203140664875027
GTEX-SUCS-1926-SM-32PM3,75.0,65.09047,Skin - Sun Exposed (Lower leg),non_neural,72.0975905127736,17.192669057203993
GTEX-13OW6-0011-R5a-SM-5O9BK,55.0,60.24689,Brain - Caudate (basal ganglia),neural,75.69044168891878,9.60578426204665
GTEX-1LH75-0326-SM-GMXBR,55.0,43.73265,Artery - Aorta,non_neural,70.75711618396602,76.5107881927523
GTEX-1R46S-0011-R3a-SM-F2TBG,65.0,64.36812,Brain - Anterior cingulate cortex (BA24),neural,100.62144110001319,25.927330286276487
GTEX-11EQ9-1225-A-SM-AW8P4,35.0,42.969967,Stomach - Mixed Cell,non_neural,49.82124819689564,-18.94721452675697
GTEX-SUCS-0008-SM-4DM53,75.0,51.63025,Cells - Cultured fibroblasts,non_neural,58.77475135563745,30.63182511976521
GTEX-13N1W-0426-SM-5MR46,75.0,60.764946,Nerve - Tibial,neural,83.4515358496207,60.96160506914166
GTEX-15SZO-0526-SM-GNTCT,55.0,53.25718,Muscle - Skeletal,non_neural,53.06468531318774,-16.788636459534192
GTEX-1AX9K-1626-SM-73KUS,55.0,56.876106,Colon - Sigmoid,non_neural,62.46253476910067,-36.66925431326016
GTEX-11GSP-1826-SM-5N9DQ,65.0,64.066734,Esophagus - Mucosa,non_neural,58.05832315890201,-0.42321185507102416
GTEX-1B8KZ-1026-SM-73KYN,55.0,58.518845,Adipose - Visceral (Omentum),non_neural,63.865731003236135,25.91769486670509
GTEX-13CF2-0011-R1a-SM-5LZY1,65.0,64.49143,Brain - Hippocampus,neural,83.70208555496052,-5.422724346343641
GTEX-145MH-0011-R6a-SM-5PNZ7,55.0,57.51102,Brain - Nucleus accumbens (basal ganglia),neural,64.51376481041405,-12.434298616927762
GTEX-1445S-0011-R2b-SM-5PNUH,65.0,68.028564,Brain - Substantia nigra,neural,83.83382940976958,24.557556977316978
GTEX-13VXU-0011-R3b-SM-5O9CU,55.0,56.51975,Brain - Anterior cingulate cortex (BA24),neural,71.89448264314497,-30.818907434941273
GTEX-14PJ4-0826-SM-6LLH5,65.0,63.555824,Artery - Aorta,non_neural,76.20532779666563,60.63758338169715
GTEX-Y9LG-1126-SM-4VBQ7,35.0,40.1537,Skin - Not Sun Exposed (Suprapubic),non_neural,45.21014367439051,0.006566377171056181
GTEX-1N2EE-0011-R1a-SM-F3K5K,65.0,59.827457,Brain - Hippocampus,neural,78.08464943468158,-18.705692516334576
GTEX-1B8L1-2626-SM-7SB77,65.0,58.87416,Adipose - Subcutaneous,non_neural,70.49366947558417,29.227796424966975
GTEX-1NV8Z-3126-SM-E76R3,65.0,63.021122,Brain - Cortex,neural,73.62704973087723,-17.09465849157761
GTEX-1399S-2026-SM-5KM4B,35.0,43.202663,Small Intestine - Terminal Ileum,non_neural,45.75725393618262,-22.064374970075907
GTEX-1H1CY-0011-R6b-SM-CE6RP,65.0,63.49412,Brain - Nucleus accumbens (basal ganglia),neural,79.45324321777798,-4.287242623153581
GTEX-14E7W-1926-SM-5S2R9,75.0,73.66874,Esophagus - Gastroesophageal Junction,non_neural,85.96946695554348,31.643724298656476
GTEX-14LLW-0011-R3b-SM-62LFW,75.0,64.6613,Brain - Anterior cingulate cortex (BA24),neural,81.53704881852855,12.256556020171569
GTEX-1KAFJ-1026-SM-D4P2Z,55.0,56.874058,Spleen,non_neural,58.05621966120468,14.006505285229357
GTEX-1LH75-1626-SM-EWROL,55.0,49.949734,Uterus,non_neural,64.923319622054,22.148455515949234
GTEX-11DXY-1326-SM-5987Z,65.0,60.828148,Esophagus - Gastroesophageal Junction,non_neural,78.37173603912456,47.79962859415451
GTEX-YJ8O-2526-SM-5HL85,45.0,41.21967,Skin - Not Sun Exposed (Suprapubic),non_neural,44.51287718683659,-13.929138260883322
GTEX-XUZC-1726-SM-4BRWS,35.0,25.819668,Skin - Sun Exposed (Lower leg),non_neural,34.48825495684646,-10.041859070343909
GTEX-ZQG8-2426-SM-57WEE,65.0,50.37689,Colon - Sigmoid,non_neural,71.80528589515474,-20.695064057272187
GTEX-11P81-0326-SM-5HL6B,35.0,35.89578,Artery - Aorta,non_neural,56.01036388607912,36.300537739845105
GTEX-1N5O9-0011-R8a-SM-F649C,65.0,61.550743,Brain - Hypothalamus,neural,90.12064956494287,14.630403574851696
GTEX-14BIN-0011-R5b-SM-5SI78,55.0,54.461403,Brain - Caudate (basal ganglia),neural,74.38431074633003,1.5115570335129014
GTEX-17HG3-0011-R8a-SM-79OK7,35.0,37.57395,Brain - Hypothalamus,neural,57.37511311739276,-15.301211354283195
GTEX-X5EB-0008-SM-46MU3,45.0,58.647923,Cells - Cultured fibroblasts,non_neural,62.97250375008643,32.25461153341266
GTEX-15CHQ-0011-R11b-SM-686ZZ,65.0,66.99887,Brain - Cerebellar Hemisphere,neural,83.42050730488793,-4.740836642663713
GTEX-OIZI-0426-SM-2XCEF,45.0,41.20221,Nerve - Tibial,neural,53.94478508343889,26.387727257646166
GTEX-1CB4I-1026-SM-7MKFZ,55.0,49.2376,Esophagus - Mucosa,non_neural,45.23122752759397,-15.372300098434248
GTEX-13CF3-0626-SM-5J1NO,65.0,57.98934,Artery - Coronary,non_neural,73.3797235044054,49.891011454978255
GTEX-YEC3-2426-SM-DO11A,55.0,49.67696,Colon - Transverse,non_neural,53.403964635233095,-42.5380579055402
GTEX-WVLH-0011-R7A-SM-3MJFB,55.0,56.336582,Brain - Putamen (basal ganglia),neural,73.4857013354457,-5.693613788720049
GTEX-1KD4Q-0011-R9a-SM-G8LLU,45.0,56.00882,Brain - Spinal cord (cervical c-1),neural,74.8225490337253,4.287178874285922
GTEX-Z93S-0008-SM-4RGM5,55.0,52.24609,Cells - Cultured fibroblasts,non_neural,62.74396197311542,16.28719312732525
GTEX-ZXES-0226-SM-HLJRM,35.0,42.327965,Adrenal Gland,non_neural,56.28850605422369,3.7789047172682473
GTEX-14E6C-0726-SM-664NB,45.0,46.705067,Esophagus - Gastroesophageal Junction,non_neural,62.62460053209007,9.721295633853437
GTEX-11EI6-0826-SM-5985V,65.0,64.707886,Lung,non_neural,77.49160159855057,53.36388201861575
GTEX-1N5O9-2926-SM-EXUSN,65.0,55.522022,Brain - Cortex,neural,77.46895867561176,6.811164163010082
GTEX-YF7O-1726-SM-5IFJ9,55.0,44.3974,Colon - Transverse,non_neural,49.580007407587345,-38.37923365165831
GTEX-N7MT-0011-R1a-SM-CNPO1,65.0,59.060326,Brain - Hippocampus,neural,85.95008449832764,-2.0460107645326486
GTEX-15DCE-2026-SM-7KUFE,25.0,31.578594,Colon - Transverse,non_neural,42.1730926389732,-65.58678370087382
GTEX-11UD1-0011-R10a-SM-GIN97,45.0,56.099915,Brain - Frontal Cortex (BA9),neural,71.61776467115116,-1.1761244764832468
GTEX-14PKU-2026-SM-GNTBE,45.0,51.257236,Nerve - Tibial,neural,60.10381035193963,30.867174683702082
GTEX-16XZZ-0011-R11a-SM-7EPI3,65.0,64.85524,Brain - Cerebellar Hemisphere,neural,74.04062883875466,20.999464476913122
GTEX-ZT9X-2026-SM-57WEJ,45.0,39.85417,Artery - Tibial,non_neural,58.06487121865989,26.288925084728923
GTEX-11LCK-0726-SM-5PNYC,35.0,37.666092,Artery - Aorta,non_neural,52.29892449235996,38.2895830442277
GTEX-S4Z8-0126-SM-4GICC,65.0,61.841713,Adrenal Gland,non_neural,65.6199958051909,17.834200981203185
GTEX-1IKOE-2426-SM-ARU7W,35.0,39.117157,Uterus,non_neural,58.432023640442466,-15.672130868006127
GTEX-QVJO-2526-SM-CYPRA,65.0,62.89232,Vagina,non_neural,77.8341932927212,30.839154201576022
GTEX-18A66-2426-SM-7KFSQ,65.0,53.8047,Colon - Transverse,non_neural,59.29986154050793,-44.475728134514824
GTEX-14PHX-1626-SM-69LQB,55.0,46.63531,Adipose - Visceral (Omentum),non_neural,58.568468952953666,0.8626134787411339
GTEX-S341-1426-SM-4AD6U,45.0,47.56022,Colon - Transverse,non_neural,63.99063566910442,-26.934786676617477
GTEX-1CAMS-0126-SM-79396,45.0,38.779175,Muscle - Skeletal,non_neural,39.54136942517026,-20.52501331197022
GTEX-11ZU8-0011-R7a-SM-GJ3Q1,65.0,63.50686,Brain - Putamen (basal ganglia),neural,78.08635851146349,9.128337528024455
GTEX-ZWKS-2826-SM-5NQ74,35.0,44.74614,Breast - Mammary Tissue,non_neural,61.59290936867595,20.346582506181512
GTEX-1HSMP-0526-SM-B2LXI,75.0,65.234085,Artery - Tibial,non_neural,79.05179950318814,51.09299558186135
GTEX-14PJO-0011-R5a-SM-6AJBZ,65.0,63.578617,Brain - Caudate (basal ganglia),neural,84.31846857048072,23.76167268453942
GTEX-ZPCL-1626-SM-57WGC,65.0,60.334232,Colon - Sigmoid,non_neural,64.36393379679026,-39.773297556686316
GTEX-13JVG-3126-SM-5L3FH,65.0,64.67283,Brain - Cortex,neural,80.38913178017833,21.273244198192113
GTEX-12WSF-0011-R7b-SM-5HL99,75.0,69.452354,Brain - Putamen (basal ganglia),neural,86.84248178233042,11.162206854405417
GTEX-1F48J-1126-SM-9WYSY,55.0,60.093018,Heart - Atrial Appendage,non_neural,61.67998755825357,35.416074471695126
GTEX-1CB4H-2426-SM-7PBYR,65.0,70.138794,Stomach,non_neural,80.64250751742448,22.81246477407708
GTEX-WFG7-1726-SM-4LVME,25.0,32.40355,Small Intestine - Terminal Ileum,non_neural,49.123895215104596,-40.293411514228914
GTEX-WEY5-0008-SM-4LMKC,45.0,51.6639,Cells - Cultured fibroblasts,non_neural,58.7973645503624,25.576045102915216
GTEX-1IDJD-1526-SM-CMKGA,35.0,37.84355,Nerve - Tibial,neural,54.00480922543639,7.092374884674469
GTEX-P4PP-1926-SM-HAUZM,35.0,34.943497,Bladder,non_neural,53.30272452480307,22.228378261181643
GTEX-1GN73-3126-SM-9KNTY,65.0,66.16593,Brain - Cortex,neural,79.10656558713185,-14.265732782549433
GTEX-XMD1-0626-SM-EZ6MC,65.0,56.915977,Muscle - Skeletal,non_neural,63.24519462901462,15.940542043236741
GTEX-12ZZZ-0011-R5a-SM-5EQ4M,65.0,74.844086,Brain - Caudate (basal ganglia),neural,78.78080644736534,3.4330875688604503
GTEX-XBEC-0006-SM-4AT5T,55.0,58.95491,Whole Blood,non_neural,67.19515077985173,-7.525695751190021
GTEX-13QBU-2426-SM-5LU4L,45.0,34.38822,Muscle - Skeletal,non_neural,37.92685462146801,-28.717299898046086
GTEX-ZQG8-0326-SM-51MSE,65.0,50.466328,Lung,non_neural,72.84963514692544,33.03321514271204
GTEX-14A6H-0326-SM-5NQAN,35.0,42.73201,Heart - Atrial Appendage,non_neural,46.72809410645705,6.424215264013418
GTEX-15UKP-1426-SM-7KUDX,25.0,34.39176,Adipose - Visceral (Omentum),non_neural,37.48161451265595,-10.80060012530493
GTEX-R55E-2626-SM-F21JF,25.0,31.479015,Brain - Cortex,neural,41.582152180217065,-39.170478976868004
GTEX-12BJ1-1926-SM-5HL9Z,65.0,53.468037,Small Intestine - Terminal Ileum,non_neural,69.0372326438645,-6.832351320151953
GTEX-UJHI-1126-SM-4IHLN,55.0,49.55677,Colon - Transverse,non_neural,56.59839484858507,-42.58742921241375
GTEX-12ZZY-0011-R4a-SM-GIN9F,65.0,59.110767,Brain - Amygdala,neural,70.81974670249944,-22.660685667953434
GTEX-13FTX-0326-SM-5J2NG,25.0,32.797523,Lung,non_neural,56.52352763635402,3.7990812234198983
GTEX-1I1GR-1426-SM-CY8H8,65.0,61.919144,Esophagus - Muscularis,non_neural,79.59129083083826,10.21123131146973
GTEX-12WSN-0426-SM-GJ3Q4,45.0,47.126537,Heart - Left Ventricle,non_neural,54.327814211306276,6.913656698617378
GTEX-ZYY3-3126-SM-5MR6M,65.0,61.03085,Brain - Cortex,neural,80.41603097510065,28.70719467073212
GTEX-14PHW-2426-SM-69LPU,65.0,57.899246,Uterus,non_neural,74.35589255997589,46.28014547489363
GTEX-1LG7Y-2126-SM-DIPER,55.0,55.682972,Colon - Transverse,non_neural,69.12583756512805,-18.955142079960623
GTEX-13OVK-1826-SM-6PALE,45.0,45.229134,Minor Salivary Gland,non_neural,56.40977541501293,1.7377900781214215
GTEX-QCQG-1526-SM-48U25,55.0,52.00467,Artery - Aorta,non_neural,65.54933889125279,40.969938204879185
GTEX-X3Y1-1926-SM-4PQZO,45.0,51.31779,Minor Salivary Gland,non_neural,60.12729254267725,4.839512487447313
GTEX-1LG7Z-1326-SM-DIPF3,35.0,39.449738,Colon - Sigmoid,non_neural,47.408311653037515,-45.250798475228
GTEX-S341-0226-SM-D4P1Y,45.0,47.114975,Thyroid,non_neural,57.62831946070234,20.1495060700528
GTEX-1192X-0011-R10a-SM-DO941,55.0,61.46752,Brain - Frontal Cortex (BA9),neural,66.73088192213669,-17.224192424880293
GTEX-RWS6-0926-SM-47JXE,65.0,58.684013,Stomach,non_neural,73.84772534842837,0.6464252239929695
GTEX-WFON-2026-SM-4LVMW,45.0,38.43004,Testis,non_neural,39.13008032470508,-30.32250389610161
GTEX-ZYVF-0326-SM-5GIES,55.0,59.686317,Vagina,non_neural,67.02638133850239,54.6606636632437
GTEX-1399U-2526-SM-5L3DL,55.0,54.043922,Muscle - Skeletal,non_neural,55.62953551984502,-8.159118915257777
GTEX-13JUV-0011-R7b-SM-5LZZG,45.0,59.95146,Brain - Putamen (basal ganglia),neural,76.5950087987853,12.327265970709131
GTEX-13X6K-0011-R7b-SM-5P9K7,65.0,64.238846,Brain - Putamen (basal ganglia),neural,73.76306899780128,17.62987964889437
GTEX-1GN73-2726-SM-9WYUB,65.0,62.222214,Colon - Sigmoid,non_neural,78.9242062427588,-14.10130069039691
GTEX-OXRO-0006-SM-2I5EM,65.0,58.40273,Whole Blood,non_neural,59.605468552531875,-8.962572402251391
GTEX-1IDJV-2326-SM-GA8ZL,65.0,58.21505,Minor Salivary Gland,non_neural,70.14700674185794,7.847164232387641
GTEX-1GZHY-0626-SM-9KNVC,55.0,45.916,Skin - Not Sun Exposed (Suprapubic),non_neural,50.83039288961389,1.2215861183490198
GTEX-145MH-0626-SM-5NQAK,55.0,60.311764,Lung,non_neural,81.95316612884747,34.89594707337887
GTEX-113JC-0926-SM-5H114,55.0,53.788864,Esophagus - Muscularis,non_neural,66.54977546386532,20.605888378429093
GTEX-1R9PN-2026-SM-G9EQ3,45.0,47.340366,Artery - Tibial,non_neural,60.830323464036695,24.08298014847163
GTEX-14E6C-0011-R1a-SM-G8W86,45.0,52.18821,Brain - Hippocampus,neural,76.96878066969131,3.405064162267801
GTEX-1OKEX-2426-SM-GINB2,65.0,52.83182,Muscle - Skeletal,non_neural,59.57245791569687,7.54823731985066
GTEX-R55C-1026-SM-48FCM,45.0,46.939728,Stomach,non_neural,60.2740936525918,-31.364393339068926
GTEX-13OVL-0011-R10a-SM-5L3GS,55.0,51.282177,Brain - Frontal Cortex (BA9),neural,64.53520339323612,-23.60504313393492
GTEX-V955-0004-SM-3NMDH,65.0,68.694916,Cells - EBV-transformed lymphocytes,non_neural,29.957081581798505,-17.504139360618147
GTEX-1QEPI-0326-SM-EVYBB,65.0,60.30021,Nerve - Tibial,neural,78.96779240529173,60.656872218689294
GTEX-1MUQO-1326-SM-EV7AE,65.0,52.722393,Spleen,non_neural,62.544570260188394,0.09308605284138302
GTEX-14PN4-0005-SM-7PC21,55.0,42.835423,Whole Blood,non_neural,45.14325846528007,-18.73416188404794
GTEX-145LS-0826-SM-H65ZG,65.0,63.71054,Thyroid,non_neural,72.92121262014861,51.997927914031365
GTEX-SNMC-0526-SM-4DM69,25.0,37.385666,Esophagus - Mucosa,non_neural,25.888342422355564,-34.21019724194048
GTEX-13VXU-2926-SM-5LU5C,55.0,61.87892,Brain - Cortex,neural,71.38661208082624,-15.803587266731736
GTEX-1JN1M-0002-SM-HKZZ2,65.0,55.14987,Cells - EBV-transformed lymphocytes,non_neural,35.32990470406094,-23.911066140676542
GTEX-PWCY-1926-SM-3NB25,25.0,31.80714,Adipose - Subcutaneous,non_neural,38.724498695051295,-5.601525644978891
GTEX-1B8SF-1326-SM-7IGQJ,65.0,67.147354,Heart - Atrial Appendage,non_neural,76.65449773571967,35.62399078138455
GTEX-WHSB-2326-SM-4M1XK,55.0,53.33198,Minor Salivary Gland,non_neural,66.85678760860054,5.573748660219196
GTEX-1117F-0011-R11b-SM-GIN8R,65.0,60.926205,Brain - Cerebellar Hemisphere,neural,80.56607141275833,16.016317819659175
GTEX-ZF28-0011-R11a-SM-4WWEI,65.0,63.83432,Brain - Cerebellar Hemisphere,neural,73.06579541237515,14.916279158206171
GTEX-OHPN-0011-R4A-SM-2I5FD,65.0,63.052982,Brain - Amygdala,neural,84.23921720158987,17.62690982061175
GTEX-14JG6-0005-SM-9JGFV,35.0,44.502743,Whole Blood,non_neural,38.219731179044516,-29.34451170906925
GTEX-P44H-0826-SM-GNIOJ,45.0,61.46917,Artery - Coronary,non_neural,59.574953677898435,38.3922708995712
GTEX-PLZ6-0726-SM-3P619,35.0,37.772076,Pancreas,non_neural,48.43230712017966,-9.85418553538386
GTEX-1HBPI-1026-SM-AHZ4N,55.0,61.735863,Liver,non_neural,62.13895400208267,59.018341563258545
GTEX-16YQH-2626-SM-GQ1DB,35.0,48.809242,Colon - Sigmoid,non_neural,54.42437738621017,-35.33276631422491
GTEX-1B8L1-0011-R2a-SM-9OSVL,65.0,62.05142,Brain - Substantia nigra,neural,69.29652953368299,-0.9566369319443246
GTEX-PX3G-0726-SM-48TZT,25.0,36.054024,Esophagus - Muscularis,non_neural,49.20126693716689,-21.98771819274605
GTEX-11ZVC-0326-SM-5CVLC,55.0,69.897415,Artery - Aorta,non_neural,74.80422498832897,80.83417896182783
GTEX-14A6H-0126-SM-5QGPK,35.0,34.551987,Skin - Sun Exposed (Lower leg),non_neural,46.92802885131658,10.187908219279967
GTEX-Y5V5-0001-SM-4V6FZ,65.0,39.19966,Cells - EBV-transformed lymphocytes,non_neural,45.169202938978,-16.79862843687186
GTEX-X3Y1-2026-SM-3P5YM,45.0,50.671448,Skin - Not Sun Exposed (Suprapubic),non_neural,52.585298786543134,-12.830210844694038
GTEX-1GN1V-0008-SM-EAZD5,65.0,60.972134,Cells - Cultured fibroblasts,non_neural,72.98598519218197,36.37159115321508
GTEX-TML8-1826-SM-32QOR,45.0,48.949066,Muscle - Skeletal,non_neural,58.214132617790426,-11.601166881731777
GTEX-14LLW-0006-SM-9QEGG,75.0,68.78093,Whole Blood,non_neural,76.71434763149134,-8.291177232379562
GTEX-QDVJ-1826-SM-GHWQJ,55.0,54.84333,Adipose - Subcutaneous,non_neural,60.383046039425025,27.571696606177863
GTEX-1ICLZ-0326-SM-ARL82,65.0,61.618683,Skin - Not Sun Exposed (Suprapubic),non_neural,67.95532955257728,-1.0868907489272241
GTEX-11TT1-2726-SM-5LU8L,25.0,28.023018,Artery - Tibial,non_neural,40.096285259285864,-0.12621661941123707
GTEX-1CB4E-2026-SM-7PC2V,65.0,70.3408,Artery - Tibial,non_neural,88.01752635594451,57.3928777271191
GTEX-1F5PK-1826-SM-7RHHX,55.0,62.84822,Stomach,non_neural,62.42956699935303,12.189397219361297
GTEX-15SHW-2126-SM-6M46Y,65.0,61.352272,Stomach,non_neural,76.11643344474639,14.58188390796479
GTEX-TKQ2-1826-SM-33HB2,55.0,45.001102,Breast - Mammary Tissue,non_neural,50.29020104645983,-2.2485034554779815
GTEX-12ZZZ-3026-SM-5BC67,65.0,61.72805,Brain - Cortex,neural,77.20507211506603,-0.7083854356909904
GTEX-17HG3-2226-SM-7938L,35.0,37.620674,Skin - Sun Exposed (Lower leg),non_neural,44.80275921532434,5.4188284594689184
GTEX-1KANC-1626-SM-E6CIA,55.0,43.029587,Muscle - Skeletal,non_neural,43.93476698083158,-22.37769212540926
GTEX-1N2DV-2226-SM-G8LMH,45.0,35.36377,Breast - Mammary Tissue,non_neural,50.440315120769824,-7.562262539046523
GTEX-ZVP2-0008-SM-51MSL,55.0,49.649574,Cells - Cultured fibroblasts,non_neural,45.48299213301915,5.530572256579607
GTEX-WQUQ-1526-SM-4M9QY,65.0,67.63042,Artery - Aorta,non_neural,80.48025444501546,69.12337760264724
GTEX-ZTTD-0626-SM-4YCCY,55.0,45.342865,Heart - Atrial Appendage,non_neural,48.35655683944498,7.993165623446399
GTEX-14LZ3-0011-R6a-SM-D3L8C,65.0,60.3038,Brain - Nucleus accumbens (basal ganglia),neural,78.79758614579413,18.234690375564192
GTEX-QVJO-0226-SM-GI4XX,65.0,61.313053,Adipose - Subcutaneous,non_neural,73.73429742462217,30.721202648427923
GTEX-13RTK-0826-SM-5Q5C6,25.0,40.263653,Small Intestine - Terminal Ileum,non_neural,44.667947903439,-25.543619678025948
GTEX-1MGNQ-0326-SM-GRR2R,45.0,39.556396,Muscle - Skeletal,non_neural,43.69092181683823,-19.0779012056514
GTEX-O5YT-1926-SM-H6Q82,25.0,26.332535,Bladder,non_neural,42.07833861608948,-2.071053363814079
GTEX-SUCS-1126-SM-4DM61,75.0,60.93239,Prostate,non_neural,88.34854724053835,44.37774501232488
GTEX-12WSK-2126-SM-5CVNC,45.0,45.419727,Skin - Not Sun Exposed (Suprapubic),non_neural,45.24764521455175,-14.803079793623764
GTEX-1I6K6-1926-SM-A96SN,35.0,42.89281,Colon - Sigmoid,non_neural,53.90145245231555,-37.96191659143699
GTEX-1LGRB-2326-SM-CNNPU,55.0,50.464092,Ovary,non_neural,57.56908618560645,-7.51730698771337
GTEX-11WQK-2826-SM-5EQKH,55.0,39.902843,Testis,non_neural,42.59601725379082,-18.69252027597136
GTEX-1F75W-0011-R11b-SM-AHZ34,65.0,60.45064,Brain - Cerebellar Hemisphere,neural,74.95244374395988,-6.739174015498694
GTEX-1PIGE-1026-SM-EWRMU,25.0,33.9562,Esophagus - Muscularis,non_neural,50.50586823747473,-6.961168934970672
GTEX-17HHE-1726-SM-79OKT,55.0,51.63515,Small Intestine - Terminal Ileum,non_neural,61.57086978170604,-30.81702264757722
GTEX-X15G-1426-SM-4PQZK,55.0,54.15398,Small Intestine - Terminal Ileum,non_neural,60.157431013884704,-21.149368369341325
GTEX-17KNJ-0626-SM-7LT9L,55.0,54.351406,Heart - Atrial Appendage,non_neural,62.66273151082977,11.742693526212454
GTEX-QLQW-1526-SM-G8W5P,35.0,46.363335,Artery - Tibial,non_neural,59.31710972846719,32.661135686485395
GTEX-1GL5R-1226-SM-7MXUY,55.0,58.682274,Prostate,non_neural,76.38904584458771,20.480416488510073
GTEX-12WSC-0826-SM-5EQ5Q,55.0,57.5207,Thyroid,non_neural,67.59305954333026,41.141645742893864
GTEX-1339X-0626-SM-5IJER,45.0,45.31645,Lung,non_neural,66.09646205999437,14.431939743618871
GTEX-TSE9-1226-SM-4DXTM,65.0,58.791317,Esophagus - Mucosa,non_neural,51.259256911477266,-5.565527532159759
GTEX-111YS-0126-SM-5987T,65.0,56.92253,Adrenal Gland,non_neural,62.97121436277064,20.657843482813416
GTEX-1IDJD-0826-SM-GA917,35.0,42.21463,Lung,non_neural,58.35418369421781,9.204342764874852
GTEX-1B933-0826-SM-79OMW,55.0,52.995384,Heart - Atrial Appendage,non_neural,71.38106566292527,22.715102150893458
GTEX-OOBK-0526-SM-2HMJJ,45.0,44.171196,Lung,non_neural,56.99001459731093,-0.7393755712530807
GTEX-1LVAN-2126-SM-CNPQ8,55.0,59.665222,Esophagus - Gastroesophageal Junction,non_neural,59.923920292960034,-11.741117930630205
GTEX-PWCY-0008-SM-48TE9,25.0,31.659044,Cells - Cultured fibroblasts,non_neural,30.349719330990467,-9.80608199227016
GTEX-131XG-0526-SM-5DUWF,55.0,57.13165,Heart - Atrial Appendage,non_neural,67.18741788399825,19.279810654502395
GTEX-T5JC-2326-SM-32PMR,25.0,27.326132,Brain - Cerebellum,neural,46.20929534781183,-31.74811001321788
GTEX-13CIG-0011-R3b-SM-5K7XF,55.0,59.979366,Brain - Anterior cingulate cortex (BA24),neural,69.59002213881571,-12.29522881541921
GTEX-1MA7X-0726-SM-EV7AB,65.0,63.356743,Esophagus - Mucosa,non_neural,66.67125152197,12.626709509407016
GTEX-1B996-1726-SM-7IGMW,65.0,64.638245,Esophagus - Gastroesophageal Junction,non_neural,82.4707736305991,29.043836352109075
GTEX-X261-3226-SM-3NMC3,55.0,59.899704,Pituitary,non_neural,77.14332395853145,52.267664515013614
GTEX-13QBU-2526-SM-5LU4X,45.0,37.94526,Adipose - Subcutaneous,non_neural,54.881433721508,17.579839958510178
GTEX-1KANA-0626-SM-D4P3I,25.0,41.10969,Esophagus - Mucosa,non_neural,34.02878006917304,-31.77073666652181
GTEX-P4PQ-2026-SM-E9U4E,65.0,66.51391,Prostate,non_neural,77.8630959136552,15.303997549962716
GTEX-14PJO-0526-SM-6EU2O,65.0,54.376534,Muscle - Skeletal,non_neural,62.34343366137418,2.833691870837762
GTEX-13SLW-0011-R1a-SM-5S2W7,75.0,70.86208,Brain - Hippocampus,neural,85.68850029357614,6.834864408837001
GTEX-178AV-2226-SM-GPIA5,45.0,47.370647,Muscle - Skeletal,non_neural,52.04682702801384,-11.414490482266284
GTEX-14PJ3-1626-SM-664O5,55.0,49.763042,Testis,non_neural,37.63591756340419,-29.60938717086739
GTEX-Y5LM-0003-SM-4V6G1,45.0,47.88313,Cells - EBV-transformed lymphocytes,non_neural,53.381922571476636,1.6273918863423917
GTEX-117XS-2026-SM-5GID1,65.0,59.621243,Testis,non_neural,42.22601872018865,-29.022759412713572
GTEX-1QCLY-0126-SM-DPRZV,35.0,40.182915,Spleen,non_neural,42.458543215393945,-36.00738082032907
GTEX-1JKYN-0426-SM-CGQG2,35.0,36.058464,Pancreas,non_neural,48.62590566335497,-25.582871636324985
GTEX-XMD3-1426-SM-HAUYW,55.0,46.45759,Esophagus - Muscularis,non_neural,56.04155854701135,-1.5689307597802125
GTEX-WY7C-2626-SM-3NB2P,55.0,52.543278,Nerve - Tibial,neural,61.111820251288094,26.279999763608842
GTEX-17HG3-1126-SM-7DUFC,35.0,44.56556,Colon - Sigmoid,non_neural,65.01003017863619,-10.249443905474932
GTEX-1212Z-2626-SM-5YY8P,65.0,67.23166,Muscle - Skeletal,non_neural,80.12805282205412,18.71781689674339
GTEX-11OF3-0011-R7a-SM-57WCG,65.0,60.90062,Brain - Putamen (basal ganglia),neural,72.58243367738409,-10.813012126205294
GTEX-XQ8I-1326-SM-4BOPV,55.0,56.381382,Artery - Aorta,non_neural,73.0397413077951,61.8368093516052
GTEX-1C64N-2226-SM-7SB7C,55.0,55.86806,Colon - Sigmoid,non_neural,64.94936791270517,-22.2855378003789
GTEX-1B8L1-1926-SM-7IGND,65.0,63.83618,Colon - Sigmoid,non_neural,67.62623788712284,-13.41301008257129
GTEX-139D8-2526-SM-5N9G3,35.0,41.637608,Uterus,non_neural,66.17146411850953,12.386998272231223
GTEX-1HCU7-2126-SM-A96SG,55.0,55.641163,Esophagus - Mucosa,non_neural,53.17108913878609,5.373513039258677
GTEX-132NY-0826-SM-5K7Y7,65.0,62.025772,Breast - Mammary Tissue,non_neural,65.90801358675229,30.30710848000396
GTEX-13S7M-1226-SM-GJ3QW,65.0,65.775185,Colon - Transverse,non_neural,74.98470296137019,-11.428057643760901
GTEX-1GTWX-0011-R2b-SM-ADEH5,65.0,68.18118,Brain - Substantia nigra,neural,93.05229524229316,29.505434954285636
GTEX-11DYG-1126-SM-GINAD,65.0,50.843925,Heart - Left Ventricle,non_neural,58.955416452825915,-8.241393906270018
GTEX-Y114-0002-SM-4TT78,55.0,50.8706,Cells - EBV-transformed lymphocytes,non_neural,28.663227620032075,-47.56132047357058
GTEX-17F96-0726-SM-793CB,75.0,73.05822,Adipose - Visceral (Omentum),non_neural,77.63598567967014,55.78371500306952
GTEX-12WSH-0011-R2a-SM-5GU68,55.0,56.589104,Brain - Substantia nigra,neural,76.87723697800834,13.201755530100746
GTEX-NL3H-0011-R5a-SM-2I3GB,65.0,58.63809,Brain - Caudate (basal ganglia),neural,70.5250070348198,-3.8041511059853934
GTEX-1FIGZ-0008-SM-EAZCS,45.0,42.970325,Cells - Cultured fibroblasts,non_neural,63.34364119293241,27.700654141150913
GTEX-14JIY-1226-SM-6871R,65.0,62.511734,Thyroid,non_neural,72.37717442939415,17.284442724561192
GTEX-132AR-0426-SM-5IFH8,55.0,53.607048,Liver,non_neural,49.5104684563629,13.770670519554736
GTEX-1GMR8-0326-SM-9KNUO,55.0,61.84369,Muscle - Skeletal,non_neural,60.5620556174311,13.92369575932947
GTEX-1122O-1526-SM-5N9CL,65.0,59.717564,Colon - Transverse,non_neural,64.88188974406515,-32.180114862495714
GTEX-WOFL-0826-SM-3MJG1,65.0,56.48059,Breast - Mammary Tissue,non_neural,70.66534850020443,27.823524525405023
GTEX-145MO-1126-SM-5NQBX,65.0,56.495544,Heart - Left Ventricle,non_neural,62.53824290772114,6.466060134334177
GTEX-1C6VR-0011-R1a-SM-7MXUE,65.0,62.625984,Brain - Hippocampus,neural,76.72345571220427,-19.580071524937534
GTEX-1GF9W-0526-SM-9MQJP,65.0,50.571323,Muscle - Skeletal,non_neural,61.42840852173829,1.6778682785533978
GTEX-1RDX4-2126-SM-EV7B3,55.0,53.411552,Esophagus - Mucosa,non_neural,55.91484267546484,-11.616784917476057
GTEX-ZF29-1926-SM-5S2P1,65.0,56.348427,Breast - Mammary Tissue,non_neural,79.34525443103593,29.5973342364795
GTEX-169BO-0526-SM-793AK,55.0,51.057926,Esophagus - Mucosa,non_neural,40.2754157792355,-6.5487155201519105
GTEX-144GL-0526-SM-G9EQN,55.0,62.06566,Artery - Tibial,non_neural,71.65183886430222,55.2954363741877
GTEX-1RQEC-0011-R9a-SM-EZ6N3,65.0,60.87069,Brain - Spinal cord (cervical c-1),neural,74.10192812802002,7.677469444262765
GTEX-131XF-1026-SM-5BC6A,65.0,60.17882,Lung,non_neural,76.18966398685176,21.801075662220306
GTEX-YECK-0326-SM-4W1YS,65.0,52.753696,Skin - Not Sun Exposed (Suprapubic),non_neural,62.42860274040413,10.335653159451082
GTEX-15UKP-1326-SM-6LPI8,25.0,44.40242,Pancreas,non_neural,46.69359719588867,-15.81418498367988
GTEX-16XZZ-0826-SM-7IGM3,65.0,62.00027,Thyroid,non_neural,71.12683459538223,31.653708975695693
GTEX-12696-2826-SM-5FQTY,65.0,54.269226,Muscle - Skeletal,non_neural,66.72223157710732,9.221006455880424
GTEX-18A66-0226-SM-718BD,65.0,55.421997,Skin - Sun Exposed (Lower leg),non_neural,60.58221212820892,13.433833650253861
GTEX-14PJ5-0825-B-SM-AW8PS,65.0,62.379807,Stomach - Mucosa,non_neural,62.052487438661146,-11.76939597541365
GTEX-PSDG-1626-SM-48TCQ,55.0,40.00248,Breast - Mammary Tissue,non_neural,56.503517401919794,-6.917297866508201
GTEX-1J1OQ-1626-SM-CE6TB,45.0,40.309807,Ovary,non_neural,55.409184308316426,3.2312136494531787
GTEX-1PFEY-1526-SM-E76PP,35.0,37.253517,Skin - Sun Exposed (Lower leg),non_neural,46.81943674795221,-0.28144509025435255
GTEX-14PN3-2526-SM-6EU15,65.0,61.242893,Adipose - Subcutaneous,non_neural,75.1745117576739,27.810037977376513
GTEX-139TT-0006-SM-5O9CG,65.0,52.469437,Whole Blood,non_neural,65.10412920924398,-15.919756141721777
GTEX-1HCVE-2826-SM-9WPPI,55.0,58.370384,Testis,non_neural,34.98491229587893,-25.20103122915864
GTEX-1ICLY-0526-SM-A9G36,55.0,57.634083,Artery - Tibial,non_neural,77.55591608819921,54.11978036450211
GTEX-XMK1-0005-SM-4B665,45.0,44.476547,Whole Blood,non_neural,46.56752510909712,-39.10146485435856
GTEX-1K9T9-2926-SM-E9TKD,55.0,51.235584,Colon - Sigmoid,non_neural,54.691956095538586,-42.02635057467641
GTEX-XUZC-0005-SM-4BOQ8,35.0,39.16466,Whole Blood,non_neural,39.979039602698265,-30.310889851130472
GTEX-14PKV-0926-SM-6AJB4,25.0,32.714695,Pancreas,non_neural,47.474156552094286,-11.559974581381544
GTEX-1LH75-2926-SM-HAUY9,55.0,57.5138,Brain - Cerebellum,neural,72.5584590673413,10.985635841764784
GTEX-11O72-0011-R11b-SM-H65ZB,45.0,47.2927,Brain - Cerebellar Hemisphere,neural,63.26421350237739,-9.661123225873201
GTEX-13PVR-2026-SM-5P9FH,65.0,62.855152,Esophagus - Gastroesophageal Junction,non_neural,74.66934402518413,0.4900680266175011
GTEX-1445S-3026-SM-5O9BR,65.0,67.41811,Brain - Cortex,neural,82.50384052889953,23.078038597322656
GTEX-16NGA-1726-SM-731B4,45.0,41.751545,Skin - Sun Exposed (Lower leg),non_neural,55.564138623160304,10.173875799490267
GTEX-18D9U-1126-SM-72D5Y,45.0,48.07033,Heart - Left Ventricle,non_neural,53.24874062538301,6.155759535311428
GTEX-17EVP-1226-SM-793BF,45.0,43.7535,Artery - Tibial,non_neural,60.603409297838624,9.57835225362318
GTEX-17EVQ-1026-SM-7IGOG,75.0,68.13763,Nerve - Tibial,neural,83.37577383990764,64.65933824019484
GTEX-1LG7Z-2026-SM-DLHBP,35.0,43.96133,Adipose - Subcutaneous,non_neural,57.33013303551404,23.46952810609123
GTEX-1HSMQ-0926-SM-A96SI,55.0,60.214176,Minor Salivary Gland,non_neural,66.52040776659949,4.2484343039447925
GTEX-139T8-0926-SM-G8OLP,65.0,60.453953,Brain - Cerebellum,neural,77.20315601835901,17.08032811744232
GTEX-13RTK-0626-SM-5Q5EK,25.0,32.490063,Esophagus - Muscularis,non_neural,46.114169021766756,-8.025435928153607
GTEX-1MGNQ-2326-SM-EV7BG,45.0,41.82021,Small Intestine - Terminal Ileum,non_neural,64.78333823664639,-4.592268650970047
GTEX-1P4AB-1826-SM-E76PU,55.0,54.511913,Breast - Mammary Tissue,non_neural,63.95990080069127,0.5997403180702556
GTEX-1S83E-1826-SM-GNTAS,45.0,42.81319,Breast - Mammary Tissue,non_neural,72.01444010205498,20.60682943053038
GTEX-1LB8K-1026-SM-DHXJJ,55.0,56.42281,Heart - Left Ventricle,non_neural,64.3623654563055,8.150830215263534
GTEX-1H23P-2726-SM-9JGHN,65.0,64.474045,Stomach,non_neural,74.7156842425682,11.518781240162086
GTEX-12BJ1-2626-SM-5FQUF,65.0,56.33721,Nerve - Tibial,neural,70.47633011556852,30.5590496801249
GTEX-1H4P4-2126-SM-9WYSL,55.0,68.218254,Skin - Not Sun Exposed (Suprapubic),non_neural,59.46460171516982,15.079771298146802
GTEX-1KD5A-2526-SM-CXZK8,55.0,60.384895,Pituitary,non_neural,81.4985050731043,67.65256455641065
GTEX-1GN73-3026-SM-7MXV8,65.0,68.53206,Brain - Cerebellum,neural,80.88577947487929,-4.803636061951947
GTEX-ZYFD-2926-SM-5GID9,55.0,60.00787,Brain - Cerebellum,neural,65.9018658814152,-7.240456661546951
GTEX-13FTX-0626-SM-5J2NS,25.0,43.859077,Adipose - Visceral (Omentum),non_neural,50.29857102065405,3.6014749282205787
GTEX-XYKS-2526-SM-4BOPX,65.0,63.888542,Nerve - Tibial,neural,77.51250179907147,39.91335266866674
GTEX-NPJ8-1426-SM-3MJHR,45.0,58.230377,Pituitary,non_neural,68.58348778614327,62.08302234287444
GTEX-1HC8U-1726-SM-A9SMF,45.0,38.944855,Esophagus - Gastroesophageal Junction,non_neural,61.83335223785902,0.33806683859542896
GTEX-1B8SF-0011-R5a-SM-79OOO,65.0,61.512554,Brain - Caudate (basal ganglia),neural,75.87309857844713,-10.471799085258509
GTEX-1399Q-1126-SM-5P9JA,45.0,45.65191,Esophagus - Mucosa,non_neural,50.67609641885889,-9.734568176433102
GTEX-12BJ1-2126-SM-5BC5O,65.0,55.66382,Colon - Transverse,non_neural,59.007164100941154,-32.87932191936457
GTEX-1ICG6-0426-SM-ARU7M,75.0,66.71471,Thyroid,non_neural,76.86507782206183,50.328634882981476
GTEX-11GS4-0008-SM-5QGRA,65.0,54.502213,Cells - Cultured fibroblasts,non_neural,67.58186167665086,36.6246707459617
GTEX-12ZZW-0005-SM-5O9BY,55.0,59.510567,Whole Blood,non_neural,62.607316921664165,13.97312188716151
GTEX-15RIE-0826-SM-6M47X,65.0,61.12465,Esophagus - Mucosa,non_neural,53.24151297250002,-11.997186285722838
GTEX-13OW8-0011-R11a-SM-5L3GT,65.0,67.400444,Brain - Cerebellar Hemisphere,neural,80.8543073554249,-2.812287210582635
GTEX-12WSN-2726-SM-5LZUK,45.0,56.14197,Artery - Tibial,non_neural,70.08440167925328,42.432161675412694
GTEX-QESD-1626-SM-2S1RB,25.0,35.32051,Muscle - Skeletal,non_neural,36.77994458083309,-24.005680651988545
GTEX-12696-3126-SM-5FQUX,65.0,73.42331,Pituitary,non_neural,89.55235841546812,82.69432243494424
GTEX-17F98-1826-SM-7DUFK,45.0,47.441124,Esophagus - Gastroesophageal Junction,non_neural,65.17091390394631,2.974560405714918
GTEX-1IOXB-0011-R7b-SM-HAUZE,55.0,58.213257,Brain - Putamen (basal ganglia),neural,76.2760920791784,0.11875863976551465
GTEX-1EKGG-0008-SM-G9EPL,65.0,55.041397,Cells - Cultured fibroblasts,non_neural,50.72662625406282,21.334845488470048
GTEX-12KS4-1526-SM-5EQ6E,35.0,45.042458,Adipose - Visceral (Omentum),non_neural,49.072255370464276,27.235213994752893
GTEX-1H3NZ-0011-R1a-SM-CKZP5,65.0,64.365776,Brain - Hippocampus,neural,84.24076424260201,-14.502305714408989
GTEX-1OKEX-2326-SM-GI4XN,65.0,53.944977,Skin - Sun Exposed (Lower leg),non_neural,56.839364737268795,5.520370889611857
GTEX-1EU9M-0008-SM-EY5XQ,65.0,49.565506,Cells - Cultured fibroblasts,non_neural,50.6857207171027,20.767621420220287
GTEX-12ZZZ-0011-R3b-SM-5DUXK,65.0,69.22638,Brain - Anterior cingulate cortex (BA24),neural,74.46656239554417,-14.082631216887632
GTEX-1H1ZS-1626-SM-9KNU7,75.0,69.17377,Esophagus - Muscularis,non_neural,79.39756526354324,20.477850706684453
GTEX-1EN7A-2426-SM-793DB,45.0,46.307594,Skin - Not Sun Exposed (Suprapubic),non_neural,55.34565755367876,13.701205152549889
GTEX-1A3MW-0126-SM-73KXX,65.0,66.03612,Skin - Sun Exposed (Lower leg),non_neural,68.75398253653948,32.59878219026587
GTEX-12WSM-0011-R7b-SM-5EGLD,65.0,67.63574,Brain - Putamen (basal ganglia),neural,77.45238264822498,5.680734214180614
GTEX-X261-1026-SM-3NMDL,55.0,56.374462,Lung,non_neural,58.39724623783623,6.585166037948038
GTEX-WHPG-0426-SM-4M1XW,55.0,57.078568,Stomach,non_neural,51.36499944974183,-12.396387767888216
GTEX-1MUQO-2226-SM-HK793,65.0,62.49091,Colon - Sigmoid,non_neural,70.52295712209563,-9.864425679723343
GTEX-11GSP-1226-SM-5985M,65.0,65.989944,Heart - Atrial Appendage,non_neural,76.35214784647908,35.92291038456632
GTEX-16XZY-1926-SM-H6Q7D,75.0,44.97235,Testis,non_neural,31.338157661810527,-33.1359835609922
GTEX-1GMR2-1926-SM-9MQLZ,55.0,48.929768,Breast - Mammary Tissue,non_neural,82.18701801631143,22.643458682110086
GTEX-POYW-1126-SM-48TCI,65.0,63.80744,Artery - Aorta,non_neural,73.91095559431287,64.28497271666683
GTEX-13N11-2326-SM-5IJBF,55.0,48.271435,Skin - Not Sun Exposed (Suprapubic),non_neural,49.96410594097931,-7.616700095518773
GTEX-144GM-0726-SM-5O9AN,25.0,30.661224,Pancreas,non_neural,38.7201185083174,-22.613352299505365
GTEX-13O61-2126-SM-5IJEO,65.0,59.483074,Pancreas,non_neural,78.61182279288693,16.484506458974323
GTEX-1S5VW-3026-SM-EV7B5,65.0,62.51596,Pituitary,non_neural,84.31081884312363,55.28066368772904
GTEX-1JKYN-0006-SM-DHXJ5,35.0,41.119106,Whole Blood,non_neural,36.895044456876306,-39.961025687803854
GTEX-18A6Q-0326-SM-718AT,65.0,62.1192,Muscle - Skeletal,non_neural,65.41989127247273,6.164161688263865
GTEX-1LG7Y-1426-SM-D4P31,55.0,55.319706,Heart - Atrial Appendage,non_neural,64.98422762404412,28.845324126955056
GTEX-1212Z-0008-SM-5TDBW,65.0,60.908237,Cells - Cultured fibroblasts,non_neural,59.098081223801046,27.9538018670014
GTEX-1MCYP-0002-SM-HL9SX,25.0,37.174194,Cells - EBV-transformed lymphocytes,non_neural,18.695487165670826,-46.077431561040434
GTEX-RU1J-1126-SM-GPRWI,25.0,33.07442,Cervix - Endocervix,non_neural,50.38714410587495,-13.007185284871303
GTEX-1GF9X-0008-SM-EAZCX,45.0,48.384274,Cells - Cultured fibroblasts,non_neural,38.17343782340997,28.619547361196346
GTEX-1AX8Z-5004-SM-ARZLD,65.0,43.21192,Muscle - Skeletal,non_neural,58.892313287670675,-17.74784893300966
GTEX-1C6VR-0426-SM-7IGN6,65.0,55.82503,Thyroid,non_neural,71.18454950057998,49.559101764943435
GTEX-11ZU8-0126-SM-5EQ58,65.0,62.414413,Skin - Not Sun Exposed (Suprapubic),non_neural,65.9130468269803,15.0948698161241
GTEX-ZVZP-0626-SM-59HL5,55.0,52.11442,Pancreas,non_neural,64.79118201655527,7.439720728134674
GTEX-XQ3S-0126-SM-4BOO9,25.0,31.54451,Artery - Aorta,non_neural,54.5442650449116,31.304517474243838
GTEX-1HGF4-2926-SM-B2LXW,65.0,68.97362,Pituitary,non_neural,88.11579829339965,76.13674701448176
GTEX-1QMI2-0126-SM-G8OLK,65.0,56.551582,Adipose - Subcutaneous,non_neural,78.20283214304737,42.168834707944534
GTEX-Z9EW-1426-SM-HPAG9,45.0,50.77467,Minor Salivary Gland,non_neural,64.35227618973867,1.6850003871378822
GTEX-1HR9M-0011-R5a-SM-ARU72,65.0,57.068375,Brain - Caudate (basal ganglia),neural,81.36865240591811,7.474528197234624
GTEX-13S7M-0011-R3a-SM-5PNX2,65.0,66.379654,Brain - Anterior cingulate cortex (BA24),neural,79.66549710995713,-5.019405276974983
GTEX-1H3VE-2326-SM-9KNVU,45.0,55.749897,Colon - Sigmoid,non_neural,73.75306107177666,3.8818090477979488
GTEX-11ZTS-3326-SM-5LU9Y,65.0,58.948395,Pituitary,non_neural,89.23408986060787,73.6140666562715
GTEX-14BIL-1326-SM-5O9CZ,55.0,65.53099,Liver,non_neural,67.83542425657068,54.208785276539246
GTEX-1E2YA-2426-SM-7EPIG,55.0,54.712856,Stomach,non_neural,70.75225654649827,-14.335251679282075
GTEX-117YX-2526-SM-5EQ4Q,55.0,48.000732,Muscle - Skeletal,non_neural,54.525661399525106,-12.160481870588022
GTEX-WHWD-0008-SM-4M9R7,55.0,51.861088,Cells - Cultured fibroblasts,non_neural,61.51316365653065,22.631999701479195
GTEX-1GPI7-1325-A-SM-AW8QJ,25.0,32.643867,Stomach - Mixed Cell,non_neural,49.692882713317786,-28.10761595239898
GTEX-R55E-0526-SM-2TC6B,25.0,38.747475,Muscle - Skeletal,non_neural,29.48980302948776,-34.33155001273602
GTEX-WHPG-0226-SM-3NMB9,55.0,49.333115,Thyroid,non_neural,59.622550794669124,25.404136977232987
GTEX-1IE54-0626-SM-ARL8D,45.0,46.658463,Breast - Mammary Tissue,non_neural,64.82221263451629,3.4311994229454053
GTEX-1LVA9-2526-SM-EVR5H,55.0,48.27153,Minor Salivary Gland,non_neural,65.81160981109988,7.966168319912956
GTEX-1F75A-0011-R11a-SM-AHZ35,55.0,58.87114,Brain - Cerebellar Hemisphere,neural,74.40109770118927,-19.527465755068135
GTEX-YECK-2826-SM-5IFHF,65.0,58.653263,Colon - Sigmoid,non_neural,70.37711578339507,-27.720117751576243
GTEX-Y3IK-0005-SM-4WWDE,55.0,49.253723,Whole Blood,non_neural,55.92709433827338,-40.98385045161916
GTEX-R53T-1526-SM-48FEK,55.0,56.500496,Breast - Mammary Tissue,non_neural,76.55828194662787,28.64913459047128
GTEX-1AX9K-1526-SM-73KVP,55.0,55.281036,Prostate,non_neural,82.72198644693864,37.629634986928174
GTEX-1OKEX-0626-SM-E76PZ,65.0,57.89845,Artery - Coronary,non_neural,67.58181302275705,25.950748924712705
GTEX-13QIC-1526-SM-5IJFL,65.0,54.013126,Ovary,non_neural,72.22622118307294,35.49160455966002
GTEX-17HGU-2126-SM-7IGOV,55.0,54.55889,Stomach,non_neural,53.465061999951885,-27.876864749186065
GTEX-18465-0006-SM-7SB6R,55.0,59.082413,Whole Blood,non_neural,59.68498040061802,-14.471299227946217
GTEX-1CB4E-2226-SM-793DC,65.0,59.002132,Skin - Sun Exposed (Lower leg),non_neural,68.23690204918752,14.66366656236005
GTEX-YFC4-0226-SM-57WD2,45.0,49.50356,Adipose - Subcutaneous,non_neural,59.23691615523765,25.11939767245954
GTEX-13FTX-2026-SM-5L3D6,25.0,45.81549,Muscle - Skeletal,non_neural,33.92806679980815,-25.08236449473444
GTEX-17MF6-0226-SM-7LG4G,45.0,54.197433,Adipose - Subcutaneous,non_neural,70.25454900713183,43.03772196032394
GTEX-13PLJ-0011-R11b-SM-5O9BS,65.0,65.60137,Brain - Cerebellar Hemisphere,neural,83.00940082032886,-0.5000724890757478
GTEX-1QPFJ-2226-SM-EXOJW,35.0,47.98253,Pancreas,non_neural,51.9964431876906,3.096703324853229
GTEX-1F75I-1026-SM-7SB8B,45.0,48.639072,Adipose - Visceral (Omentum),non_neural,40.2859236954164,-6.3415818585565376
GTEX-1I1CD-3026-SM-B2LY2,65.0,67.33941,Brain - Cortex,neural,78.06176441253918,-3.368059639380929
GTEX-1339X-1726-SM-5P9J9,45.0,48.788494,Colon - Sigmoid,non_neural,56.37945346715668,-40.60143306956865
GTEX-1H4P4-0011-R6a-SM-ARZLR,55.0,56.36835,Brain - Nucleus accumbens (basal ganglia),neural,72.22543065561906,5.325073385813694
GTEX-YEC4-1926-SM-5IFHJ,45.0,46.648193,Colon - Transverse,non_neural,66.94495410560371,-23.838826931102428
GTEX-13X6H-1825-D-SM-DLZRA,55.0,50.2604,Small Intestine - Terminal Ileum - Lymphoid Aggregate,non_neural,72.10054803789892,-10.435428762196983
GTEX-11EMC-2526-SM-5PNVU,65.0,54.137356,Minor Salivary Gland,non_neural,64.818014284462,18.207477964911597
GTEX-16Z82-3126-SM-7EWEC,65.0,55.10617,Pituitary,non_neural,82.7054048098201,58.48499578178979
GTEX-13OVH-0011-R4a-SM-5KM3W,75.0,71.10247,Brain - Amygdala,neural,86.33892523607614,-4.403120118788838
GTEX-1NV8Z-0005-SM-DKPQ3,65.0,58.123207,Whole Blood,non_neural,63.98186252511245,-11.940691106745279
GTEX-12WSK-1526-SM-5CVNO,45.0,47.614758,Small Intestine - Terminal Ileum,non_neural,60.33878039145468,-22.199484400191277
GTEX-13QJ3-1726-SM-5RQK9,55.0,57.844704,Esophagus - Mucosa,non_neural,63.181985243877946,-0.8649166152893206
GTEX-1S5ZA-0326-SM-EWRN5,25.0,27.841227,Nerve - Tibial,neural,43.73010070308186,0.3472685307269992
GTEX-ZV7C-0126-SM-57WDE,55.0,57.475468,Thyroid,non_neural,63.053123211398585,18.357738342547574
GTEX-1PIEJ-0005-SM-DLZQL,25.0,39.973648,Whole Blood,non_neural,41.37316593444153,-41.44295543136106
GTEX-1EMGI-2626-SM-7IGNR,65.0,66.842575,Colon - Sigmoid,non_neural,85.01111361839999,11.573112498934401
GTEX-ZZPT-0011-R6a-SM-GPRX6,55.0,51.84191,Brain - Nucleus accumbens (basal ganglia),neural,83.46570015871694,16.89577041926626
GTEX-Y5LM-1726-SM-4VDSX,45.0,51.982697,Breast - Mammary Tissue,non_neural,77.27618489007953,39.39052862934793
GTEX-ZA64-1826-SM-GMXAG,25.0,34.93893,Adipose - Subcutaneous,non_neural,50.24616511704831,16.137694125101778
GTEX-144GM-1725-A-SM-AW8QF,25.0,26.201557,Stomach - Mixed Cell,non_neural,45.98186256193277,-37.73177832078866
GTEX-1HCVE-0626-SM-A9SL2,55.0,56.21405,Lung,non_neural,84.47627186030786,47.84413354535836
GTEX-1EH9U-2426-SM-7EWFG,65.0,59.390675,Esophagus - Mucosa,non_neural,67.54968858819734,1.0926121263202804
GTEX-11ZUS-0011-R1a-SM-GI4W7,35.0,35.2136,Brain - Hippocampus,neural,51.27402076272516,-44.42970349974544
GTEX-1GMR8-1426-SM-7RHHL,55.0,47.752426,Lung,non_neural,70.8485879327277,50.3221054725265
GTEX-11ZUS-0011-R10b-SM-5BC79,35.0,36.94656,Brain - Frontal Cortex (BA9),neural,51.96597278276434,-11.877633418495039
GTEX-1GN1U-0011-R8a-SM-CL537,55.0,49.80674,Brain - Hypothalamus,neural,69.04138715820109,-5.812517742074774
GTEX-11NV4-0626-SM-5N9BR,65.0,59.40851,Thyroid,non_neural,66.8993531561956,26.47571944610862
GTEX-XQ8I-0226-SM-4BOPM,55.0,50.09194,Heart - Atrial Appendage,non_neural,56.16488552246855,10.171359612379195
GTEX-1JMLX-0526-SM-ARL8S,55.0,56.18361,Artery - Tibial,non_neural,72.11737877820103,40.51974357265101
GTEX-1EKGG-0011-R5a-SM-9OSVQ,65.0,60.841553,Brain - Caudate (basal ganglia),neural,72.03312983411405,-3.509158485507662
GTEX-WHSB-0005-SM-3LK7C,55.0,46.252815,Whole Blood,non_neural,50.83329777637489,-31.720089384799742
GTEX-1IDJU-2426-SM-ARZM9,65.0,56.083824,Muscle - Skeletal,non_neural,69.5740270028167,-1.828402372084121
GTEX-1IKJJ-0826-SM-A96SP,65.0,67.05474,Heart - Left Ventricle,non_neural,69.58553865190375,7.790232609398796
GTEX-1GTWX-0526-SM-9YFL1,65.0,70.28481,Artery - Tibial,non_neural,85.5161998202034,61.084274804265
GTEX-1AX9K-1826-SM-731CY,55.0,58.82208,Testis,non_neural,45.4221276640648,-27.121181676614427
GTEX-15CHC-1226-SM-686ZH,65.0,61.201046,Minor Salivary Gland,non_neural,77.64704624691048,23.126241245822413
GTEX-1HSGN-1426-SM-A8NAA,45.0,49.338924,Pancreas,non_neural,61.81423508309405,-0.49917271818739223
GTEX-11O72-0006-SM-5O9DB,45.0,51.70668,Whole Blood,non_neural,50.73267769672978,-19.28641198734787
GTEX-1EMGI-2326-SM-7PBYA,65.0,54.1188,Skin - Not Sun Exposed (Suprapubic),non_neural,62.39292385109363,13.343556765130476
GTEX-13VXT-1726-SM-5IFF5,25.0,32.907257,Minor Salivary Gland,non_neural,39.36550989584016,-16.018571622888565
GTEX-1IDFM-1426-SM-GPI9Z,65.0,58.26924,Esophagus - Gastroesophageal Junction,non_neural,72.33002156652469,33.57764144437811
GTEX-1R9PM-0726-SM-G8OL6,25.0,36.805904,Adipose - Visceral (Omentum),non_neural,52.5545361044401,1.1409820049400388
GTEX-11NUK-0011-R2a-SM-GINAO,55.0,56.126755,Brain - Substantia nigra,neural,74.65895258714723,-7.174128591556652
GTEX-1RDX4-3226-SM-DPS14,55.0,60.678802,Brain - Cerebellum,neural,73.95506252546181,3.793901291162915
GTEX-S341-0326-SM-2XCAU,45.0,47.716843,Lung,non_neural,65.24270744268384,16.721686141475224
GTEX-ZTSS-1426-SM-5985P,45.0,48.697376,Skin - Not Sun Exposed (Suprapubic),non_neural,57.56379434715565,7.206597698817885
GTEX-144GO-2026-SM-5O99P,65.0,63.90552,Skin - Not Sun Exposed (Suprapubic),non_neural,67.86052240738294,10.472861866167834
GTEX-16MTA-0426-SM-GRR3D,55.0,46.18882,Esophagus - Gastroesophageal Junction,non_neural,57.63886225365468,-4.664932047742793
GTEX-13G51-0011-R1a-SM-5LZYR,65.0,67.655106,Brain - Hippocampus,neural,81.40163066979855,-4.5793095110686615
GTEX-XXEK-0126-SM-4BRVU,55.0,44.340923,Spleen,non_neural,56.504132502562214,-18.95017702182119
GTEX-17HGU-0926-SM-79OKO,55.0,53.42782,Lung,non_neural,69.94810671469736,21.455665343987796
GTEX-NL4W-0008-SM-4E3I2,55.0,53.115356,Cells - Cultured fibroblasts,non_neural,42.93148942825809,5.064064846076338
GTEX-12WSG-2126-SM-5EGJ7,55.0,46.705307,Uterus,non_neural,82.47883336287323,18.662930573250623
GTEX-WRHU-2826-SM-3MJG8,55.0,56.52805,Skin - Not Sun Exposed (Suprapubic),non_neural,63.26085613195781,9.592169860968243
GTEX-1GF9X-0426-SM-7MKHN,45.0,59.124607,Liver,non_neural,66.40718080614094,62.87386891626229
GTEX-1H1ZS-2626-SM-9QEIX,75.0,63.123882,Colon - Sigmoid,non_neural,80.7416910137141,6.415334516508262
GTEX-PW2O-1426-SM-48TCD,25.0,37.49034,Testis,non_neural,33.58102054041082,-34.74981047661457
GTEX-15RIG-0726-SM-7KUM7,45.0,46.821716,Skin - Not Sun Exposed (Suprapubic),non_neural,56.641140274060206,-6.572859840844206
GTEX-1EWIQ-0826-SM-7MXTH,75.0,75.346985,Thyroid,non_neural,76.15816982651258,46.86839041442271
GTEX-139YR-0726-SM-62LFN,55.0,47.73104,Artery - Coronary,non_neural,51.579363952169174,30.09872428771181
GTEX-1GMR8-0426-SM-9MQJZ,55.0,49.824604,Nerve - Tibial,neural,65.11673532514098,42.23490279988787
GTEX-14PKU-2226-SM-7LG5T,45.0,46.54579,Artery - Tibial,non_neural,63.187948939972344,28.523404072099318
GTEX-11ZU8-0426-SM-GHWP7,65.0,63.447327,Adipose - Visceral (Omentum),non_neural,72.94611261945201,65.11030996176865
GTEX-1QP6S-3026-SM-EAZ4N,45.0,44.71142,Brain - Cerebellum,neural,61.95605229769092,-20.50023574809488
GTEX-1HSMO-0226-SM-CGQEZ,65.0,61.960285,Adipose - Subcutaneous,non_neural,70.08965507205518,40.383047488518756
GTEX-1R9K5-0326-SM-EWRNG,55.0,46.004326,Muscle - Skeletal,non_neural,57.00726135734344,4.265051703184494
GTEX-13O1R-0826-SM-5J2MB,65.0,60.33929,Thyroid,non_neural,66.20604918895488,25.12169510408723
GTEX-13FHP-2126-SM-GIN8J,55.0,55.886234,Kidney - Cortex,non_neural,63.698420304407534,2.3613509758142275
GTEX-13N2G-0011-R2a-SM-5MR4Q,65.0,63.85033,Brain - Substantia nigra,neural,79.96868430750422,6.849346956972455
GTEX-11ZTT-2826-SM-HAV3H,65.0,59.308895,Nerve - Tibial,neural,76.87517316197417,46.495306842817854
GTEX-WFON-2126-SM-3LK7O,45.0,46.872257,Skin - Sun Exposed (Lower leg),non_neural,47.88278041772949,1.6071602599790218
GTEX-1R9K5-1826-SM-F6489,55.0,45.757607,Adipose - Visceral (Omentum),non_neural,58.78601002297708,-3.788991490545444
GTEX-O5YV-0226-SM-48TBY,65.0,54.7463,Adipose - Subcutaneous,non_neural,67.95895041920707,24.620158403588626
GTEX-XMD3-0626-SM-H6Q6E,55.0,58.882473,Thyroid,non_neural,69.12461838044072,35.813213098627756
GTEX-1B8L1-0011-R11b-SM-793DJ,65.0,66.86676,Brain - Cerebellar Hemisphere,neural,72.47228597576239,-20.731379683717613
GTEX-148VI-0626-SM-5TDDH,65.0,57.962677,Liver,non_neural,68.31966533831175,51.32509940818574
GTEX-YF7O-0426-SM-5P9FS,55.0,48.727215,Heart - Left Ventricle,non_neural,54.374889671710534,-0.6888944140324142
GTEX-1I1GT-0626-SM-CGQER,65.0,67.05488,Skin - Sun Exposed (Lower leg),non_neural,72.75193038251601,34.33828083465748
GTEX-14DAR-0426-SM-664MW,55.0,55.895237,Adipose - Visceral (Omentum),non_neural,56.16029940351183,21.65013103346096
GTEX-1RNSC-1126-SM-E9TIP,65.0,57.8761,Thyroid,non_neural,73.9396614483643,42.39847797284602
GTEX-1HCU8-1126-SM-CM2SA,65.0,57.44213,Adipose - Visceral (Omentum),non_neural,62.2243086885201,31.375263496286625
GTEX-15SDE-0726-SM-6M48Q,55.0,53.464397,Esophagus - Muscularis,non_neural,65.83947108277829,2.712573794928051
GTEX-11P81-0008-SM-5S2OT,35.0,36.528084,Cells - Cultured fibroblasts,non_neural,40.68579423211828,23.18362339555807
GTEX-1HUB1-0326-SM-A9SKQ,65.0,64.59798,Adipose - Subcutaneous,non_neural,81.52180442376527,46.550098125207874
GTEX-WL46-0011-R11A-SM-3MJFT,55.0,51.04599,Brain - Cerebellar Hemisphere,neural,67.26069510833983,-23.153323309873553
GTEX-1LNCM-0526-SM-G8OKL,55.0,57.521027,Skin - Not Sun Exposed (Suprapubic),non_neural,56.96061782811715,10.913582073623711
GTEX-13OVJ-1826-SM-5KM2D,55.0,58.61193,Colon - Sigmoid,non_neural,69.33336168279565,2.5030050990932926
GTEX-1MUQO-1726-SM-GOQYR,65.0,53.982616,Esophagus - Gastroesophageal Junction,non_neural,62.63636566863721,3.728083760311353
GTEX-V1D1-1726-SM-4JBHB,55.0,53.63255,Stomach,non_neural,62.09405071112293,-12.464033455263365
GTEX-1GZ2Q-2926-SM-7PBZL,45.0,23.726551,Esophagus - Gastroesophageal Junction,non_neural,39.186522948135035,22.0724867504695
GTEX-146FQ-1526-SM-5Q5CX,35.0,42.09513,Pancreas,non_neural,53.729101106419535,-9.171082673945127
GTEX-1JMPZ-0006-SM-DHXJ9,35.0,57.586292,Whole Blood,non_neural,42.25599222359776,-9.779709455650895
GTEX-1HBPI-0226-SM-ADEJ7,55.0,55.33423,Muscle - Skeletal,non_neural,55.051076536766274,-3.132813192106166
GTEX-132QS-0826-SM-5K7WV,65.0,56.0419,Adipose - Visceral (Omentum),non_neural,72.0324739452789,16.230840699834435
GTEX-ZXG5-0011-R5b-SM-57WBN,65.0,65.38789,Brain - Caudate (basal ganglia),neural,84.34888365737135,5.805191725219866
GTEX-1JN6P-0005-SM-DIPEH,65.0,58.887287,Whole Blood,non_neural,66.27499662323358,2.783335684839198
GTEX-1399S-0926-SM-5PNVQ,35.0,48.70179,Artery - Coronary,non_neural,48.61476304535461,38.6932567690274
GTEX-O5YT-1626-SM-G8W7P,25.0,31.920485,Muscle - Skeletal,non_neural,24.97811801470982,-30.91671750798722
GTEX-ZVZQ-0826-SM-51MRF,65.0,62.93631,Breast - Mammary Tissue,non_neural,83.77783132541342,49.29787293876625
GTEX-17EVP-0726-SM-7EWDX,45.0,52.870068,Lung,non_neural,65.49127823403698,29.05475049105608
GTEX-145ME-1226-SM-5MR87,45.0,48.623745,Ovary,non_neural,57.6015319198368,12.177213768372075
GTEX-1O9I2-3026-SM-E76PX,55.0,62.200626,Brain - Cortex,neural,77.50080499158658,9.591076729129108
GTEX-139T8-0226-SM-5L3EA,65.0,50.659245,Adipose - Subcutaneous,non_neural,75.28053776071285,31.852635362587613
GTEX-ZVP2-0005-SM-51MRK,55.0,47.470566,Whole Blood,non_neural,52.36478364438071,-17.523645118680612
GTEX-1HBPM-0526-SM-ARZND,65.0,71.42363,Nerve - Tibial,neural,80.26719606266761,68.76642857889898
GTEX-ZZPU-1126-SM-5N9CW,55.0,50.834827,Heart - Atrial Appendage,non_neural,57.930611106190725,11.566956722713085
GTEX-11GS4-0006-SM-5MR8I,65.0,62.747787,Whole Blood,non_neural,72.11833626791886,-0.3023806807169282
GTEX-1I1HK-0011-R6b-SM-CM2T9,65.0,67.010925,Brain - Nucleus accumbens (basal ganglia),neural,85.63507130754743,4.332386038122034
GTEX-13O3O-0011-R10a-SM-5LUA9,65.0,64.610054,Brain - Frontal Cortex (BA9),neural,85.6798660231126,0.6149738999388457
GTEX-1J8EW-1626-SM-C1YQ8,65.0,52.412983,Liver,non_neural,62.98429313177171,64.95738317025919
GTEX-1C6WA-0011-R5a-SM-9WG5X,65.0,60.035492,Brain - Caudate (basal ganglia),neural,76.26233043369206,-4.719716599099371
GTEX-1A8G7-0011-R9b-SM-7IGQH,65.0,69.02167,Brain - Spinal cord (cervical c-1),neural,78.17834324718021,26.496126195625024
GTEX-1RDX4-0826-SM-E9TK7,55.0,60.210922,Ovary,non_neural,78.96899359469327,29.74398366270254
GTEX-1HCUA-0926-SM-ADEIX,55.0,47.408035,Adipose - Visceral (Omentum),non_neural,63.14416745897128,13.147077472573555
GTEX-15UF6-1126-SM-6LPJ3,75.0,78.987656,Thyroid,non_neural,83.83547055001671,46.249746674514896
GTEX-1JMPZ-1926-SM-E9TIT,35.0,34.967655,Esophagus - Muscularis,non_neural,50.17544626530413,-2.3312234529420235
GTEX-1KANC-1326-SM-CYPT8,55.0,55.412228,Minor Salivary Gland,non_neural,65.61152122384367,-1.0945550670412234
GTEX-1PBJJ-2026-SM-DTX8U,35.0,41.516876,Colon - Sigmoid,non_neural,49.870410535178635,-30.445891280693978
GTEX-12WSC-1026-SM-5EQ5Y,55.0,54.914062,Heart - Atrial Appendage,non_neural,61.410621904581504,21.015719481639366
GTEX-145LU-0011-R9b-SM-5SI66,55.0,63.263775,Brain - Spinal cord (cervical c-1),neural,64.85645949323948,3.2792344086723735
GTEX-131XW-0011-R8a-SM-5DUWY,55.0,59.424732,Brain - Hypothalamus,neural,78.18018490021547,14.262605021164257
GTEX-1KANC-1926-SM-GMXAO,55.0,54.1254,Adipose - Subcutaneous,non_neural,68.36436435317992,26.60380936397729
GTEX-1LSVX-1226-SM-DHXJN,65.0,49.50027,Esophagus - Mucosa,non_neural,60.07104089732536,1.4779851740558172
GTEX-12ZZY-0126-SM-5LZV2,65.0,61.675224,Testis,non_neural,42.29401443330653,-33.41590650157996
GTEX-XBED-0926-SM-48TCE,65.0,58.53418,Esophagus - Muscularis,non_neural,67.60412441956855,-3.0412678690617034
GTEX-1HBPI-2226-SM-9WYTY,55.0,55.200706,Colon - Sigmoid,non_neural,66.7868149416612,-24.063195822810606
GTEX-13X6H-0526-SM-5LU4Q,55.0,47.14206,Thyroid,non_neural,65.64031085686425,21.51967411037973
GTEX-17MF6-2726-SM-7IGMZ,45.0,55.474617,Testis,non_neural,39.656469586520075,-23.77522770876676
GTEX-1JKYN-0126-SM-AHZ4C,35.0,47.86429,Adrenal Gland,non_neural,48.03538924794057,14.83349321987451
GTEX-17HHY-2526-SM-7IGME,55.0,48.066517,Prostate,non_neural,72.59071826284195,14.213474821949418
GTEX-ZVZP-0008-SM-51MSX,55.0,53.54398,Cells - Cultured fibroblasts,non_neural,47.47151759749788,19.999004478944958
GTEX-15CHQ-0008-SM-E9U4I,65.0,67.78685,Cells - Cultured fibroblasts,non_neural,76.36105680945124,47.486000076477026
GTEX-ZVT3-0011-R3b-SM-51MTJ,65.0,66.667915,Brain - Anterior cingulate cortex (BA24),neural,89.2610581111851,17.996654521663064
GTEX-13OVJ-0826-SM-5J1OK,55.0,57.96154,Skin - Not Sun Exposed (Suprapubic),non_neural,60.291311422988244,15.308317375367949
GTEX-12WSK-2326-SM-5GCOH,45.0,49.823467,Skin - Sun Exposed (Lower leg),non_neural,60.6543019645725,-1.7148900592139167
GTEX-13OVG-0726-SM-5IJBY,65.0,48.54965,Artery - Coronary,non_neural,71.76280626014456,52.0980068396814
GTEX-13O21-3026-SM-5J2NI,55.0,60.199528,Lung,non_neural,76.9698701082922,34.071336458082506
GTEX-1EX96-1226-SM-7RHG1,55.0,63.57226,Artery - Tibial,non_neural,76.83754893845504,68.96888067838498
GTEX-16NGA-0126-SM-72D6U,45.0,46.763596,Adrenal Gland,non_neural,53.306185093357314,9.598518224108753
GTEX-139TU-1226-SM-5J2NL,65.0,62.862526,Esophagus - Mucosa,non_neural,64.85436026752359,4.407212365515077
GTEX-145MO-0426-SM-5QGP6,65.0,56.557323,Adipose - Subcutaneous,non_neural,73.78543582552922,36.905681920126426
GTEX-1PFEY-0005-SM-CY8GO,35.0,41.35962,Whole Blood,non_neural,41.89715100539719,-38.42178009707726
GTEX-1LVAM-0426-SM-DIPFM,55.0,42.5934,Nerve - Tibial,neural,52.76271497607752,16.59983037784696
GTEX-13NYS-0011-R4b-SM-5MR3O,65.0,67.47775,Brain - Amygdala,neural,79.1981664819397,18.91853527262584
GTEX-1H1DF-0005-SM-ADEGU,45.0,54.86908,Whole Blood,non_neural,55.79669188862188,-4.948802489490219
GTEX-1K9T9-1026-SM-D3L9D,55.0,61.277683,Artery - Coronary,non_neural,64.74853751771298,28.202629689987244
GTEX-1S5ZA-1326-SM-EV7BB,25.0,16.025616,Small Intestine - Terminal Ileum,non_neural,38.00776931065924,-46.19557093522956
GTEX-1KANA-0002-SM-HK79V,25.0,48.826164,Cells - EBV-transformed lymphocytes,non_neural,29.555049914082005,-23.919401033859625
GTEX-145MG-3026-SM-5RQJA,55.0,49.200195,Brain - Cortex,neural,68.41520432404113,-15.016876868536821
GTEX-13N11-0526-SM-5IJFI,55.0,45.86779,Ovary,non_neural,53.06497387884532,-11.831364674158923
GTEX-11O72-0326-SM-5986D,45.0,57.858543,Muscle - Skeletal,non_neural,58.66671842984995,32.983258197442076
GTEX-S7SE-0011-R4A-SM-2XCDB,55.0,55.75478,Brain - Amygdala,neural,69.43518393519999,-30.85669862750669
GTEX-12WSF-0011-R4b-SM-5HL88,75.0,75.71856,Brain - Amygdala,neural,83.4816474033154,0.2484583919462781
GTEX-WI4N-1526-SM-EZ6LG,45.0,50.41343,Adipose - Visceral (Omentum),non_neural,60.794237381276005,36.533922566285746
GTEX-ZQUD-0426-SM-57WFR,35.0,35.828575,Esophagus - Mucosa,non_neural,47.05946777739862,-26.485721521912776
GTEX-131YS-0526-SM-5EGKJ,65.0,57.429813,Muscle - Skeletal,non_neural,63.80091257913371,9.135702480218312
GTEX-16Z82-0126-SM-7DHLF,65.0,63.06977,Muscle - Skeletal,non_neural,67.25677185082519,12.787182071222086
GTEX-1J8EW-2526-SM-CKZO2,65.0,64.90467,Vagina,non_neural,81.63943887387953,31.844012714620728
GTEX-WHPG-2026-SM-F21IT,55.0,52.25428,Testis,non_neural,45.250576020312195,-20.767263837871365
GTEX-OXRL-2126-SM-3NM98,55.0,53.77152,Testis,non_neural,32.04848888389566,-39.2412426750029
GTEX-131XG-0826-SM-5LZVS,55.0,62.132645,Artery - Coronary,non_neural,72.39970444785025,48.36586682883103
GTEX-XXEK-2226-SM-4BRUM,55.0,53.104713,Skin - Sun Exposed (Lower leg),non_neural,62.441165852129686,7.239864349732635
GTEX-14BMU-0126-SM-5S2Q9,25.0,25.506767,Adrenal Gland,non_neural,37.02296742132309,-16.462117700437343
GTEX-ZYFC-1026-SM-5GZX9,55.0,55.68938,Heart - Atrial Appendage,non_neural,63.579050585472174,20.83985933002955
GTEX-14ICL-0826-SM-5YY9W,35.0,37.947037,Stomach,non_neural,51.23199035785332,-11.676205030094337
GTEX-15CHC-0126-SM-5YYBA,65.0,58.00304,Thyroid,non_neural,70.35382864774728,43.740490766203166
GTEX-XQ8I-0926-SM-4BOOF,55.0,44.354687,Skin - Not Sun Exposed (Suprapubic),non_neural,48.97904397442281,-3.8524118647906103
GTEX-QCQG-2126-SM-DTXFV,55.0,44.005054,Muscle - Skeletal,non_neural,59.65694585455226,3.420985014232748
GTEX-13PVR-1826-SM-5Q5CC,65.0,56.618557,Esophagus - Mucosa,non_neural,60.51412192667124,-3.146279006841599
GTEX-QLQ7-1226-SM-GOQYE,65.0,56.968857,Bladder,non_neural,80.66872664906187,39.02800141021531
GTEX-14PJM-0011-R3b-SM-5ZZV9,55.0,57.46703,Brain - Anterior cingulate cortex (BA24),neural,77.84670255859987,-8.601743823863632
GTEX-1OKEX-2526-SM-GHWQH,65.0,59.540115,Nerve - Tibial,neural,64.10616921233401,40.09579354312378
GTEX-1192X-1826-SM-5GIE2,55.0,57.422974,Esophagus - Gastroesophageal Junction,non_neural,64.7469925374893,6.9965269207302345
GTEX-1QMI2-1926-SM-EAZ4B,65.0,55.281837,Adrenal Gland,non_neural,74.26604025339478,43.609857376725884
GTEX-13PLJ-0011-R1a-SM-GJ3QF,65.0,65.5857,Brain - Hippocampus,neural,86.5959998481236,-5.740296558407517
GTEX-Y5V5-1826-SM-4VDS5,65.0,63.11256,Small Intestine - Terminal Ileum,non_neural,71.23678867934898,-9.399402016055856
GTEX-1GZ4I-0726-SM-9QEHL,55.0,52.441593,Lung,non_neural,57.7147503374773,31.500032434506167
GTEX-14ICL-1426-SM-H6Q7A,35.0,36.693977,Prostate,non_neural,83.2979441469553,25.872579461124555
GTEX-13FH7-1226-SM-5IJFK,55.0,51.915276,Small Intestine - Terminal Ileum,non_neural,60.96628001034483,-16.66276397272727
GTEX-ZF2S-0006-SM-4WKHF,55.0,49.572086,Whole Blood,non_neural,52.37806354311115,-47.223105305406996
GTEX-1L5NE-0005-SM-DIPEG,55.0,54.125637,Whole Blood,non_neural,52.35684016289784,-23.22927267975032
GTEX-13OVL-0011-R9a-SM-5P9GX,55.0,59.644085,Brain - Spinal cord (cervical c-1),neural,68.55364085728513,-2.343880720647562
GTEX-ZLV1-0005-SM-4WWAP,65.0,50.525604,Whole Blood,non_neural,60.93973820548496,-23.194260682520838
GTEX-17F96-0626-SM-793CC,75.0,72.895294,Lung,non_neural,84.2063426032603,45.51617754911716
GTEX-1HSMO-2426-SM-A9G24,65.0,61.262737,Testis,non_neural,55.47741753233386,-9.215590847833251
GTEX-1GPI7-1026-SM-7MGY2,25.0,36.462513,Esophagus - Mucosa,non_neural,22.269477410352025,-29.437004077859452
GTEX-1GF9V-0008-SM-EAZCW,65.0,63.81194,Cells - Cultured fibroblasts,non_neural,47.60444500285662,21.55186053741708
GTEX-ZG7Y-1726-SM-GNINM,55.0,57.016582,Stomach,non_neural,72.2792151518526,2.3755850310580864
GTEX-WYBS-0326-SM-3NM8S,65.0,53.651096,Nerve - Tibial,neural,79.5980567342152,61.852667557899196
GTEX-1B8KZ-0526-SM-73KW2,55.0,54.428772,Lung,non_neural,68.63810668534032,17.525900620885345
GTEX-16NPX-0426-SM-7EWDJ,55.0,65.346565,Nerve - Tibial,neural,72.27550683449165,61.82876602572223
GTEX-1PBJI-0226-SM-GMXD1,25.0,30.590916,Nerve - Tibial,neural,44.67801587622648,34.13094257320727
GTEX-ZGAY-0226-SM-4WWAL,45.0,45.037872,Heart - Atrial Appendage,non_neural,54.65195358058935,6.104146391458039
GTEX-13X6I-0926-SM-5LUAB,65.0,61.662357,Artery - Aorta,non_neural,77.66264066516507,82.42919243565368
GTEX-13X6H-0426-SM-5LU4E,55.0,51.99183,Heart - Left Ventricle,non_neural,61.277266508374694,9.986933005966856
GTEX-1A8G7-0426-SM-731B5,65.0,59.833645,Artery - Tibial,non_neural,72.53638387783442,65.42886832411853
GTEX-1A3MX-0011-R5a-SM-79OM5,65.0,66.94439,Brain - Caudate (basal ganglia),neural,86.79028828235096,15.719756727135438
GTEX-QDVN-0626-SM-2I3FP,55.0,51.046494,Thyroid,non_neural,62.826902350531356,16.042850185065127
GTEX-1EH9U-0626-SM-7PC33,65.0,54.133873,Heart - Atrial Appendage,non_neural,74.01648867721708,33.18446145548407
GTEX-QVJO-0011-R5A-SM-2S1QM,65.0,66.52661,Brain - Caudate (basal ganglia),neural,78.5143553220201,8.137333502011726
GTEX-1HSGN-1126-SM-CJI4G,45.0,49.472256,Heart - Left Ventricle,non_neural,61.29998249793164,4.848173754295866
GTEX-1I1GR-2726-SM-GA8ZF,65.0,62.745644,Testis,non_neural,38.089151787707266,-41.22419486629974
GTEX-PVOW-0011-R7A-SM-H6Q8Q,45.0,49.473366,Brain - Putamen (basal ganglia),neural,66.86951559139273,-11.080826458202798
GTEX-1H3VY-0008-SM-F21JQ,55.0,51.62274,Cells - Cultured fibroblasts,non_neural,37.56644842040075,16.06735353706656
GTEX-UTHO-0011-R11A-SM-3GIJE,65.0,66.01613,Brain - Cerebellar Hemisphere,neural,78.82128533798902,-11.822112850182242
GTEX-14PJ5-0426-SM-5ZZW2,65.0,57.468884,Adipose - Visceral (Omentum),non_neural,69.40434438743203,21.87645876374134
GTEX-17F9Y-1026-SM-7IGO4,75.0,70.81198,Lung,non_neural,78.13200530068522,36.13297547890058
GTEX-1EX96-2826-SM-7PBZQ,55.0,57.84245,Artery - Coronary,non_neural,65.34629956936895,63.414541227633215
GTEX-XMD2-0008-SM-4WWE7,65.0,66.17062,Cells - Cultured fibroblasts,non_neural,59.2511248496733,28.55214497257412
GTEX-REY6-1726-SM-48FDL,65.0,63.009193,Adrenal Gland,non_neural,70.43927682369934,26.199115412149798
GTEX-WYJK-1126-SM-3NM9Z,55.0,51.118153,Heart - Atrial Appendage,non_neural,68.04299026582976,7.557526404020359
GTEX-1H1CY-0005-SM-A9G15,65.0,55.741142,Whole Blood,non_neural,65.6325194426101,-7.823855533766104
GTEX-NPJ7-2526-SM-EV79A,65.0,60.098408,Vagina,non_neural,77.95255510674319,52.45035351013169
GTEX-ZQUD-1026-SM-4YCEZ,35.0,46.27056,Colon - Sigmoid,non_neural,44.65042110550394,-54.65045991864352
GTEX-1E1VI-0226-SM-793CZ,55.0,60.25583,Adipose - Subcutaneous,non_neural,64.29080525692652,29.076109732160408
GTEX-1H1DF-0008-SM-F21JH,45.0,54.18905,Cells - Cultured fibroblasts,non_neural,42.33716165715272,33.27508292984676
GTEX-WVLH-0011-R4A-SM-3MJFS,55.0,50.44284,Brain - Amygdala,neural,66.5874850877701,-31.23718666785436
GTEX-ZF28-0011-R1a-SM-4WWD1,65.0,69.009186,Brain - Hippocampus,neural,83.55319578254327,5.7919407557565314
GTEX-ZEX8-0426-SM-DO92Y,55.0,46.611786,Heart - Left Ventricle,non_neural,57.75344299648977,-5.489767657974445
GTEX-1OFPY-2226-SM-E76OO,65.0,69.8113,Nerve - Tibial,neural,78.41973801530696,46.99567754150518
GTEX-PX3G-2526-SM-48TZV,25.0,30.485147,Vagina,non_neural,51.272934176861355,0.9662389856854241
GTEX-ZTSS-0226-SM-59877,45.0,52.06006,Thyroid,non_neural,60.59433847423607,16.012819623590893
GTEX-1AMFI-0826-SM-731DV,55.0,51.892284,Liver,non_neural,48.710269041936144,29.702969674490042
GTEX-14C39-2026-SM-664OG,45.0,39.162766,Adrenal Gland,non_neural,75.18974742445229,33.0432893981364
GTEX-12KS4-0726-SM-5FQSX,35.0,38.444942,Lung,non_neural,47.66197948592087,10.690162775531496
GTEX-14BIM-0011-R1a-SM-69LQI,65.0,61.67481,Brain - Hippocampus,neural,84.45213108419418,13.102892552143137
GTEX-1HC8U-1226-SM-9WYUW,45.0,40.7341,Thyroid,non_neural,62.62914140859846,38.68854050698171
GTEX-YB5E-2326-SM-5IFIJ,45.0,52.9104,Nerve - Tibial,neural,67.20752232856815,32.15177877380108
GTEX-WYVS-1926-SM-4PQZ2,45.0,42.856945,Liver,non_neural,52.39239259996522,27.945643503196315
GTEX-1HCU7-0526-SM-CGQFF,55.0,58.501194,Nerve - Tibial,neural,63.42682454495669,36.146062059526784
GTEX-12WSD-0126-SM-59HKN,65.0,60.890488,Skin - Sun Exposed (Lower leg),non_neural,74.0285698459855,22.97360736185375
GTEX-X261-0011-R6B-SM-4E3J8,55.0,55.57959,Brain - Nucleus accumbens (basal ganglia),neural,84.47396871990281,22.018717525534424
GTEX-14PHX-1126-SM-5YYA5,55.0,46.97274,Colon - Sigmoid,non_neural,68.18081435312743,-36.60246558939934
GTEX-WFON-0626-SM-4LVLX,45.0,41.013226,Pancreas,non_neural,63.54190232957896,-8.136169225892957
GTEX-1IY9M-0226-SM-CMKHP,65.0,73.42258,Adipose - Subcutaneous,non_neural,83.1669084478082,46.81161027246813
GTEX-13OW5-0011-R7a-SM-5O9C9,65.0,60.088913,Brain - Putamen (basal ganglia),neural,72.62930446533794,6.205305077887845
GTEX-QESD-0826-SM-47J4G,25.0,27.946585,Esophagus - Mucosa,non_neural,29.6064818650579,-33.6364333829594
GTEX-XGQ4-1526-SM-4AT6H,55.0,51.308804,Esophagus - Mucosa,non_neural,35.744801261891695,-16.435257920386288
GTEX-14JG6-1426-SM-9WG7C,35.0,41.937546,Skin - Not Sun Exposed (Suprapubic),non_neural,49.91884443772226,-7.497522272250119
GTEX-1EWIQ-3126-SM-7MXTI,75.0,61.50404,Brain - Cortex,neural,74.12981093908688,-4.886590002416609
GTEX-OHPL-1426-SM-G9ER7,65.0,56.004665,Colon - Transverse,non_neural,53.60207600348393,-27.59399817962168
GTEX-U8XE-2226-SM-HAUZQ,35.0,34.890934,Small Intestine - Terminal Ileum,non_neural,41.254489696423974,-46.52619125458784
GTEX-13CF3-1726-SM-5LU9E,65.0,50.071304,Esophagus - Gastroesophageal Junction,non_neural,67.85238004577073,9.724793822384378
GTEX-1OFPY-0626-SM-EXOJ4,65.0,59.878124,Pancreas,non_neural,76.43319562620309,8.909866913066816
GTEX-S4P3-1526-SM-E9J3W,55.0,48.984467,Adipose - Subcutaneous,non_neural,54.88185307887052,25.82520331477997
GTEX-139TS-1426-SM-5IFJD,65.0,57.771614,Liver,non_neural,58.11328446284392,46.34258909383987
GTEX-13VXU-2726-SM-5LU4N,55.0,49.596405,Lung,non_neural,72.41784416928823,31.426754449340397
GTEX-Y111-2326-SM-HL9TX,55.0,44.528336,Prostate,non_neural,64.8618106005711,-0.3097597333083291
GTEX-1HCU7-1826-SM-A9G2A,55.0,60.142677,Kidney - Cortex,non_neural,76.2670161504236,23.977894060661484
GTEX-178AV-2126-SM-GNIOS,45.0,50.334026,Adipose - Subcutaneous,non_neural,63.478763038798874,21.002919080392736
GTEX-1J8EW-0008-SM-F2I1F,65.0,49.303337,Cells - Cultured fibroblasts,non_neural,38.32537957167483,26.70498000181082
GTEX-1NSGN-1826-SM-EXOJH,55.0,51.457123,Esophagus - Gastroesophageal Junction,non_neural,68.63355833778452,3.110733386488446
GTEX-1NUQO-0826-SM-DPS16,25.0,39.354862,Pancreas,non_neural,57.75880432728209,-5.259539556822459
GTEX-16MTA-1025-A-SM-AW8QO,55.0,52.603344,Stomach - Mixed Cell,non_neural,58.80369958551924,-5.031727697838027
GTEX-13JVG-0226-SM-5J1MW,65.0,61.09151,Adipose - Subcutaneous,non_neural,73.15131136237407,43.027277994335776
GTEX-ZZPT-0226-SM-5E43X,55.0,57.683292,Skin - Sun Exposed (Lower leg),non_neural,72.76771119741963,25.06887505545153
GTEX-1AX8Z-1025-A-SM-H6619,65.0,56.634857,Liver - Mixed Cell,non_neural,51.47724125796094,28.076392236949914
GTEX-1JMQK-0526-SM-CM2S4,65.0,65.037415,Artery - Tibial,non_neural,86.50078032840656,60.15681534614766
GTEX-1I1GV-0426-SM-ARZLX,65.0,65.91137,Adipose - Subcutaneous,non_neural,72.32854725011889,40.095210558088446
GTEX-1H1DG-0426-SM-9WG6D,75.0,65.4081,Nerve - Tibial,neural,76.66799642529604,54.20572272060599
GTEX-16XZY-1426-SM-HAUZD,75.0,59.281277,Adipose - Visceral (Omentum),non_neural,67.6033017607961,-3.9318543727342505
GTEX-13FHP-0526-SM-5K7UY,55.0,62.962433,Muscle - Skeletal,non_neural,63.912028424391266,3.3182725682394385
GTEX-SJXC-1226-SM-4DM78,65.0,59.087784,Liver,non_neural,66.55146213895317,54.69044984974798
GTEX-16NGA-2126-SM-7PC1G,45.0,49.684895,Artery - Tibial,non_neural,62.46039450129145,36.42873447398555
GTEX-117YX-1426-SM-5H12H,55.0,47.3131,Breast - Mammary Tissue,non_neural,59.26435585543234,2.9473332109254384
GTEX-1AYCT-1526-SM-73KWC,55.0,53.149178,Esophagus - Muscularis,non_neural,72.31057390430506,0.7328779634740507
GTEX-13JVG-1326-SM-5N9F8,65.0,57.33441,Heart - Left Ventricle,non_neural,60.71536903429727,20.396093584574793
GTEX-15UF6-2426-SM-7KUME,75.0,71.00343,Esophagus - Muscularis,non_neural,81.73264728306994,27.097753186919547
GTEX-131XW-0011-R6b-SM-5K7XY,55.0,57.43339,Brain - Nucleus accumbens (basal ganglia),neural,72.76726044250276,20.021723126854404
GTEX-ZVTK-0326-SM-51MRR,25.0,30.588264,Breast - Mammary Tissue,non_neural,47.453733839987336,-1.967233700217529
GTEX-QV44-1226-SM-CJI1S,55.0,54.91457,Stomach,non_neural,62.46039882665907,-2.415835206086732
GTEX-TSE9-0011-R4A-SM-3DB7H,65.0,60.713467,Brain - Amygdala,neural,65.85763405292887,-17.42917112391037
GTEX-1KD5A-1526-SM-D4P3W,55.0,54.576405,Spleen,non_neural,66.9142343673098,5.116570613598959
GTEX-15DYW-1826-SM-6LPIY,65.0,67.736115,Esophagus - Mucosa,non_neural,66.33865223681848,6.222126019126535
GTEX-ZVT3-0011-R8b-SM-57WDJ,65.0,69.09292,Brain - Hypothalamus,neural,89.47630408492836,18.40775893854199
GTEX-1IL2V-2626-SM-GRR3M,75.0,67.18956,Colon - Sigmoid,non_neural,77.12580717308425,-0.6864014648815264
GTEX-1P4AB-1926-SM-E6CQL,55.0,64.06563,Prostate,non_neural,77.07735951156629,26.667444245420672
GTEX-11EQ9-0926-SM-5HL6I,35.0,41.388245,Esophagus - Gastroesophageal Junction,non_neural,55.10730375416688,-7.311864534606696
GTEX-13O3O-2526-SM-5L3DR,65.0,68.24042,Colon - Transverse,non_neural,85.23176893082753,32.70458990051665
GTEX-WHSB-0002-SM-4M1ZR,55.0,56.047054,Cells - EBV-transformed lymphocytes,non_neural,21.636804848859157,-17.33068166791016
GTEX-OHPN-0011-R1A-SM-2I5GB,65.0,64.913445,Brain - Hippocampus,neural,92.40379275875645,26.91622685987202
GTEX-13VXU-0326-SM-5LU36,55.0,53.36257,Muscle - Skeletal,non_neural,60.343821493473556,4.563940379167882
GTEX-1NV5F-2226-SM-DTX8O,65.0,70.55061,Colon - Transverse,non_neural,78.84936690544603,8.881393507450198
GTEX-1I1GU-0426-SM-ARL7Y,45.0,42.148888,Artery - Aorta,non_neural,66.76565224567231,57.97617238734943
GTEX-XV7Q-1526-SM-4BRWB,45.0,39.16708,Uterus,non_neural,46.10269302011869,-29.949774982628693
GTEX-T6MN-2126-SM-EZ6LC,55.0,52.628967,Prostate,non_neural,64.14774620670927,25.130144364975575
GTEX-11WQK-1526-SM-5EGKN,55.0,39.483818,Adipose - Visceral (Omentum),non_neural,55.20066656044047,1.3067450988023577
GTEX-WHWD-2026-SM-GNTAV,55.0,48.519966,Skin - Sun Exposed (Lower leg),non_neural,62.64970895914486,19.01640389905208
GTEX-ZUA1-0011-R1a-SM-4YCE2,45.0,51.04203,Brain - Hippocampus,neural,67.54927259732216,-26.635613971365245
GTEX-1RLM8-2326-SM-EWRN4,55.0,68.68247,Skin - Sun Exposed (Lower leg),non_neural,77.03595579303291,46.053445813535205
GTEX-P4PQ-1026-SM-3NMCN,65.0,57.152542,Pancreas,non_neural,72.75891217853174,-3.887179831877217
GTEX-14JIY-0011-R5b-SM-62LE7,65.0,62.086494,Brain - Caudate (basal ganglia),neural,68.22997925117934,-4.452907928938695
GTEX-17JCI-2926-SM-7DUFF,65.0,59.878803,Skin - Not Sun Exposed (Suprapubic),non_neural,71.77934428430895,25.371003173463258
GTEX-18A7A-0006-SM-7PC1P,55.0,63.358208,Whole Blood,non_neural,65.32172427876775,-12.820099842832155
GTEX-1R9K5-0726-SM-EAZ4E,55.0,38.140377,Thyroid,non_neural,52.35660219819586,8.907819714334337
GTEX-1LKK1-3026-SM-EAZ3W,55.0,52.344788,Pituitary,non_neural,86.15143514017117,73.27846406107979
GTEX-14PJN-0005-SM-9JGGF,35.0,38.45426,Whole Blood,non_neural,43.266045414056165,-44.00977023978297
GTEX-1OKEX-1326-SM-E9J2U,65.0,45.243122,Esophagus - Mucosa,non_neural,43.98089662724924,-26.34028334560367
GTEX-17KNJ-1026-SM-79ONK,55.0,55.27016,Thyroid,non_neural,67.1524239307893,22.596819669038744
GTEX-15FZZ-1326-SM-6PANN,35.0,34.960144,Esophagus - Gastroesophageal Junction,non_neural,43.76616245675265,-27.871295189912818
GTEX-1J8Q3-0726-SM-AHZ3W,65.0,60.913986,Testis,non_neural,62.493452078356825,7.899562320771437
GTEX-XYKS-1426-SM-4BRUO,65.0,68.51749,Skin - Not Sun Exposed (Suprapubic),non_neural,62.88821998425554,0.5893281686179621
GTEX-1J1R8-2126-SM-ARL8N,45.0,45.18276,Artery - Tibial,non_neural,69.37266947282602,35.2878137510764
GTEX-1NV5F-0011-R5b-SM-F3K3I,65.0,58.416687,Brain - Caudate (basal ganglia),neural,76.20652057897308,42.123138402575044
GTEX-1A3MV-1326-SM-7LG6C,35.0,37.60697,Esophagus - Mucosa,non_neural,34.523775989483255,-28.01437598179827
GTEX-1HCVE-2726-SM-CL54F,55.0,55.3116,Skin - Not Sun Exposed (Suprapubic),non_neural,60.899831491739505,15.683029949383343
GTEX-1RLM8-0226-SM-E6CJY,55.0,54.771492,Heart - Atrial Appendage,non_neural,57.467353648899305,14.107121970786423
GTEX-131XE-1026-SM-5EGKE,55.0,43.76762,Colon - Sigmoid,non_neural,59.012642399545996,-37.0795385972987
GTEX-139UW-0126-SM-5KM1B,65.0,64.45283,Thyroid,non_neural,73.48602681890893,31.420030492182697
GTEX-1IDJE-2426-SM-ACKWF,55.0,53.208233,Muscle - Skeletal,non_neural,56.05371904050094,-5.083291704038144
GTEX-1RQEC-1126-SM-EAZ5E,65.0,61.597363,Liver,non_neural,60.54939660452929,58.47699451709651
GTEX-17GQL-0526-SM-72D5N,65.0,52.86297,Heart - Left Ventricle,non_neural,52.427345750904166,-11.206040273400893
GTEX-1S3DN-1626-SM-EVYCC,55.0,57.9842,Adipose - Visceral (Omentum),non_neural,61.07943553346567,39.074551120255414
GTEX-17F98-1126-SM-79OJS,45.0,46.049034,Adipose - Subcutaneous,non_neural,58.61460498589352,15.602238590055508
GTEX-1E1VI-0626-SM-7PBZ1,55.0,55.94672,Artery - Tibial,non_neural,65.88168013807528,44.08248411788621
GTEX-ZDXO-0011-R11a-SM-4WWD9,65.0,58.645325,Brain - Cerebellar Hemisphere,neural,69.58717603692587,-22.544203815796198
GTEX-18D9U-1626-SM-7KFTW,45.0,40.939964,Pancreas,non_neural,58.676877329682895,-14.200566244140195
GTEX-XUW1-1426-SM-HAUXO,55.0,44.533173,Esophagus - Mucosa,non_neural,42.76165174328523,-22.101076086360056
GTEX-Q2AG-0326-SM-48U1O,45.0,41.33613,Breast - Mammary Tissue,non_neural,66.54069490207819,7.528900567907737
GTEX-1H3O1-0011-R11a-SM-A96RV,65.0,69.50107,Brain - Cerebellar Hemisphere,neural,75.54267633508438,-13.88841310866914
GTEX-1RQED-2926-SM-HPAFT,65.0,64.54559,Minor Salivary Gland,non_neural,74.43610300859288,4.211214815337866
GTEX-1RAZS-1026-SM-E9TID,55.0,60.211533,Thyroid,non_neural,65.15960615265891,28.68371379603833
GTEX-ZZPU-0726-SM-5N9C8,55.0,49.380424,Pancreas,non_neural,65.77857786265697,6.561304613253355
GTEX-RWS6-1226-SM-HL9T9,65.0,54.653225,Fallopian Tube,non_neural,74.81481369981262,11.781516697253206
GTEX-15DDE-0011-R5b-SM-7KULJ,55.0,50.791214,Brain - Caudate (basal ganglia),neural,60.94810064684597,-18.99623455057498
GTEX-YB5E-0001-SM-4VDSV,45.0,52.232048,Cells - EBV-transformed lymphocytes,non_neural,43.48245346596232,3.0997988013299596
GTEX-1LGOU-0426-SM-D3L8O,25.0,33.944355,Artery - Coronary,non_neural,50.11330834030561,23.301351165833157
GTEX-Z9EW-1026-SM-HPAFC,45.0,50.777596,Stomach,non_neural,73.0241277278909,-12.891209267742267
GTEX-1HCVE-0326-SM-CGQEW,55.0,57.136463,Muscle - Skeletal,non_neural,63.968639206843264,7.004656482684173
GTEX-1F48J-0011-R4b-SM-9OSVX,55.0,51.387955,Brain - Amygdala,neural,72.78127380117807,11.271974052522992
GTEX-1HCVE-0726-SM-A96SH,55.0,56.556656,Thyroid,non_neural,69.57317248235422,43.25911909592114
GTEX-POMQ-0826-SM-3P61H,25.0,48.0804,Stomach,non_neural,38.82664838388459,-25.754927330053636
GTEX-Y8E4-1026-SM-4VBQ5,45.0,44.131233,Muscle - Skeletal,non_neural,55.158028426366755,-12.465509831604136
GTEX-13OW7-0926-SM-5L3EX,55.0,58.786278,Lung,non_neural,72.12855856925488,44.60646031869822
GTEX-11TUW-2326-SM-5EQMO,65.0,70.54676,Colon - Sigmoid,non_neural,86.49863102022411,-3.0730545939755283
GTEX-OIZF-0826-SM-7MKH9,65.0,57.02416,Liver,non_neural,64.02937458248323,36.44963113628325
GTEX-1M5QR-0126-SM-F2I23,45.0,52.87182,Spleen,non_neural,62.910768685247234,-4.558327677831755
GTEX-1OJC4-3126-SM-EXOJK,55.0,60.56907,Minor Salivary Gland,non_neural,68.20019260273972,7.401696852377972
GTEX-ZAB5-0726-SM-5P9JG,55.0,64.423874,Thyroid,non_neural,66.71556962904155,43.82866892486546
GTEX-U8XE-0005-SM-3DB8I,35.0,41.977516,Whole Blood,non_neural,40.655039227525236,-14.793246114300011
GTEX-13U4I-1926-SM-5LU39,45.0,50.904625,Uterus,non_neural,65.41114254191673,-18.91670285415925
GTEX-1LH75-0011-R11a-SM-F2I2V,55.0,59.01751,Brain - Cerebellar Hemisphere,neural,71.11307201192375,3.035608858983845
GTEX-NL3H-0011-R10A-SM-2I3E9,65.0,58.079025,Brain - Frontal Cortex (BA9),neural,62.73472732945433,-30.117408587807187
GTEX-11GS4-0011-R8b-SM-GI4XA,65.0,63.85376,Brain - Hypothalamus,neural,78.23091551131083,2.4074674646629877
GTEX-11GSO-0011-R6a-SM-GJ3RC,65.0,64.51108,Brain - Nucleus accumbens (basal ganglia),neural,76.19124724307316,-2.287680459090267
GTEX-1AX8Z-5010-SM-AHZ33,65.0,55.61272,Lung,non_neural,62.422193312195034,8.557523048493985
GTEX-11DXZ-2426-SM-5N9DT,55.0,49.050304,Muscle - Skeletal,non_neural,52.13220243529368,2.819604665933724
GTEX-11P82-0626-SM-5PNYK,25.0,29.085403,Esophagus - Muscularis,non_neural,39.13105630794176,-19.329641140424606
GTEX-1H1DG-0726-SM-A96TN,75.0,61.18451,Thyroid,non_neural,69.93956991113286,36.026711233284516
GTEX-ZYY3-0011-R7a-SM-H7OGI,65.0,65.42459,Brain - Putamen (basal ganglia),neural,84.31492721264414,21.244055409268494
GTEX-14BIM-0426-SM-5MR6O,65.0,48.233498,Nerve - Tibial,neural,66.38198268557788,40.93023808796056
GTEX-WYJK-1026-SM-3NM8W,55.0,50.95807,Heart - Left Ventricle,non_neural,60.471392808343495,9.795011125638785
GTEX-1RQEC-0626-SM-G8OKP,65.0,69.118126,Artery - Aorta,non_neural,84.30237443863406,100.56693166607741
GTEX-1S831-0008-SM-HPAE6,25.0,42.580338,Cells - Cultured fibroblasts,non_neural,57.47182554745119,20.378852151382652
GTEX-11PRG-0011-R1b-SM-H7OHD,55.0,59.658176,Brain - Hippocampus,neural,80.8293493074324,-20.538592713374516
GTEX-1H1DE-0826-SM-ARU8V,25.0,35.780514,Adipose - Visceral (Omentum),non_neural,43.01814128389286,-10.350272058954237
GTEX-11DXW-0011-R5b-SM-DO11D,45.0,47.03038,Brain - Caudate (basal ganglia),neural,70.50054595999583,-6.7889082430405745
GTEX-1IDJF-0126-SM-CM2RS,25.0,40.306602,Skin - Sun Exposed (Lower leg),non_neural,44.49500091812136,-4.873815698848389
GTEX-1RNTQ-0001-SM-HPAG3,25.0,42.47204,Cells - EBV-transformed lymphocytes,non_neural,64.46700275211802,21.231006279313743
GTEX-Y114-1425-A-SM-DLZQA,55.0,62.254036,Small Intestine - Terminal Ileum - Mixed Cell,non_neural,63.77830712882279,-20.605717827347398
GTEX-1PIIG-0011-R9b-SM-G8OLU,35.0,39.616287,Brain - Spinal cord (cervical c-1),neural,57.725076595472004,0.7334614792213712
GTEX-16YQH-0826-SM-7938J,35.0,34.132305,Artery - Coronary,non_neural,43.31594255571744,11.44888221595305
GTEX-145MF-0626-SM-5LUAI,55.0,51.207462,Skin - Sun Exposed (Lower leg),non_neural,57.78407923108266,12.583773470876329
GTEX-YECK-2126-SM-H65ZI,65.0,65.73337,Stomach,non_neural,79.55221460455545,19.641985255224526
GTEX-OIZF-0006-SM-2I5GQ,65.0,37.063587,Whole Blood,non_neural,46.528657075281245,-51.17084332925975
GTEX-S4Z8-0526-SM-4AD4T,65.0,50.27693,Liver,non_neural,58.43312723936863,31.770534378711574
GTEX-13OVK-1426-SM-6PAN7,45.0,48.715218,Skin - Not Sun Exposed (Suprapubic),non_neural,50.57462422780485,14.192088044450577
GTEX-1RLM8-0926-SM-EWROD,55.0,55.41324,Esophagus - Gastroesophageal Junction,non_neural,66.14765547836522,16.48025016084386
GTEX-1MGNQ-1926-SM-DTX8L,45.0,48.014835,Minor Salivary Gland,non_neural,64.88648102754868,-3.242945241953547
GTEX-X5EB-1826-SM-4E3K8,45.0,58.008602,Prostate,non_neural,70.96667088806338,6.4183404369697055
GTEX-13SLW-0011-R5b-SM-5SI6Z,75.0,66.58437,Brain - Caudate (basal ganglia),neural,78.50454572188252,24.176856266105073
GTEX-UJMC-0226-SM-4IHLH,55.0,60.164906,Adrenal Gland,non_neural,63.243973490891605,8.574906179837454
GTEX-1A3MW-0006-SM-7MKGU,65.0,69.04579,Whole Blood,non_neural,59.74775664667506,-8.05379499903313
GTEX-13OW5-3126-SM-5MR3Y,65.0,58.89432,Brain - Cerebellum,neural,68.45044543083567,-3.3350835675677124
GTEX-1EKGG-0326-SM-9WYTG,65.0,64.620346,Artery - Tibial,non_neural,73.21543798821145,53.55724957396224
GTEX-1211K-1326-SM-5FQV2,65.0,50.6451,Esophagus - Gastroesophageal Junction,non_neural,71.54684591670099,3.549240989717413
GTEX-11H98-0011-R1a-SM-GIN8O,55.0,56.497536,Brain - Hippocampus,neural,67.35145791660928,-21.445893392515774
GTEX-1CB4G-0526-SM-7P8SY,65.0,54.609722,Artery - Tibial,non_neural,71.80227287594622,34.908272329215805
GTEX-1HSEH-0326-SM-A9G26,65.0,55.440628,Muscle - Skeletal,non_neural,55.56752507654875,-7.444935397335797
GTEX-1JMLX-0011-R8a-SM-G9EPQ,55.0,63.52256,Brain - Hypothalamus,neural,78.24926895306322,2.128219406932557
GTEX-1MJK2-3026-SM-EV7A5,55.0,53.584488,Brain - Cerebellum,neural,68.62296815289037,-34.804825358378395
GTEX-1KXAM-2426-SM-DIPFC,65.0,57.8126,Muscle - Skeletal,non_neural,63.131645920500816,0.41440942470582565
GTEX-1LVAO-2126-SM-DIPGA,65.0,60.243946,Adipose - Visceral (Omentum),non_neural,74.51176742115494,57.12623285125072
GTEX-1ICLY-0726-SM-A96TB,55.0,55.04283,Thyroid,non_neural,72.39903824543345,48.36924253143274
GTEX-1C6WA-2926-SM-79OLF,65.0,57.930286,Pituitary,non_neural,74.52076940460131,66.26802304789432
GTEX-U3ZH-0326-SM-3DB7A,35.0,37.192436,Heart - Left Ventricle,non_neural,45.243337944116305,-7.075751508853548
GTEX-1PIIG-0011-R1a-SM-F649P,35.0,41.684814,Brain - Hippocampus,neural,63.82638758507187,-22.985762416320018
GTEX-1AX9J-2625-C-SM-AW8P2,65.0,64.574684,Stomach - Muscularis,non_neural,72.33976754734525,-11.67742561280535
GTEX-1GN1U-0726-SM-9MQKL,55.0,58.08216,Adipose - Visceral (Omentum),non_neural,66.44927548655326,34.93201663444068
GTEX-12584-0726-SM-5FQTK,45.0,40.33682,Skin - Not Sun Exposed (Suprapubic),non_neural,58.61622059303694,24.232983229347603
GTEX-XPVG-1326-SM-4B65P,55.0,49.042297,Esophagus - Muscularis,non_neural,72.91033721804773,8.11181916304136
GTEX-ZYT6-2326-SM-5GZY3,35.0,40.84463,Skin - Not Sun Exposed (Suprapubic),non_neural,42.38902140762653,-10.76533762814098
GTEX-ZAB4-1726-SM-5HL8C,45.0,56.170998,Pancreas,non_neural,63.45564356603187,1.7168208006701478
GTEX-YJ89-0011-R10a-SM-4SOK9,65.0,60.749687,Brain - Frontal Cortex (BA9),neural,68.77485860058367,-21.079467719548013
GTEX-WK11-0926-SM-3NMAU,55.0,49.807262,Thyroid,non_neural,67.44579561849896,32.287294726891304
GTEX-1N5O9-0011-R11a-SM-F33ZK,65.0,65.48299,Brain - Cerebellar Hemisphere,neural,78.76117311491248,-6.847517800037461
GTEX-139YR-0626-SM-5IJBT,55.0,49.90784,Artery - Aorta,non_neural,67.9094117558345,52.49299090108704
GTEX-11EQ9-2026-SM-5P9JI,35.0,38.160797,Minor Salivary Gland,non_neural,51.67183778389678,-9.132539832917411
GTEX-1RAZA-0326-SM-E6CI4,25.0,23.1009,Artery - Tibial,non_neural,43.88494882866368,14.036079625788375
GTEX-WRHU-0426-SM-F21IU,55.0,44.31574,Adrenal Gland,non_neural,51.45009725308357,5.312300167210871
GTEX-OHPN-0011-R11A-SM-2I5FM,65.0,63.78288,Brain - Cerebellar Hemisphere,neural,71.46880218255029,-0.5401947815223058
GTEX-ZDTS-0426-SM-4WAYH,65.0,69.65616,Artery - Tibial,non_neural,79.57064814485702,46.298348590862965
GTEX-1IKJJ-2126-SM-C1YQU,65.0,72.54013,Testis,non_neural,42.23803698305571,-30.115779017297093
GTEX-R45C-2226-SM-GQ1EF,65.0,62.146538,Vagina,non_neural,61.70469072448529,26.50208474391218
GTEX-18QFQ-0726-SM-7LG6D,35.0,33.466824,Thyroid,non_neural,52.74191404077699,11.326160698856931
GTEX-1F88E-0526-SM-7SB8J,65.0,69.78206,Adipose - Subcutaneous,non_neural,67.42836474676737,45.07720636114297
GTEX-11ZVC-1426-SM-5EGGA,55.0,64.400406,Ovary,non_neural,76.14366662685937,29.386633941101074
GTEX-1ICLZ-0726-SM-ARL84,65.0,61.85112,Nerve - Tibial,neural,73.9029227286729,44.385854499438516
GTEX-11ZTT-0926-SM-5EQMS,65.0,59.446064,Esophagus - Muscularis,non_neural,79.26585979250925,21.959574546707618
GTEX-POMQ-2326-SM-DHXIS,25.0,36.835167,Adipose - Subcutaneous,non_neural,43.0110720408189,-8.817298257455477
GTEX-139UW-2826-SM-5L3E7,65.0,62.44202,Skin - Sun Exposed (Lower leg),non_neural,58.89504385899146,20.966034120261924
GTEX-13FHO-0426-SM-5L3F5,65.0,55.79895,Skin - Not Sun Exposed (Suprapubic),non_neural,62.38205648229112,12.140863043766023
GTEX-1I6K6-0626-SM-ARU7J,35.0,38.51423,Minor Salivary Gland,non_neural,56.03715744460614,-9.401034797485485
GTEX-1JMOU-1526-SM-CL54I,65.0,74.814095,Skin - Sun Exposed (Lower leg),non_neural,79.6403329056854,50.666046409884935
GTEX-Q734-1726-SM-HL9TR,45.0,41.70167,Cervix - Endocervix,non_neural,59.2672435012101,-34.11671899364017
GTEX-1IKOE-0826-SM-ARZME,35.0,33.12978,Artery - Coronary,non_neural,41.00954187758448,-8.41591578563711
GTEX-ZGAY-0826-SM-4WWEP,45.0,41.34426,Nerve - Tibial,neural,53.13236197920722,25.162998390107035
GTEX-XMD1-2426-SM-GNTAM,65.0,67.87536,Skin - Not Sun Exposed (Suprapubic),non_neural,67.49507906784758,31.83167498926494
GTEX-13OVL-0126-SM-5L3GJ,55.0,57.60726,Skin - Not Sun Exposed (Suprapubic),non_neural,67.84654703064933,16.32400232572431
GTEX-S95S-1426-SM-2XCDM,65.0,57.65787,Muscle - Skeletal,non_neural,61.855557740381855,-1.609572857883478
GTEX-13FTY-0001-SM-I9BPC,45.0,66.27009,Cells - EBV-transformed lymphocytes,non_neural,42.59516633486432,-7.45500348617183
GTEX-183FY-1926-SM-7KFRI,25.0,39.941593,Testis,non_neural,37.336150256776605,-35.24789613343573
GTEX-133LE-0626-SM-5IFFJ,25.0,33.21852,Esophagus - Mucosa,non_neural,34.8418783005757,-25.661169558554008
GTEX-1GPI7-0326-SM-7MKH6,25.0,29.764366,Minor Salivary Gland,non_neural,49.011773536556774,-18.51823555051931
GTEX-13N11-1126-SM-5KM41,55.0,44.072365,Uterus,non_neural,66.03851964589933,-11.035471879235923
GTEX-1IOXB-2826-SM-AHZ32,55.0,62.87452,Minor Salivary Gland,non_neural,70.70060348327259,11.567309472785295
GTEX-ZF28-0011-R7a-SM-4WKF5,65.0,68.67282,Brain - Putamen (basal ganglia),neural,81.4000609605067,25.068973258702673
GTEX-1F5PL-2126-SM-7PC2O,45.0,43.964264,Colon - Transverse,non_neural,54.637548917777764,-35.26455849745763
GTEX-1KWVE-1626-SM-DKPPA,35.0,36.67122,Artery - Tibial,non_neural,58.03753236760164,30.216665372017864
GTEX-13N11-2726-SM-5L3ER,55.0,48.45475,Muscle - Skeletal,non_neural,55.979260436972964,-7.8419461255004
GTEX-WYVS-0526-SM-3NM9W,45.0,45.62557,Lung,non_neural,47.486366098832306,4.779546602972036
GTEX-17EVQ-1926-SM-7IGOF,75.0,63.017265,Esophagus - Mucosa,non_neural,71.34863363366935,-0.9152377632832875
GTEX-NL4W-0011-R10A-SM-2I3DY,55.0,58.924034,Brain - Frontal Cortex (BA9),neural,63.225837512813655,-14.887903973544768
GTEX-15CHC-0006-SM-7P8RG,65.0,44.88795,Whole Blood,non_neural,60.35112803692074,-32.80219195547836
GTEX-1BAJH-0626-SM-7P8OY,75.0,56.42278,Prostate,non_neural,69.23269851275725,8.990064612409052
GTEX-15G19-2926-SM-7KUFL,65.0,63.00129,Brain - Cortex,neural,77.9433247978172,6.942217549066118
GTEX-ZYT6-1426-SM-5E43U,35.0,41.635437,Nerve - Tibial,neural,52.50629678501231,24.008846671609376
GTEX-1GZHY-3126-SM-9QEHH,55.0,53.423927,Brain - Cortex,neural,67.12373229628486,-2.937629174211709
GTEX-1122O-0126-SM-5GICA,65.0,55.237476,Lung,non_neural,78.3862496343672,24.898147519662107
GTEX-1JJEA-1926-SM-AHZ41,65.0,68.719765,Testis,non_neural,55.4050594647353,-10.08160781993224
GTEX-1LVAO-3126-SM-HL9ST,65.0,71.20792,Brain - Cerebellum,neural,81.75214772751838,25.40369578181182
GTEX-17MF6-1726-SM-7LTA3,45.0,55.288933,Esophagus - Gastroesophageal Junction,non_neural,71.6863274835423,28.459231318733735
GTEX-XMK1-0826-SM-HAUZ2,45.0,47.773743,Heart - Left Ventricle,non_neural,55.37074030438292,-4.718322982555767
GTEX-11DXX-0008-SM-5Q5B8,65.0,62.61338,Cells - Cultured fibroblasts,non_neural,58.787832830648185,31.495316760929846
GTEX-13OVL-1326-SM-5IJCZ,55.0,55.325737,Artery - Tibial,non_neural,70.42763726085909,57.08037683456181
GTEX-VJYA-2026-SM-4KL1K,65.0,56.6387,Colon - Transverse,non_neural,74.6722565152388,-34.63719431843647
GTEX-1NHNU-1926-SM-HK79K,55.0,51.00603,Esophagus - Mucosa,non_neural,41.57646928762797,-22.92786994253004
