expert,ENSG,coefficient,intercept,abs_coefficient
neural,ENSG00000131080,1.4325305,57.801155,1.4325305
neural,ENSG00000130513,1.0779402,57.801155,1.0779402
neural,ENSG00000106078,0.95596844,57.801155,0.95596844
neural,ENSG00000134853,-0.92243904,57.801155,0.92243904
neural,ENSG00000116774,-0.88146585,57.801155,0.88146585
neural,ENSG00000204278,-0.85247034,57.801155,0.85247034
neural,ENSG00000048540,0.824451,57.801155,0.824451
neural,ENSG00000106018,0.81827766,57.801155,0.81827766
neural,ENSG00000128710,0.81644976,57.801155,0.81644976
neural,ENSG00000166523,0.8146729,57.801155,0.8146729
neural,ENSG00000050767,-0.8069643,57.801155,0.8069643
neural,ENSG00000272573,-0.7941314,57.801155,0.7941314
neural,ENSG00000134762,0.7883352,57.801155,0.7883352
neural,ENSG00000135744,-0.7762384,57.801155,0.7762384
neural,ENSG00000076555,0.76384395,57.801155,0.76384395
neural,ENSG00000111077,0.7589861,57.801155,0.7589861
neural,ENSG00000050327,0.7475011,57.801155,0.7475011
neural,ENSG00000070159,-0.7343989,57.801155,0.7343989
neural,ENSG00000095970,0.72949994,57.801155,0.72949994
neural,ENSG00000112981,0.7174213,57.801155,0.7174213
neural,ENSG00000106853,-0.714905,57.801155,0.714905
neural,ENSG00000107551,-0.7030686,57.801155,0.7030686
neural,ENSG00000055813,-0.69971925,57.801155,0.69971925
neural,ENSG00000307802,0.69552416,57.801155,0.69552416
neural,ENSG00000184905,0.6606547,57.801155,0.6606547
neural,ENSG00000186832,0.6568513,57.801155,0.6568513
neural,ENSG00000182195,-0.6517681,57.801155,0.6517681
neural,ENSG00000187837,0.65049076,57.801155,0.65049076
neural,ENSG00000144837,-0.64758444,57.801155,0.64758444
neural,ENSG00000240583,0.641957,57.801155,0.641957
neural,ENSG00000054219,-0.6387401,57.801155,0.6387401
neural,ENSG00000204287,0.6350323,57.801155,0.6350323
neural,ENSG00000019169,0.6345012,57.801155,0.6345012
neural,ENSG00000105374,0.62507814,57.801155,0.62507814
neural,ENSG00000223749,-0.62436193,57.801155,0.62436193
neural,ENSG00000277494,0.6240904,57.801155,0.6240904
neural,ENSG00000309476,0.62298435,57.801155,0.62298435
neural,ENSG00000144485,0.62087566,57.801155,0.62087566
neural,ENSG00000160213,0.61937666,57.801155,0.61937666
neural,ENSG00000196407,-0.6175616,57.801155,0.6175616
neural,ENSG00000146966,-0.61269194,57.801155,0.61269194
neural,ENSG00000149798,-0.61205953,57.801155,0.61205953
neural,ENSG00000198624,0.6113899,57.801155,0.6113899
neural,ENSG00000276085,-0.6092475,57.801155,0.6092475
neural,ENSG00000117594,0.6071626,57.801155,0.6071626
neural,ENSG00000144712,0.597763,57.801155,0.597763
neural,ENSG00000136457,-0.59533906,57.801155,0.59533906
neural,ENSG00000124780,0.588849,57.801155,0.588849
neural,ENSG00000167656,0.58873594,57.801155,0.58873594
neural,ENSG00000158825,0.58539945,57.801155,0.58539945
neural,ENSG00000169583,-0.58141905,57.801155,0.58141905
neural,ENSG00000204301,0.58038765,57.801155,0.58038765
neural,ENSG00000233913,0.58021706,57.801155,0.58021706
neural,ENSG00000101198,-0.57585084,57.801155,0.57585084
neural,ENSG00000145287,0.5719473,57.801155,0.5719473
neural,ENSG00000132514,-0.5694082,57.801155,0.5694082
neural,ENSG00000272789,-0.5667914,57.801155,0.5667914
neural,ENSG00000167614,-0.56590915,57.801155,0.56590915
neural,ENSG00000167995,0.56315416,57.801155,0.56315416
neural,ENSG00000079819,-0.56170917,57.801155,0.56170917
neural,ENSG00000163909,-0.5589745,57.801155,0.5589745
neural,ENSG00000131730,0.5542947,57.801155,0.5542947
neural,ENSG00000244731,0.5513486,57.801155,0.5513486
neural,ENSG00000013725,-0.55013984,57.801155,0.55013984
neural,ENSG00000167553,-0.54863393,57.801155,0.54863393
neural,ENSG00000147588,0.54610807,57.801155,0.54610807
neural,ENSG00000173535,0.5433087,57.801155,0.5433087
neural,ENSG00000159713,0.5403274,57.801155,0.5403274
neural,ENSG00000137959,-0.53685987,57.801155,0.53685987
neural,ENSG00000021355,-0.5367893,57.801155,0.5367893
neural,ENSG00000134874,-0.5360212,57.801155,0.5360212
neural,ENSG00000173210,0.5350069,57.801155,0.5350069
neural,ENSG00000017483,0.5347653,57.801155,0.5347653
neural,ENSG00000101384,0.53429496,57.801155,0.53429496
neural,ENSG00000219438,0.53421193,57.801155,0.53421193
neural,ENSG00000127084,-0.53106916,57.801155,0.53106916
neural,ENSG00000203867,0.53079355,57.801155,0.53079355
neural,ENSG00000169071,-0.5307446,57.801155,0.5307446
neural,ENSG00000064989,0.52902657,57.801155,0.52902657
neural,ENSG00000188404,-0.5288098,57.801155,0.5288098
neural,ENSG00000166923,0.52840346,57.801155,0.52840346
neural,ENSG00000148600,-0.52700883,57.801155,0.52700883
neural,ENSG00000118777,0.5260484,57.801155,0.5260484
neural,ENSG00000105048,0.5210676,57.801155,0.5210676
neural,ENSG00000118495,-0.52104044,57.801155,0.52104044
neural,ENSG00000171056,-0.5210064,57.801155,0.5210064
neural,ENSG00000164107,0.5206978,57.801155,0.5206978
neural,ENSG00000137077,-0.5205983,57.801155,0.5205983
neural,ENSG00000178078,0.52006733,57.801155,0.52006733
neural,ENSG00000173200,0.51721466,57.801155,0.51721466
neural,ENSG00000166816,-0.516962,57.801155,0.516962
neural,ENSG00000173209,-0.51635295,57.801155,0.51635295
neural,ENSG00000150687,0.5162081,57.801155,0.5162081
neural,ENSG00000124249,0.5146324,57.801155,0.5146324
neural,ENSG00000183696,0.51425165,57.801155,0.51425165
neural,ENSG00000042493,0.51384234,57.801155,0.51384234
neural,ENSG00000187720,0.5136366,57.801155,0.5136366
neural,ENSG00000167434,-0.51285404,57.801155,0.51285404
neural,ENSG00000128567,-0.51121074,57.801155,0.51121074
neural,ENSG00000228109,-0.51023024,57.801155,0.51023024
neural,ENSG00000153446,0.5093079,57.801155,0.5093079
neural,ENSG00000235961,0.5090652,57.801155,0.5090652
neural,ENSG00000079931,0.5032444,57.801155,0.5032444
neural,ENSG00000141744,0.50304997,57.801155,0.50304997
neural,ENSG00000205358,0.50259125,57.801155,0.50259125
neural,ENSG00000016391,-0.5021772,57.801155,0.5021772
neural,ENSG00000187116,-0.49914768,57.801155,0.49914768
neural,ENSG00000013588,-0.49856496,57.801155,0.49856496
neural,ENSG00000021300,0.49815172,57.801155,0.49815172
neural,ENSG00000166278,-0.49744093,57.801155,0.49744093
neural,ENSG00000167693,-0.49718747,57.801155,0.49718747
neural,ENSG00000182636,-0.49639532,57.801155,0.49639532
neural,ENSG00000124216,0.4951207,57.801155,0.4951207
neural,ENSG00000244509,0.4945609,57.801155,0.4945609
neural,ENSG00000186439,0.49355975,57.801155,0.49355975
neural,ENSG00000147872,-0.493401,57.801155,0.493401
neural,ENSG00000171551,-0.4930765,57.801155,0.4930765
neural,ENSG00000170837,-0.492349,57.801155,0.492349
neural,ENSG00000214063,-0.49161372,57.801155,0.49161372
neural,ENSG00000181274,-0.49006385,57.801155,0.49006385
neural,ENSG00000101443,-0.4889659,57.801155,0.4889659
neural,ENSG00000151967,-0.48859248,57.801155,0.48859248
neural,ENSG00000006042,0.48787755,57.801155,0.48787755
neural,ENSG00000052344,0.48744965,57.801155,0.48744965
neural,ENSG00000147206,0.48553813,57.801155,0.48553813
neural,ENSG00000183386,-0.48510304,57.801155,0.48510304
neural,ENSG00000091972,-0.48470432,57.801155,0.48470432
neural,ENSG00000131386,-0.48369077,57.801155,0.48369077
neural,ENSG00000170075,0.48327798,57.801155,0.48327798
neural,ENSG00000005381,-0.48313096,57.801155,0.48313096
neural,ENSG00000170525,0.4812775,57.801155,0.4812775
neural,ENSG00000293515,-0.48090997,57.801155,0.48090997
neural,ENSG00000112655,-0.4780832,57.801155,0.4780832
neural,ENSG00000076944,-0.47715828,57.801155,0.47715828
neural,ENSG00000110427,-0.47706354,57.801155,0.47706354
neural,ENSG00000166928,0.47681895,57.801155,0.47681895
neural,ENSG00000254415,-0.47427472,57.801155,0.47427472
neural,ENSG00000196296,0.47362337,57.801155,0.47362337
neural,ENSG00000083857,-0.47324157,57.801155,0.47324157
neural,ENSG00000108405,0.4731069,57.801155,0.4731069
neural,ENSG00000183807,0.46878007,57.801155,0.46878007
neural,ENSG00000152086,0.4686209,57.801155,0.4686209
neural,ENSG00000177519,-0.46849033,57.801155,0.46849033
neural,ENSG00000101955,-0.46646976,57.801155,0.46646976
neural,ENSG00000153291,0.4662533,57.801155,0.4662533
neural,ENSG00000196188,0.46553665,57.801155,0.46553665
neural,ENSG00000105655,-0.46460333,57.801155,0.46460333
neural,ENSG00000124762,0.46307966,57.801155,0.46307966
neural,ENSG00000149968,-0.46238244,57.801155,0.46238244
neural,ENSG00000163239,0.4610928,57.801155,0.4610928
neural,ENSG00000163362,-0.46029407,57.801155,0.46029407
neural,ENSG00000050555,0.45910284,57.801155,0.45910284
neural,ENSG00000148926,-0.45809606,57.801155,0.45809606
neural,ENSG00000205116,-0.45775288,57.801155,0.45775288
neural,ENSG00000114315,0.4575352,57.801155,0.4575352
neural,ENSG00000176046,0.45750043,57.801155,0.45750043
neural,ENSG00000277402,-0.45732385,57.801155,0.45732385
neural,ENSG00000230202,-0.4573122,57.801155,0.4573122
neural,ENSG00000171388,-0.4569331,57.801155,0.4569331
neural,ENSG00000130066,-0.45681688,57.801155,0.45681688
neural,ENSG00000137558,-0.45571938,57.801155,0.45571938
neural,ENSG00000183010,-0.45310915,57.801155,0.45310915
neural,ENSG00000163082,0.45308933,57.801155,0.45308933
neural,ENSG00000132702,-0.45157945,57.801155,0.45157945
neural,ENSG00000160211,0.4512425,57.801155,0.4512425
neural,ENSG00000130988,0.45104575,57.801155,0.45104575
neural,ENSG00000141505,-0.44915646,57.801155,0.44915646
neural,ENSG00000074219,-0.4481202,57.801155,0.4481202
neural,ENSG00000203786,0.44750738,57.801155,0.44750738
neural,ENSG00000129194,0.44707122,57.801155,0.44707122
neural,ENSG00000124920,0.4470541,57.801155,0.4470541
neural,ENSG00000143226,-0.44622803,57.801155,0.44622803
neural,ENSG00000086205,-0.44458556,57.801155,0.44458556
neural,ENSG00000122952,-0.44261375,57.801155,0.44261375
neural,ENSG00000142677,0.4411517,57.801155,0.4411517
neural,ENSG00000204385,0.4407976,57.801155,0.4407976
neural,ENSG00000053524,0.43998918,57.801155,0.43998918
neural,ENSG00000204866,-0.43995062,57.801155,0.43995062
neural,ENSG00000204175,-0.43959802,57.801155,0.43959802
neural,ENSG00000077522,-0.4393885,57.801155,0.4393885
neural,ENSG00000185201,-0.43886113,57.801155,0.43886113
neural,ENSG00000214872,-0.4373356,57.801155,0.4373356
neural,ENSG00000135451,-0.4371084,57.801155,0.4371084
neural,ENSG00000171729,-0.4371028,57.801155,0.4371028
neural,ENSG00000180535,0.4366651,57.801155,0.4366651
neural,ENSG00000224982,0.4362989,57.801155,0.4362989
neural,ENSG00000196169,0.43489426,57.801155,0.43489426
neural,ENSG00000156414,-0.4342094,57.801155,0.4342094
neural,ENSG00000296642,-0.43396658,57.801155,0.43396658
neural,ENSG00000072422,-0.43349874,57.801155,0.43349874
neural,ENSG00000088836,0.43294227,57.801155,0.43294227
neural,ENSG00000088340,0.43284452,57.801155,0.43284452
neural,ENSG00000152049,-0.43281037,57.801155,0.43281037
neural,ENSG00000145703,-0.43241435,57.801155,0.43241435
neural,ENSG00000177508,0.43196967,57.801155,0.43196967
neural,ENSG00000165863,-0.43157437,57.801155,0.43157437
neural,ENSG00000171303,-0.43093017,57.801155,0.43093017
neural,ENSG00000140488,0.42991957,57.801155,0.42991957
neural,ENSG00000203499,-0.4298257,57.801155,0.4298257
neural,ENSG00000146070,0.42946765,57.801155,0.42946765
neural,ENSG00000128342,-0.4294363,57.801155,0.4294363
neural,ENSG00000175793,0.42895868,57.801155,0.42895868
neural,ENSG00000143028,-0.4286941,57.801155,0.4286941
neural,ENSG00000143819,0.42863187,57.801155,0.42863187
neural,ENSG00000147378,0.42859337,57.801155,0.42859337
neural,ENSG00000141934,0.42785475,57.801155,0.42785475
neural,ENSG00000066056,-0.42645833,57.801155,0.42645833
neural,ENSG00000179902,0.42559144,57.801155,0.42559144
neural,ENSG00000145824,-0.4248674,57.801155,0.4248674
neural,ENSG00000149557,-0.42469501,57.801155,0.42469501
neural,ENSG00000036672,0.42463994,57.801155,0.42463994
neural,ENSG00000100342,0.42284527,57.801155,0.42284527
neural,ENSG00000170909,0.42224288,57.801155,0.42224288
neural,ENSG00000138135,0.4207043,57.801155,0.4207043
neural,ENSG00000160862,0.41930857,57.801155,0.41930857
neural,ENSG00000127863,-0.418295,57.801155,0.418295
neural,ENSG00000135914,0.4165119,57.801155,0.4165119
neural,ENSG00000182175,-0.41493925,57.801155,0.41493925
neural,ENSG00000133134,0.41476947,57.801155,0.41476947
neural,ENSG00000135324,0.41418335,57.801155,0.41418335
neural,ENSG00000164188,-0.4133654,57.801155,0.4133654
neural,ENSG00000170745,-0.41289362,57.801155,0.41289362
neural,ENSG00000187867,0.4122721,57.801155,0.4122721
neural,ENSG00000248099,-0.4118797,57.801155,0.4118797
neural,ENSG00000115290,-0.41186014,57.801155,0.41186014
neural,ENSG00000147465,0.41161025,57.801155,0.41161025
neural,ENSG00000142530,-0.41122144,57.801155,0.41122144
neural,ENSG00000171345,-0.4109037,57.801155,0.4109037
neural,ENSG00000126878,-0.41076332,57.801155,0.41076332
neural,ENSG00000151882,0.41066083,57.801155,0.41066083
neural,ENSG00000179344,0.41042745,57.801155,0.41042745
neural,ENSG00000101825,0.40945184,57.801155,0.40945184
neural,ENSG00000241106,0.40930536,57.801155,0.40930536
neural,ENSG00000219435,-0.40835002,57.801155,0.40835002
neural,ENSG00000035664,-0.40802956,57.801155,0.40802956
neural,ENSG00000115112,-0.4069415,57.801155,0.4069415
neural,ENSG00000167996,-0.40688482,57.801155,0.40688482
neural,ENSG00000154175,0.40645152,57.801155,0.40645152
neural,ENSG00000106688,0.4048709,57.801155,0.4048709
neural,ENSG00000187922,0.40479565,57.801155,0.40479565
neural,ENSG00000182916,0.4032126,57.801155,0.4032126
neural,ENSG00000176406,0.40175357,57.801155,0.40175357
neural,ENSG00000228594,0.40051883,57.801155,0.40051883
neural,ENSG00000310501,0.400408,57.801155,0.400408
neural,ENSG00000184205,0.39958245,57.801155,0.39958245
neural,ENSG00000105711,0.39940912,57.801155,0.39940912
neural,ENSG00000118985,-0.3988548,57.801155,0.3988548
neural,ENSG00000100448,-0.39851412,57.801155,0.39851412
neural,ENSG00000148175,0.39840257,57.801155,0.39840257
neural,ENSG00000147454,0.39775804,57.801155,0.39775804
neural,ENSG00000124191,0.39742798,57.801155,0.39742798
neural,ENSG00000125910,-0.39733937,57.801155,0.39733937
neural,ENSG00000169515,-0.39674875,57.801155,0.39674875
neural,ENSG00000019582,0.39599046,57.801155,0.39599046
neural,ENSG00000109062,-0.39488584,57.801155,0.39488584
neural,ENSG00000101104,-0.39429143,57.801155,0.39429143
neural,ENSG00000168672,-0.3928772,57.801155,0.3928772
neural,ENSG00000204305,-0.39236805,57.801155,0.39236805
neural,ENSG00000198223,-0.3921441,57.801155,0.3921441
neural,ENSG00000211679,-0.39200735,57.801155,0.39200735
neural,ENSG00000276855,-0.39095095,57.801155,0.39095095
neural,ENSG00000140465,-0.389789,57.801155,0.389789
neural,ENSG00000168907,-0.38867772,57.801155,0.38867772
neural,ENSG00000172232,0.38866788,57.801155,0.38866788
neural,ENSG00000133083,-0.38812914,57.801155,0.38812914
neural,ENSG00000168334,-0.3880752,57.801155,0.3880752
neural,ENSG00000114790,0.38592824,57.801155,0.38592824
neural,ENSG00000189280,0.38587084,57.801155,0.38587084
neural,ENSG00000162777,-0.3858623,57.801155,0.3858623
neural,ENSG00000188176,-0.38568252,57.801155,0.38568252
neural,ENSG00000171346,0.3855742,57.801155,0.3855742
neural,ENSG00000214578,-0.38393915,57.801155,0.38393915
neural,ENSG00000132470,0.38366598,57.801155,0.38366598
neural,ENSG00000273108,-0.3833086,57.801155,0.3833086
neural,ENSG00000164120,0.38261968,57.801155,0.38261968
neural,ENSG00000118194,-0.3824296,57.801155,0.3824296
neural,ENSG00000121900,0.3794642,57.801155,0.3794642
neural,ENSG00000134222,-0.3790897,57.801155,0.3790897
neural,ENSG00000126759,0.37748468,57.801155,0.37748468
neural,ENSG00000162975,-0.37689215,57.801155,0.37689215
neural,ENSG00000125735,-0.37619525,57.801155,0.37619525
neural,ENSG00000179921,0.37618914,57.801155,0.37618914
neural,ENSG00000158516,0.37557575,57.801155,0.37557575
neural,ENSG00000147256,0.37551475,57.801155,0.37551475
neural,ENSG00000160282,0.37534717,57.801155,0.37534717
neural,ENSG00000177455,-0.3752452,57.801155,0.3752452
neural,ENSG00000275993,0.37441662,57.801155,0.37441662
neural,ENSG00000130164,0.3740367,57.801155,0.3740367
neural,ENSG00000154027,0.37383944,57.801155,0.37383944
neural,ENSG00000137491,0.37357175,57.801155,0.37357175
neural,ENSG00000196136,0.3733361,57.801155,0.3733361
neural,ENSG00000078295,-0.3722788,57.801155,0.3722788
neural,ENSG00000166750,-0.3715691,57.801155,0.3715691
neural,ENSG00000086506,-0.37142622,57.801155,0.37142622
neural,ENSG00000146192,-0.3712509,57.801155,0.3712509
neural,ENSG00000175906,-0.37060073,57.801155,0.37060073
neural,ENSG00000187474,-0.37008256,57.801155,0.37008256
neural,ENSG00000172731,0.36983493,57.801155,0.36983493
neural,ENSG00000183715,0.36883754,57.801155,0.36883754
neural,ENSG00000184785,0.36828274,57.801155,0.36828274
neural,ENSG00000162591,0.3682261,57.801155,0.3682261
neural,ENSG00000169218,-0.3680474,57.801155,0.3680474
neural,ENSG00000130202,-0.36772776,57.801155,0.36772776
neural,ENSG00000143632,-0.3675137,57.801155,0.3675137
neural,ENSG00000269981,0.36735982,57.801155,0.36735982
neural,ENSG00000060558,0.3672142,57.801155,0.3672142
neural,ENSG00000137672,0.36606273,57.801155,0.36606273
neural,ENSG00000143217,-0.36592895,57.801155,0.36592895
neural,ENSG00000245848,0.36557508,57.801155,0.36557508
neural,ENSG00000115138,-0.36495173,57.801155,0.36495173
neural,ENSG00000121933,-0.3639809,57.801155,0.3639809
neural,ENSG00000108798,0.36394736,57.801155,0.36394736
neural,ENSG00000015592,0.36358428,57.801155,0.36358428
neural,ENSG00000074660,0.36307138,57.801155,0.36307138
neural,ENSG00000166145,0.3630149,57.801155,0.3630149
neural,ENSG00000198807,0.36298463,57.801155,0.36298463
neural,ENSG00000128422,-0.3626323,57.801155,0.3626323
neural,ENSG00000159339,-0.3619038,57.801155,0.3619038
neural,ENSG00000139352,0.36153027,57.801155,0.36153027
neural,ENSG00000196126,0.35987023,57.801155,0.35987023
neural,ENSG00000143119,0.3596185,57.801155,0.3596185
neural,ENSG00000174697,0.35783058,57.801155,0.35783058
neural,ENSG00000091428,0.35779417,57.801155,0.35779417
neural,ENSG00000118271,-0.35690954,57.801155,0.35690954
neural,ENSG00000205795,-0.35654232,57.801155,0.35654232
neural,ENSG00000244482,0.3562421,57.801155,0.3562421
neural,ENSG00000085276,-0.3561324,57.801155,0.3561324
neural,ENSG00000178773,0.35580468,57.801155,0.35580468
neural,ENSG00000106624,0.35517803,57.801155,0.35517803
neural,ENSG00000099256,0.3550726,57.801155,0.3550726
neural,ENSG00000112214,0.354092,57.801155,0.354092
neural,ENSG00000042062,-0.35399103,57.801155,0.35399103
neural,ENSG00000104903,0.35342115,57.801155,0.35342115
neural,ENSG00000154734,0.3524827,57.801155,0.3524827
neural,ENSG00000006611,0.3524123,57.801155,0.3524123
neural,ENSG00000223865,0.35031632,57.801155,0.35031632
neural,ENSG00000172867,-0.35029787,57.801155,0.35029787
neural,ENSG00000118640,-0.34910935,57.801155,0.34910935
neural,ENSG00000009790,0.3489506,57.801155,0.3489506
neural,ENSG00000253313,0.3487364,57.801155,0.3487364
neural,ENSG00000136002,0.34869733,57.801155,0.34869733
neural,ENSG00000134184,0.34828904,57.801155,0.34828904
neural,ENSG00000157734,0.34713978,57.801155,0.34713978
neural,ENSG00000008735,0.34695846,57.801155,0.34695846
neural,ENSG00000085563,-0.34683228,57.801155,0.34683228
neural,ENSG00000163923,-0.34596956,57.801155,0.34596956
neural,ENSG00000182782,-0.3457158,57.801155,0.3457158
neural,ENSG00000100079,-0.34487963,57.801155,0.34487963
neural,ENSG00000168938,-0.34361985,57.801155,0.34361985
neural,ENSG00000085514,0.34357905,57.801155,0.34357905
neural,ENSG00000179954,0.3432574,57.801155,0.3432574
neural,ENSG00000189223,-0.34322602,57.801155,0.34322602
neural,ENSG00000142227,-0.34296185,57.801155,0.34296185
neural,ENSG00000102575,0.34292117,57.801155,0.34292117
neural,ENSG00000131095,0.34245265,57.801155,0.34245265
neural,ENSG00000184489,0.3420159,57.801155,0.3420159
neural,ENSG00000198736,-0.34167466,57.801155,0.34167466
neural,ENSG00000134548,0.34139326,57.801155,0.34139326
neural,ENSG00000196878,0.34125042,57.801155,0.34125042
neural,ENSG00000137809,0.34124717,57.801155,0.34124717
neural,ENSG00000175161,0.34110752,57.801155,0.34110752
neural,ENSG00000057294,0.340825,57.801155,0.340825
neural,ENSG00000101144,0.34035456,57.801155,0.34035456
neural,ENSG00000109193,-0.34035292,57.801155,0.34035292
neural,ENSG00000167900,0.34034583,57.801155,0.34034583
neural,ENSG00000157613,0.33929998,57.801155,0.33929998
neural,ENSG00000058085,-0.33903718,57.801155,0.33903718
neural,ENSG00000143369,0.33869547,57.801155,0.33869547
neural,ENSG00000117480,0.33836916,57.801155,0.33836916
neural,ENSG00000168484,-0.33826867,57.801155,0.33826867
neural,ENSG00000175564,0.3380617,57.801155,0.3380617
neural,ENSG00000105835,0.3373164,57.801155,0.3373164
neural,ENSG00000176194,-0.3371036,57.801155,0.3371036
neural,ENSG00000167608,0.33710235,57.801155,0.33710235
neural,ENSG00000204071,0.33644944,57.801155,0.33644944
neural,ENSG00000173868,-0.3356285,57.801155,0.3356285
neural,ENSG00000308499,0.334999,57.801155,0.334999
neural,ENSG00000119927,0.3346212,57.801155,0.3346212
neural,ENSG00000134533,-0.33427656,57.801155,0.33427656
neural,ENSG00000182272,-0.33331913,57.801155,0.33331913
neural,ENSG00000198892,-0.3332734,57.801155,0.3332734
neural,ENSG00000132465,0.33322605,57.801155,0.33322605
neural,ENSG00000115232,-0.33253074,57.801155,0.33253074
neural,ENSG00000155629,-0.3323379,57.801155,0.3323379
neural,ENSG00000159871,0.33228105,57.801155,0.33228105
neural,ENSG00000090971,0.33176085,57.801155,0.33176085
neural,ENSG00000151012,-0.3314749,57.801155,0.3314749
neural,ENSG00000283787,0.33117357,57.801155,0.33117357
neural,ENSG00000158270,0.33106008,57.801155,0.33106008
neural,ENSG00000102886,0.33081558,57.801155,0.33081558
neural,ENSG00000181092,-0.33072075,57.801155,0.33072075
neural,ENSG00000175445,0.3306932,57.801155,0.3306932
neural,ENSG00000175040,0.33052373,57.801155,0.33052373
neural,ENSG00000234906,-0.3304307,57.801155,0.3304307
neural,ENSG00000115607,-0.3303486,57.801155,0.3303486
neural,ENSG00000152377,0.33034098,57.801155,0.33034098
neural,ENSG00000137807,-0.33023405,57.801155,0.33023405
neural,ENSG00000171130,-0.33017585,57.801155,0.33017585
neural,ENSG00000110092,0.33005,57.801155,0.33005
neural,ENSG00000198435,0.32955173,57.801155,0.32955173
neural,ENSG00000155087,0.32947788,57.801155,0.32947788
neural,ENSG00000139200,-0.32897112,57.801155,0.32897112
neural,ENSG00000138792,0.32836026,57.801155,0.32836026
neural,ENSG00000151552,0.32814437,57.801155,0.32814437
neural,ENSG00000177119,0.3275299,57.801155,0.3275299
neural,ENSG00000119681,0.32750505,57.801155,0.32750505
neural,ENSG00000211663,-0.3274453,57.801155,0.3274453
neural,ENSG00000103154,0.32742918,57.801155,0.32742918
neural,ENSG00000010610,0.32731017,57.801155,0.32731017
neural,ENSG00000240342,-0.32627812,57.801155,0.32627812
neural,ENSG00000174939,-0.3253772,57.801155,0.3253772
neural,ENSG00000006210,-0.32505646,57.801155,0.32505646
neural,ENSG00000060718,-0.32461205,57.801155,0.32461205
neural,ENSG00000173846,0.32342118,57.801155,0.32342118
neural,ENSG00000056998,-0.32282415,57.801155,0.32282415
neural,ENSG00000111859,0.32225975,57.801155,0.32225975
neural,ENSG00000145936,0.3222244,57.801155,0.3222244
neural,ENSG00000164326,0.32195207,57.801155,0.32195207
neural,ENSG00000181195,0.32178077,57.801155,0.32178077
neural,ENSG00000103313,0.32140896,57.801155,0.32140896
neural,ENSG00000122254,0.32116103,57.801155,0.32116103
neural,ENSG00000223802,0.32103607,57.801155,0.32103607
neural,ENSG00000137392,0.32088575,57.801155,0.32088575
neural,ENSG00000157601,0.32087904,57.801155,0.32087904
neural,ENSG00000138758,-0.3206848,57.801155,0.3206848
neural,ENSG00000110660,0.3202158,57.801155,0.3202158
neural,ENSG00000138964,0.32018033,57.801155,0.32018033
neural,ENSG00000164122,-0.32014447,57.801155,0.32014447
neural,ENSG00000099840,0.3199829,57.801155,0.3199829
neural,ENSG00000107984,0.31966174,57.801155,0.31966174
neural,ENSG00000186994,-0.31963313,57.801155,0.31963313
neural,ENSG00000114374,0.31918132,57.801155,0.31918132
neural,ENSG00000198848,-0.31898242,57.801155,0.31898242
neural,ENSG00000268307,-0.31897548,57.801155,0.31897548
neural,ENSG00000169474,-0.3188689,57.801155,0.3188689
neural,ENSG00000174950,-0.31885904,57.801155,0.31885904
neural,ENSG00000183578,0.31850442,57.801155,0.31850442
neural,ENSG00000137709,0.31807253,57.801155,0.31807253
neural,ENSG00000211900,-0.31773776,57.801155,0.31773776
neural,ENSG00000182103,0.3177256,57.801155,0.3177256
neural,ENSG00000125538,0.31717643,57.801155,0.31717643
neural,ENSG00000173482,0.3171137,57.801155,0.3171137
neural,ENSG00000104332,0.31671807,57.801155,0.31671807
neural,ENSG00000259969,-0.31613952,57.801155,0.31613952
neural,ENSG00000163739,0.315974,57.801155,0.315974
neural,ENSG00000173338,0.31593794,57.801155,0.31593794
neural,ENSG00000186074,0.315748,57.801155,0.315748
neural,ENSG00000147255,-0.31562677,57.801155,0.31562677
neural,ENSG00000133742,-0.31559014,57.801155,0.31559014
neural,ENSG00000143341,-0.31546462,57.801155,0.31546462
neural,ENSG00000138031,0.31481326,57.801155,0.31481326
neural,ENSG00000108231,-0.3146608,57.801155,0.3146608
neural,ENSG00000134594,0.3137838,57.801155,0.3137838
neural,ENSG00000078081,0.3135684,57.801155,0.3135684
neural,ENSG00000105971,0.31332916,57.801155,0.31332916
neural,ENSG00000235162,-0.3131401,57.801155,0.3131401
neural,ENSG00000157873,0.31293526,57.801155,0.31293526
neural,ENSG00000161249,0.3129047,57.801155,0.3129047
neural,ENSG00000215187,-0.31266817,57.801155,0.31266817
neural,ENSG00000211899,-0.31244877,57.801155,0.31244877
neural,ENSG00000306999,-0.3121437,57.801155,0.3121437
neural,ENSG00000182601,-0.3120795,57.801155,0.3120795
neural,ENSG00000137273,-0.31180534,57.801155,0.31180534
neural,ENSG00000121691,-0.31157002,57.801155,0.31157002
neural,ENSG00000101230,-0.31141233,57.801155,0.31141233
neural,ENSG00000161513,0.31097284,57.801155,0.31097284
neural,ENSG00000139211,0.31040174,57.801155,0.31040174
neural,ENSG00000119986,0.3101314,57.801155,0.3101314
neural,ENSG00000149043,0.3099518,57.801155,0.3099518
neural,ENSG00000122122,-0.30993333,57.801155,0.30993333
neural,ENSG00000211945,-0.30980822,57.801155,0.30980822
neural,ENSG00000165025,0.30897647,57.801155,0.30897647
neural,ENSG00000171680,0.30831996,57.801155,0.30831996
neural,ENSG00000260807,-0.30806857,57.801155,0.30806857
neural,ENSG00000197191,0.3075767,57.801155,0.3075767
neural,ENSG00000170807,0.30728686,57.801155,0.30728686
neural,ENSG00000172824,-0.30723265,57.801155,0.30723265
neural,ENSG00000111046,-0.30701962,57.801155,0.30701962
neural,ENSG00000154736,-0.30695987,57.801155,0.30695987
neural,ENSG00000138722,-0.30695793,57.801155,0.30695793
neural,ENSG00000129538,-0.30648527,57.801155,0.30648527
neural,ENSG00000103184,-0.3062788,57.801155,0.3062788
neural,ENSG00000151136,0.30604202,57.801155,0.30604202
neural,ENSG00000026751,-0.30570665,57.801155,0.30570665
neural,ENSG00000106541,-0.30535036,57.801155,0.30535036
neural,ENSG00000105767,-0.30522782,57.801155,0.30522782
neural,ENSG00000164047,-0.3051331,57.801155,0.3051331
neural,ENSG00000164742,-0.30418798,57.801155,0.30418798
neural,ENSG00000272734,-0.30408537,57.801155,0.30408537
neural,ENSG00000069431,0.30405572,57.801155,0.30405572
neural,ENSG00000135643,-0.3039477,57.801155,0.3039477
neural,ENSG00000163814,0.3038308,57.801155,0.3038308
neural,ENSG00000133135,-0.3034828,57.801155,0.3034828
neural,ENSG00000072694,-0.3034534,57.801155,0.3034534
neural,ENSG00000113396,-0.3027849,57.801155,0.3027849
neural,ENSG00000143318,0.3027799,57.801155,0.3027799
neural,ENSG00000184731,0.30216035,57.801155,0.30216035
neural,ENSG00000110799,0.30198187,57.801155,0.30198187
neural,ENSG00000197273,-0.3018536,57.801155,0.3018536
neural,ENSG00000115252,0.30120403,57.801155,0.30120403
neural,ENSG00000197956,-0.30116075,57.801155,0.30116075
neural,ENSG00000188191,-0.3009394,57.801155,0.3009394
neural,ENSG00000211895,0.30081403,57.801155,0.30081403
neural,ENSG00000039560,-0.3007344,57.801155,0.3007344
neural,ENSG00000275395,-0.30069262,57.801155,0.30069262
neural,ENSG00000175591,0.3000185,57.801155,0.3000185
neural,ENSG00000167588,-0.29993707,57.801155,0.29993707
neural,ENSG00000137203,0.29972684,57.801155,0.29972684
neural,ENSG00000158769,-0.29961225,57.801155,0.29961225
neural,ENSG00000118804,-0.29943797,57.801155,0.29943797
neural,ENSG00000071967,-0.29940206,57.801155,0.29940206
neural,ENSG00000129009,0.29899952,57.801155,0.29899952
neural,ENSG00000231389,0.29881844,57.801155,0.29881844
neural,ENSG00000166394,0.2987112,57.801155,0.2987112
neural,ENSG00000270210,0.29764572,57.801155,0.29764572
neural,ENSG00000136689,-0.2976431,57.801155,0.2976431
neural,ENSG00000274173,0.2974011,57.801155,0.2974011
neural,ENSG00000140067,0.29728264,57.801155,0.29728264
neural,ENSG00000115255,-0.29721856,57.801155,0.29721856
neural,ENSG00000139193,-0.29720655,57.801155,0.29720655
neural,ENSG00000115363,0.2969866,57.801155,0.2969866
neural,ENSG00000255443,-0.29675084,57.801155,0.29675084
neural,ENSG00000129354,0.29672116,57.801155,0.29672116
neural,ENSG00000168913,-0.29649246,57.801155,0.29649246
neural,ENSG00000289474,-0.29648098,57.801155,0.29648098
neural,ENSG00000099994,0.29644686,57.801155,0.29644686
neural,ENSG00000130956,0.29641443,57.801155,0.29641443
neural,ENSG00000184254,0.29595086,57.801155,0.29595086
neural,ENSG00000156804,0.2951484,57.801155,0.2951484
neural,ENSG00000143590,0.29487574,57.801155,0.29487574
neural,ENSG00000139055,-0.2946539,57.801155,0.2946539
neural,ENSG00000204219,-0.29444808,57.801155,0.29444808
neural,ENSG00000121440,0.2941809,57.801155,0.2941809
neural,ENSG00000092621,0.2940994,57.801155,0.2940994
neural,ENSG00000115221,-0.2939906,57.801155,0.2939906
neural,ENSG00000181444,-0.2939634,57.801155,0.2939634
neural,ENSG00000081052,-0.29181746,57.801155,0.29181746
neural,ENSG00000245532,-0.29130983,57.801155,0.29130983
neural,ENSG00000163737,0.2912869,57.801155,0.2912869
neural,ENSG00000137198,-0.2911358,57.801155,0.2911358
neural,ENSG00000074181,-0.29091173,57.801155,0.29091173
neural,ENSG00000059804,-0.29058915,57.801155,0.29058915
neural,ENSG00000137463,0.2905542,57.801155,0.2905542
neural,ENSG00000251320,0.29046902,57.801155,0.29046902
neural,ENSG00000102854,-0.29035705,57.801155,0.29035705
neural,ENSG00000163206,-0.29030034,57.801155,0.29030034
neural,ENSG00000206503,-0.29027075,57.801155,0.29027075
neural,ENSG00000161798,-0.2902385,57.801155,0.2902385
neural,ENSG00000143061,-0.28991416,57.801155,0.28991416
neural,ENSG00000126262,-0.28948277,57.801155,0.28948277
neural,ENSG00000163071,0.28929314,57.801155,0.28929314
neural,ENSG00000112796,-0.28903267,57.801155,0.28903267
neural,ENSG00000116690,0.28895453,57.801155,0.28895453
neural,ENSG00000160781,-0.2884126,57.801155,0.2884126
neural,ENSG00000137699,-0.28819767,57.801155,0.28819767
neural,ENSG00000169679,-0.28764918,57.801155,0.28764918
neural,ENSG00000006555,-0.28762138,57.801155,0.28762138
neural,ENSG00000204525,0.28753102,57.801155,0.28753102
neural,ENSG00000177303,0.28707415,57.801155,0.28707415
neural,ENSG00000095370,0.28685817,57.801155,0.28685817
neural,ENSG00000169900,0.28685352,57.801155,0.28685352
neural,ENSG00000184363,-0.28664398,57.801155,0.28664398
neural,ENSG00000153822,0.28649065,57.801155,0.28649065
neural,ENSG00000168685,0.28617993,57.801155,0.28617993
neural,ENSG00000135636,0.28484365,57.801155,0.28484365
neural,ENSG00000088386,-0.28457677,57.801155,0.28457677
neural,ENSG00000161281,-0.28445745,57.801155,0.28445745
neural,ENSG00000137507,0.28442052,57.801155,0.28442052
neural,ENSG00000135439,-0.28425413,57.801155,0.28425413
neural,ENSG00000081237,0.283983,57.801155,0.283983
neural,ENSG00000084674,-0.28384605,57.801155,0.28384605
neural,ENSG00000105559,-0.28340745,57.801155,0.28340745
neural,ENSG00000234745,0.28336155,57.801155,0.28336155
neural,ENSG00000198643,-0.28311354,57.801155,0.28311354
neural,ENSG00000180573,-0.28287348,57.801155,0.28287348
neural,ENSG00000105894,-0.28271094,57.801155,0.28271094
neural,ENSG00000126583,0.2826551,57.801155,0.2826551
neural,ENSG00000146904,0.28260463,57.801155,0.28260463
neural,ENSG00000131773,0.28258505,57.801155,0.28258505
neural,ENSG00000077943,-0.28181362,57.801155,0.28181362
neural,ENSG00000132481,-0.28181085,57.801155,0.28181085
neural,ENSG00000211611,0.28180155,57.801155,0.28180155
neural,ENSG00000198502,0.2815065,57.801155,0.2815065
neural,ENSG00000073060,0.281061,57.801155,0.281061
neural,ENSG00000163931,-0.28102714,57.801155,0.28102714
neural,ENSG00000236279,-0.28066817,57.801155,0.28066817
neural,ENSG00000240204,-0.28064921,57.801155,0.28064921
neural,ENSG00000146122,-0.28017572,57.801155,0.28017572
neural,ENSG00000169442,-0.28009018,57.801155,0.28009018
neural,ENSG00000239855,0.28002104,57.801155,0.28002104
neural,ENSG00000153823,-0.27997172,57.801155,0.27997172
neural,ENSG00000118849,0.2797882,57.801155,0.2797882
neural,ENSG00000151917,-0.27950713,57.801155,0.27950713
neural,ENSG00000102683,-0.27869448,57.801155,0.27869448
neural,ENSG00000096060,0.27812335,57.801155,0.27812335
neural,ENSG00000289901,-0.27812272,57.801155,0.27812272
neural,ENSG00000145194,-0.27802265,57.801155,0.27802265
neural,ENSG00000110848,0.2778026,57.801155,0.2778026
neural,ENSG00000259384,0.27754545,57.801155,0.27754545
neural,ENSG00000270640,0.27731568,57.801155,0.27731568
neural,ENSG00000175920,-0.27710575,57.801155,0.27710575
neural,ENSG00000117394,-0.27702788,57.801155,0.27702788
neural,ENSG00000169604,-0.27685207,57.801155,0.27685207
neural,ENSG00000139988,0.27672252,57.801155,0.27672252
neural,ENSG00000130413,-0.27579537,57.801155,0.27579537
neural,ENSG00000122863,-0.27574116,57.801155,0.27574116
neural,ENSG00000119938,0.27573684,57.801155,0.27573684
neural,ENSG00000197576,-0.27560073,57.801155,0.27560073
neural,ENSG00000166917,0.27517617,57.801155,0.27517617
neural,ENSG00000130508,-0.2742481,57.801155,0.2742481
neural,ENSG00000068001,0.27416992,57.801155,0.27416992
neural,ENSG00000100994,0.27408445,57.801155,0.27408445
neural,ENSG00000136244,0.27408385,57.801155,0.27408385
neural,ENSG00000184730,0.27399522,57.801155,0.27399522
neural,ENSG00000290007,0.27336666,57.801155,0.27336666
neural,ENSG00000171564,0.27309164,57.801155,0.27309164
neural,ENSG00000166173,-0.27268794,57.801155,0.27268794
neural,ENSG00000185885,-0.27251586,57.801155,0.27251586
neural,ENSG00000197977,-0.27235872,57.801155,0.27235872
neural,ENSG00000009765,-0.27231494,57.801155,0.27231494
neural,ENSG00000305512,0.2721958,57.801155,0.2721958
neural,ENSG00000185668,0.27219507,57.801155,0.27219507
neural,ENSG00000112320,-0.272176,57.801155,0.272176
neural,ENSG00000047457,0.27168542,57.801155,0.27168542
neural,ENSG00000183287,0.27162609,57.801155,0.27162609
neural,ENSG00000132541,-0.27102554,57.801155,0.27102554
neural,ENSG00000196358,0.27064207,57.801155,0.27064207
neural,ENSG00000148346,-0.27063316,57.801155,0.27063316
neural,ENSG00000108556,-0.27056786,57.801155,0.27056786
neural,ENSG00000184678,-0.27029908,57.801155,0.27029908
neural,ENSG00000143196,-0.2702955,57.801155,0.2702955
neural,ENSG00000143333,-0.2701128,57.801155,0.2701128
neural,ENSG00000166869,-0.2695594,57.801155,0.2695594
neural,ENSG00000100162,-0.26940405,57.801155,0.26940405
neural,ENSG00000168071,-0.26935905,57.801155,0.26935905
neural,ENSG00000136574,-0.26904222,57.801155,0.26904222
neural,ENSG00000182667,-0.26888454,57.801155,0.26888454
neural,ENSG00000155465,-0.26887304,57.801155,0.26887304
neural,ENSG00000116852,-0.2686029,57.801155,0.2686029
neural,ENSG00000181449,-0.2684391,57.801155,0.2684391
neural,ENSG00000151632,-0.26842928,57.801155,0.26842928
neural,ENSG00000167600,0.2682671,57.801155,0.2682671
neural,ENSG00000187773,0.26807612,57.801155,0.26807612
neural,ENSG00000113721,-0.26748967,57.801155,0.26748967
neural,ENSG00000007516,0.26740253,57.801155,0.26740253
neural,ENSG00000004776,0.2668961,57.801155,0.2668961
neural,ENSG00000174607,0.26679415,57.801155,0.26679415
neural,ENSG00000207955,0.26646084,57.801155,0.26646084
neural,ENSG00000006327,-0.26617682,57.801155,0.26617682
neural,ENSG00000140795,-0.26599634,57.801155,0.26599634
neural,ENSG00000139209,-0.26593608,57.801155,0.26593608
neural,ENSG00000158055,0.26591152,57.801155,0.26591152
neural,ENSG00000123610,-0.26589918,57.801155,0.26589918
neural,ENSG00000069482,-0.26576808,57.801155,0.26576808
neural,ENSG00000122378,-0.2654717,57.801155,0.2654717
neural,ENSG00000113389,-0.26531026,57.801155,0.26531026
neural,ENSG00000118526,0.26529464,57.801155,0.26529464
neural,ENSG00000142669,-0.2651917,57.801155,0.2651917
neural,ENSG00000130957,-0.26519114,57.801155,0.26519114
neural,ENSG00000164687,-0.26511997,57.801155,0.26511997
neural,ENSG00000127252,-0.26475665,57.801155,0.26475665
neural,ENSG00000224397,-0.26472262,57.801155,0.26472262
neural,ENSG00000115590,0.26466995,57.801155,0.26466995
neural,ENSG00000082781,-0.2645052,57.801155,0.2645052
neural,ENSG00000188643,-0.26437783,57.801155,0.26437783
neural,ENSG00000156738,0.26426476,57.801155,0.26426476
neural,ENSG00000163017,-0.26391163,57.801155,0.26391163
neural,ENSG00000064547,-0.26373565,57.801155,0.26373565
neural,ENSG00000147100,-0.26353398,57.801155,0.26353398
neural,ENSG00000240864,0.26336962,57.801155,0.26336962
neural,ENSG00000260230,0.26314512,57.801155,0.26314512
neural,ENSG00000105205,0.26251704,57.801155,0.26251704
neural,ENSG00000183091,0.2624053,57.801155,0.2624053
neural,ENSG00000129422,0.26238865,57.801155,0.26238865
neural,ENSG00000163710,-0.262253,57.801155,0.262253
neural,ENSG00000157782,0.26224115,57.801155,0.26224115
neural,ENSG00000237973,0.2621293,57.801155,0.2621293
neural,ENSG00000116675,0.26200348,57.801155,0.26200348
neural,ENSG00000113430,0.26171833,57.801155,0.26171833
neural,ENSG00000102109,-0.26154384,57.801155,0.26154384
neural,ENSG00000171860,0.2614762,57.801155,0.2614762
neural,ENSG00000162040,0.26141146,57.801155,0.26141146
neural,ENSG00000132535,-0.26140863,57.801155,0.26140863
neural,ENSG00000268751,-0.26126567,57.801155,0.26126567
neural,ENSG00000279118,-0.2612383,57.801155,0.2612383
neural,ENSG00000160886,-0.26115394,57.801155,0.26115394
neural,ENSG00000185101,0.26085344,57.801155,0.26085344
neural,ENSG00000173369,-0.26047653,57.801155,0.26047653
neural,ENSG00000179715,0.26045403,57.801155,0.26045403
neural,ENSG00000143127,0.26031092,57.801155,0.26031092
neural,ENSG00000167208,0.2602523,57.801155,0.2602523
neural,ENSG00000165124,-0.26013106,57.801155,0.26013106
neural,ENSG00000167751,-0.25964904,57.801155,0.25964904
neural,ENSG00000181019,0.25959057,57.801155,0.25959057
neural,ENSG00000187902,-0.25949866,57.801155,0.25949866
neural,ENSG00000168309,0.2594739,57.801155,0.2594739
neural,ENSG00000110400,-0.2593965,57.801155,0.2593965
neural,ENSG00000136717,0.25822046,57.801155,0.25822046
neural,ENSG00000237172,0.2581161,57.801155,0.2581161
neural,ENSG00000107317,0.2580093,57.801155,0.2580093
neural,ENSG00000204544,0.25784585,57.801155,0.25784585
neural,ENSG00000107099,-0.25760648,57.801155,0.25760648
neural,ENSG00000244437,-0.2572357,57.801155,0.2572357
neural,ENSG00000114251,-0.25695255,57.801155,0.25695255
neural,ENSG00000175463,0.25683153,57.801155,0.25683153
neural,ENSG00000196376,-0.2565748,57.801155,0.2565748
neural,ENSG00000116661,0.25650486,57.801155,0.25650486
neural,ENSG00000258818,0.25636524,57.801155,0.25636524
neural,ENSG00000162733,-0.25619832,57.801155,0.25619832
neural,ENSG00000168481,-0.2560579,57.801155,0.2560579
neural,ENSG00000164266,-0.25549445,57.801155,0.25549445
neural,ENSG00000172638,-0.25503314,57.801155,0.25503314
neural,ENSG00000149418,-0.25461575,57.801155,0.25461575
neural,ENSG00000123843,-0.2544401,57.801155,0.2544401
neural,ENSG00000169116,0.25368375,57.801155,0.25368375
neural,ENSG00000211935,-0.2535391,57.801155,0.2535391
neural,ENSG00000170549,0.25351244,57.801155,0.25351244
neural,ENSG00000145721,-0.25323594,57.801155,0.25323594
neural,ENSG00000187678,0.25319993,57.801155,0.25319993
neural,ENSG00000054938,0.25295022,57.801155,0.25295022
neural,ENSG00000128383,0.25283575,57.801155,0.25283575
neural,ENSG00000135272,-0.25253826,57.801155,0.25253826
neural,ENSG00000172236,-0.2523718,57.801155,0.2523718
neural,ENSG00000095637,-0.25130093,57.801155,0.25130093
neural,ENSG00000167604,0.25106743,57.801155,0.25106743
neural,ENSG00000183607,-0.2509173,57.801155,0.2509173
neural,ENSG00000176907,-0.25081465,57.801155,0.25081465
neural,ENSG00000078804,-0.25051022,57.801155,0.25051022
neural,ENSG00000148908,-0.25043002,57.801155,0.25043002
neural,ENSG00000113083,-0.25039372,57.801155,0.25039372
neural,ENSG00000134463,-0.25030488,57.801155,0.25030488
neural,ENSG00000144057,-0.250029,57.801155,0.250029
neural,ENSG00000006116,-0.24969365,57.801155,0.24969365
neural,ENSG00000165507,0.2496261,57.801155,0.2496261
neural,ENSG00000143995,-0.24942999,57.801155,0.24942999
neural,ENSG00000135373,0.24939701,57.801155,0.24939701
neural,ENSG00000187608,-0.2493673,57.801155,0.2493673
neural,ENSG00000147394,-0.24891226,57.801155,0.24891226
neural,ENSG00000164440,0.2487678,57.801155,0.2487678
neural,ENSG00000083307,0.24862194,57.801155,0.24862194
neural,ENSG00000125648,-0.24851158,57.801155,0.24851158
neural,ENSG00000179094,-0.2481022,57.801155,0.2481022
neural,ENSG00000146859,-0.24741168,57.801155,0.24741168
neural,ENSG00000248485,-0.24731433,57.801155,0.24731433
neural,ENSG00000064270,0.24730358,57.801155,0.24730358
neural,ENSG00000160307,0.24721554,57.801155,0.24721554
neural,ENSG00000095739,0.24700814,57.801155,0.24700814
neural,ENSG00000223350,-0.24686056,57.801155,0.24686056
neural,ENSG00000103175,0.24676828,57.801155,0.24676828
neural,ENSG00000128849,0.24673893,57.801155,0.24673893
neural,ENSG00000105516,-0.2460456,57.801155,0.2460456
neural,ENSG00000290878,0.24538308,57.801155,0.24538308
neural,ENSG00000103888,0.24528891,57.801155,0.24528891
neural,ENSG00000143248,0.24523845,57.801155,0.24523845
neural,ENSG00000099958,-0.24477156,57.801155,0.24477156
neural,ENSG00000180209,-0.24470142,57.801155,0.24470142
neural,ENSG00000184160,0.24446797,57.801155,0.24446797
neural,ENSG00000196735,0.24440819,57.801155,0.24440819
neural,ENSG00000164761,-0.24394436,57.801155,0.24394436
neural,ENSG00000211637,0.24373902,57.801155,0.24373902
neural,ENSG00000154553,0.24369787,57.801155,0.24369787
neural,ENSG00000206077,0.2436945,57.801155,0.2436945
neural,ENSG00000104972,0.24362053,57.801155,0.24362053
neural,ENSG00000155792,-0.24345493,57.801155,0.24345493
neural,ENSG00000172602,-0.2433275,57.801155,0.2433275
neural,ENSG00000122477,0.24328694,57.801155,0.24328694
neural,ENSG00000133401,0.24282017,57.801155,0.24282017
neural,ENSG00000178184,0.2426714,57.801155,0.2426714
neural,ENSG00000163827,0.24245816,57.801155,0.24245816
neural,ENSG00000124205,-0.24216813,57.801155,0.24216813
neural,ENSG00000188674,0.24190186,57.801155,0.24190186
neural,ENSG00000115271,-0.2412202,57.801155,0.2412202
neural,ENSG00000153179,-0.24097729,57.801155,0.24097729
neural,ENSG00000163285,0.24074228,57.801155,0.24074228
neural,ENSG00000180353,0.24066669,57.801155,0.24066669
neural,ENSG00000100196,-0.24053635,57.801155,0.24053635
neural,ENSG00000185290,-0.24050671,57.801155,0.24050671
neural,ENSG00000108878,0.24048503,57.801155,0.24048503
neural,ENSG00000128656,0.240351,57.801155,0.240351
neural,ENSG00000204065,0.23991366,57.801155,0.23991366
neural,ENSG00000174156,0.23982497,57.801155,0.23982497
neural,ENSG00000270412,0.23978831,57.801155,0.23978831
neural,ENSG00000168509,-0.23951253,57.801155,0.23951253
neural,ENSG00000137747,0.2392468,57.801155,0.2392468
neural,ENSG00000006453,-0.23903945,57.801155,0.23903945
neural,ENSG00000206075,-0.23877077,57.801155,0.23877077
neural,ENSG00000112297,0.2385859,57.801155,0.2385859
neural,ENSG00000274576,-0.23855112,57.801155,0.23855112
neural,ENSG00000114646,-0.23830107,57.801155,0.23830107
neural,ENSG00000115266,0.2382247,57.801155,0.2382247
neural,ENSG00000093009,-0.23816334,57.801155,0.23816334
neural,ENSG00000198851,-0.23804744,57.801155,0.23804744
neural,ENSG00000120833,-0.23789936,57.801155,0.23789936
neural,ENSG00000132819,0.23776652,57.801155,0.23776652
neural,ENSG00000077984,-0.23751573,57.801155,0.23751573
neural,ENSG00000171119,-0.23721634,57.801155,0.23721634
neural,ENSG00000110077,0.2371581,57.801155,0.2371581
neural,ENSG00000176890,0.23676015,57.801155,0.23676015
neural,ENSG00000143416,-0.23565735,57.801155,0.23565735
neural,ENSG00000102287,0.23540431,57.801155,0.23540431
neural,ENSG00000157827,0.23529723,57.801155,0.23529723
neural,ENSG00000257335,-0.23524708,57.801155,0.23524708
neural,ENSG00000206073,-0.23512441,57.801155,0.23512441
neural,ENSG00000177106,-0.234748,57.801155,0.234748
neural,ENSG00000126218,-0.23458336,57.801155,0.23458336
neural,ENSG00000114279,-0.2344271,57.801155,0.2344271
neural,ENSG00000142549,-0.23438412,57.801155,0.23438412
neural,ENSG00000159640,0.23435512,57.801155,0.23435512
neural,ENSG00000212747,0.23410091,57.801155,0.23410091
neural,ENSG00000118402,-0.23408824,57.801155,0.23408824
neural,ENSG00000205420,0.2340046,57.801155,0.2340046
neural,ENSG00000128918,0.233762,57.801155,0.233762
neural,ENSG00000242574,0.23373061,57.801155,0.23373061
neural,ENSG00000277632,0.23362252,57.801155,0.23362252
neural,ENSG00000188257,-0.23339547,57.801155,0.23339547
neural,ENSG00000166123,-0.23338135,57.801155,0.23338135
neural,ENSG00000175356,-0.23332511,57.801155,0.23332511
neural,ENSG00000145335,-0.23311551,57.801155,0.23311551
neural,ENSG00000173705,0.23309894,57.801155,0.23309894
neural,ENSG00000142748,0.23297942,57.801155,0.23297942
neural,ENSG00000174403,-0.2328334,57.801155,0.2328334
neural,ENSG00000249669,0.232781,57.801155,0.232781
neural,ENSG00000133317,-0.23241529,57.801155,0.23241529
neural,ENSG00000125148,-0.23226056,57.801155,0.23226056
neural,ENSG00000185482,-0.2321682,57.801155,0.2321682
neural,ENSG00000156413,-0.23198625,57.801155,0.23198625
neural,ENSG00000181631,0.23181646,57.801155,0.23181646
neural,ENSG00000211930,0.23144771,57.801155,0.23144771
neural,ENSG00000151365,0.2311887,57.801155,0.2311887
neural,ENSG00000108622,-0.23101895,57.801155,0.23101895
neural,ENSG00000142634,0.23089872,57.801155,0.23089872
neural,ENSG00000187583,0.23085839,57.801155,0.23085839
neural,ENSG00000070371,0.23004758,57.801155,0.23004758
neural,ENSG00000091409,-0.22996348,57.801155,0.22996348
neural,ENSG00000091128,0.22977774,57.801155,0.22977774
neural,ENSG00000126561,0.22967108,57.801155,0.22967108
neural,ENSG00000152661,-0.22957766,57.801155,0.22957766
neural,ENSG00000178597,-0.22950362,57.801155,0.22950362
neural,ENSG00000168389,-0.22948281,57.801155,0.22948281
neural,ENSG00000211942,-0.22932906,57.801155,0.22932906
neural,ENSG00000158874,-0.22928503,57.801155,0.22928503
neural,ENSG00000187017,0.22925416,57.801155,0.22925416
neural,ENSG00000132205,0.22917734,57.801155,0.22917734
neural,ENSG00000152503,0.2291487,57.801155,0.2291487
neural,ENSG00000106560,-0.22911505,57.801155,0.22911505
neural,ENSG00000139998,-0.2290155,57.801155,0.2290155
neural,ENSG00000170370,-0.22846073,57.801155,0.22846073
neural,ENSG00000135480,0.2284589,57.801155,0.2284589
neural,ENSG00000023902,0.22839707,57.801155,0.22839707
neural,ENSG00000106823,-0.22814855,57.801155,0.22814855
neural,ENSG00000240771,-0.22773346,57.801155,0.22773346
neural,ENSG00000005844,-0.22765823,57.801155,0.22765823
neural,ENSG00000187288,-0.22713986,57.801155,0.22713986
neural,ENSG00000129151,0.22705927,57.801155,0.22705927
neural,ENSG00000159337,0.22682936,57.801155,0.22682936
neural,ENSG00000149131,-0.22681984,57.801155,0.22681984
neural,ENSG00000175352,0.2267872,57.801155,0.2267872
neural,ENSG00000132170,-0.22676207,57.801155,0.22676207
neural,ENSG00000170956,-0.22670014,57.801155,0.22670014
neural,ENSG00000303190,-0.22615764,57.801155,0.22615764
neural,ENSG00000149527,-0.22599746,57.801155,0.22599746
neural,ENSG00000177202,-0.22588648,57.801155,0.22588648
neural,ENSG00000162739,0.22581652,57.801155,0.22581652
neural,ENSG00000167123,0.22578283,57.801155,0.22578283
neural,ENSG00000117425,0.22576255,57.801155,0.22576255
neural,ENSG00000168528,-0.22569884,57.801155,0.22569884
neural,ENSG00000182836,-0.2253296,57.801155,0.2253296
neural,ENSG00000122870,-0.22532159,57.801155,0.22532159
neural,ENSG00000299344,-0.22507899,57.801155,0.22507899
neural,ENSG00000196415,-0.22500984,57.801155,0.22500984
neural,ENSG00000211639,-0.22485343,57.801155,0.22485343
neural,ENSG00000003147,-0.22435644,57.801155,0.22435644
neural,ENSG00000186517,-0.22419687,57.801155,0.22419687
neural,ENSG00000177108,0.22394836,57.801155,0.22394836
neural,ENSG00000115523,0.22389916,57.801155,0.22389916
neural,ENSG00000151617,-0.22389801,57.801155,0.22389801
neural,ENSG00000148773,-0.22375187,57.801155,0.22375187
neural,ENSG00000108515,0.22373156,57.801155,0.22373156
neural,ENSG00000211772,0.22344352,57.801155,0.22344352
neural,ENSG00000138615,-0.22343305,57.801155,0.22343305
neural,ENSG00000165449,-0.22315279,57.801155,0.22315279
neural,ENSG00000189143,-0.22304349,57.801155,0.22304349
neural,ENSG00000144668,-0.22298975,57.801155,0.22298975
neural,ENSG00000198576,-0.2229498,57.801155,0.2229498
neural,ENSG00000081923,-0.22272071,57.801155,0.22272071
neural,ENSG00000131831,0.22270164,57.801155,0.22270164
neural,ENSG00000151929,0.22254026,57.801155,0.22254026
neural,ENSG00000262877,-0.22242944,57.801155,0.22242944
neural,ENSG00000127533,-0.2224187,57.801155,0.2224187
neural,ENSG00000044524,0.222403,57.801155,0.222403
neural,ENSG00000156970,0.22216383,57.801155,0.22216383
neural,ENSG00000178053,-0.22215265,57.801155,0.22215265
neural,ENSG00000050628,-0.22198264,57.801155,0.22198264
neural,ENSG00000146054,0.22191614,57.801155,0.22191614
neural,ENSG00000149294,0.2214859,57.801155,0.2214859
neural,ENSG00000066336,-0.22144938,57.801155,0.22144938
neural,ENSG00000172247,-0.22144529,57.801155,0.22144529
neural,ENSG00000007314,-0.22143392,57.801155,0.22143392
neural,ENSG00000159164,-0.2213977,57.801155,0.2213977
neural,ENSG00000108947,-0.22122727,57.801155,0.22122727
neural,ENSG00000171659,0.22087462,57.801155,0.22087462
neural,ENSG00000131094,0.2208182,57.801155,0.2208182
neural,ENSG00000169605,0.22070576,57.801155,0.22070576
neural,ENSG00000196739,-0.2206061,57.801155,0.2206061
neural,ENSG00000204538,-0.22059715,57.801155,0.22059715
neural,ENSG00000163467,-0.22055453,57.801155,0.22055453
neural,ENSG00000173372,-0.22049914,57.801155,0.22049914
neural,ENSG00000113739,0.22045855,57.801155,0.22045855
neural,ENSG00000095383,-0.22031514,57.801155,0.22031514
neural,ENSG00000125730,-0.22013716,57.801155,0.22013716
neural,ENSG00000204262,-0.22006728,57.801155,0.22006728
neural,ENSG00000139289,-0.21987039,57.801155,0.21987039
neural,ENSG00000043591,0.21961096,57.801155,0.21961096
neural,ENSG00000196684,-0.21960592,57.801155,0.21960592
neural,ENSG00000115468,0.21943247,57.801155,0.21943247
neural,ENSG00000005249,0.21917108,57.801155,0.21917108
neural,ENSG00000186204,-0.2189959,57.801155,0.2189959
neural,ENSG00000230937,-0.21856877,57.801155,0.21856877
neural,ENSG00000177875,-0.21824822,57.801155,0.21824822
neural,ENSG00000163131,-0.21809658,57.801155,0.21809658
neural,ENSG00000187688,0.21809264,57.801155,0.21809264
neural,ENSG00000174307,-0.21713665,57.801155,0.21713665
neural,ENSG00000146242,0.21705711,57.801155,0.21705711
neural,ENSG00000185303,0.21677321,57.801155,0.21677321
neural,ENSG00000173267,0.21671087,57.801155,0.21671087
neural,ENSG00000163820,0.21669893,57.801155,0.21669893
neural,ENSG00000010438,-0.21669339,57.801155,0.21669339
neural,ENSG00000188290,-0.21660997,57.801155,0.21660997
neural,ENSG00000171617,-0.21659443,57.801155,0.21659443
neural,ENSG00000080573,0.21654026,57.801155,0.21654026
neural,ENSG00000166833,0.2165237,57.801155,0.2165237
neural,ENSG00000106025,-0.21625248,57.801155,0.21625248
neural,ENSG00000138109,0.21623771,57.801155,0.21623771
neural,ENSG00000175592,0.21622875,57.801155,0.21622875
neural,ENSG00000095539,-0.21579556,57.801155,0.21579556
neural,ENSG00000110203,0.21574369,57.801155,0.21574369
neural,ENSG00000120820,-0.21549864,57.801155,0.21549864
neural,ENSG00000276600,-0.21508323,57.801155,0.21508323
neural,ENSG00000166780,0.21488732,57.801155,0.21488732
neural,ENSG00000243238,0.21471457,57.801155,0.21471457
neural,ENSG00000189367,-0.21464646,57.801155,0.21464646
neural,ENSG00000153071,0.21461996,57.801155,0.21461996
neural,ENSG00000117595,-0.21451434,57.801155,0.21451434
neural,ENSG00000188483,0.21434347,57.801155,0.21434347
neural,ENSG00000133048,0.21427003,57.801155,0.21427003
neural,ENSG00000159173,0.21411785,57.801155,0.21411785
neural,ENSG00000168140,0.21393546,57.801155,0.21393546
neural,ENSG00000123146,-0.21380734,57.801155,0.21380734
neural,ENSG00000155090,-0.21374202,57.801155,0.21374202
neural,ENSG00000174407,0.21367107,57.801155,0.21367107
neural,ENSG00000171766,0.21362104,57.801155,0.21362104
neural,ENSG00000198771,0.21355611,57.801155,0.21355611
neural,ENSG00000154380,-0.21336009,57.801155,0.21336009
neural,ENSG00000173156,-0.21312276,57.801155,0.21312276
neural,ENSG00000003137,-0.21297732,57.801155,0.21297732
neural,ENSG00000094796,-0.212822,57.801155,0.212822
neural,ENSG00000149300,0.21276845,57.801155,0.21276845
neural,ENSG00000104783,0.21276374,57.801155,0.21276374
neural,ENSG00000163235,0.21269836,57.801155,0.21269836
neural,ENSG00000211670,0.21251541,57.801155,0.21251541
neural,ENSG00000112782,0.21249902,57.801155,0.21249902
neural,ENSG00000243566,0.21244645,57.801155,0.21244645
neural,ENSG00000000003,0.21244162,57.801155,0.21244162
neural,ENSG00000100065,-0.21217068,57.801155,0.21217068
neural,ENSG00000188015,-0.21199039,57.801155,0.21199039
neural,ENSG00000105523,0.2118156,57.801155,0.2118156
neural,ENSG00000102879,-0.21180904,57.801155,0.21180904
neural,ENSG00000169282,0.21164575,57.801155,0.21164575
neural,ENSG00000224958,0.21164098,57.801155,0.21164098
neural,ENSG00000010327,0.21136205,57.801155,0.21136205
neural,ENSG00000167549,0.21135902,57.801155,0.21135902
neural,ENSG00000078725,-0.21108118,57.801155,0.21108118
neural,ENSG00000118298,-0.2109127,57.801155,0.2109127
neural,ENSG00000166924,-0.21082172,57.801155,0.21082172
neural,ENSG00000140932,0.21076842,57.801155,0.21076842
neural,ENSG00000196338,-0.21059155,57.801155,0.21059155
neural,ENSG00000168748,0.209914,57.801155,0.209914
neural,ENSG00000254647,-0.20980056,57.801155,0.20980056
neural,ENSG00000084110,-0.20978977,57.801155,0.20978977
neural,ENSG00000148841,-0.20961809,57.801155,0.20961809
neural,ENSG00000065911,0.20956942,57.801155,0.20956942
neural,ENSG00000163637,-0.2093818,57.801155,0.2093818
neural,ENSG00000018236,0.20938028,57.801155,0.20938028
neural,ENSG00000239839,0.20913328,57.801155,0.20913328
neural,ENSG00000163220,0.20844679,57.801155,0.20844679
neural,ENSG00000120889,0.20843992,57.801155,0.20843992
neural,ENSG00000157617,0.20839626,57.801155,0.20839626
neural,ENSG00000187513,-0.208106,57.801155,0.208106
neural,ENSG00000169439,-0.20788854,57.801155,0.20788854
neural,ENSG00000154975,-0.20774731,57.801155,0.20774731
neural,ENSG00000008394,0.20771977,57.801155,0.20771977
neural,ENSG00000107130,0.20761229,57.801155,0.20761229
neural,ENSG00000075426,0.2075618,57.801155,0.2075618
neural,ENSG00000137393,-0.2070454,57.801155,0.2070454
neural,ENSG00000215788,0.20700845,57.801155,0.20700845
neural,ENSG00000105675,0.20662053,57.801155,0.20662053
neural,ENSG00000107738,0.2065995,57.801155,0.2065995
neural,ENSG00000136883,-0.20653974,57.801155,0.20653974
neural,ENSG00000211596,0.20651706,57.801155,0.20651706
neural,ENSG00000163293,-0.20631097,57.801155,0.20631097
neural,ENSG00000108839,0.20630105,57.801155,0.20630105
neural,ENSG00000080031,-0.20609942,57.801155,0.20609942
neural,ENSG00000135047,-0.20608036,57.801155,0.20608036
neural,ENSG00000065534,0.20607191,57.801155,0.20607191
neural,ENSG00000132693,-0.20575355,57.801155,0.20575355
neural,ENSG00000290976,0.20565565,57.801155,0.20565565
neural,ENSG00000130402,-0.20554975,57.801155,0.20554975
neural,ENSG00000168785,-0.20550835,57.801155,0.20550835
neural,ENSG00000160111,0.20529528,57.801155,0.20529528
neural,ENSG00000158050,0.2050685,57.801155,0.2050685
neural,ENSG00000102032,0.20469064,57.801155,0.20469064
neural,ENSG00000186009,0.2046326,57.801155,0.2046326
neural,ENSG00000133985,-0.20460996,57.801155,0.20460996
neural,ENSG00000125740,-0.20459032,57.801155,0.20459032
neural,ENSG00000154258,0.2045891,57.801155,0.2045891
neural,ENSG00000101911,-0.20444165,57.801155,0.20444165
neural,ENSG00000149295,-0.20418587,57.801155,0.20418587
neural,ENSG00000109321,0.20407343,57.801155,0.20407343
neural,ENSG00000183508,-0.20398985,57.801155,0.20398985
neural,ENSG00000135547,0.20379077,57.801155,0.20379077
neural,ENSG00000163536,-0.20367609,57.801155,0.20367609
neural,ENSG00000171401,-0.20347326,57.801155,0.20347326
neural,ENSG00000162174,0.20346229,57.801155,0.20346229
neural,ENSG00000104415,0.20342346,57.801155,0.20342346
neural,ENSG00000122176,-0.20338643,57.801155,0.20338643
neural,ENSG00000167759,0.20337243,57.801155,0.20337243
neural,ENSG00000169851,-0.2030817,57.801155,0.2030817
neural,ENSG00000128052,0.20305057,57.801155,0.20305057
neural,ENSG00000122644,-0.20272762,57.801155,0.20272762
neural,ENSG00000206538,0.2026473,57.801155,0.2026473
neural,ENSG00000100365,-0.202606,57.801155,0.202606
neural,ENSG00000176678,0.20236257,57.801155,0.20236257
neural,ENSG00000187173,0.20213781,57.801155,0.20213781
neural,ENSG00000170323,0.20206651,57.801155,0.20206651
neural,ENSG00000163520,-0.20195207,57.801155,0.20195207
neural,ENSG00000166347,0.20192131,57.801155,0.20192131
neural,ENSG00000132718,0.20150091,57.801155,0.20150091
neural,ENSG00000120899,0.20147905,57.801155,0.20147905
neural,ENSG00000164379,-0.20144965,57.801155,0.20144965
neural,ENSG00000128606,0.20140275,57.801155,0.20140275
neural,ENSG00000070731,0.20123594,57.801155,0.20123594
neural,ENSG00000130876,0.20094942,57.801155,0.20094942
neural,ENSG00000204136,-0.20085043,57.801155,0.20085043
neural,ENSG00000111664,-0.20044184,57.801155,0.20044184
neural,ENSG00000110777,0.20032583,57.801155,0.20032583
neural,ENSG00000069535,0.2002125,57.801155,0.2002125
neural,ENSG00000147676,-0.20015617,57.801155,0.20015617
neural,ENSG00000166401,0.20006943,57.801155,0.20006943
neural,ENSG00000066405,-0.20001705,57.801155,0.20001705
neural,ENSG00000165443,0.19983211,57.801155,0.19983211
neural,ENSG00000120738,-0.19968261,57.801155,0.19968261
neural,ENSG00000211598,0.19962311,57.801155,0.19962311
neural,ENSG00000132703,0.19953036,57.801155,0.19953036
neural,ENSG00000128709,0.19950904,57.801155,0.19950904
neural,ENSG00000211669,0.19925153,57.801155,0.19925153
neural,ENSG00000128340,0.19921726,57.801155,0.19921726
neural,ENSG00000249082,0.19906625,57.801155,0.19906625
neural,ENSG00000157502,0.19895041,57.801155,0.19895041
neural,ENSG00000019549,-0.19886032,57.801155,0.19886032
neural,ENSG00000244682,-0.19882336,57.801155,0.19882336
neural,ENSG00000064886,-0.19875558,57.801155,0.19875558
neural,ENSG00000172927,0.1986348,57.801155,0.1986348
neural,ENSG00000224389,-0.19856034,57.801155,0.19856034
neural,ENSG00000183114,-0.1985337,57.801155,0.1985337
neural,ENSG00000168143,-0.19834611,57.801155,0.19834611
neural,ENSG00000159176,-0.19805774,57.801155,0.19805774
neural,ENSG00000103269,0.19805439,57.801155,0.19805439
neural,ENSG00000224114,0.19792798,57.801155,0.19792798
neural,ENSG00000153802,0.19792303,57.801155,0.19792303
neural,ENSG00000168333,-0.19791543,57.801155,0.19791543
neural,ENSG00000169271,0.19786224,57.801155,0.19786224
neural,ENSG00000152518,0.19777822,57.801155,0.19777822
neural,ENSG00000167972,-0.19771391,57.801155,0.19771391
neural,ENSG00000161638,-0.19770053,57.801155,0.19770053
neural,ENSG00000163132,0.19767472,57.801155,0.19767472
neural,ENSG00000163092,-0.1974307,57.801155,0.1974307
neural,ENSG00000271447,-0.197276,57.801155,0.197276
neural,ENSG00000254461,-0.19725318,57.801155,0.19725318
neural,ENSG00000204252,-0.19715908,57.801155,0.19715908
neural,ENSG00000242371,-0.19709615,57.801155,0.19709615
neural,ENSG00000142910,-0.19693205,57.801155,0.19693205
neural,ENSG00000169429,0.19683257,57.801155,0.19683257
neural,ENSG00000167173,0.19650336,57.801155,0.19650336
neural,ENSG00000165887,-0.19630992,57.801155,0.19630992
neural,ENSG00000244067,-0.19571905,57.801155,0.19571905
neural,ENSG00000132164,0.19568078,57.801155,0.19568078
neural,ENSG00000124253,0.19550525,57.801155,0.19550525
neural,ENSG00000261701,0.19550027,57.801155,0.19550027
neural,ENSG00000181085,0.19530141,57.801155,0.19530141
neural,ENSG00000168734,-0.19519582,57.801155,0.19519582
neural,ENSG00000102547,0.19490795,57.801155,0.19490795
neural,ENSG00000144230,-0.19488572,57.801155,0.19488572
neural,ENSG00000165802,0.19484518,57.801155,0.19484518
neural,ENSG00000114200,-0.19484238,57.801155,0.19484238
neural,ENSG00000053438,-0.19470674,57.801155,0.19470674
neural,ENSG00000211673,0.19468006,57.801155,0.19468006
neural,ENSG00000126709,0.19461298,57.801155,0.19461298
neural,ENSG00000172348,0.1945953,57.801155,0.1945953
neural,ENSG00000105419,-0.19446559,57.801155,0.19446559
neural,ENSG00000104081,-0.19442257,57.801155,0.19442257
neural,ENSG00000102010,-0.1942221,57.801155,0.1942221
neural,ENSG00000105357,0.19411422,57.801155,0.19411422
neural,ENSG00000130222,-0.19408175,57.801155,0.19408175
neural,ENSG00000117983,0.1940503,57.801155,0.1940503
neural,ENSG00000214548,-0.19404817,57.801155,0.19404817
neural,ENSG00000130940,0.19390872,57.801155,0.19390872
neural,ENSG00000147166,0.19388378,57.801155,0.19388378
neural,ENSG00000174600,-0.19354932,57.801155,0.19354932
neural,ENSG00000197471,-0.1934172,57.801155,0.1934172
neural,ENSG00000109072,-0.1932874,57.801155,0.1932874
neural,ENSG00000114529,-0.19302225,57.801155,0.19302225
neural,ENSG00000121005,0.19278157,57.801155,0.19278157
neural,ENSG00000136160,0.1927536,57.801155,0.1927536
neural,ENSG00000092820,-0.19272394,57.801155,0.19272394
neural,ENSG00000135821,0.19271158,57.801155,0.19271158
neural,ENSG00000111674,0.19269869,57.801155,0.19269869
neural,ENSG00000169184,-0.19264665,57.801155,0.19264665
neural,ENSG00000168386,0.1924936,57.801155,0.1924936
neural,ENSG00000107485,-0.19243632,57.801155,0.19243632
neural,ENSG00000159231,-0.19243555,57.801155,0.19243555
neural,ENSG00000160685,-0.19237521,57.801155,0.19237521
neural,ENSG00000163171,-0.19198523,57.801155,0.19198523
neural,ENSG00000182333,-0.19173269,57.801155,0.19173269
neural,ENSG00000205002,-0.1913312,57.801155,0.1913312
neural,ENSG00000204642,0.1910218,57.801155,0.1910218
neural,ENSG00000132613,-0.19053729,57.801155,0.19053729
neural,ENSG00000160691,0.19042353,57.801155,0.19042353
neural,ENSG00000162734,-0.19019744,57.801155,0.19019744
neural,ENSG00000183098,0.19018622,57.801155,0.19018622
neural,ENSG00000149927,0.19017874,57.801155,0.19017874
neural,ENSG00000105976,0.18964976,57.801155,0.18964976
neural,ENSG00000231412,0.18949124,57.801155,0.18949124
neural,ENSG00000078596,0.18945736,57.801155,0.18945736
neural,ENSG00000028137,-0.18939489,57.801155,0.18939489
neural,ENSG00000173548,-0.1893792,57.801155,0.1893792
neural,ENSG00000214357,-0.1893425,57.801155,0.1893425
neural,ENSG00000162595,0.18920979,57.801155,0.18920979
neural,ENSG00000233705,-0.18912348,57.801155,0.18912348
neural,ENSG00000077782,0.18897589,57.801155,0.18897589
neural,ENSG00000121316,0.18880379,57.801155,0.18880379
neural,ENSG00000173530,-0.18879227,57.801155,0.18879227
neural,ENSG00000196730,-0.18877427,57.801155,0.18877427
neural,ENSG00000130294,0.18870237,57.801155,0.18870237
neural,ENSG00000077009,-0.18859403,57.801155,0.18859403
neural,ENSG00000077238,-0.18836395,57.801155,0.18836395
neural,ENSG00000104833,0.18833615,57.801155,0.18833615
neural,ENSG00000266714,0.1881971,57.801155,0.1881971
neural,ENSG00000050438,-0.18805592,57.801155,0.18805592
neural,ENSG00000141448,0.18795629,57.801155,0.18795629
neural,ENSG00000305446,-0.18770519,57.801155,0.18770519
neural,ENSG00000204291,-0.18762235,57.801155,0.18762235
neural,ENSG00000090659,-0.18751608,57.801155,0.18751608
neural,ENSG00000112303,0.18746175,57.801155,0.18746175
neural,ENSG00000255571,-0.18728049,57.801155,0.18728049
neural,ENSG00000166317,-0.18705048,57.801155,0.18705048
neural,ENSG00000186462,0.18697907,57.801155,0.18697907
neural,ENSG00000164403,0.18681113,57.801155,0.18681113
neural,ENSG00000165457,0.18674022,57.801155,0.18674022
neural,ENSG00000108387,0.18632787,57.801155,0.18632787
neural,ENSG00000138678,-0.18613367,57.801155,0.18613367
neural,ENSG00000176971,-0.18613134,57.801155,0.18613134
neural,ENSG00000165757,-0.18598294,57.801155,0.18598294
neural,ENSG00000163202,-0.18596002,57.801155,0.18596002
neural,ENSG00000181458,-0.18583061,57.801155,0.18583061
neural,ENSG00000135097,-0.18576749,57.801155,0.18576749
neural,ENSG00000118515,0.18567215,57.801155,0.18567215
neural,ENSG00000146674,-0.18557198,57.801155,0.18557198
neural,ENSG00000253755,-0.18545617,57.801155,0.18545617
neural,ENSG00000135596,-0.18536372,57.801155,0.18536372
neural,ENSG00000261625,-0.18532251,57.801155,0.18532251
neural,ENSG00000186431,0.1852584,57.801155,0.1852584
neural,ENSG00000171517,0.1852448,57.801155,0.1852448
neural,ENSG00000197888,0.18515776,57.801155,0.18515776
neural,ENSG00000101470,-0.18504094,57.801155,0.18504094
neural,ENSG00000113231,-0.18490241,57.801155,0.18490241
neural,ENSG00000101916,-0.18490198,57.801155,0.18490198
neural,ENSG00000118257,0.18485412,57.801155,0.18485412
neural,ENSG00000169508,0.1848428,57.801155,0.1848428
neural,ENSG00000116741,-0.18455166,57.801155,0.18455166
neural,ENSG00000140511,-0.18450779,57.801155,0.18450779
neural,ENSG00000267259,-0.18430747,57.801155,0.18430747
neural,ENSG00000092850,-0.18413337,57.801155,0.18413337
neural,ENSG00000170231,-0.18398449,57.801155,0.18398449
neural,ENSG00000133878,0.18393593,57.801155,0.18393593
neural,ENSG00000131910,0.18381467,57.801155,0.18381467
neural,ENSG00000225851,0.18344775,57.801155,0.18344775
neural,ENSG00000123329,-0.18333958,57.801155,0.18333958
neural,ENSG00000118520,-0.18311314,57.801155,0.18311314
neural,ENSG00000148795,-0.18308237,57.801155,0.18308237
neural,ENSG00000168925,0.18284558,57.801155,0.18284558
neural,ENSG00000188153,-0.18274906,57.801155,0.18274906
neural,ENSG00000104951,0.18262433,57.801155,0.18262433
neural,ENSG00000136928,-0.1823568,57.801155,0.1823568
neural,ENSG00000018625,0.18226935,57.801155,0.18226935
neural,ENSG00000100450,0.18217927,57.801155,0.18217927
neural,ENSG00000100033,-0.1821112,57.801155,0.1821112
neural,ENSG00000167653,0.18200783,57.801155,0.18200783
neural,ENSG00000103647,0.18196082,57.801155,0.18196082
neural,ENSG00000186377,0.18190502,57.801155,0.18190502
neural,ENSG00000261829,0.18174708,57.801155,0.18174708
neural,ENSG00000168994,-0.18163653,57.801155,0.18163653
neural,ENSG00000117791,-0.18156905,57.801155,0.18156905
neural,ENSG00000168530,0.18149026,57.801155,0.18149026
neural,ENSG00000176170,0.18148427,57.801155,0.18148427
neural,ENSG00000122585,-0.18130088,57.801155,0.18130088
neural,ENSG00000047648,0.18110609,57.801155,0.18110609
neural,ENSG00000170426,-0.18110552,57.801155,0.18110552
neural,ENSG00000136999,-0.18108507,57.801155,0.18108507
neural,ENSG00000150760,0.18107383,57.801155,0.18107383
neural,ENSG00000134690,-0.18102759,57.801155,0.18102759
neural,ENSG00000109610,-0.18101117,57.801155,0.18101117
neural,ENSG00000172179,-0.18093346,57.801155,0.18093346
neural,ENSG00000135127,0.18079102,57.801155,0.18079102
neural,ENSG00000163735,-0.18052234,57.801155,0.18052234
neural,ENSG00000179859,0.18023689,57.801155,0.18023689
neural,ENSG00000157152,0.18022077,57.801155,0.18022077
neural,ENSG00000115556,0.18014254,57.801155,0.18014254
neural,ENSG00000162512,0.18004322,57.801155,0.18004322
neural,ENSG00000241755,0.18000482,57.801155,0.18000482
neural,ENSG00000148498,-0.17992902,57.801155,0.17992902
neural,ENSG00000159455,0.17977491,57.801155,0.17977491
neural,ENSG00000172478,-0.17973734,57.801155,0.17973734
neural,ENSG00000177697,-0.17956433,57.801155,0.17956433
neural,ENSG00000158517,0.17947832,57.801155,0.17947832
neural,ENSG00000130158,-0.17938064,57.801155,0.17938064
neural,ENSG00000105388,0.1793674,57.801155,0.1793674
neural,ENSG00000105131,-0.17922714,57.801155,0.17922714
neural,ENSG00000019102,0.17911969,57.801155,0.17911969
neural,ENSG00000075624,0.17910357,57.801155,0.17910357
neural,ENSG00000187094,0.17907074,57.801155,0.17907074
neural,ENSG00000073350,0.17905156,57.801155,0.17905156
neural,ENSG00000166532,-0.17881076,57.801155,0.17881076
neural,ENSG00000163378,-0.17881055,57.801155,0.17881055
neural,ENSG00000240671,0.17880116,57.801155,0.17880116
neural,ENSG00000075618,-0.17866516,57.801155,0.17866516
neural,ENSG00000163064,-0.17858914,57.801155,0.17858914
neural,ENSG00000143768,-0.17840147,57.801155,0.17840147
neural,ENSG00000204950,0.17839329,57.801155,0.17839329
neural,ENSG00000139146,-0.17838733,57.801155,0.17838733
neural,ENSG00000267078,0.17834048,57.801155,0.17834048
neural,ENSG00000111321,0.17823642,57.801155,0.17823642
neural,ENSG00000145321,0.17822601,57.801155,0.17822601
neural,ENSG00000240184,0.17819001,57.801155,0.17819001
neural,ENSG00000158022,0.17816849,57.801155,0.17816849
neural,ENSG00000137831,-0.17791413,57.801155,0.17791413
neural,ENSG00000144331,0.17762442,57.801155,0.17762442
neural,ENSG00000197565,-0.17751534,57.801155,0.17751534
neural,ENSG00000162337,-0.17731266,57.801155,0.17731266
neural,ENSG00000090339,-0.17729294,57.801155,0.17729294
neural,ENSG00000163701,0.17718421,57.801155,0.17718421
neural,ENSG00000206177,0.1771516,57.801155,0.1771516
neural,ENSG00000131711,0.17703308,57.801155,0.17703308
neural,ENSG00000095303,-0.17699267,57.801155,0.17699267
neural,ENSG00000081277,0.17692639,57.801155,0.17692639
neural,ENSG00000175206,0.17692031,57.801155,0.17692031
neural,ENSG00000105699,-0.176752,57.801155,0.176752
neural,ENSG00000112208,0.17659116,57.801155,0.17659116
neural,ENSG00000162551,-0.17651072,57.801155,0.17651072
neural,ENSG00000008438,-0.17641097,57.801155,0.17641097
neural,ENSG00000170312,-0.17602786,57.801155,0.17602786
neural,ENSG00000119888,0.17578839,57.801155,0.17578839
neural,ENSG00000277351,0.17570367,57.801155,0.17570367
neural,ENSG00000215252,0.175685,57.801155,0.175685
neural,ENSG00000123358,-0.17566812,57.801155,0.17566812
neural,ENSG00000172889,0.17561996,57.801155,0.17561996
neural,ENSG00000184144,0.17540945,57.801155,0.17540945
neural,ENSG00000102385,-0.17515318,57.801155,0.17515318
neural,ENSG00000184574,-0.17514639,57.801155,0.17514639
neural,ENSG00000182871,-0.17513509,57.801155,0.17513509
neural,ENSG00000241697,-0.17503795,57.801155,0.17503795
neural,ENSG00000077942,-0.17493956,57.801155,0.17493956
neural,ENSG00000105707,-0.1747506,57.801155,0.1747506
neural,ENSG00000163145,0.17462689,57.801155,0.17462689
neural,ENSG00000020633,-0.17456418,57.801155,0.17456418
neural,ENSG00000077157,-0.17427635,57.801155,0.17427635
neural,ENSG00000088992,0.17404737,57.801155,0.17404737
neural,ENSG00000096088,0.17377171,57.801155,0.17377171
neural,ENSG00000167772,-0.17376515,57.801155,0.17376515
neural,ENSG00000127507,0.17371821,57.801155,0.17371821
neural,ENSG00000290541,0.17369328,57.801155,0.17369328
neural,ENSG00000100292,0.17349221,57.801155,0.17349221
neural,ENSG00000122641,0.17348737,57.801155,0.17348737
neural,ENSG00000198743,-0.17348498,57.801155,0.17348498
neural,ENSG00000127129,0.17342904,57.801155,0.17342904
neural,ENSG00000115594,-0.17339037,57.801155,0.17339037
neural,ENSG00000145649,0.17338154,57.801155,0.17338154
neural,ENSG00000240038,0.17331585,57.801155,0.17331585
neural,ENSG00000144802,0.1732412,57.801155,0.1732412
neural,ENSG00000105011,0.17324083,57.801155,0.17324083
neural,ENSG00000182253,-0.17319612,57.801155,0.17319612
neural,ENSG00000209082,0.17298886,57.801155,0.17298886
neural,ENSG00000099260,0.17295952,57.801155,0.17295952
neural,ENSG00000143515,0.17284755,57.801155,0.17284755
neural,ENSG00000120937,-0.17281756,57.801155,0.17281756
neural,ENSG00000138061,0.17280053,57.801155,0.17280053
neural,ENSG00000117461,0.17277133,57.801155,0.17277133
neural,ENSG00000156219,0.17276616,57.801155,0.17276616
neural,ENSG00000070190,-0.17275484,57.801155,0.17275484
neural,ENSG00000134285,-0.17241637,57.801155,0.17241637
neural,ENSG00000008517,0.1723221,57.801155,0.1723221
neural,ENSG00000000938,0.17227079,57.801155,0.17227079
neural,ENSG00000129946,-0.17201443,57.801155,0.17201443
neural,ENSG00000158315,-0.17170654,57.801155,0.17170654
neural,ENSG00000095932,0.17165233,57.801155,0.17165233
neural,ENSG00000275234,-0.17157479,57.801155,0.17157479
neural,ENSG00000163898,0.17147984,57.801155,0.17147984
neural,ENSG00000240237,0.17130357,57.801155,0.17130357
neural,ENSG00000173599,-0.1712909,57.801155,0.1712909
neural,ENSG00000166106,-0.17113906,57.801155,0.17113906
neural,ENSG00000169744,-0.17111263,57.801155,0.17111263
neural,ENSG00000142173,-0.17104867,57.801155,0.17104867
neural,ENSG00000150337,-0.17093322,57.801155,0.17093322
neural,ENSG00000166292,0.17087844,57.801155,0.17087844
neural,ENSG00000189410,0.17071933,57.801155,0.17071933
neural,ENSG00000124785,0.17069896,57.801155,0.17069896
neural,ENSG00000185905,0.17055343,57.801155,0.17055343
neural,ENSG00000030582,-0.17050336,57.801155,0.17050336
neural,ENSG00000176402,0.17049482,57.801155,0.17049482
neural,ENSG00000250366,0.17043689,57.801155,0.17043689
neural,ENSG00000259291,0.17002983,57.801155,0.17002983
neural,ENSG00000253250,-0.16996364,57.801155,0.16996364
neural,ENSG00000099860,-0.169914,57.801155,0.169914
neural,ENSG00000100095,0.16984199,57.801155,0.16984199
neural,ENSG00000103257,-0.16968134,57.801155,0.16968134
neural,ENSG00000211890,-0.16967537,57.801155,0.16967537
neural,ENSG00000154783,-0.1694269,57.801155,0.1694269
neural,ENSG00000159403,-0.16940385,57.801155,0.16940385
neural,ENSG00000182963,-0.16935222,57.801155,0.16935222
neural,ENSG00000135333,0.16932921,57.801155,0.16932921
neural,ENSG00000290935,-0.16926216,57.801155,0.16926216
neural,ENSG00000166979,0.16903187,57.801155,0.16903187
neural,ENSG00000010319,-0.1687284,57.801155,0.1687284
neural,ENSG00000203782,0.16871166,57.801155,0.16871166
neural,ENSG00000205560,-0.168666,57.801155,0.168666
neural,ENSG00000159189,-0.16846742,57.801155,0.16846742
neural,ENSG00000155926,-0.16835175,57.801155,0.16835175
neural,ENSG00000102755,0.16788691,57.801155,0.16788691
neural,ENSG00000092054,0.16779897,57.801155,0.16779897
neural,ENSG00000152463,-0.16759416,57.801155,0.16759416
neural,ENSG00000120549,0.16749977,57.801155,0.16749977
neural,ENSG00000118113,0.1674639,57.801155,0.1674639
neural,ENSG00000117228,0.16743593,57.801155,0.16743593
neural,ENSG00000122367,-0.16740367,57.801155,0.16740367
neural,ENSG00000154721,-0.16708787,57.801155,0.16708787
neural,ENSG00000146094,-0.1668817,57.801155,0.1668817
neural,ENSG00000170961,-0.16682614,57.801155,0.16682614
neural,ENSG00000142611,0.16662085,57.801155,0.16662085
neural,ENSG00000142156,0.1665125,57.801155,0.1665125
neural,ENSG00000242265,-0.16631693,57.801155,0.16631693
neural,ENSG00000134755,0.16618387,57.801155,0.16618387
neural,ENSG00000136842,0.16612789,57.801155,0.16612789
neural,ENSG00000134339,0.16607602,57.801155,0.16607602
neural,ENSG00000189182,0.16582794,57.801155,0.16582794
neural,ENSG00000285976,0.16572087,57.801155,0.16572087
neural,ENSG00000104918,0.16569765,57.801155,0.16569765
neural,ENSG00000169242,-0.16563736,57.801155,0.16563736
neural,ENSG00000006047,-0.16549958,57.801155,0.16549958
neural,ENSG00000144824,0.1654444,57.801155,0.1654444
neural,ENSG00000166183,-0.1654431,57.801155,0.1654431
neural,ENSG00000205678,0.16543806,57.801155,0.16543806
neural,ENSG00000197119,0.1652919,57.801155,0.1652919
neural,ENSG00000136630,0.16527909,57.801155,0.16527909
neural,ENSG00000171115,0.16512606,57.801155,0.16512606
neural,ENSG00000136010,-0.16510782,57.801155,0.16510782
neural,ENSG00000112562,-0.16510768,57.801155,0.16510768
neural,ENSG00000070193,0.16504018,57.801155,0.16504018
neural,ENSG00000167552,-0.16497283,57.801155,0.16497283
neural,ENSG00000166920,-0.16487408,57.801155,0.16487408
neural,ENSG00000160801,0.16470927,57.801155,0.16470927
neural,ENSG00000117115,0.16452512,57.801155,0.16452512
neural,ENSG00000124126,-0.16439648,57.801155,0.16439648
neural,ENSG00000173597,-0.16439149,57.801155,0.16439149
neural,ENSG00000164867,0.16438954,57.801155,0.16438954
neural,ENSG00000173175,-0.16434291,57.801155,0.16434291
neural,ENSG00000164976,-0.16414328,57.801155,0.16414328
neural,ENSG00000184557,-0.16411723,57.801155,0.16411723
neural,ENSG00000213809,0.16376996,57.801155,0.16376996
neural,ENSG00000211955,0.16368303,57.801155,0.16368303
neural,ENSG00000150556,0.16344534,57.801155,0.16344534
neural,ENSG00000162738,0.1634448,57.801155,0.1634448
neural,ENSG00000104936,-0.16342974,57.801155,0.16342974
neural,ENSG00000232216,-0.16334169,57.801155,0.16334169
neural,ENSG00000183049,-0.16312245,57.801155,0.16312245
neural,ENSG00000131981,0.16309229,57.801155,0.16309229
neural,ENSG00000122862,-0.16288625,57.801155,0.16288625
neural,ENSG00000134824,-0.16278483,57.801155,0.16278483
neural,ENSG00000135144,0.16273978,57.801155,0.16273978
neural,ENSG00000119138,-0.16264026,57.801155,0.16264026
neural,ENSG00000116106,0.16260862,57.801155,0.16260862
neural,ENSG00000258967,0.1626003,57.801155,0.1626003
neural,ENSG00000167617,0.1624209,57.801155,0.1624209
neural,ENSG00000168447,-0.16230187,57.801155,0.16230187
neural,ENSG00000180871,0.16223074,57.801155,0.16223074
neural,ENSG00000254815,-0.16212128,57.801155,0.16212128
neural,ENSG00000131097,-0.16196713,57.801155,0.16196713
neural,ENSG00000263155,-0.16193204,57.801155,0.16193204
neural,ENSG00000100078,0.16182667,57.801155,0.16182667
neural,ENSG00000160410,-0.16172871,57.801155,0.16172871
neural,ENSG00000184454,0.1616413,57.801155,0.1616413
neural,ENSG00000186652,-0.16153805,57.801155,0.16153805
neural,ENSG00000171777,0.16140209,57.801155,0.16140209
neural,ENSG00000172016,0.16123971,57.801155,0.16123971
neural,ENSG00000181418,-0.16123354,57.801155,0.16123354
neural,ENSG00000173432,0.16112609,57.801155,0.16112609
neural,ENSG00000164294,-0.16075827,57.801155,0.16075827
neural,ENSG00000171236,0.16065383,57.801155,0.16065383
neural,ENSG00000243284,-0.16064315,57.801155,0.16064315
neural,ENSG00000275385,0.16050227,57.801155,0.16050227
neural,ENSG00000186205,0.16040917,57.801155,0.16040917
neural,ENSG00000106066,-0.16024211,57.801155,0.16024211
neural,ENSG00000183044,-0.16011055,57.801155,0.16011055
neural,ENSG00000062282,-0.1600998,57.801155,0.1600998
neural,ENSG00000171560,-0.16008297,57.801155,0.16008297
neural,ENSG00000113578,-0.15997754,57.801155,0.15997754
neural,ENSG00000178585,-0.15996532,57.801155,0.15996532
neural,ENSG00000185818,0.15978003,57.801155,0.15978003
neural,ENSG00000204128,0.15975545,57.801155,0.15975545
neural,ENSG00000211594,0.15964323,57.801155,0.15964323
neural,ENSG00000247095,0.15946749,57.801155,0.15946749
neural,ENSG00000167601,-0.15935428,57.801155,0.15935428
neural,ENSG00000184544,0.15926334,57.801155,0.15926334
neural,ENSG00000158373,-0.15919827,57.801155,0.15919827
neural,ENSG00000072110,0.15916602,57.801155,0.15916602
neural,ENSG00000110811,0.15912257,57.801155,0.15912257
neural,ENSG00000183844,0.15911861,57.801155,0.15911861
neural,ENSG00000130558,-0.15881296,57.801155,0.15881296
neural,ENSG00000205517,-0.15880504,57.801155,0.15880504
neural,ENSG00000175121,0.15870775,57.801155,0.15870775
neural,ENSG00000116729,-0.15852967,57.801155,0.15852967
neural,ENSG00000157551,-0.15849897,57.801155,0.15849897
neural,ENSG00000182600,0.15849344,57.801155,0.15849344
neural,ENSG00000140459,0.15843223,57.801155,0.15843223
neural,ENSG00000272398,-0.15829353,57.801155,0.15829353
neural,ENSG00000185681,0.15810089,57.801155,0.15810089
neural,ENSG00000183722,-0.1578409,57.801155,0.1578409
neural,ENSG00000163032,0.1576016,57.801155,0.1576016
neural,ENSG00000225630,0.15735357,57.801155,0.15735357
neural,ENSG00000211946,-0.15730189,57.801155,0.15730189
neural,ENSG00000228075,0.15695213,57.801155,0.15695213
neural,ENSG00000146090,-0.15679295,57.801155,0.15679295
neural,ENSG00000259539,-0.15669051,57.801155,0.15669051
neural,ENSG00000115963,-0.15668732,57.801155,0.15668732
neural,ENSG00000211947,0.15659079,57.801155,0.15659079
neural,ENSG00000290455,-0.15657753,57.801155,0.15657753
neural,ENSG00000137975,-0.15638116,57.801155,0.15638116
neural,ENSG00000159958,-0.15616259,57.801155,0.15616259
neural,ENSG00000081041,-0.15600859,57.801155,0.15600859
neural,ENSG00000036448,-0.15599625,57.801155,0.15599625
neural,ENSG00000293543,-0.15599245,57.801155,0.15599245
neural,ENSG00000125398,0.15575184,57.801155,0.15575184
neural,ENSG00000105141,-0.15572761,57.801155,0.15572761
neural,ENSG00000151778,0.15568063,57.801155,0.15568063
neural,ENSG00000143320,0.1556684,57.801155,0.1556684
neural,ENSG00000165424,0.15556867,57.801155,0.15556867
neural,ENSG00000244274,-0.1555417,57.801155,0.1555417
neural,ENSG00000170465,-0.15551408,57.801155,0.15551408
neural,ENSG00000135472,0.15546465,57.801155,0.15546465
neural,ENSG00000184292,0.15542617,57.801155,0.15542617
neural,ENSG00000178860,-0.15541163,57.801155,0.15541163
neural,ENSG00000184743,0.15532027,57.801155,0.15532027
neural,ENSG00000211640,-0.15530382,57.801155,0.15530382
neural,ENSG00000165029,-0.15528062,57.801155,0.15528062
neural,ENSG00000163083,0.15508202,57.801155,0.15508202
neural,ENSG00000103260,-0.15504238,57.801155,0.15504238
neural,ENSG00000169991,-0.15500917,57.801155,0.15500917
neural,ENSG00000179477,0.15486766,57.801155,0.15486766
neural,ENSG00000172724,0.1548427,57.801155,0.1548427
neural,ENSG00000130701,-0.15483366,57.801155,0.15483366
neural,ENSG00000091583,0.15480432,57.801155,0.15480432
neural,ENSG00000122852,0.15475045,57.801155,0.15475045
neural,ENSG00000188505,-0.15470052,57.801155,0.15470052
neural,ENSG00000151640,0.1545569,57.801155,0.1545569
neural,ENSG00000105255,-0.1544608,57.801155,0.1544608
neural,ENSG00000156127,-0.1543615,57.801155,0.1543615
neural,ENSG00000124479,0.15426661,57.801155,0.15426661
neural,ENSG00000069812,0.15394184,57.801155,0.15394184
neural,ENSG00000211933,-0.1538844,57.801155,0.1538844
neural,ENSG00000178947,-0.15384671,57.801155,0.15384671
neural,ENSG00000131435,-0.15368876,57.801155,0.15368876
neural,ENSG00000198910,-0.15365863,57.801155,0.15365863
neural,ENSG00000105270,-0.15354796,57.801155,0.15354796
neural,ENSG00000169083,-0.1534245,57.801155,0.1534245
neural,ENSG00000211655,0.15335217,57.801155,0.15335217
neural,ENSG00000112299,-0.15330838,57.801155,0.15330838
neural,ENSG00000182107,-0.15328039,57.801155,0.15328039
neural,ENSG00000151468,0.15327461,57.801155,0.15327461
neural,ENSG00000104894,-0.1530778,57.801155,0.1530778
neural,ENSG00000005187,0.15289114,57.801155,0.15289114
neural,ENSG00000187800,-0.15252309,57.801155,0.15252309
neural,ENSG00000284479,0.15247491,57.801155,0.15247491
neural,ENSG00000124882,-0.1522557,57.801155,0.1522557
neural,ENSG00000163563,0.15207754,57.801155,0.15207754
neural,ENSG00000211965,0.15198135,57.801155,0.15198135
neural,ENSG00000120156,-0.15189567,57.801155,0.15189567
neural,ENSG00000043039,-0.15174209,57.801155,0.15174209
neural,ENSG00000164023,-0.15169784,57.801155,0.15169784
neural,ENSG00000214711,0.15167029,57.801155,0.15167029
neural,ENSG00000145423,-0.15159172,57.801155,0.15159172
neural,ENSG00000090776,0.15158638,57.801155,0.15158638
neural,ENSG00000066629,-0.1515305,57.801155,0.1515305
neural,ENSG00000109084,-0.15145993,57.801155,0.15145993
neural,ENSG00000128591,-0.15133423,57.801155,0.15133423
neural,ENSG00000140416,0.15115161,57.801155,0.15115161
neural,ENSG00000107742,0.15110047,57.801155,0.15110047
neural,ENSG00000024422,0.15046383,57.801155,0.15046383
neural,ENSG00000163216,-0.15036818,57.801155,0.15036818
neural,ENSG00000185633,0.15017878,57.801155,0.15017878
neural,ENSG00000227507,0.15014088,57.801155,0.15014088
neural,ENSG00000242887,-0.15009055,57.801155,0.15009055
neural,ENSG00000291033,-0.14991972,57.801155,0.14991972
neural,ENSG00000172243,0.1497369,57.801155,0.1497369
neural,ENSG00000125868,0.14954995,57.801155,0.14954995
neural,ENSG00000117091,-0.14954357,57.801155,0.14954357
neural,ENSG00000046653,-0.14950742,57.801155,0.14950742
neural,ENSG00000119125,-0.14949907,57.801155,0.14949907
neural,ENSG00000124466,-0.14942782,57.801155,0.14942782
neural,ENSG00000068976,0.14938468,57.801155,0.14938468
neural,ENSG00000168004,0.1493503,57.801155,0.1493503
neural,ENSG00000186529,-0.14924443,57.801155,0.14924443
neural,ENSG00000211668,-0.14904954,57.801155,0.14904954
neural,ENSG00000213977,0.1490223,57.801155,0.1490223
neural,ENSG00000166831,-0.14887956,57.801155,0.14887956
neural,ENSG00000058335,-0.14885232,57.801155,0.14885232
neural,ENSG00000170476,0.14883408,57.801155,0.14883408
neural,ENSG00000069424,0.14872877,57.801155,0.14872877
neural,ENSG00000118322,0.1487203,57.801155,0.1487203
neural,ENSG00000164638,-0.14870167,57.801155,0.14870167
neural,ENSG00000164877,0.14859597,57.801155,0.14859597
neural,ENSG00000075886,-0.14856471,57.801155,0.14856471
neural,ENSG00000140853,0.14854206,57.801155,0.14854206
neural,ENSG00000172216,0.14826772,57.801155,0.14826772
neural,ENSG00000072832,-0.14816363,57.801155,0.14816363
neural,ENSG00000171940,0.14806706,57.801155,0.14806706
neural,ENSG00000196411,0.14800917,57.801155,0.14800917
neural,ENSG00000173376,0.14800313,57.801155,0.14800313
neural,ENSG00000198944,0.14794123,57.801155,0.14794123
neural,ENSG00000122035,-0.14778738,57.801155,0.14778738
neural,ENSG00000225138,-0.14771512,57.801155,0.14771512
neural,ENSG00000095585,-0.14758842,57.801155,0.14758842
neural,ENSG00000184937,-0.14749047,57.801155,0.14749047
neural,ENSG00000132746,0.14741759,57.801155,0.14741759
neural,ENSG00000048462,-0.1474153,57.801155,0.1474153
neural,ENSG00000240694,0.14734036,57.801155,0.14734036
neural,ENSG00000162989,0.14731885,57.801155,0.14731885
neural,ENSG00000017427,-0.14712857,57.801155,0.14712857
neural,ENSG00000163661,0.14712496,57.801155,0.14712496
neural,ENSG00000183019,-0.14700958,57.801155,0.14700958
neural,ENSG00000135678,-0.14689377,57.801155,0.14689377
neural,ENSG00000167767,-0.14672552,57.801155,0.14672552
neural,ENSG00000198417,0.14667659,57.801155,0.14667659
neural,ENSG00000111181,0.14666474,57.801155,0.14666474
neural,ENSG00000150995,0.14650568,57.801155,0.14650568
neural,ENSG00000184459,-0.14643519,57.801155,0.14643519
neural,ENSG00000082175,0.1464344,57.801155,0.1464344
neural,ENSG00000221955,-0.14617525,57.801155,0.14617525
neural,ENSG00000233041,0.14602657,57.801155,0.14602657
neural,ENSG00000065618,-0.1459741,57.801155,0.1459741
neural,ENSG00000078898,0.14595503,57.801155,0.14595503
neural,ENSG00000110237,0.14588489,57.801155,0.14588489
neural,ENSG00000197953,-0.1458592,57.801155,0.1458592
neural,ENSG00000304541,0.14558814,57.801155,0.14558814
neural,ENSG00000176490,-0.14555381,57.801155,0.14555381
neural,ENSG00000125845,0.14551336,57.801155,0.14551336
neural,ENSG00000111404,0.14550267,57.801155,0.14550267
neural,ENSG00000227051,0.14520444,57.801155,0.14520444
neural,ENSG00000100889,-0.1452028,57.801155,0.1452028
neural,ENSG00000003989,-0.14503622,57.801155,0.14503622
neural,ENSG00000294153,-0.14488867,57.801155,0.14488867
neural,ENSG00000115380,-0.14478397,57.801155,0.14478397
neural,ENSG00000186395,-0.14465025,57.801155,0.14465025
neural,ENSG00000174171,0.14463814,57.801155,0.14463814
neural,ENSG00000104490,-0.14459899,57.801155,0.14459899
neural,ENSG00000260314,0.1445499,57.801155,0.1445499
neural,ENSG00000137752,0.14439914,57.801155,0.14439914
neural,ENSG00000137941,0.14435652,57.801155,0.14435652
neural,ENSG00000298196,-0.14430165,57.801155,0.14430165
neural,ENSG00000159674,-0.14410484,57.801155,0.14410484
neural,ENSG00000176842,-0.14407142,57.801155,0.14407142
neural,ENSG00000198759,0.14403465,57.801155,0.14403465
neural,ENSG00000132821,0.14401154,57.801155,0.14401154
neural,ENSG00000165072,-0.14400497,57.801155,0.14400497
neural,ENSG00000166927,0.14385712,57.801155,0.14385712
neural,ENSG00000134775,-0.14372808,57.801155,0.14372808
neural,ENSG00000108846,-0.14364697,57.801155,0.14364697
neural,ENSG00000087077,0.14349237,57.801155,0.14349237
neural,ENSG00000166341,0.14303339,57.801155,0.14303339
neural,ENSG00000140274,-0.14289002,57.801155,0.14289002
neural,ENSG00000164251,0.14276852,57.801155,0.14276852
neural,ENSG00000189129,-0.14269394,57.801155,0.14269394
neural,ENSG00000176840,-0.14268808,57.801155,0.14268808
neural,ENSG00000188313,0.14263466,57.801155,0.14263466
neural,ENSG00000197629,0.14263384,57.801155,0.14263384
neural,ENSG00000115361,0.14261091,57.801155,0.14261091
neural,ENSG00000119699,0.14248537,57.801155,0.14248537
neural,ENSG00000180332,0.14237562,57.801155,0.14237562
neural,ENSG00000198805,0.14223503,57.801155,0.14223503
neural,ENSG00000271503,-0.14220326,57.801155,0.14220326
neural,ENSG00000196923,0.14218108,57.801155,0.14218108
neural,ENSG00000253276,-0.14215554,57.801155,0.14215554
neural,ENSG00000134138,-0.14195804,57.801155,0.14195804
neural,ENSG00000135549,0.14187269,57.801155,0.14187269
neural,ENSG00000135447,-0.14182483,57.801155,0.14182483
neural,ENSG00000268388,-0.14132762,57.801155,0.14132762
neural,ENSG00000290021,-0.14131002,57.801155,0.14131002
neural,ENSG00000111341,0.14123076,57.801155,0.14123076
neural,ENSG00000115041,-0.14110681,57.801155,0.14110681
neural,ENSG00000124302,0.14087288,57.801155,0.14087288
neural,ENSG00000150656,0.14073786,57.801155,0.14073786
neural,ENSG00000146670,-0.1405576,57.801155,0.1405576
neural,ENSG00000158859,-0.14032394,57.801155,0.14032394
neural,ENSG00000214575,0.14026958,57.801155,0.14026958
neural,ENSG00000112195,0.14018495,57.801155,0.14018495
neural,ENSG00000101938,-0.13999486,57.801155,0.13999486
neural,ENSG00000134028,-0.13983181,57.801155,0.13983181
neural,ENSG00000198729,-0.13981599,57.801155,0.13981599
neural,ENSG00000205076,0.13966358,57.801155,0.13966358
neural,ENSG00000204388,0.13958074,57.801155,0.13958074
neural,ENSG00000167916,0.13950226,57.801155,0.13950226
neural,ENSG00000119514,0.13940297,57.801155,0.13940297
neural,ENSG00000171951,0.13934788,57.801155,0.13934788
neural,ENSG00000268500,0.1393127,57.801155,0.1393127
neural,ENSG00000066468,-0.13928758,57.801155,0.13928758
neural,ENSG00000144354,0.13923821,57.801155,0.13923821
neural,ENSG00000117600,-0.13912311,57.801155,0.13912311
neural,ENSG00000172379,0.13884684,57.801155,0.13884684
neural,ENSG00000087510,0.13873497,57.801155,0.13873497
neural,ENSG00000129757,0.1386398,57.801155,0.1386398
neural,ENSG00000169860,-0.13841107,57.801155,0.13841107
neural,ENSG00000155760,0.13806686,57.801155,0.13806686
neural,ENSG00000145632,0.13794099,57.801155,0.13794099
neural,ENSG00000167755,0.13778736,57.801155,0.13778736
neural,ENSG00000104888,0.13776164,57.801155,0.13776164
neural,ENSG00000197256,0.13773853,57.801155,0.13773853
neural,ENSG00000147606,0.13772307,57.801155,0.13772307
neural,ENSG00000169245,0.1376207,57.801155,0.1376207
neural,ENSG00000114698,0.13753171,57.801155,0.13753171
neural,ENSG00000125657,-0.1375172,57.801155,0.1375172
neural,ENSG00000138944,0.13747938,57.801155,0.13747938
neural,ENSG00000101670,0.13738814,57.801155,0.13738814
neural,ENSG00000112984,0.13729952,57.801155,0.13729952
neural,ENSG00000172183,-0.13717164,57.801155,0.13717164
neural,ENSG00000126778,0.1369935,57.801155,0.1369935
neural,ENSG00000143772,0.13693862,57.801155,0.13693862
neural,ENSG00000154227,0.13689683,57.801155,0.13689683
neural,ENSG00000112183,0.13685295,57.801155,0.13685295
neural,ENSG00000147509,0.13683718,57.801155,0.13683718
neural,ENSG00000106327,0.13683447,57.801155,0.13683447
neural,ENSG00000166483,-0.1367438,57.801155,0.1367438
neural,ENSG00000162078,0.1366568,57.801155,0.1366568
neural,ENSG00000172346,0.13642721,57.801155,0.13642721
neural,ENSG00000166091,0.13628604,57.801155,0.13628604
neural,ENSG00000189320,0.13625258,57.801155,0.13625258
neural,ENSG00000132938,0.13612454,57.801155,0.13612454
neural,ENSG00000160789,-0.13601287,57.801155,0.13601287
neural,ENSG00000126861,0.1360016,57.801155,0.1360016
neural,ENSG00000179388,-0.1359665,57.801155,0.1359665
neural,ENSG00000121742,0.13591212,57.801155,0.13591212
neural,ENSG00000121068,-0.13576199,57.801155,0.13576199
neural,ENSG00000229415,0.13563307,57.801155,0.13563307
neural,ENSG00000137078,-0.13549712,57.801155,0.13549712
neural,ENSG00000198719,-0.1354777,57.801155,0.1354777
neural,ENSG00000101400,0.13541771,57.801155,0.13541771
neural,ENSG00000172260,-0.13533917,57.801155,0.13533917
neural,ENSG00000154917,-0.13530481,57.801155,0.13530481
neural,ENSG00000108602,-0.13523014,57.801155,0.13523014
neural,ENSG00000086289,0.13516144,57.801155,0.13516144
neural,ENSG00000139194,0.1349797,57.801155,0.1349797
neural,ENSG00000164125,0.13493098,57.801155,0.13493098
neural,ENSG00000059728,0.13490227,57.801155,0.13490227
neural,ENSG00000100968,0.13484399,57.801155,0.13484399
neural,ENSG00000158815,0.13481486,57.801155,0.13481486
neural,ENSG00000165794,0.13478509,57.801155,0.13478509
neural,ENSG00000198822,-0.13476415,57.801155,0.13476415
neural,ENSG00000261857,-0.134757,57.801155,0.134757
neural,ENSG00000106819,-0.13460618,57.801155,0.13460618
neural,ENSG00000114654,0.13454792,57.801155,0.13454792
neural,ENSG00000170955,0.13445912,57.801155,0.13445912
neural,ENSG00000188130,0.1344521,57.801155,0.1344521
neural,ENSG00000186081,0.13443416,57.801155,0.13443416
neural,ENSG00000142273,-0.1344152,57.801155,0.1344152
neural,ENSG00000124212,-0.13440113,57.801155,0.13440113
neural,ENSG00000008118,0.13433926,57.801155,0.13433926
neural,ENSG00000007312,0.13430463,57.801155,0.13430463
neural,ENSG00000144935,0.13425398,57.801155,0.13425398
neural,ENSG00000309097,0.13418968,57.801155,0.13418968
neural,ENSG00000102524,-0.13416803,57.801155,0.13416803
neural,ENSG00000130643,-0.13412884,57.801155,0.13412884
neural,ENSG00000276980,-0.13411956,57.801155,0.13411956
neural,ENSG00000196843,-0.13403396,57.801155,0.13403396
neural,ENSG00000122861,-0.13402663,57.801155,0.13402663
neural,ENSG00000185532,-0.13401423,57.801155,0.13401423
neural,ENSG00000007968,0.13399294,57.801155,0.13399294
neural,ENSG00000120885,-0.133909,57.801155,0.133909
neural,ENSG00000169413,-0.13383578,57.801155,0.13383578
neural,ENSG00000163630,0.13372138,57.801155,0.13372138
neural,ENSG00000104059,0.1337197,57.801155,0.1337197
neural,ENSG00000124939,0.13358968,57.801155,0.13358968
neural,ENSG00000138083,-0.1335691,57.801155,0.1335691
neural,ENSG00000111186,-0.13355851,57.801155,0.13355851
neural,ENSG00000121039,0.1335189,57.801155,0.1335189
neural,ENSG00000117114,-0.13335532,57.801155,0.13335532
neural,ENSG00000165591,0.13334562,57.801155,0.13334562
neural,ENSG00000147642,-0.13331705,57.801155,0.13331705
neural,ENSG00000185559,0.13322543,57.801155,0.13322543
neural,ENSG00000112276,-0.13302119,57.801155,0.13302119
neural,ENSG00000090924,-0.13301586,57.801155,0.13301586
neural,ENSG00000100842,0.13296434,57.801155,0.13296434
neural,ENSG00000053747,0.13291752,57.801155,0.13291752
neural,ENSG00000186510,0.13288446,57.801155,0.13288446
neural,ENSG00000004399,0.13282627,57.801155,0.13282627
neural,ENSG00000132329,-0.13266681,57.801155,0.13266681
neural,ENSG00000166682,-0.13261338,57.801155,0.13261338
neural,ENSG00000182534,0.13261138,57.801155,0.13261138
neural,ENSG00000096696,-0.13258518,57.801155,0.13258518
neural,ENSG00000161649,-0.13257922,57.801155,0.13257922
neural,ENSG00000163399,0.13247128,57.801155,0.13247128
neural,ENSG00000169299,-0.13242878,57.801155,0.13242878
neural,ENSG00000134247,0.13228895,57.801155,0.13228895
neural,ENSG00000151725,0.1322781,57.801155,0.1322781
neural,ENSG00000134504,0.13223206,57.801155,0.13223206
neural,ENSG00000255513,0.13202158,57.801155,0.13202158
neural,ENSG00000113070,-0.13197964,57.801155,0.13197964
neural,ENSG00000122574,0.13196415,57.801155,0.13196415
neural,ENSG00000179639,0.13188,57.801155,0.13188
neural,ENSG00000113369,0.13179392,57.801155,0.13179392
neural,ENSG00000155980,0.13179359,57.801155,0.13179359
neural,ENSG00000187193,-0.13178949,57.801155,0.13178949
neural,ENSG00000127152,0.13166934,57.801155,0.13166934
neural,ENSG00000138162,0.1315543,57.801155,0.1315543
neural,ENSG00000117013,0.1315159,57.801155,0.1315159
neural,ENSG00000155850,0.13145535,57.801155,0.13145535
neural,ENSG00000197859,-0.1314333,57.801155,0.1314333
neural,ENSG00000105854,-0.13142471,57.801155,0.13142471
neural,ENSG00000141526,-0.13137618,57.801155,0.13137618
neural,ENSG00000105329,0.13136241,57.801155,0.13136241
neural,ENSG00000109511,0.13122985,57.801155,0.13122985
neural,ENSG00000171877,0.13117437,57.801155,0.13117437
neural,ENSG00000164620,-0.13114594,57.801155,0.13114594
neural,ENSG00000198353,-0.1310503,57.801155,0.1310503
neural,ENSG00000073464,-0.13098292,57.801155,0.13098292
neural,ENSG00000204539,0.13091975,57.801155,0.13091975
neural,ENSG00000185499,-0.13078927,57.801155,0.13078927
neural,ENSG00000158106,-0.13059475,57.801155,0.13059475
neural,ENSG00000090104,0.13057435,57.801155,0.13057435
neural,ENSG00000163209,-0.13043632,57.801155,0.13043632
neural,ENSG00000239264,0.13020164,57.801155,0.13020164
neural,ENSG00000211904,0.1301829,57.801155,0.1301829
neural,ENSG00000158869,0.13017675,57.801155,0.13017675
neural,ENSG00000168314,-0.13016191,57.801155,0.13016191
neural,ENSG00000105974,0.13007955,57.801155,0.13007955
neural,ENSG00000162692,-0.13006319,57.801155,0.13006319
neural,ENSG00000164442,-0.13005207,57.801155,0.13005207
neural,ENSG00000163694,0.12996548,57.801155,0.12996548
neural,ENSG00000184956,0.12977284,57.801155,0.12977284
neural,ENSG00000180071,-0.12974381,57.801155,0.12974381
neural,ENSG00000229807,0.12965535,57.801155,0.12965535
neural,ENSG00000211676,0.12945727,57.801155,0.12945727
neural,ENSG00000174429,0.12935235,57.801155,0.12935235
neural,ENSG00000087076,0.12926155,57.801155,0.12926155
neural,ENSG00000109101,-0.1291688,57.801155,0.1291688
neural,ENSG00000152214,-0.12893333,57.801155,0.12893333
neural,ENSG00000014257,0.12891209,57.801155,0.12891209
neural,ENSG00000181649,0.1286779,57.801155,0.1286779
neural,ENSG00000163040,-0.12863387,57.801155,0.12863387
neural,ENSG00000101298,0.12856117,57.801155,0.12856117
neural,ENSG00000124491,-0.12852335,57.801155,0.12852335
neural,ENSG00000189184,-0.12832955,57.801155,0.12832955
neural,ENSG00000012124,0.12824468,57.801155,0.12824468
neural,ENSG00000163453,0.12784782,57.801155,0.12784782
neural,ENSG00000168878,-0.12744708,57.801155,0.12744708
neural,ENSG00000119865,0.12728837,57.801155,0.12728837
neural,ENSG00000183793,-0.12727982,57.801155,0.12727982
neural,ENSG00000070778,-0.12709618,57.801155,0.12709618
neural,ENSG00000141086,-0.12694274,57.801155,0.12694274
neural,ENSG00000136155,-0.12671058,57.801155,0.12671058
neural,ENSG00000057149,0.12661414,57.801155,0.12661414
neural,ENSG00000117143,-0.12651098,57.801155,0.12651098
neural,ENSG00000168993,-0.12628017,57.801155,0.12628017
neural,ENSG00000197971,-0.12626033,57.801155,0.12626033
neural,ENSG00000283227,-0.12624328,57.801155,0.12624328
neural,ENSG00000163218,-0.12624088,57.801155,0.12624088
neural,ENSG00000204257,0.12611449,57.801155,0.12611449
neural,ENSG00000166111,-0.12611265,57.801155,0.12611265
neural,ENSG00000243509,-0.12604262,57.801155,0.12604262
neural,ENSG00000182022,0.12599722,57.801155,0.12599722
neural,ENSG00000198795,-0.12598479,57.801155,0.12598479
neural,ENSG00000072571,0.1259146,57.801155,0.1259146
neural,ENSG00000267653,0.125817,57.801155,0.125817
neural,ENSG00000164112,-0.12553015,57.801155,0.12553015
neural,ENSG00000176387,-0.12550285,57.801155,0.12550285
neural,ENSG00000126217,0.12544765,57.801155,0.12544765
neural,ENSG00000198099,0.12537834,57.801155,0.12537834
neural,ENSG00000171195,-0.12537575,57.801155,0.12537575
neural,ENSG00000275131,-0.1252905,57.801155,0.1252905
neural,ENSG00000147027,-0.12522261,57.801155,0.12522261
neural,ENSG00000213983,-0.12504724,57.801155,0.12504724
neural,ENSG00000142303,-0.12500848,57.801155,0.12500848
neural,ENSG00000140368,0.12486377,57.801155,0.12486377
neural,ENSG00000204653,0.1247565,57.801155,0.1247565
neural,ENSG00000205890,-0.12463781,57.801155,0.12463781
neural,ENSG00000107968,-0.124611475,57.801155,0.124611475
neural,ENSG00000143867,0.124556,57.801155,0.124556
neural,ENSG00000111206,0.12453876,57.801155,0.12453876
neural,ENSG00000103740,0.12452622,57.801155,0.12452622
neural,ENSG00000161944,-0.12422093,57.801155,0.12422093
neural,ENSG00000188338,-0.123879775,57.801155,0.123879775
neural,ENSG00000163395,-0.12381085,57.801155,0.12381085
neural,ENSG00000168961,0.12353911,57.801155,0.12353911
neural,ENSG00000159208,-0.12348809,57.801155,0.12348809
neural,ENSG00000174233,0.1234832,57.801155,0.1234832
neural,ENSG00000166863,-0.123353556,57.801155,0.123353556
neural,ENSG00000233117,-0.123347126,57.801155,0.123347126
neural,ENSG00000183072,0.12333497,57.801155,0.12333497
neural,ENSG00000104635,0.12327762,57.801155,0.12327762
neural,ENSG00000100300,-0.12325828,57.801155,0.12325828
neural,ENSG00000197093,0.123202056,57.801155,0.123202056
neural,ENSG00000179751,0.12314581,57.801155,0.12314581
neural,ENSG00000091138,-0.12297336,57.801155,0.12297336
neural,ENSG00000106278,0.12294449,57.801155,0.12294449
neural,ENSG00000122707,-0.12291711,57.801155,0.12291711
neural,ENSG00000067646,0.12291677,57.801155,0.12291677
neural,ENSG00000243364,-0.12280239,57.801155,0.12280239
neural,ENSG00000188100,0.12271497,57.801155,0.12271497
neural,ENSG00000204577,0.12264939,57.801155,0.12264939
neural,ENSG00000164104,-0.1224311,57.801155,0.1224311
neural,ENSG00000130528,-0.12223308,57.801155,0.12223308
neural,ENSG00000173221,0.12215377,57.801155,0.12215377
neural,ENSG00000110328,0.122085184,57.801155,0.122085184
neural,ENSG00000137309,-0.12203782,57.801155,0.12203782
neural,ENSG00000198561,-0.122027904,57.801155,0.122027904
neural,ENSG00000079257,-0.12194545,57.801155,0.12194545
neural,ENSG00000232629,0.121918455,57.801155,0.121918455
neural,ENSG00000269190,0.12179204,57.801155,0.12179204
neural,ENSG00000177791,0.121572204,57.801155,0.121572204
neural,ENSG00000168743,-0.121357374,57.801155,0.121357374
neural,ENSG00000114115,-0.12131316,57.801155,0.12131316
neural,ENSG00000171885,-0.12116896,57.801155,0.12116896
neural,ENSG00000196154,-0.12115299,57.801155,0.12115299
neural,ENSG00000041982,-0.120963044,57.801155,0.120963044
neural,ENSG00000049283,0.12077909,57.801155,0.12077909
neural,ENSG00000198336,-0.12072707,57.801155,0.12072707
neural,ENSG00000074706,-0.12039095,57.801155,0.12039095
neural,ENSG00000196139,0.12034789,57.801155,0.12034789
neural,ENSG00000037280,0.120306835,57.801155,0.120306835
neural,ENSG00000173702,-0.120260715,57.801155,0.120260715
neural,ENSG00000278621,0.12014381,57.801155,0.12014381
neural,ENSG00000211951,0.11994909,57.801155,0.11994909
neural,ENSG00000091986,-0.11994536,57.801155,0.11994536
neural,ENSG00000225698,0.11993518,57.801155,0.11993518
neural,ENSG00000170477,-0.119838335,57.801155,0.119838335
neural,ENSG00000078814,0.11975851,57.801155,0.11975851
neural,ENSG00000166947,0.119716994,57.801155,0.119716994
neural,ENSG00000197506,0.11951075,57.801155,0.11951075
neural,ENSG00000187486,-0.119483404,57.801155,0.119483404
neural,ENSG00000115386,-0.119472735,57.801155,0.119472735
neural,ENSG00000249992,-0.119372934,57.801155,0.119372934
neural,ENSG00000197405,-0.119286075,57.801155,0.119286075
neural,ENSG00000089820,-0.11922386,57.801155,0.11922386
neural,ENSG00000152154,-0.11899673,57.801155,0.11899673
neural,ENSG00000013364,-0.11891515,57.801155,0.11891515
neural,ENSG00000198844,0.11879642,57.801155,0.11879642
neural,ENSG00000125414,-0.11873473,57.801155,0.11873473
neural,ENSG00000197769,-0.118686974,57.801155,0.118686974
neural,ENSG00000167641,-0.11867268,57.801155,0.11867268
neural,ENSG00000135046,0.11865725,57.801155,0.11865725
neural,ENSG00000167642,0.118537106,57.801155,0.118537106
neural,ENSG00000123243,-0.118472196,57.801155,0.118472196
neural,ENSG00000155657,0.11843187,57.801155,0.11843187
neural,ENSG00000213578,0.11842004,57.801155,0.11842004
neural,ENSG00000126787,0.11831299,57.801155,0.11831299
neural,ENSG00000050165,-0.11824821,57.801155,0.11824821
neural,ENSG00000276775,-0.11802736,57.801155,0.11802736
neural,ENSG00000182704,-0.11796866,57.801155,0.11796866
neural,ENSG00000185739,0.11786696,57.801155,0.11786696
neural,ENSG00000160796,-0.11776029,57.801155,0.11776029
neural,ENSG00000236824,-0.11768707,57.801155,0.11768707
neural,ENSG00000134317,0.11765653,57.801155,0.11765653
neural,ENSG00000113196,0.11749691,57.801155,0.11749691
neural,ENSG00000163702,0.11732665,57.801155,0.11732665
neural,ENSG00000106927,-0.11715042,57.801155,0.11715042
neural,ENSG00000163565,0.11692541,57.801155,0.11692541
neural,ENSG00000152583,0.11685026,57.801155,0.11685026
neural,ENSG00000136688,0.11682826,57.801155,0.11682826
neural,ENSG00000237125,0.11677171,57.801155,0.11677171
neural,ENSG00000104549,-0.11667297,57.801155,0.11667297
neural,ENSG00000153002,-0.116577536,57.801155,0.116577536
neural,ENSG00000183347,-0.116569385,57.801155,0.116569385
neural,ENSG00000161634,-0.116556115,57.801155,0.116556115
neural,ENSG00000105369,0.11652296,57.801155,0.11652296
neural,ENSG00000049449,-0.11647449,57.801155,0.11647449
neural,ENSG00000123360,-0.1163491,57.801155,0.1163491
neural,ENSG00000211625,-0.116310656,57.801155,0.116310656
neural,ENSG00000197444,0.11619384,57.801155,0.11619384
neural,ENSG00000159216,0.116094336,57.801155,0.116094336
neural,ENSG00000161509,0.11601585,57.801155,0.11601585
neural,ENSG00000086730,0.11597678,57.801155,0.11597678
neural,ENSG00000152977,-0.11582393,57.801155,0.11582393
neural,ENSG00000167895,-0.11579657,57.801155,0.11579657
neural,ENSG00000169710,0.11576953,57.801155,0.11576953
neural,ENSG00000088881,0.115636416,57.801155,0.115636416
neural,ENSG00000136872,0.11555673,57.801155,0.11555673
neural,ENSG00000302373,0.115465485,57.801155,0.115465485
neural,ENSG00000160181,-0.115289524,57.801155,0.115289524
neural,ENSG00000106484,-0.11526096,57.801155,0.11526096
neural,ENSG00000174992,0.11522055,57.801155,0.11522055
neural,ENSG00000138207,-0.11512966,57.801155,0.11512966
neural,ENSG00000142871,-0.1150838,57.801155,0.1150838
neural,ENSG00000186522,-0.11506465,57.801155,0.11506465
neural,ENSG00000173890,-0.115063876,57.801155,0.115063876
neural,ENSG00000172201,-0.11481654,57.801155,0.11481654
neural,ENSG00000140519,-0.11476442,57.801155,0.11476442
neural,ENSG00000151067,-0.11467166,57.801155,0.11467166
neural,ENSG00000277363,-0.11459852,57.801155,0.11459852
neural,ENSG00000205038,-0.11456471,57.801155,0.11456471
neural,ENSG00000185522,-0.114473134,57.801155,0.114473134
neural,ENSG00000198483,0.114406794,57.801155,0.114406794
neural,ENSG00000283632,0.11433738,57.801155,0.11433738
neural,ENSG00000171954,-0.11419581,57.801155,0.11419581
neural,ENSG00000134531,-0.11417073,57.801155,0.11417073
neural,ENSG00000211970,-0.11410656,57.801155,0.11410656
neural,ENSG00000286619,-0.11403094,57.801155,0.11403094
neural,ENSG00000162728,0.11396017,57.801155,0.11396017
neural,ENSG00000198947,-0.11393987,57.801155,0.11393987
neural,ENSG00000012223,0.11368418,57.801155,0.11368418
neural,ENSG00000088002,-0.11356933,57.801155,0.11356933
neural,ENSG00000092295,-0.11356829,57.801155,0.11356829
neural,ENSG00000169877,0.113565154,57.801155,0.113565154
neural,ENSG00000155962,0.11346337,57.801155,0.11346337
neural,ENSG00000197321,-0.11343537,57.801155,0.11343537
neural,ENSG00000126233,0.11333198,57.801155,0.11333198
neural,ENSG00000124429,0.11331327,57.801155,0.11331327
neural,ENSG00000187068,0.11327399,57.801155,0.11327399
neural,ENSG00000138166,-0.1130548,57.801155,0.1130548
neural,ENSG00000001617,-0.113051146,57.801155,0.113051146
neural,ENSG00000256235,-0.11304039,57.801155,0.11304039
neural,ENSG00000179299,0.112995364,57.801155,0.112995364
neural,ENSG00000143882,0.11296313,57.801155,0.11296313
neural,ENSG00000140379,-0.11291371,57.801155,0.11291371
neural,ENSG00000154099,0.112786084,57.801155,0.112786084
neural,ENSG00000106789,-0.112688966,57.801155,0.112688966
neural,ENSG00000117226,-0.11266996,57.801155,0.11266996
neural,ENSG00000089199,0.11263295,57.801155,0.11263295
neural,ENSG00000125384,0.11257687,57.801155,0.11257687
neural,ENSG00000140749,0.1124093,57.801155,0.1124093
neural,ENSG00000015133,0.112383336,57.801155,0.112383336
neural,ENSG00000172819,0.112367205,57.801155,0.112367205
neural,ENSG00000168135,0.1122542,57.801155,0.1122542
neural,ENSG00000131398,-0.11213677,57.801155,0.11213677
neural,ENSG00000073849,0.112131834,57.801155,0.112131834
neural,ENSG00000165949,0.11211284,57.801155,0.11211284
neural,ENSG00000156284,-0.11207835,57.801155,0.11207835
neural,ENSG00000125775,0.11193242,57.801155,0.11193242
neural,ENSG00000250742,-0.11191548,57.801155,0.11191548
neural,ENSG00000104870,-0.11184904,57.801155,0.11184904
neural,ENSG00000176014,-0.111760564,57.801155,0.111760564
neural,ENSG00000197905,0.11168246,57.801155,0.11168246
neural,ENSG00000131037,-0.11161839,57.801155,0.11161839
neural,ENSG00000155849,-0.11158856,57.801155,0.11158856
neural,ENSG00000085265,0.11155098,57.801155,0.11155098
neural,ENSG00000123496,0.11154029,57.801155,0.11154029
neural,ENSG00000140254,-0.11137161,57.801155,0.11137161
neural,ENSG00000241360,0.11134509,57.801155,0.11134509
neural,ENSG00000131242,0.11133769,57.801155,0.11133769
neural,ENSG00000283706,-0.11131413,57.801155,0.11131413
neural,ENSG00000203747,-0.11130763,57.801155,0.11130763
neural,ENSG00000105427,0.11119247,57.801155,0.11119247
neural,ENSG00000174669,0.11115435,57.801155,0.11115435
neural,ENSG00000267344,0.111085124,57.801155,0.111085124
neural,ENSG00000154639,-0.11107887,57.801155,0.11107887
neural,ENSG00000166250,0.11100914,57.801155,0.11100914
neural,ENSG00000102409,0.11095101,57.801155,0.11095101
neural,ENSG00000134569,-0.110917136,57.801155,0.110917136
neural,ENSG00000287148,-0.11088983,57.801155,0.11088983
neural,ENSG00000188959,0.11086888,57.801155,0.11086888
neural,ENSG00000128791,0.11084882,57.801155,0.11084882
neural,ENSG00000112972,-0.110774964,57.801155,0.110774964
neural,ENSG00000173801,0.11076374,57.801155,0.11076374
neural,ENSG00000164611,0.110664606,57.801155,0.110664606
neural,ENSG00000175265,-0.11055784,57.801155,0.11055784
neural,ENSG00000071205,-0.11054973,57.801155,0.11054973
neural,ENSG00000011332,-0.11047662,57.801155,0.11047662
neural,ENSG00000069011,-0.11047475,57.801155,0.11047475
neural,ENSG00000145012,0.110447355,57.801155,0.110447355
neural,ENSG00000088882,0.11041337,57.801155,0.11041337
neural,ENSG00000127824,0.11040692,57.801155,0.11040692
neural,ENSG00000182676,0.110191725,57.801155,0.110191725
neural,ENSG00000115414,-0.109995246,57.801155,0.109995246
neural,ENSG00000142798,-0.10994338,57.801155,0.10994338
neural,ENSG00000189056,0.109929316,57.801155,0.109929316
neural,ENSG00000249751,0.109829545,57.801155,0.109829545
neural,ENSG00000168306,0.10981971,57.801155,0.10981971
neural,ENSG00000102007,-0.10979648,57.801155,0.10979648
neural,ENSG00000179772,-0.10977961,57.801155,0.10977961
neural,ENSG00000055955,-0.10977302,57.801155,0.10977302
neural,ENSG00000114948,0.109625995,57.801155,0.109625995
neural,ENSG00000211664,0.10955906,57.801155,0.10955906
neural,ENSG00000125266,0.10952313,57.801155,0.10952313
neural,ENSG00000173559,-0.109476306,57.801155,0.109476306
neural,ENSG00000130037,-0.109376796,57.801155,0.109376796
neural,ENSG00000140279,0.10920375,57.801155,0.10920375
neural,ENSG00000020577,-0.10916421,57.801155,0.10916421
neural,ENSG00000123095,0.10913683,57.801155,0.10913683
neural,ENSG00000107331,-0.10905328,57.801155,0.10905328
neural,ENSG00000171608,0.10901818,57.801155,0.10901818
neural,ENSG00000171557,-0.10900103,57.801155,0.10900103
neural,ENSG00000164825,-0.108984895,57.801155,0.108984895
neural,ENSG00000121769,0.10889239,57.801155,0.10889239
neural,ENSG00000077150,-0.10881256,57.801155,0.10881256
neural,ENSG00000135919,-0.10862265,57.801155,0.10862265
neural,ENSG00000186973,0.108529344,57.801155,0.108529344
neural,ENSG00000169554,-0.10825177,57.801155,0.10825177
neural,ENSG00000120279,-0.10815005,57.801155,0.10815005
neural,ENSG00000114480,0.108063444,57.801155,0.108063444
neural,ENSG00000129450,-0.10798297,57.801155,0.10798297
neural,ENSG00000100979,-0.107868075,57.801155,0.107868075
neural,ENSG00000025708,-0.10786258,57.801155,0.10786258
neural,ENSG00000197893,-0.10777885,57.801155,0.10777885
neural,ENSG00000197614,-0.10763181,57.801155,0.10763181
neural,ENSG00000125347,-0.10763062,57.801155,0.10763062
neural,ENSG00000141506,-0.10759968,57.801155,0.10759968
neural,ENSG00000136068,0.10747558,57.801155,0.10747558
neural,ENSG00000211829,0.107459046,57.801155,0.107459046
neural,ENSG00000168056,0.10739903,57.801155,0.10739903
neural,ENSG00000004799,-0.1073007,57.801155,0.1073007
neural,ENSG00000105649,-0.10726749,57.801155,0.10726749
neural,ENSG00000047365,0.10718852,57.801155,0.10718852
neural,ENSG00000188522,0.107130244,57.801155,0.107130244
neural,ENSG00000116031,-0.10705262,57.801155,0.10705262
neural,ENSG00000134107,0.10688794,57.801155,0.10688794
neural,ENSG00000210194,-0.10683799,57.801155,0.10683799
neural,ENSG00000197406,0.10679716,57.801155,0.10679716
neural,ENSG00000101489,-0.10653071,57.801155,0.10653071
neural,ENSG00000081181,-0.10618086,57.801155,0.10618086
neural,ENSG00000253958,-0.10606227,57.801155,0.10606227
neural,ENSG00000125637,-0.10604683,57.801155,0.10604683
neural,ENSG00000177606,0.10597669,57.801155,0.10597669
neural,ENSG00000116748,-0.105909966,57.801155,0.105909966
neural,ENSG00000162520,-0.105809934,57.801155,0.105809934
neural,ENSG00000077420,-0.10578974,57.801155,0.10578974
neural,ENSG00000186648,-0.10574923,57.801155,0.10574923
neural,ENSG00000145284,0.10565522,57.801155,0.10565522
neural,ENSG00000174348,-0.105622105,57.801155,0.105622105
neural,ENSG00000120693,-0.10560109,57.801155,0.10560109
neural,ENSG00000162894,0.10533991,57.801155,0.10533991
neural,ENSG00000101605,0.10524738,57.801155,0.10524738
neural,ENSG00000111424,0.105226666,57.801155,0.105226666
neural,ENSG00000179914,0.10517872,57.801155,0.10517872
neural,ENSG00000102891,-0.10509871,57.801155,0.10509871
neural,ENSG00000244116,0.10498131,57.801155,0.10498131
neural,ENSG00000155511,0.104945086,57.801155,0.104945086
neural,ENSG00000155093,-0.104930565,57.801155,0.104930565
neural,ENSG00000164776,0.1049085,57.801155,0.1049085
neural,ENSG00000305154,0.10486036,57.801155,0.10486036
neural,ENSG00000128872,0.10485686,57.801155,0.10485686
neural,ENSG00000177469,-0.10485048,57.801155,0.10485048
neural,ENSG00000159527,0.10481546,57.801155,0.10481546
neural,ENSG00000134333,0.104767255,57.801155,0.104767255
neural,ENSG00000087074,-0.10475445,57.801155,0.10475445
neural,ENSG00000257671,0.10470231,57.801155,0.10470231
neural,ENSG00000141579,0.10467572,57.801155,0.10467572
neural,ENSG00000187239,-0.10459916,57.801155,0.10459916
neural,ENSG00000198286,-0.10447936,57.801155,0.10447936
neural,ENSG00000133110,-0.10441463,57.801155,0.10441463
neural,ENSG00000198467,-0.104412995,57.801155,0.104412995
neural,ENSG00000102934,0.104394026,57.801155,0.104394026
neural,ENSG00000152556,0.10420548,57.801155,0.10420548
neural,ENSG00000156675,-0.10413159,57.801155,0.10413159
neural,ENSG00000184709,0.10412192,57.801155,0.10412192
neural,ENSG00000135604,0.10405065,57.801155,0.10405065
neural,ENSG00000081248,0.10386965,57.801155,0.10386965
neural,ENSG00000111405,-0.103816636,57.801155,0.103816636
neural,ENSG00000211959,-0.103651084,57.801155,0.103651084
neural,ENSG00000166592,-0.103625365,57.801155,0.103625365
neural,ENSG00000188783,0.103559285,57.801155,0.103559285
neural,ENSG00000070526,0.103322774,57.801155,0.103322774
neural,ENSG00000013016,0.10329396,57.801155,0.10329396
neural,ENSG00000134817,0.1032829,57.801155,0.1032829
neural,ENSG00000197461,-0.10323748,57.801155,0.10323748
neural,ENSG00000170876,0.10302768,57.801155,0.10302768
neural,ENSG00000042832,-0.102905914,57.801155,0.102905914
neural,ENSG00000181234,-0.102731906,57.801155,0.102731906
neural,ENSG00000211650,0.10271479,57.801155,0.10271479
neural,ENSG00000289913,-0.10270969,57.801155,0.10270969
neural,ENSG00000100628,0.10267649,57.801155,0.10267649
neural,ENSG00000130173,0.102668025,57.801155,0.102668025
neural,ENSG00000119147,-0.102664225,57.801155,0.102664225
neural,ENSG00000242732,0.102556825,57.801155,0.102556825
neural,ENSG00000102265,-0.102444716,57.801155,0.102444716
neural,ENSG00000106772,0.10241803,57.801155,0.10241803
neural,ENSG00000214274,0.1023252,57.801155,0.1023252
neural,ENSG00000138755,0.10222432,57.801155,0.10222432
neural,ENSG00000125733,0.10204014,57.801155,0.10204014
neural,ENSG00000180875,-0.10202305,57.801155,0.10202305
neural,ENSG00000124102,0.102002285,57.801155,0.102002285
neural,ENSG00000142623,0.101917475,57.801155,0.101917475
neural,ENSG00000124942,0.101890415,57.801155,0.101890415
neural,ENSG00000243290,-0.101866335,57.801155,0.101866335
neural,ENSG00000173898,0.10171574,57.801155,0.10171574
neural,ENSG00000261616,0.10168997,57.801155,0.10168997
neural,ENSG00000168461,0.10129054,57.801155,0.10129054
neural,ENSG00000072071,-0.10113461,57.801155,0.10113461
neural,ENSG00000196196,0.10113177,57.801155,0.10113177
neural,ENSG00000156049,0.10112049,57.801155,0.10112049
neural,ENSG00000172995,-0.10109724,57.801155,0.10109724
neural,ENSG00000289252,-0.1010548,57.801155,0.1010548
neural,ENSG00000154146,-0.100685425,57.801155,0.100685425
neural,ENSG00000105717,0.100640126,57.801155,0.100640126
neural,ENSG00000160883,-0.10063067,57.801155,0.10063067
neural,ENSG00000061337,0.10054732,57.801155,0.10054732
neural,ENSG00000273760,0.10051233,57.801155,0.10051233
neural,ENSG00000172828,0.10044746,57.801155,0.10044746
neural,ENSG00000153956,-0.10044057,57.801155,0.10044057
neural,ENSG00000136859,-0.10042574,57.801155,0.10042574
neural,ENSG00000145730,0.10036708,57.801155,0.10036708
neural,ENSG00000139737,0.10029107,57.801155,0.10029107
neural,ENSG00000163157,-0.10027208,57.801155,0.10027208
neural,ENSG00000158887,-0.1001819,57.801155,0.1001819
neural,ENSG00000289404,0.10010109,57.801155,0.10010109
neural,ENSG00000101438,0.09982789,57.801155,0.09982789
neural,ENSG00000163631,-0.09981292,57.801155,0.09981292
neural,ENSG00000171747,0.099801876,57.801155,0.099801876
neural,ENSG00000293627,-0.09966972,57.801155,0.09966972
neural,ENSG00000182718,0.099600494,57.801155,0.099600494
neural,ENSG00000264230,-0.09959836,57.801155,0.09959836
neural,ENSG00000250451,-0.099548884,57.801155,0.099548884
neural,ENSG00000131634,-0.09941767,57.801155,0.09941767
neural,ENSG00000253304,0.09929395,57.801155,0.09929395
neural,ENSG00000223534,0.099286094,57.801155,0.099286094
neural,ENSG00000167748,-0.09924234,57.801155,0.09924234
neural,ENSG00000117266,-0.09923383,57.801155,0.09923383
neural,ENSG00000164089,-0.09923247,57.801155,0.09923247
neural,ENSG00000198854,0.09920842,57.801155,0.09920842
neural,ENSG00000141574,-0.09914339,57.801155,0.09914339
neural,ENSG00000112290,-0.09897278,57.801155,0.09897278
neural,ENSG00000127472,0.09897062,57.801155,0.09897062
neural,ENSG00000273338,0.098854035,57.801155,0.098854035
neural,ENSG00000023445,0.09873955,57.801155,0.09873955
neural,ENSG00000183421,0.09872732,57.801155,0.09872732
neural,ENSG00000168487,-0.09859371,57.801155,0.09859371
neural,ENSG00000129514,-0.09849913,57.801155,0.09849913
neural,ENSG00000177354,0.09847179,57.801155,0.09847179
neural,ENSG00000100644,0.09830922,57.801155,0.09830922
neural,ENSG00000137267,-0.098225825,57.801155,0.098225825
neural,ENSG00000058866,-0.098209076,57.801155,0.098209076
neural,ENSG00000221946,0.098127395,57.801155,0.098127395
neural,ENSG00000179178,-0.09809226,57.801155,0.09809226
neural,ENSG00000136040,-0.09808316,57.801155,0.09808316
neural,ENSG00000178882,0.09804426,57.801155,0.09804426
neural,ENSG00000148082,-0.098035365,57.801155,0.098035365
neural,ENSG00000125931,0.09800317,57.801155,0.09800317
neural,ENSG00000123892,0.09798547,57.801155,0.09798547
neural,ENSG00000141750,0.09770147,57.801155,0.09770147
neural,ENSG00000227191,0.097638376,57.801155,0.097638376
neural,ENSG00000224713,-0.09759179,57.801155,0.09759179
neural,ENSG00000136931,-0.097437866,57.801155,0.097437866
neural,ENSG00000154358,0.09725257,57.801155,0.09725257
neural,ENSG00000184343,-0.09694737,57.801155,0.09694737
neural,ENSG00000127241,-0.09679048,57.801155,0.09679048
neural,ENSG00000008516,-0.09675594,57.801155,0.09675594
neural,ENSG00000228408,0.09672339,57.801155,0.09672339
neural,ENSG00000108018,-0.09672198,57.801155,0.09672198
neural,ENSG00000153885,0.096717365,57.801155,0.096717365
neural,ENSG00000162745,0.096507184,57.801155,0.096507184
neural,ENSG00000215018,0.09643002,57.801155,0.09643002
neural,ENSG00000211678,-0.09641277,57.801155,0.09641277
neural,ENSG00000170681,-0.09634604,57.801155,0.09634604
neural,ENSG00000136573,-0.09628213,57.801155,0.09628213
neural,ENSG00000107731,-0.096138194,57.801155,0.096138194
neural,ENSG00000111796,0.096103266,57.801155,0.096103266
neural,ENSG00000175646,-0.0960144,57.801155,0.0960144
neural,ENSG00000139914,0.09599444,57.801155,0.09599444
neural,ENSG00000173334,0.09591157,57.801155,0.09591157
neural,ENSG00000263146,-0.09588384,57.801155,0.09588384
neural,ENSG00000203706,-0.09588158,57.801155,0.09588158
neural,ENSG00000219073,-0.09583925,57.801155,0.09583925
neural,ENSG00000105880,-0.09568428,57.801155,0.09568428
neural,ENSG00000163069,-0.09567098,57.801155,0.09567098
neural,ENSG00000238917,-0.09546881,57.801155,0.09546881
neural,ENSG00000105668,0.09543744,57.801155,0.09543744
neural,ENSG00000204020,-0.09532429,57.801155,0.09532429
neural,ENSG00000138131,-0.095242515,57.801155,0.095242515
neural,ENSG00000136750,0.09523491,57.801155,0.09523491
neural,ENSG00000133169,0.095199525,57.801155,0.095199525
neural,ENSG00000251546,-0.09515489,57.801155,0.09515489
neural,ENSG00000242441,0.095121264,57.801155,0.095121264
neural,ENSG00000074527,0.09506214,57.801155,0.09506214
neural,ENSG00000184313,-0.09505927,57.801155,0.09505927
neural,ENSG00000111907,0.09483543,57.801155,0.09483543
neural,ENSG00000149573,-0.094786316,57.801155,0.094786316
neural,ENSG00000134240,0.09473782,57.801155,0.09473782
neural,ENSG00000181656,0.09469876,57.801155,0.09469876
neural,ENSG00000197430,-0.09439115,57.801155,0.09439115
neural,ENSG00000048740,-0.094362535,57.801155,0.094362535
neural,ENSG00000167306,-0.09425577,57.801155,0.09425577
neural,ENSG00000174808,-0.09420504,57.801155,0.09420504
neural,ENSG00000263934,0.094201885,57.801155,0.094201885
neural,ENSG00000186891,0.094070025,57.801155,0.094070025
neural,ENSG00000152229,-0.0940297,57.801155,0.0940297
neural,ENSG00000104892,0.093917035,57.801155,0.093917035
neural,ENSG00000184113,-0.0938618,57.801155,0.0938618
neural,ENSG00000125999,-0.09377365,57.801155,0.09377365
neural,ENSG00000110446,0.09366788,57.801155,0.09366788
neural,ENSG00000111799,-0.09366142,57.801155,0.09366142
neural,ENSG00000159251,0.09362268,57.801155,0.09362268
neural,ENSG00000138829,-0.09359569,57.801155,0.09359569
neural,ENSG00000163421,-0.0934174,57.801155,0.0934174
neural,ENSG00000166634,-0.09340096,57.801155,0.09340096
neural,ENSG00000172403,0.093304455,57.801155,0.093304455
neural,ENSG00000137767,-0.09329577,57.801155,0.09329577
neural,ENSG00000111863,0.093154855,57.801155,0.093154855
neural,ENSG00000210049,0.09301534,57.801155,0.09301534
neural,ENSG00000203778,-0.09284824,57.801155,0.09284824
neural,ENSG00000211677,-0.092740744,57.801155,0.092740744
neural,ENSG00000242076,0.092731066,57.801155,0.092731066
neural,ENSG00000106809,-0.09260557,57.801155,0.09260557
neural,ENSG00000153132,0.092599384,57.801155,0.092599384
neural,ENSG00000165795,-0.09257963,57.801155,0.09257963
neural,ENSG00000055163,0.09251449,57.801155,0.09251449
neural,ENSG00000141161,0.0924626,57.801155,0.0924626
neural,ENSG00000124701,0.0923649,57.801155,0.0923649
neural,ENSG00000243480,0.09236366,57.801155,0.09236366
neural,ENSG00000141682,0.09233135,57.801155,0.09233135
neural,ENSG00000172594,0.0923114,57.801155,0.0923114
neural,ENSG00000204161,0.09227562,57.801155,0.09227562
neural,ENSG00000165272,0.09219907,57.801155,0.09219907
neural,ENSG00000174080,-0.092168495,57.801155,0.092168495
neural,ENSG00000197561,-0.09213331,57.801155,0.09213331
neural,ENSG00000072954,-0.09210624,57.801155,0.09210624
neural,ENSG00000243244,0.09186685,57.801155,0.09186685
neural,ENSG00000160888,-0.09186068,57.801155,0.09186068
neural,ENSG00000249790,-0.09184687,57.801155,0.09184687
neural,ENSG00000150961,0.09182975,57.801155,0.09182975
neural,ENSG00000165912,-0.09182418,57.801155,0.09182418
neural,ENSG00000174684,-0.09180497,57.801155,0.09180497
neural,ENSG00000133687,0.09179154,57.801155,0.09179154
neural,ENSG00000244734,0.09176629,57.801155,0.09176629
neural,ENSG00000134769,-0.09169665,57.801155,0.09169665
neural,ENSG00000197324,0.09158551,57.801155,0.09158551
neural,ENSG00000142949,0.091570735,57.801155,0.091570735
neural,ENSG00000073067,0.09154612,57.801155,0.09154612
neural,ENSG00000178695,-0.09145039,57.801155,0.09145039
neural,ENSG00000020181,-0.09141324,57.801155,0.09141324
neural,ENSG00000157404,0.091375284,57.801155,0.091375284
neural,ENSG00000167535,0.091354065,57.801155,0.091354065
neural,ENSG00000243449,-0.091342896,57.801155,0.091342896
neural,ENSG00000293442,-0.091313586,57.801155,0.091313586
neural,ENSG00000231852,-0.09128006,57.801155,0.09128006
neural,ENSG00000121577,-0.09127205,57.801155,0.09127205
neural,ENSG00000213088,-0.091223896,57.801155,0.091223896
neural,ENSG00000049540,0.09122354,57.801155,0.09122354
neural,ENSG00000118898,-0.09121697,57.801155,0.09121697
neural,ENSG00000176485,0.09121559,57.801155,0.09121559
neural,ENSG00000167676,0.091140196,57.801155,0.091140196
neural,ENSG00000169169,0.09102364,57.801155,0.09102364
neural,ENSG00000172382,-0.09094714,57.801155,0.09094714
neural,ENSG00000174502,-0.09093326,57.801155,0.09093326
neural,ENSG00000178573,0.090809405,57.801155,0.090809405
neural,ENSG00000114378,0.09079853,57.801155,0.09079853
neural,ENSG00000100302,0.09074421,57.801155,0.09074421
neural,ENSG00000107165,-0.09057564,57.801155,0.09057564
neural,ENSG00000074410,0.09056759,57.801155,0.09056759
neural,ENSG00000156113,-0.09056222,57.801155,0.09056222
neural,ENSG00000170390,-0.09047694,57.801155,0.09047694
neural,ENSG00000211659,0.09047028,57.801155,0.09047028
neural,ENSG00000261678,-0.09043408,57.801155,0.09043408
neural,ENSG00000196557,0.0904076,57.801155,0.0904076
neural,ENSG00000135476,-0.09038368,57.801155,0.09038368
neural,ENSG00000168918,-0.09037769,57.801155,0.09037769
neural,ENSG00000115165,-0.090374775,57.801155,0.090374775
neural,ENSG00000155660,-0.09033833,57.801155,0.09033833
neural,ENSG00000135862,-0.09029734,57.801155,0.09029734
neural,ENSG00000197353,-0.09025202,57.801155,0.09025202
neural,ENSG00000153012,-0.09023591,57.801155,0.09023591
neural,ENSG00000079337,0.09023462,57.801155,0.09023462
neural,ENSG00000163431,0.09003886,57.801155,0.09003886
neural,ENSG00000289965,-0.08998741,57.801155,0.08998741
neural,ENSG00000174804,0.0899741,57.801155,0.0899741
neural,ENSG00000177494,0.08994517,57.801155,0.08994517
neural,ENSG00000153820,0.089743786,57.801155,0.089743786
neural,ENSG00000170153,0.08971265,57.801155,0.08971265
neural,ENSG00000163072,-0.08971119,57.801155,0.08971119
neural,ENSG00000164398,-0.08967947,57.801155,0.08967947
neural,ENSG00000163687,-0.08965485,57.801155,0.08965485
neural,ENSG00000101665,-0.08964516,57.801155,0.08964516
neural,ENSG00000204389,-0.08944867,57.801155,0.08944867
neural,ENSG00000132698,-0.08943137,57.801155,0.08943137
neural,ENSG00000094755,0.08939994,57.801155,0.08939994
neural,ENSG00000149021,0.08933283,57.801155,0.08933283
neural,ENSG00000163221,0.08928105,57.801155,0.08928105
neural,ENSG00000172936,0.08926902,57.801155,0.08926902
neural,ENSG00000105398,-0.0892287,57.801155,0.0892287
neural,ENSG00000089639,-0.089150496,57.801155,0.089150496
neural,ENSG00000274536,0.08915022,57.801155,0.08915022
neural,ENSG00000162438,0.08913684,57.801155,0.08913684
neural,ENSG00000163485,-0.089044034,57.801155,0.089044034
neural,ENSG00000100884,0.08900307,57.801155,0.08900307
neural,ENSG00000137460,0.088984974,57.801155,0.088984974
neural,ENSG00000135069,-0.088803716,57.801155,0.088803716
neural,ENSG00000112559,-0.088793,57.801155,0.088793
neural,ENSG00000121361,0.08862123,57.801155,0.08862123
neural,ENSG00000185046,0.08858692,57.801155,0.08858692
neural,ENSG00000138413,0.08828659,57.801155,0.08828659
neural,ENSG00000005961,0.08823236,57.801155,0.08823236
neural,ENSG00000103056,-0.08814823,57.801155,0.08814823
neural,ENSG00000133639,0.08809978,57.801155,0.08809978
neural,ENSG00000153563,0.08797547,57.801155,0.08797547
neural,ENSG00000185551,0.0879107,57.801155,0.0879107
neural,ENSG00000168490,-0.0877635,57.801155,0.0877635
neural,ENSG00000250978,-0.08776195,57.801155,0.08776195
neural,ENSG00000115604,0.087736025,57.801155,0.087736025
neural,ENSG00000006016,0.08771204,57.801155,0.08771204
neural,ENSG00000049130,-0.08761428,57.801155,0.08761428
neural,ENSG00000158220,0.08754974,57.801155,0.08754974
neural,ENSG00000054598,-0.08750393,57.801155,0.08750393
neural,ENSG00000166025,0.08741183,57.801155,0.08741183
neural,ENSG00000129991,0.08739162,57.801155,0.08739162
neural,ENSG00000167695,0.087236874,57.801155,0.087236874
neural,ENSG00000157483,-0.08718304,57.801155,0.08718304
neural,ENSG00000150594,0.08710414,57.801155,0.08710414
neural,ENSG00000211943,0.087082,57.801155,0.087082
neural,ENSG00000101347,0.08696551,57.801155,0.08696551
neural,ENSG00000184012,0.08695718,57.801155,0.08695718
neural,ENSG00000133246,-0.08687744,57.801155,0.08687744
neural,ENSG00000008441,-0.08665918,57.801155,0.08665918
neural,ENSG00000175745,0.08654945,57.801155,0.08654945
neural,ENSG00000128016,0.08654595,57.801155,0.08654595
neural,ENSG00000162645,-0.086537816,57.801155,0.086537816
neural,ENSG00000211949,0.0865172,57.801155,0.0865172
neural,ENSG00000153234,0.08643131,57.801155,0.08643131
neural,ENSG00000138161,-0.08633713,57.801155,0.08633713
neural,ENSG00000102034,0.08619674,57.801155,0.08619674
neural,ENSG00000198033,-0.086118646,57.801155,0.086118646
neural,ENSG00000182326,-0.08611082,57.801155,0.08611082
neural,ENSG00000171124,-0.0860322,57.801155,0.0860322
neural,ENSG00000269970,-0.08593125,57.801155,0.08593125
neural,ENSG00000140968,0.08591544,57.801155,0.08591544
neural,ENSG00000131668,-0.08558049,57.801155,0.08558049
neural,ENSG00000164691,0.08555552,57.801155,0.08555552
neural,ENSG00000070808,0.08552379,57.801155,0.08552379
neural,ENSG00000089472,-0.08541119,57.801155,0.08541119
neural,ENSG00000211452,-0.085323595,57.801155,0.085323595
neural,ENSG00000180354,-0.08530989,57.801155,0.08530989
neural,ENSG00000164932,0.085309826,57.801155,0.085309826
neural,ENSG00000225783,0.085192315,57.801155,0.085192315
neural,ENSG00000142657,0.08509331,57.801155,0.08509331
neural,ENSG00000162267,-0.084893435,57.801155,0.084893435
neural,ENSG00000151948,-0.08478835,57.801155,0.08478835
neural,ENSG00000131042,0.08454584,57.801155,0.08454584
neural,ENSG00000127324,0.08447018,57.801155,0.08447018
neural,ENSG00000143536,0.08444933,57.801155,0.08444933
neural,ENSG00000184602,-0.08443989,57.801155,0.08443989
neural,ENSG00000095203,-0.08442075,57.801155,0.08442075
neural,ENSG00000184058,0.08440617,57.801155,0.08440617
neural,ENSG00000176845,-0.08438963,57.801155,0.08438963
neural,ENSG00000143153,0.08429204,57.801155,0.08429204
neural,ENSG00000116016,0.084287055,57.801155,0.084287055
neural,ENSG00000132622,-0.08426056,57.801155,0.08426056
neural,ENSG00000151892,0.084232494,57.801155,0.084232494
neural,ENSG00000182492,0.08421518,57.801155,0.08421518
neural,ENSG00000124225,0.08417761,57.801155,0.08417761
neural,ENSG00000116824,0.084093764,57.801155,0.084093764
neural,ENSG00000164930,0.0840852,57.801155,0.0840852
neural,ENSG00000132692,-0.08393965,57.801155,0.08393965
neural,ENSG00000103196,-0.08393625,57.801155,0.08393625
neural,ENSG00000026025,0.08391303,57.801155,0.08391303
neural,ENSG00000138449,0.0836894,57.801155,0.0836894
neural,ENSG00000128040,-0.08368787,57.801155,0.08368787
neural,ENSG00000163141,0.08361089,57.801155,0.08361089
neural,ENSG00000228477,-0.08359854,57.801155,0.08359854
neural,ENSG00000124343,0.08331092,57.801155,0.08331092
neural,ENSG00000142279,-0.083293065,57.801155,0.083293065
neural,ENSG00000099957,-0.08327626,57.801155,0.08327626
neural,ENSG00000170545,-0.08325065,57.801155,0.08325065
neural,ENSG00000211592,-0.083232954,57.801155,0.083232954
neural,ENSG00000282651,0.08323267,57.801155,0.08323267
neural,ENSG00000099250,-0.08321133,57.801155,0.08321133
neural,ENSG00000010278,0.083204366,57.801155,0.083204366
neural,ENSG00000172197,-0.083131924,57.801155,0.083131924
neural,ENSG00000164695,-0.08312769,57.801155,0.08312769
neural,ENSG00000100453,-0.08306893,57.801155,0.08306893
neural,ENSG00000122642,0.08293303,57.801155,0.08293303
neural,ENSG00000132359,0.08288962,57.801155,0.08288962
neural,ENSG00000165071,0.08284876,57.801155,0.08284876
neural,ENSG00000185507,0.08275804,57.801155,0.08275804
neural,ENSG00000182162,0.082642004,57.801155,0.082642004
neural,ENSG00000138028,0.08264148,57.801155,0.08264148
neural,ENSG00000139540,-0.082420014,57.801155,0.082420014
neural,ENSG00000147443,-0.08241549,57.801155,0.08241549
neural,ENSG00000128482,-0.0823812,57.801155,0.0823812
neural,ENSG00000121281,-0.08222631,57.801155,0.08222631
neural,ENSG00000116299,0.082219064,57.801155,0.082219064
neural,ENSG00000168453,-0.08203291,57.801155,0.08203291
neural,ENSG00000124006,0.08201138,57.801155,0.08201138
neural,ENSG00000165105,0.081982575,57.801155,0.081982575
neural,ENSG00000072858,-0.08197762,57.801155,0.08197762
neural,ENSG00000233493,0.08191513,57.801155,0.08191513
neural,ENSG00000124232,-0.08181082,57.801155,0.08181082
neural,ENSG00000289498,-0.0817787,57.801155,0.0817787
neural,ENSG00000147168,-0.08174156,57.801155,0.08174156
neural,ENSG00000010318,-0.08173225,57.801155,0.08173225
neural,ENSG00000090530,0.08158496,57.801155,0.08158496
neural,ENSG00000109107,-0.081540555,57.801155,0.081540555
neural,ENSG00000110079,0.08148155,57.801155,0.08148155
neural,ENSG00000100385,0.0813902,57.801155,0.0813902
neural,ENSG00000139910,-0.0813356,57.801155,0.0813356
neural,ENSG00000196972,-0.08121667,57.801155,0.08121667
neural,ENSG00000102359,-0.08113406,57.801155,0.08113406
neural,ENSG00000197540,-0.08111509,57.801155,0.08111509
neural,ENSG00000160191,0.08110859,57.801155,0.08110859
neural,ENSG00000283766,0.0809438,57.801155,0.0809438
neural,ENSG00000198203,0.08093981,57.801155,0.08093981
neural,ENSG00000108679,0.08078168,57.801155,0.08078168
neural,ENSG00000137804,0.08077528,57.801155,0.08077528
neural,ENSG00000213853,0.08074006,57.801155,0.08074006
neural,ENSG00000067048,0.08073887,57.801155,0.08073887
neural,ENSG00000187223,-0.0806466,57.801155,0.0806466
neural,ENSG00000171992,-0.08064539,57.801155,0.08064539
neural,ENSG00000166535,-0.080638304,57.801155,0.080638304
neural,ENSG00000149633,0.08056911,57.801155,0.08056911
neural,ENSG00000187079,-0.08052996,57.801155,0.08052996
neural,ENSG00000159314,0.080518275,57.801155,0.080518275
neural,ENSG00000163995,0.08047194,57.801155,0.08047194
neural,ENSG00000164694,-0.0804337,57.801155,0.0804337
neural,ENSG00000196616,0.0803611,57.801155,0.0803611
neural,ENSG00000140285,-0.08015261,57.801155,0.08015261
neural,ENSG00000138772,-0.080124706,57.801155,0.080124706
neural,ENSG00000255398,-0.08012367,57.801155,0.08012367
neural,ENSG00000138347,0.080123015,57.801155,0.080123015
neural,ENSG00000163207,-0.08003098,57.801155,0.08003098
neural,ENSG00000221890,-0.08000003,57.801155,0.08000003
neural,ENSG00000111215,-0.079950616,57.801155,0.079950616
neural,ENSG00000249007,-0.07993747,57.801155,0.07993747
neural,ENSG00000154330,0.07993053,57.801155,0.07993053
neural,ENSG00000109846,0.079848826,57.801155,0.079848826
neural,ENSG00000104324,-0.079808384,57.801155,0.079808384
neural,ENSG00000211973,-0.07977472,57.801155,0.07977472
neural,ENSG00000160182,0.079723425,57.801155,0.079723425
neural,ENSG00000089169,-0.079661325,57.801155,0.079661325
neural,ENSG00000250722,0.079583526,57.801155,0.079583526
neural,ENSG00000103569,-0.079581946,57.801155,0.079581946
neural,ENSG00000186806,-0.07953187,57.801155,0.07953187
neural,ENSG00000211595,0.079411894,57.801155,0.079411894
neural,ENSG00000149090,0.07940376,57.801155,0.07940376
neural,ENSG00000138356,-0.0794003,57.801155,0.0794003
neural,ENSG00000124490,0.079379715,57.801155,0.079379715
neural,ENSG00000176974,-0.07937373,57.801155,0.07937373
neural,ENSG00000144847,-0.079225525,57.801155,0.079225525
neural,ENSG00000136297,-0.07918484,57.801155,0.07918484
neural,ENSG00000115828,-0.079120405,57.801155,0.079120405
neural,ENSG00000109099,-0.07899995,57.801155,0.07899995
neural,ENSG00000302880,0.07896995,57.801155,0.07896995
neural,ENSG00000277531,0.07893719,57.801155,0.07893719
neural,ENSG00000100092,0.07888592,57.801155,0.07888592
neural,ENSG00000173917,-0.07866418,57.801155,0.07866418
neural,ENSG00000150630,-0.07864561,57.801155,0.07864561
neural,ENSG00000137269,-0.07864303,57.801155,0.07864303
neural,ENSG00000015413,-0.07846959,57.801155,0.07846959
neural,ENSG00000064042,-0.07828729,57.801155,0.07828729
neural,ENSG00000239713,-0.078279786,57.801155,0.078279786
neural,ENSG00000147689,-0.07818302,57.801155,0.07818302
neural,ENSG00000149596,0.07800219,57.801155,0.07800219
neural,ENSG00000104368,0.07794041,57.801155,0.07794041
neural,ENSG00000180921,-0.07788722,57.801155,0.07788722
neural,ENSG00000196565,-0.077860065,57.801155,0.077860065
neural,ENSG00000055118,0.077856645,57.801155,0.077856645
neural,ENSG00000143556,0.07783784,57.801155,0.07783784
neural,ENSG00000145386,0.07772931,57.801155,0.07772931
neural,ENSG00000087253,-0.07761758,57.801155,0.07761758
neural,ENSG00000088320,0.07756551,57.801155,0.07756551
neural,ENSG00000124772,-0.07736075,57.801155,0.07736075
neural,ENSG00000184148,0.07731538,57.801155,0.07731538
neural,ENSG00000106123,-0.07720202,57.801155,0.07720202
neural,ENSG00000172458,0.0771828,57.801155,0.0771828
neural,ENSG00000166801,-0.077132285,57.801155,0.077132285
neural,ENSG00000157150,-0.07709546,57.801155,0.07709546
neural,ENSG00000179403,-0.077084586,57.801155,0.077084586
neural,ENSG00000104518,0.077081166,57.801155,0.077081166
neural,ENSG00000135424,0.07707763,57.801155,0.07707763
neural,ENSG00000065357,-0.07707339,57.801155,0.07707339
neural,ENSG00000150782,-0.077040896,57.801155,0.077040896
neural,ENSG00000163545,-0.07703693,57.801155,0.07703693
neural,ENSG00000227039,-0.07702259,57.801155,0.07702259
neural,ENSG00000203785,0.076990165,57.801155,0.076990165
neural,ENSG00000156711,-0.07698066,57.801155,0.07698066
neural,ENSG00000120645,0.07694559,57.801155,0.07694559
neural,ENSG00000235942,0.076930836,57.801155,0.076930836
neural,ENSG00000197757,-0.07691023,57.801155,0.07691023
neural,ENSG00000073150,0.07678286,57.801155,0.07678286
neural,ENSG00000183166,0.07673983,57.801155,0.07673983
neural,ENSG00000112139,0.07659236,57.801155,0.07659236
neural,ENSG00000122786,-0.07632962,57.801155,0.07632962
neural,ENSG00000182013,0.07630656,57.801155,0.07630656
neural,ENSG00000067066,-0.076180264,57.801155,0.076180264
neural,ENSG00000126950,0.076136045,57.801155,0.076136045
neural,ENSG00000183379,-0.07601699,57.801155,0.07601699
neural,ENSG00000019505,-0.075895265,57.801155,0.075895265
neural,ENSG00000164078,-0.07589492,57.801155,0.07589492
neural,ENSG00000186407,0.07576067,57.801155,0.07576067
neural,ENSG00000182795,0.075691044,57.801155,0.075691044
neural,ENSG00000144115,-0.075574,57.801155,0.075574
neural,ENSG00000078018,-0.075513504,57.801155,0.075513504
neural,ENSG00000106991,0.07545953,57.801155,0.07545953
neural,ENSG00000100290,0.075286865,57.801155,0.075286865
neural,ENSG00000157303,-0.07524964,57.801155,0.07524964
neural,ENSG00000112343,-0.075241886,57.801155,0.075241886
neural,ENSG00000130529,-0.07515732,57.801155,0.07515732
neural,ENSG00000176435,-0.07492529,57.801155,0.07492529
neural,ENSG00000120690,-0.07467817,57.801155,0.07467817
neural,ENSG00000279041,-0.074668266,57.801155,0.074668266
neural,ENSG00000265763,-0.074586615,57.801155,0.074586615
neural,ENSG00000266524,-0.074573025,57.801155,0.074573025
neural,ENSG00000272141,0.07457078,57.801155,0.07457078
neural,ENSG00000170608,0.07455028,57.801155,0.07455028
neural,ENSG00000178602,0.074486054,57.801155,0.074486054
neural,ENSG00000211967,0.074392624,57.801155,0.074392624
neural,ENSG00000149809,-0.07436986,57.801155,0.07436986
neural,ENSG00000133454,-0.07435886,57.801155,0.07435886
neural,ENSG00000113924,0.073953986,57.801155,0.073953986
neural,ENSG00000140284,0.07393188,57.801155,0.07393188
neural,ENSG00000180447,-0.07377383,57.801155,0.07377383
neural,ENSG00000103241,-0.07377344,57.801155,0.07377344
neural,ENSG00000164309,0.0737288,57.801155,0.0737288
neural,ENSG00000102804,0.07365198,57.801155,0.07365198
neural,ENSG00000074964,-0.073649175,57.801155,0.073649175
neural,ENSG00000116990,-0.073635265,57.801155,0.073635265
neural,ENSG00000241644,-0.0735235,57.801155,0.0735235
neural,ENSG00000173391,0.07351456,57.801155,0.07351456
neural,ENSG00000183773,-0.07338229,57.801155,0.07338229
neural,ENSG00000211649,-0.0733702,57.801155,0.0733702
neural,ENSG00000142765,0.073342234,57.801155,0.073342234
neural,ENSG00000187840,-0.07324595,57.801155,0.07324595
neural,ENSG00000142408,-0.07321117,57.801155,0.07321117
neural,ENSG00000185664,0.07319971,57.801155,0.07319971
neural,ENSG00000179913,-0.07313244,57.801155,0.07313244
neural,ENSG00000174004,0.07310793,57.801155,0.07310793
neural,ENSG00000211751,0.07307962,57.801155,0.07307962
neural,ENSG00000279933,0.07305976,57.801155,0.07305976
neural,ENSG00000211660,0.07285706,57.801155,0.07285706
neural,ENSG00000159753,0.07273997,57.801155,0.07273997
neural,ENSG00000126460,-0.07273241,57.801155,0.07273241
neural,ENSG00000161642,0.07265795,57.801155,0.07265795
neural,ENSG00000049089,-0.072620064,57.801155,0.072620064
neural,ENSG00000136250,0.07259984,57.801155,0.07259984
neural,ENSG00000204936,0.07253626,57.801155,0.07253626
neural,ENSG00000152804,-0.072472624,57.801155,0.072472624
neural,ENSG00000170423,-0.0724462,57.801155,0.0724462
neural,ENSG00000198788,0.072374724,57.801155,0.072374724
neural,ENSG00000131055,0.07234432,57.801155,0.07234432
neural,ENSG00000125869,-0.07231228,57.801155,0.07231228
neural,ENSG00000213722,0.0723055,57.801155,0.0723055
neural,ENSG00000186469,-0.07229202,57.801155,0.07229202
neural,ENSG00000145358,0.07213251,57.801155,0.07213251
neural,ENSG00000144810,-0.072119296,57.801155,0.072119296
neural,ENSG00000142615,0.07206158,57.801155,0.07206158
neural,ENSG00000131370,-0.072013125,57.801155,0.072013125
neural,ENSG00000068137,0.07182264,57.801155,0.07182264
neural,ENSG00000270550,0.07180875,57.801155,0.07180875
neural,ENSG00000196465,-0.071789876,57.801155,0.071789876
neural,ENSG00000108950,0.07177072,57.801155,0.07177072
neural,ENSG00000177511,-0.07173094,57.801155,0.07173094
neural,ENSG00000123838,0.07172009,57.801155,0.07172009
neural,ENSG00000161647,-0.07171614,57.801155,0.07171614
neural,ENSG00000211941,-0.07165941,57.801155,0.07165941
neural,ENSG00000123570,0.071609914,57.801155,0.071609914
neural,ENSG00000172023,-0.071606115,57.801155,0.071606115
neural,ENSG00000198744,-0.07142302,57.801155,0.07142302
neural,ENSG00000000971,0.07130711,57.801155,0.07130711
neural,ENSG00000168398,0.07125556,57.801155,0.07125556
neural,ENSG00000167183,0.0712548,57.801155,0.0712548
neural,ENSG00000100362,0.07096501,57.801155,0.07096501
neural,ENSG00000160808,0.07085886,57.801155,0.07085886
neural,ENSG00000162981,-0.07082018,57.801155,0.07082018
neural,ENSG00000211938,-0.07078689,57.801155,0.07078689
neural,ENSG00000164855,-0.07077973,57.801155,0.07077973
neural,ENSG00000280411,-0.0706893,57.801155,0.0706893
neural,ENSG00000147697,0.07060967,57.801155,0.07060967
neural,ENSG00000211455,0.07023034,57.801155,0.07023034
neural,ENSG00000154262,0.070199184,57.801155,0.070199184
neural,ENSG00000096092,-0.07017099,57.801155,0.07017099
neural,ENSG00000180720,-0.07014806,57.801155,0.07014806
neural,ENSG00000178363,-0.07010029,57.801155,0.07010029
neural,ENSG00000088726,-0.070084676,57.801155,0.070084676
neural,ENSG00000169006,-0.07005899,57.801155,0.07005899
neural,ENSG00000231475,0.07002746,57.801155,0.07002746
neural,ENSG00000213058,0.06997232,57.801155,0.06997232
neural,ENSG00000104881,-0.06971808,57.801155,0.06971808
neural,ENSG00000147257,0.069634244,57.801155,0.069634244
neural,ENSG00000162458,-0.06948022,57.801155,0.06948022
neural,ENSG00000163833,0.06940901,57.801155,0.06940901
neural,ENSG00000162804,-0.06921845,57.801155,0.06921845
neural,ENSG00000100320,0.069164366,57.801155,0.069164366
neural,ENSG00000188011,0.06900031,57.801155,0.06900031
neural,ENSG00000182575,0.06894086,57.801155,0.06894086
neural,ENSG00000175063,-0.06890935,57.801155,0.06890935
neural,ENSG00000300403,0.068796664,57.801155,0.068796664
neural,ENSG00000099985,0.068756126,57.801155,0.068756126
neural,ENSG00000122733,-0.06870223,57.801155,0.06870223
neural,ENSG00000163815,-0.068679534,57.801155,0.068679534
neural,ENSG00000273179,0.06864595,57.801155,0.06864595
neural,ENSG00000169715,0.06863057,57.801155,0.06863057
neural,ENSG00000213694,-0.06858797,57.801155,0.06858797
neural,ENSG00000186207,0.06846652,57.801155,0.06846652
neural,ENSG00000072952,-0.06840006,57.801155,0.06840006
neural,ENSG00000258498,0.06814956,57.801155,0.06814956
neural,ENSG00000165410,-0.06808696,57.801155,0.06808696
neural,ENSG00000204839,-0.06802961,57.801155,0.06802961
neural,ENSG00000100219,0.06774173,57.801155,0.06774173
neural,ENSG00000134202,0.06771455,57.801155,0.06771455
neural,ENSG00000179148,0.06770889,57.801155,0.06770889
neural,ENSG00000213719,-0.067651026,57.801155,0.067651026
neural,ENSG00000127743,-0.067646384,57.801155,0.067646384
neural,ENSG00000172037,0.06735335,57.801155,0.06735335
neural,ENSG00000241351,0.06735089,57.801155,0.06735089
neural,ENSG00000174099,0.067303084,57.801155,0.067303084
neural,ENSG00000164821,-0.06728513,57.801155,0.06728513
neural,ENSG00000160868,-0.06707666,57.801155,0.06707666
neural,ENSG00000134363,0.067065045,57.801155,0.067065045
neural,ENSG00000137801,0.06705405,57.801155,0.06705405
neural,ENSG00000128965,-0.06703505,57.801155,0.06703505
neural,ENSG00000168539,-0.06688703,57.801155,0.06688703
neural,ENSG00000234965,0.066842385,57.801155,0.066842385
neural,ENSG00000169347,0.06683061,57.801155,0.06683061
neural,ENSG00000122824,0.066824585,57.801155,0.066824585
neural,ENSG00000140937,0.06658301,57.801155,0.06658301
neural,ENSG00000128641,-0.06642003,57.801155,0.06642003
neural,ENSG00000173715,-0.066369556,57.801155,0.066369556
neural,ENSG00000302539,0.06625217,57.801155,0.06625217
neural,ENSG00000153558,0.06613185,57.801155,0.06613185
neural,ENSG00000269404,-0.06612377,57.801155,0.06612377
neural,ENSG00000196666,0.066098355,57.801155,0.066098355
neural,ENSG00000144452,0.0660054,57.801155,0.0660054
neural,ENSG00000160678,-0.065867536,57.801155,0.065867536
neural,ENSG00000196611,0.065855674,57.801155,0.065855674
neural,ENSG00000068078,0.0656559,57.801155,0.0656559
neural,ENSG00000177191,-0.06564419,57.801155,0.06564419
neural,ENSG00000006071,-0.06562224,57.801155,0.06562224
neural,ENSG00000213949,-0.06557914,57.801155,0.06557914
neural,ENSG00000143434,-0.065535255,57.801155,0.065535255
neural,ENSG00000157557,0.06553357,57.801155,0.06553357
neural,ENSG00000108691,-0.06542192,57.801155,0.06542192
neural,ENSG00000155254,-0.065387346,57.801155,0.065387346
neural,ENSG00000221818,0.065238684,57.801155,0.065238684
neural,ENSG00000211644,-0.06514802,57.801155,0.06514802
neural,ENSG00000095917,-0.06501488,57.801155,0.06501488
neural,ENSG00000102802,-0.06491507,57.801155,0.06491507
neural,ENSG00000184811,-0.06488718,57.801155,0.06488718
neural,ENSG00000145879,-0.064864896,57.801155,0.064864896
neural,ENSG00000204052,-0.06481245,57.801155,0.06481245
neural,ENSG00000092068,0.06475901,57.801155,0.06475901
neural,ENSG00000204103,-0.064734496,57.801155,0.064734496
neural,ENSG00000100665,-0.06464723,57.801155,0.06464723
neural,ENSG00000135245,0.06461918,57.801155,0.06461918
neural,ENSG00000008277,-0.06460971,57.801155,0.06460971
neural,ENSG00000206172,-0.06450896,57.801155,0.06450896
neural,ENSG00000154589,-0.06447172,57.801155,0.06447172
neural,ENSG00000130592,0.064386815,57.801155,0.064386815
neural,ENSG00000187122,-0.06427064,57.801155,0.06427064
neural,ENSG00000015285,-0.06424826,57.801155,0.06424826
neural,ENSG00000204851,-0.064163335,57.801155,0.064163335
neural,ENSG00000105639,-0.06392337,57.801155,0.06392337
neural,ENSG00000184304,-0.06387035,57.801155,0.06387035
neural,ENSG00000242689,-0.063810155,57.801155,0.063810155
neural,ENSG00000181409,0.06375088,57.801155,0.06375088
neural,ENSG00000004939,0.063722946,57.801155,0.063722946
neural,ENSG00000185028,0.06367278,57.801155,0.06367278
neural,ENSG00000176153,0.06363537,57.801155,0.06363537
neural,ENSG00000259207,-0.063547306,57.801155,0.063547306
neural,ENSG00000240045,-0.06351057,57.801155,0.06351057
neural,ENSG00000079841,-0.06350396,57.801155,0.06350396
neural,ENSG00000134398,-0.06349325,57.801155,0.06349325
neural,ENSG00000243955,0.06326509,57.801155,0.06326509
neural,ENSG00000283992,-0.06325141,57.801155,0.06325141
neural,ENSG00000101542,-0.063248746,57.801155,0.063248746
neural,ENSG00000185022,-0.063200355,57.801155,0.063200355
neural,ENSG00000165125,0.06319589,57.801155,0.06319589
neural,ENSG00000123342,-0.0631685,57.801155,0.0631685
neural,ENSG00000128886,-0.06310667,57.801155,0.06310667
neural,ENSG00000220008,0.06290131,57.801155,0.06290131
neural,ENSG00000153898,-0.06289327,57.801155,0.06289327
neural,ENSG00000177096,-0.06278663,57.801155,0.06278663
neural,ENSG00000205403,0.062749706,57.801155,0.062749706
neural,ENSG00000170486,-0.062732294,57.801155,0.062732294
neural,ENSG00000076344,-0.06262002,57.801155,0.06262002
neural,ENSG00000140092,-0.06260312,57.801155,0.06260312
neural,ENSG00000064195,-0.06251872,57.801155,0.06251872
neural,ENSG00000103034,0.062298335,57.801155,0.062298335
neural,ENSG00000006468,0.062216427,57.801155,0.062216427
neural,ENSG00000276070,0.06217592,57.801155,0.06217592
neural,ENSG00000176532,-0.062109824,57.801155,0.062109824
neural,ENSG00000112210,0.06204949,57.801155,0.06204949
neural,ENSG00000172155,-0.061960977,57.801155,0.061960977
neural,ENSG00000256713,-0.061879113,57.801155,0.061879113
neural,ENSG00000129170,0.061850805,57.801155,0.061850805
neural,ENSG00000172551,-0.061828572,57.801155,0.061828572
neural,ENSG00000178919,0.06179909,57.801155,0.06179909
neural,ENSG00000122756,-0.061717436,57.801155,0.061717436
neural,ENSG00000209582,-0.061714962,57.801155,0.061714962
neural,ENSG00000142627,0.061689597,57.801155,0.061689597
neural,ENSG00000187266,-0.06164402,57.801155,0.06164402
neural,ENSG00000170439,-0.06150969,57.801155,0.06150969
neural,ENSG00000019144,-0.06149284,57.801155,0.06149284
neural,ENSG00000137285,0.061481155,57.801155,0.061481155
neural,ENSG00000137501,0.06147467,57.801155,0.06147467
neural,ENSG00000177666,0.06146549,57.801155,0.06146549
neural,ENSG00000137033,-0.061193112,57.801155,0.061193112
neural,ENSG00000165799,0.061106604,57.801155,0.061106604
neural,ENSG00000128578,0.06101367,57.801155,0.06101367
neural,ENSG00000108828,0.0609966,57.801155,0.0609966
neural,ENSG00000100060,0.06089418,57.801155,0.06089418
neural,ENSG00000167476,0.060891904,57.801155,0.060891904
neural,ENSG00000203710,0.060821407,57.801155,0.060821407
neural,ENSG00000149451,-0.0606091,57.801155,0.0606091
neural,ENSG00000132744,0.06058169,57.801155,0.06058169
neural,ENSG00000166126,-0.06050263,57.801155,0.06050263
neural,ENSG00000161681,0.060497724,57.801155,0.060497724
neural,ENSG00000163154,0.060324017,57.801155,0.060324017
neural,ENSG00000182866,-0.060224306,57.801155,0.060224306
neural,ENSG00000104879,0.06019117,57.801155,0.06019117
neural,ENSG00000005059,-0.06016139,57.801155,0.06016139
neural,ENSG00000129654,-0.06011506,57.801155,0.06011506
neural,ENSG00000187730,-0.060055587,57.801155,0.060055587
neural,ENSG00000223573,0.060036555,57.801155,0.060036555
neural,ENSG00000124664,0.06001529,57.801155,0.06001529
neural,ENSG00000197261,0.059992064,57.801155,0.059992064
neural,ENSG00000165304,-0.05997131,57.801155,0.05997131
neural,ENSG00000134765,0.059969045,57.801155,0.059969045
neural,ENSG00000087086,-0.059871227,57.801155,0.059871227
neural,ENSG00000022267,0.05982098,57.801155,0.05982098
neural,ENSG00000175315,0.059816018,57.801155,0.059816018
neural,ENSG00000121898,-0.059778444,57.801155,0.059778444
neural,ENSG00000144369,0.05966018,57.801155,0.05966018
neural,ENSG00000109472,-0.05955817,57.801155,0.05955817
neural,ENSG00000104814,0.059389796,57.801155,0.059389796
neural,ENSG00000196208,0.05936231,57.801155,0.05936231
neural,ENSG00000154133,0.059204478,57.801155,0.059204478
neural,ENSG00000076382,-0.059203334,57.801155,0.059203334
neural,ENSG00000167964,0.059194844,57.801155,0.059194844
neural,ENSG00000178031,-0.05914095,57.801155,0.05914095
neural,ENSG00000211662,0.059046403,57.801155,0.059046403
neural,ENSG00000197361,-0.059041064,57.801155,0.059041064
neural,ENSG00000144749,0.058963265,57.801155,0.058963265
neural,ENSG00000203837,-0.058931082,57.801155,0.058931082
neural,ENSG00000290104,-0.05885511,57.801155,0.05885511
neural,ENSG00000169550,0.05882447,57.801155,0.05882447
neural,ENSG00000171246,0.058819067,57.801155,0.058819067
neural,ENSG00000167711,-0.058729827,57.801155,0.058729827
neural,ENSG00000161082,-0.058545746,57.801155,0.058545746
neural,ENSG00000214456,-0.058535572,57.801155,0.058535572
neural,ENSG00000119411,0.058527395,57.801155,0.058527395
neural,ENSG00000176092,-0.058426872,57.801155,0.058426872
neural,ENSG00000127588,0.05839808,57.801155,0.05839808
neural,ENSG00000115263,-0.05839599,57.801155,0.05839599
neural,ENSG00000145283,-0.058325443,57.801155,0.058325443
neural,ENSG00000196189,0.058227077,57.801155,0.058227077
neural,ENSG00000118308,0.058114987,57.801155,0.058114987
neural,ENSG00000101194,-0.058069132,57.801155,0.058069132
neural,ENSG00000237541,-0.05806343,57.801155,0.05806343
neural,ENSG00000141524,-0.05791998,57.801155,0.05791998
neural,ENSG00000167757,-0.057896633,57.801155,0.057896633
neural,ENSG00000108821,0.057865996,57.801155,0.057865996
neural,ENSG00000239474,0.057777397,57.801155,0.057777397
neural,ENSG00000108242,0.05777654,57.801155,0.05777654
neural,ENSG00000248144,-0.057650365,57.801155,0.057650365
neural,ENSG00000101307,0.057606474,57.801155,0.057606474
neural,ENSG00000184672,0.057549864,57.801155,0.057549864
neural,ENSG00000235568,-0.057457983,57.801155,0.057457983
neural,ENSG00000172059,0.057440396,57.801155,0.057440396
neural,ENSG00000145708,-0.057427816,57.801155,0.057427816
neural,ENSG00000092445,-0.0573953,57.801155,0.0573953
neural,ENSG00000104728,-0.057309736,57.801155,0.057309736
neural,ENSG00000189334,0.05725842,57.801155,0.05725842
neural,ENSG00000105509,-0.05719989,57.801155,0.05719989
neural,ENSG00000139679,-0.057191163,57.801155,0.057191163
neural,ENSG00000229859,-0.05712282,57.801155,0.05712282
neural,ENSG00000213445,-0.05692382,57.801155,0.05692382
neural,ENSG00000150093,-0.05691319,57.801155,0.05691319
neural,ENSG00000108960,-0.05689793,57.801155,0.05689793
neural,ENSG00000277734,-0.056894854,57.801155,0.056894854
neural,ENSG00000066248,-0.05682352,57.801155,0.05682352
neural,ENSG00000153294,-0.056804236,57.801155,0.056804236
neural,ENSG00000129465,-0.056803785,57.801155,0.056803785
neural,ENSG00000082397,0.056664422,57.801155,0.056664422
neural,ENSG00000140287,-0.05659967,57.801155,0.05659967
neural,ENSG00000156463,-0.056533705,57.801155,0.056533705
neural,ENSG00000127249,0.056518372,57.801155,0.056518372
neural,ENSG00000141469,0.05650336,57.801155,0.05650336
neural,ENSG00000053918,0.056486744,57.801155,0.056486744
neural,ENSG00000162931,-0.05648297,57.801155,0.05648297
neural,ENSG00000266200,-0.056294687,57.801155,0.056294687
neural,ENSG00000149564,-0.056258816,57.801155,0.056258816
neural,ENSG00000175183,0.05616465,57.801155,0.05616465
neural,ENSG00000109255,-0.05599021,57.801155,0.05599021
neural,ENSG00000186594,0.055898428,57.801155,0.055898428
neural,ENSG00000133069,0.0558799,57.801155,0.0558799
neural,ENSG00000115641,0.055764023,57.801155,0.055764023
neural,ENSG00000127954,0.055691484,57.801155,0.055691484
neural,ENSG00000211966,0.055626918,57.801155,0.055626918
neural,ENSG00000075035,0.055599686,57.801155,0.055599686
neural,ENSG00000151224,-0.055549573,57.801155,0.055549573
neural,ENSG00000261488,-0.055515397,57.801155,0.055515397
neural,ENSG00000110195,-0.055364117,57.801155,0.055364117
neural,ENSG00000152284,-0.05535205,57.801155,0.05535205
neural,ENSG00000113645,-0.055341795,57.801155,0.055341795
neural,ENSG00000124749,0.055257708,57.801155,0.055257708
neural,ENSG00000167889,-0.055226486,57.801155,0.055226486
neural,ENSG00000174672,0.055164892,57.801155,0.055164892
neural,ENSG00000115648,-0.055093493,57.801155,0.055093493
neural,ENSG00000140600,0.055075295,57.801155,0.055075295
neural,ENSG00000177045,0.05503668,57.801155,0.05503668
neural,ENSG00000183878,-0.054870572,57.801155,0.054870572
neural,ENSG00000205542,0.054867797,57.801155,0.054867797
neural,ENSG00000104327,-0.054760113,57.801155,0.054760113
neural,ENSG00000206337,-0.05474202,57.801155,0.05474202
neural,ENSG00000196352,0.054651994,57.801155,0.054651994
neural,ENSG00000187244,-0.054640982,57.801155,0.054640982
neural,ENSG00000141968,-0.054585602,57.801155,0.054585602
neural,ENSG00000117298,-0.0545629,57.801155,0.0545629
neural,ENSG00000188322,-0.054429088,57.801155,0.054429088
neural,ENSG00000101447,-0.0544203,57.801155,0.0544203
neural,ENSG00000277986,-0.05424856,57.801155,0.05424856
neural,ENSG00000143228,0.05421044,57.801155,0.05421044
neural,ENSG00000123405,0.05408403,57.801155,0.05408403
neural,ENSG00000061455,0.053984717,57.801155,0.053984717
neural,ENSG00000136830,-0.05397774,57.801155,0.05397774
neural,ENSG00000178372,-0.05396979,57.801155,0.05396979
neural,ENSG00000145491,0.053932402,57.801155,0.053932402
neural,ENSG00000161940,-0.053873904,57.801155,0.053873904
neural,ENSG00000171431,0.053676274,57.801155,0.053676274
neural,ENSG00000092051,0.053569872,57.801155,0.053569872
neural,ENSG00000007306,0.053497635,57.801155,0.053497635
neural,ENSG00000057657,0.053489096,57.801155,0.053489096
neural,ENSG00000145192,0.053488333,57.801155,0.053488333
neural,ENSG00000168243,0.05331834,57.801155,0.05331834
neural,ENSG00000134470,0.053313687,57.801155,0.053313687
neural,ENSG00000166432,0.05328543,57.801155,0.05328543
neural,ENSG00000247774,-0.053270005,57.801155,0.053270005
neural,ENSG00000153250,0.053216923,57.801155,0.053216923
neural,ENSG00000115107,0.053161826,57.801155,0.053161826
neural,ENSG00000158715,0.05295378,57.801155,0.05295378
neural,ENSG00000188910,-0.052951902,57.801155,0.052951902
neural,ENSG00000289089,0.052845813,57.801155,0.052845813
neural,ENSG00000198932,0.05273177,57.801155,0.05273177
neural,ENSG00000129824,0.05270333,57.801155,0.05270333
neural,ENSG00000157456,-0.052693345,57.801155,0.052693345
neural,ENSG00000198842,-0.052567754,57.801155,0.052567754
neural,ENSG00000243466,-0.05254482,57.801155,0.05254482
neural,ENSG00000071282,0.052535452,57.801155,0.052535452
neural,ENSG00000078114,-0.05252167,57.801155,0.05252167
neural,ENSG00000163430,-0.052443843,57.801155,0.052443843
neural,ENSG00000198692,0.052418247,57.801155,0.052418247
neural,ENSG00000127564,-0.052324016,57.801155,0.052324016
neural,ENSG00000124374,-0.052285984,57.801155,0.052285984
neural,ENSG00000177614,0.05227644,57.801155,0.05227644
neural,ENSG00000211593,0.052253127,57.801155,0.052253127
neural,ENSG00000183036,0.052220482,57.801155,0.052220482
neural,ENSG00000177542,-0.05215475,57.801155,0.05215475
neural,ENSG00000188042,0.052134577,57.801155,0.052134577
neural,ENSG00000130707,-0.051935185,57.801155,0.051935185
neural,ENSG00000105352,0.05190565,57.801155,0.05190565
neural,ENSG00000144476,-0.051897015,57.801155,0.051897015
neural,ENSG00000143845,0.05189126,57.801155,0.05189126
neural,ENSG00000128045,0.051625542,57.801155,0.051625542
neural,ENSG00000105737,-0.051484387,57.801155,0.051484387
neural,ENSG00000124406,-0.0514634,57.801155,0.0514634
neural,ENSG00000152784,-0.051209133,57.801155,0.051209133
neural,ENSG00000163958,0.05107124,57.801155,0.05107124
neural,ENSG00000142102,0.051047374,57.801155,0.051047374
neural,ENSG00000228278,-0.05101244,57.801155,0.05101244
neural,ENSG00000128594,0.050991494,57.801155,0.050991494
neural,ENSG00000163380,0.050973766,57.801155,0.050973766
neural,ENSG00000159516,0.050814312,57.801155,0.050814312
neural,ENSG00000073756,0.050792065,57.801155,0.050792065
neural,ENSG00000116147,0.050640915,57.801155,0.050640915
neural,ENSG00000165566,-0.050560147,57.801155,0.050560147
neural,ENSG00000188641,-0.050416134,57.801155,0.050416134
neural,ENSG00000167769,0.050401445,57.801155,0.050401445
neural,ENSG00000183111,0.050348923,57.801155,0.050348923
neural,ENSG00000135094,0.050325174,57.801155,0.050325174
neural,ENSG00000132182,0.050292473,57.801155,0.050292473
neural,ENSG00000171476,0.050220344,57.801155,0.050220344
neural,ENSG00000108381,-0.050116125,57.801155,0.050116125
neural,ENSG00000144891,-0.050002683,57.801155,0.050002683
neural,ENSG00000108309,0.050002575,57.801155,0.050002575
neural,ENSG00000187764,0.049992803,57.801155,0.049992803
neural,ENSG00000105825,-0.049979296,57.801155,0.049979296
neural,ENSG00000105289,-0.049967967,57.801155,0.049967967
neural,ENSG00000115593,-0.049956717,57.801155,0.049956717
neural,ENSG00000205704,-0.049809366,57.801155,0.049809366
neural,ENSG00000092964,0.049789768,57.801155,0.049789768
neural,ENSG00000163618,-0.049754925,57.801155,0.049754925
neural,ENSG00000197879,-0.049696468,57.801155,0.049696468
neural,ENSG00000197959,0.049616672,57.801155,0.049616672
neural,ENSG00000080493,-0.04942582,57.801155,0.04942582
neural,ENSG00000164816,0.04942033,57.801155,0.04942033
neural,ENSG00000174460,0.049409624,57.801155,0.049409624
neural,ENSG00000182885,-0.04932726,57.801155,0.04932726
neural,ENSG00000118004,-0.049234934,57.801155,0.049234934
neural,ENSG00000169509,-0.04918281,57.801155,0.04918281
neural,ENSG00000308579,0.049133904,57.801155,0.049133904
neural,ENSG00000133710,0.04906138,57.801155,0.04906138
neural,ENSG00000157992,0.04896762,57.801155,0.04896762
neural,ENSG00000089685,0.048939664,57.801155,0.048939664
neural,ENSG00000176658,-0.0489251,57.801155,0.0489251
neural,ENSG00000116285,0.048916306,57.801155,0.048916306
neural,ENSG00000102038,0.048898436,57.801155,0.048898436
neural,ENSG00000188112,-0.048875492,57.801155,0.048875492
neural,ENSG00000137965,-0.048869237,57.801155,0.048869237
neural,ENSG00000197766,-0.048813533,57.801155,0.048813533
neural,ENSG00000164434,0.04878262,57.801155,0.04878262
neural,ENSG00000087085,-0.048567545,57.801155,0.048567545
neural,ENSG00000211937,0.048459712,57.801155,0.048459712
neural,ENSG00000165905,0.048386138,57.801155,0.048386138
neural,ENSG00000126353,-0.04818333,57.801155,0.04818333
neural,ENSG00000100600,-0.048166234,57.801155,0.048166234
neural,ENSG00000213203,-0.048152164,57.801155,0.048152164
neural,ENSG00000135750,-0.048063796,57.801155,0.048063796
neural,ENSG00000197696,0.048056673,57.801155,0.048056673
neural,ENSG00000123119,-0.047990426,57.801155,0.047990426
neural,ENSG00000016602,0.04797905,57.801155,0.04797905
neural,ENSG00000197253,-0.04794218,57.801155,0.04794218
neural,ENSG00000052802,0.047842503,57.801155,0.047842503
neural,ENSG00000075275,0.047830906,57.801155,0.047830906
neural,ENSG00000086548,-0.047814757,57.801155,0.047814757
neural,ENSG00000188089,-0.047734983,57.801155,0.047734983
neural,ENSG00000197582,0.047643322,57.801155,0.047643322
neural,ENSG00000215704,0.047591776,57.801155,0.047591776
neural,ENSG00000165140,-0.047507357,57.801155,0.047507357
neural,ENSG00000125780,0.047399886,57.801155,0.047399886
neural,ENSG00000114737,-0.04737481,57.801155,0.04737481
neural,ENSG00000119457,-0.047328163,57.801155,0.047328163
neural,ENSG00000134668,0.047123883,57.801155,0.047123883
neural,ENSG00000146477,-0.047035113,57.801155,0.047035113
neural,ENSG00000261371,-0.046959996,57.801155,0.046959996
neural,ENSG00000141756,-0.04688107,57.801155,0.04688107
neural,ENSG00000205502,0.04683784,57.801155,0.04683784
neural,ENSG00000174788,-0.046809543,57.801155,0.046809543
neural,ENSG00000204421,-0.046696384,57.801155,0.046696384
neural,ENSG00000111145,-0.046636004,57.801155,0.046636004
neural,ENSG00000130475,-0.04661693,57.801155,0.04661693
neural,ENSG00000167754,0.046526916,57.801155,0.046526916
neural,ENSG00000143125,0.046509195,57.801155,0.046509195
neural,ENSG00000130649,0.04650802,57.801155,0.04650802
neural,ENSG00000131941,0.046492744,57.801155,0.046492744
neural,ENSG00000162817,-0.046490554,57.801155,0.046490554
neural,ENSG00000167191,0.04637231,57.801155,0.04637231
neural,ENSG00000109805,0.046288356,57.801155,0.046288356
neural,ENSG00000134812,-0.046275396,57.801155,0.046275396
neural,ENSG00000123989,0.04625713,57.801155,0.04625713
neural,ENSG00000027869,-0.046235807,57.801155,0.046235807
neural,ENSG00000175785,-0.04619828,57.801155,0.04619828
neural,ENSG00000138180,0.046180252,57.801155,0.046180252
neural,ENSG00000143851,0.04610233,57.801155,0.04610233
neural,ENSG00000211962,-0.04609178,57.801155,0.04609178
neural,ENSG00000225950,0.046082914,57.801155,0.046082914
neural,ENSG00000118245,0.046067603,57.801155,0.046067603
neural,ENSG00000074657,-0.046040308,57.801155,0.046040308
neural,ENSG00000129521,-0.045986075,57.801155,0.045986075
neural,ENSG00000185479,-0.045892987,57.801155,0.045892987
neural,ENSG00000134757,0.04589115,57.801155,0.04589115
neural,ENSG00000103710,-0.045763217,57.801155,0.045763217
neural,ENSG00000119919,0.04566203,57.801155,0.04566203
neural,ENSG00000128510,0.045454036,57.801155,0.045454036
neural,ENSG00000139083,-0.045430288,57.801155,0.045430288
neural,ENSG00000166130,-0.04539731,57.801155,0.04539731
neural,ENSG00000143631,0.045100812,57.801155,0.045100812
neural,ENSG00000235098,-0.045077447,57.801155,0.045077447
neural,ENSG00000164318,0.044896357,57.801155,0.044896357
neural,ENSG00000138271,0.04484756,57.801155,0.04484756
neural,ENSG00000198796,-0.04482482,57.801155,0.04482482
neural,ENSG00000131746,-0.044794753,57.801155,0.044794753
neural,ENSG00000076706,0.04467082,57.801155,0.04467082
neural,ENSG00000198121,-0.04456195,57.801155,0.04456195
neural,ENSG00000161243,0.044447444,57.801155,0.044447444
neural,ENSG00000135318,0.04421786,57.801155,0.04421786
neural,ENSG00000104826,0.044205483,57.801155,0.044205483
neural,ENSG00000158571,0.04416593,57.801155,0.04416593
neural,ENSG00000111245,-0.044129785,57.801155,0.044129785
neural,ENSG00000162614,-0.04402447,57.801155,0.04402447
neural,ENSG00000140986,0.04397158,57.801155,0.04397158
neural,ENSG00000083454,0.04393525,57.801155,0.04393525
neural,ENSG00000143842,0.043920208,57.801155,0.043920208
neural,ENSG00000172380,-0.043909814,57.801155,0.043909814
neural,ENSG00000170891,-0.043906514,57.801155,0.043906514
neural,ENSG00000119630,-0.043896463,57.801155,0.043896463
neural,ENSG00000226332,-0.043833073,57.801155,0.043833073
neural,ENSG00000273802,0.04375436,57.801155,0.04375436
neural,ENSG00000139263,-0.04374179,57.801155,0.04374179
neural,ENSG00000161835,0.043697845,57.801155,0.043697845
neural,ENSG00000156234,0.043650303,57.801155,0.043650303
neural,ENSG00000205221,0.04362062,57.801155,0.04362062
neural,ENSG00000112799,0.043409403,57.801155,0.043409403
neural,ENSG00000143110,0.043297954,57.801155,0.043297954
neural,ENSG00000230910,0.04324404,57.801155,0.04324404
neural,ENSG00000089692,-0.04317213,57.801155,0.04317213
neural,ENSG00000133142,0.04305316,57.801155,0.04305316
neural,ENSG00000104055,0.04293111,57.801155,0.04293111
neural,ENSG00000110031,-0.042928737,57.801155,0.042928737
neural,ENSG00000125998,0.042879064,57.801155,0.042879064
neural,ENSG00000115183,0.042756338,57.801155,0.042756338
neural,ENSG00000156218,-0.042717505,57.801155,0.042717505
neural,ENSG00000143850,0.042481825,57.801155,0.042481825
neural,ENSG00000197381,0.04242183,57.801155,0.04242183
neural,ENSG00000291237,0.0423875,57.801155,0.0423875
neural,ENSG00000132970,-0.042356756,57.801155,0.042356756
neural,ENSG00000124875,0.042349607,57.801155,0.042349607
neural,ENSG00000114771,-0.04229531,57.801155,0.04229531
neural,ENSG00000133477,-0.042020362,57.801155,0.042020362
neural,ENSG00000100170,-0.041985556,57.801155,0.041985556
neural,ENSG00000120729,-0.0419845,57.801155,0.0419845
neural,ENSG00000298309,-0.04187422,57.801155,0.04187422
neural,ENSG00000126368,-0.041789178,57.801155,0.041789178
neural,ENSG00000283000,-0.041751187,57.801155,0.041751187
neural,ENSG00000165197,0.041738436,57.801155,0.041738436
neural,ENSG00000109686,-0.041517414,57.801155,0.041517414
neural,ENSG00000164056,0.0414926,57.801155,0.0414926
neural,ENSG00000278196,0.041490484,57.801155,0.041490484
neural,ENSG00000269113,0.041452456,57.801155,0.041452456
neural,ENSG00000111110,-0.041118782,57.801155,0.041118782
neural,ENSG00000166482,-0.04107225,57.801155,0.04107225
neural,ENSG00000174500,-0.040975176,57.801155,0.040975176
neural,ENSG00000035403,0.0408746,57.801155,0.0408746
neural,ENSG00000038427,0.04081375,57.801155,0.04081375
neural,ENSG00000064205,0.040765747,57.801155,0.040765747
neural,ENSG00000105290,-0.040667724,57.801155,0.040667724
neural,ENSG00000171532,0.040602483,57.801155,0.040602483
neural,ENSG00000128596,-0.04055479,57.801155,0.04055479
neural,ENSG00000269124,0.040518936,57.801155,0.040518936
neural,ENSG00000211648,-0.040443227,57.801155,0.040443227
neural,ENSG00000157005,0.04043154,57.801155,0.04043154
neural,ENSG00000229314,0.040359564,57.801155,0.040359564
neural,ENSG00000118785,0.040278543,57.801155,0.040278543
neural,ENSG00000106034,0.04002827,57.801155,0.04002827
neural,ENSG00000162896,-0.040017694,57.801155,0.040017694
neural,ENSG00000086544,0.039899983,57.801155,0.039899983
neural,ENSG00000183087,0.039868332,57.801155,0.039868332
neural,ENSG00000260027,-0.03985795,57.801155,0.03985795
neural,ENSG00000109182,-0.03980593,57.801155,0.03980593
neural,ENSG00000248746,-0.039752707,57.801155,0.039752707
neural,ENSG00000170561,-0.03963388,57.801155,0.03963388
neural,ENSG00000175946,-0.03957374,57.801155,0.03957374
neural,ENSG00000251322,0.039523523,57.801155,0.039523523
neural,ENSG00000255201,0.03942736,57.801155,0.03942736
neural,ENSG00000187634,-0.039369754,57.801155,0.039369754
neural,ENSG00000151715,0.03914453,57.801155,0.03914453
neural,ENSG00000137265,0.039010044,57.801155,0.039010044
neural,ENSG00000170835,0.038845867,57.801155,0.038845867
neural,ENSG00000100918,0.03873653,57.801155,0.03873653
neural,ENSG00000058668,-0.038665988,57.801155,0.038665988
neural,ENSG00000183615,-0.03843124,57.801155,0.03843124
neural,ENSG00000240382,-0.03838539,57.801155,0.03838539
neural,ENSG00000146376,-0.038326822,57.801155,0.038326822
neural,ENSG00000099814,0.03829835,57.801155,0.03829835
neural,ENSG00000100558,-0.038292088,57.801155,0.038292088
neural,ENSG00000091592,0.038265776,57.801155,0.038265776
neural,ENSG00000110148,0.03821248,57.801155,0.03821248
neural,ENSG00000173762,0.038007997,57.801155,0.038007997
neural,ENSG00000164035,-0.03791391,57.801155,0.03791391
neural,ENSG00000134602,-0.0378675,57.801155,0.0378675
neural,ENSG00000173442,-0.037810877,57.801155,0.037810877
neural,ENSG00000143412,-0.037770342,57.801155,0.037770342
neural,ENSG00000126562,-0.037669104,57.801155,0.037669104
neural,ENSG00000130287,0.0376683,57.801155,0.0376683
neural,ENSG00000242173,0.037648298,57.801155,0.037648298
neural,ENSG00000164099,-0.03752723,57.801155,0.03752723
neural,ENSG00000074370,-0.03745732,57.801155,0.03745732
neural,ENSG00000305435,-0.03744006,57.801155,0.03744006
neural,ENSG00000099834,-0.037418146,57.801155,0.037418146
neural,ENSG00000106565,-0.037403088,57.801155,0.037403088
neural,ENSG00000170166,-0.037346628,57.801155,0.037346628
neural,ENSG00000105514,0.037151497,57.801155,0.037151497
neural,ENSG00000126264,-0.03699098,57.801155,0.03699098
neural,ENSG00000116133,0.036952812,57.801155,0.036952812
neural,ENSG00000166348,-0.036909804,57.801155,0.036909804
neural,ENSG00000091137,0.036568753,57.801155,0.036568753
neural,ENSG00000181541,-0.036421757,57.801155,0.036421757
neural,ENSG00000177706,0.036402885,57.801155,0.036402885
neural,ENSG00000155307,-0.03634567,57.801155,0.03634567
neural,ENSG00000196329,0.036284424,57.801155,0.036284424
neural,ENSG00000122694,0.03625281,57.801155,0.03625281
neural,ENSG00000250510,0.036248405,57.801155,0.036248405
neural,ENSG00000186493,0.036060393,57.801155,0.036060393
neural,ENSG00000079308,-0.036014333,57.801155,0.036014333
neural,ENSG00000125144,0.035967343,57.801155,0.035967343
neural,ENSG00000066230,-0.035887722,57.801155,0.035887722
neural,ENSG00000091704,-0.0358362,57.801155,0.0358362
neural,ENSG00000145198,0.035796043,57.801155,0.035796043
neural,ENSG00000023171,-0.035743836,57.801155,0.035743836
neural,ENSG00000104267,-0.035720028,57.801155,0.035720028
neural,ENSG00000213937,0.035626072,57.801155,0.035626072
neural,ENSG00000136237,0.03559543,57.801155,0.03559543
neural,ENSG00000125571,-0.035520922,57.801155,0.035520922
neural,ENSG00000157554,0.03542465,57.801155,0.03542465
neural,ENSG00000166689,0.035407603,57.801155,0.035407603
neural,ENSG00000289987,-0.035387218,57.801155,0.035387218
neural,ENSG00000223609,-0.03536218,57.801155,0.03536218
neural,ENSG00000117399,-0.03529415,57.801155,0.03529415
neural,ENSG00000280323,-0.035162162,57.801155,0.035162162
neural,ENSG00000090539,-0.03503371,57.801155,0.03503371
neural,ENSG00000131747,-0.035008013,57.801155,0.035008013
neural,ENSG00000204592,-0.034953445,57.801155,0.034953445
neural,ENSG00000196205,-0.03490425,57.801155,0.03490425
neural,ENSG00000197249,0.03488015,57.801155,0.03488015
neural,ENSG00000161544,0.034865238,57.801155,0.034865238
neural,ENSG00000111644,-0.034755208,57.801155,0.034755208
neural,ENSG00000175130,-0.034583654,57.801155,0.034583654
neural,ENSG00000040608,0.034570713,57.801155,0.034570713
neural,ENSG00000128268,0.034547154,57.801155,0.034547154
neural,ENSG00000158710,-0.03454077,57.801155,0.03454077
neural,ENSG00000265972,0.03440739,57.801155,0.03440739
neural,ENSG00000154188,0.03422835,57.801155,0.03422835
neural,ENSG00000136960,-0.034206215,57.801155,0.034206215
neural,ENSG00000147144,0.03410213,57.801155,0.03410213
neural,ENSG00000179292,-0.034080993,57.801155,0.034080993
neural,ENSG00000115956,0.034063023,57.801155,0.034063023
neural,ENSG00000005102,0.033979025,57.801155,0.033979025
neural,ENSG00000114013,-0.03397451,57.801155,0.03397451
neural,ENSG00000188488,-0.03391679,57.801155,0.03391679
neural,ENSG00000103723,0.033886693,57.801155,0.033886693
neural,ENSG00000177432,-0.03378005,57.801155,0.03378005
neural,ENSG00000134242,0.033726674,57.801155,0.033726674
neural,ENSG00000146013,0.033643678,57.801155,0.033643678
neural,ENSG00000072195,-0.033515662,57.801155,0.033515662
neural,ENSG00000211923,0.03347395,57.801155,0.03347395
neural,ENSG00000181374,-0.03340666,57.801155,0.03340666
neural,ENSG00000100003,-0.033264525,57.801155,0.033264525
neural,ENSG00000127990,-0.033234436,57.801155,0.033234436
neural,ENSG00000035862,0.03311297,57.801155,0.03311297
neural,ENSG00000112837,0.033044394,57.801155,0.033044394
neural,ENSG00000128595,-0.03303348,57.801155,0.03303348
neural,ENSG00000087128,0.032981962,57.801155,0.032981962
neural,ENSG00000197702,-0.032761868,57.801155,0.032761868
neural,ENSG00000183837,-0.032745056,57.801155,0.032745056
neural,ENSG00000184925,0.032435946,57.801155,0.032435946
neural,ENSG00000229436,-0.03241688,57.801155,0.03241688
neural,ENSG00000306756,0.03240382,57.801155,0.03240382
neural,ENSG00000154165,-0.032356933,57.801155,0.032356933
neural,ENSG00000140807,0.03229908,57.801155,0.03229908
neural,ENSG00000135111,0.032283418,57.801155,0.032283418
neural,ENSG00000133321,0.03219392,57.801155,0.03219392
neural,ENSG00000130545,-0.032168478,57.801155,0.032168478
neural,ENSG00000288813,-0.03210134,57.801155,0.03210134
neural,ENSG00000211651,0.03201546,57.801155,0.03201546
neural,ENSG00000117479,-0.031917427,57.801155,0.031917427
neural,ENSG00000143954,0.03184325,57.801155,0.03184325
neural,ENSG00000211459,0.031794026,57.801155,0.031794026
neural,ENSG00000173467,0.031776223,57.801155,0.031776223
neural,ENSG00000167768,0.031744506,57.801155,0.031744506
neural,ENSG00000107159,-0.031716254,57.801155,0.031716254
neural,ENSG00000101331,-0.031680807,57.801155,0.031680807
neural,ENSG00000203883,0.031649686,57.801155,0.031649686
neural,ENSG00000290948,0.031586464,57.801155,0.031586464
neural,ENSG00000118137,0.031545453,57.801155,0.031545453
neural,ENSG00000178934,-0.031512167,57.801155,0.031512167
neural,ENSG00000133067,-0.03141967,57.801155,0.03141967
neural,ENSG00000084453,0.03135963,57.801155,0.03135963
neural,ENSG00000149926,-0.03135468,57.801155,0.03135468
neural,ENSG00000104435,-0.03131985,57.801155,0.03131985
neural,ENSG00000267795,-0.031316902,57.801155,0.031316902
neural,ENSG00000216490,-0.031313978,57.801155,0.031313978
neural,ENSG00000224650,0.03131254,57.801155,0.03131254
neural,ENSG00000133101,-0.031306267,57.801155,0.031306267
neural,ENSG00000100097,0.031241298,57.801155,0.031241298
neural,ENSG00000198914,-0.031162104,57.801155,0.031162104
neural,ENSG00000123384,-0.03115958,57.801155,0.03115958
neural,ENSG00000167874,0.031151455,57.801155,0.031151455
neural,ENSG00000008323,0.031127015,57.801155,0.031127015
neural,ENSG00000166265,-0.031102154,57.801155,0.031102154
neural,ENSG00000104112,0.031014916,57.801155,0.031014916
neural,ENSG00000198846,-0.030984234,57.801155,0.030984234
neural,ENSG00000120471,0.03088212,57.801155,0.03088212
neural,ENSG00000130208,0.030831715,57.801155,0.030831715
neural,ENSG00000157064,0.030699769,57.801155,0.030699769
neural,ENSG00000167261,-0.030672327,57.801155,0.030672327
neural,ENSG00000130540,-0.03061407,57.801155,0.03061407
neural,ENSG00000123975,0.030589484,57.801155,0.030589484
neural,ENSG00000115935,-0.03057686,57.801155,0.03057686
neural,ENSG00000197747,-0.03057581,57.801155,0.03057581
neural,ENSG00000178498,-0.030574046,57.801155,0.030574046
neural,ENSG00000187642,0.03051085,57.801155,0.03051085
neural,ENSG00000113763,-0.030495642,57.801155,0.030495642
neural,ENSG00000103966,0.030462515,57.801155,0.030462515
neural,ENSG00000188624,-0.030347152,57.801155,0.030347152
neural,ENSG00000187260,-0.030214444,57.801155,0.030214444
neural,ENSG00000253230,0.030131774,57.801155,0.030131774
neural,ENSG00000172345,-0.030121138,57.801155,0.030121138
neural,ENSG00000043355,0.030085186,57.801155,0.030085186
neural,ENSG00000185862,-0.029860593,57.801155,0.029860593
neural,ENSG00000103187,0.029857453,57.801155,0.029857453
neural,ENSG00000120708,-0.029748555,57.801155,0.029748555
neural,ENSG00000007264,0.029670918,57.801155,0.029670918
neural,ENSG00000137648,0.029640857,57.801155,0.029640857
neural,ENSG00000112378,0.02950811,57.801155,0.02950811
neural,ENSG00000157119,-0.029499711,57.801155,0.029499711
neural,ENSG00000141485,0.02948023,57.801155,0.02948023
neural,ENSG00000184221,0.029350277,57.801155,0.029350277
neural,ENSG00000100604,0.029345741,57.801155,0.029345741
neural,ENSG00000171049,0.029341266,57.801155,0.029341266
neural,ENSG00000100985,0.029327085,57.801155,0.029327085
neural,ENSG00000163347,0.029313728,57.801155,0.029313728
neural,ENSG00000182578,-0.029267335,57.801155,0.029267335
neural,ENSG00000189058,0.029254043,57.801155,0.029254043
neural,ENSG00000211956,-0.029224722,57.801155,0.029224722
neural,ENSG00000116701,-0.029174894,57.801155,0.029174894
neural,ENSG00000175879,-0.02893062,57.801155,0.02893062
neural,ENSG00000106631,-0.028925551,57.801155,0.028925551
neural,ENSG00000118762,-0.028877586,57.801155,0.028877586
neural,ENSG00000133121,-0.028874418,57.801155,0.028874418
neural,ENSG00000099625,-0.028816512,57.801155,0.028816512
neural,ENSG00000181617,-0.02864351,57.801155,0.02864351
neural,ENSG00000173110,-0.028550137,57.801155,0.028550137
neural,ENSG00000166793,0.02853128,57.801155,0.02853128
neural,ENSG00000110881,-0.028529035,57.801155,0.028529035
neural,ENSG00000139899,-0.028443474,57.801155,0.028443474
neural,ENSG00000169085,-0.028315553,57.801155,0.028315553
neural,ENSG00000295453,-0.028290698,57.801155,0.028290698
neural,ENSG00000270607,-0.028277662,57.801155,0.028277662
neural,ENSG00000139626,0.028172377,57.801155,0.028172377
neural,ENSG00000164128,0.02815609,57.801155,0.02815609
neural,ENSG00000134201,-0.028080672,57.801155,0.028080672
neural,ENSG00000100336,0.028077794,57.801155,0.028077794
neural,ENSG00000113140,0.02807194,57.801155,0.02807194
neural,ENSG00000280099,0.028030805,57.801155,0.028030805
neural,ENSG00000185615,0.027768642,57.801155,0.027768642
neural,ENSG00000105928,0.027734457,57.801155,0.027734457
neural,ENSG00000124713,-0.027692027,57.801155,0.027692027
neural,ENSG00000175274,-0.027471133,57.801155,0.027471133
neural,ENSG00000133800,0.027464254,57.801155,0.027464254
neural,ENSG00000067191,-0.027422717,57.801155,0.027422717
neural,ENSG00000152137,-0.027395684,57.801155,0.027395684
neural,ENSG00000172322,-0.027387338,57.801155,0.027387338
neural,ENSG00000122691,-0.027384197,57.801155,0.027384197
neural,ENSG00000287255,0.027336897,57.801155,0.027336897
neural,ENSG00000140575,-0.027320893,57.801155,0.027320893
neural,ENSG00000163331,-0.027259821,57.801155,0.027259821
neural,ENSG00000143367,-0.027245188,57.801155,0.027245188
neural,ENSG00000115738,-0.027242059,57.801155,0.027242059
neural,ENSG00000170276,-0.027231378,57.801155,0.027231378
neural,ENSG00000156535,-0.027141232,57.801155,0.027141232
neural,ENSG00000121552,0.027065763,57.801155,0.027065763
neural,ENSG00000124743,0.027049974,57.801155,0.027049974
neural,ENSG00000122304,0.02696776,57.801155,0.02696776
neural,ENSG00000189377,0.02689771,57.801155,0.02689771
neural,ENSG00000168079,-0.02676517,57.801155,0.02676517
neural,ENSG00000234638,0.026756303,57.801155,0.026756303
neural,ENSG00000073792,-0.026676835,57.801155,0.026676835
neural,ENSG00000157368,0.02650832,57.801155,0.02650832
neural,ENSG00000167157,0.026475156,57.801155,0.026475156
neural,ENSG00000170779,-0.026434595,57.801155,0.026434595
neural,ENSG00000141576,-0.026399588,57.801155,0.026399588
neural,ENSG00000213927,0.026102686,57.801155,0.026102686
neural,ENSG00000127329,-0.026067564,57.801155,0.026067564
neural,ENSG00000132840,-0.026015652,57.801155,0.026015652
neural,ENSG00000073712,-0.026014704,57.801155,0.026014704
neural,ENSG00000183248,-0.026014058,57.801155,0.026014058
neural,ENSG00000162654,0.026013339,57.801155,0.026013339
neural,ENSG00000156453,-0.026011698,57.801155,0.026011698
neural,ENSG00000276365,-0.025898706,57.801155,0.025898706
neural,ENSG00000213144,-0.02570891,57.801155,0.02570891
neural,ENSG00000137440,-0.025700599,57.801155,0.025700599
neural,ENSG00000174567,-0.025644327,57.801155,0.025644327
neural,ENSG00000196436,-0.025609938,57.801155,0.025609938
neural,ENSG00000163531,0.02559759,57.801155,0.02559759
neural,ENSG00000164116,0.025499936,57.801155,0.025499936
neural,ENSG00000120075,-0.025471365,57.801155,0.025471365
neural,ENSG00000187908,0.02542614,57.801155,0.02542614
neural,ENSG00000134827,-0.025353957,57.801155,0.025353957
neural,ENSG00000167914,0.02520716,57.801155,0.02520716
neural,ENSG00000130147,-0.025143282,57.801155,0.025143282
neural,ENSG00000130598,0.02508551,57.801155,0.02508551
neural,ENSG00000282639,-0.025083993,57.801155,0.025083993
neural,ENSG00000011422,-0.025054151,57.801155,0.025054151
neural,ENSG00000187134,-0.024983067,57.801155,0.024983067
neural,ENSG00000099864,0.024636643,57.801155,0.024636643
neural,ENSG00000100055,-0.024605675,57.801155,0.024605675
neural,ENSG00000158292,-0.024604797,57.801155,0.024604797
neural,ENSG00000167619,0.024523648,57.801155,0.024523648
neural,ENSG00000175084,-0.024473606,57.801155,0.024473606
neural,ENSG00000108244,0.024434207,57.801155,0.024434207
neural,ENSG00000095713,0.02443198,57.801155,0.02443198
neural,ENSG00000101213,0.02436838,57.801155,0.02436838
neural,ENSG00000133574,0.024328658,57.801155,0.024328658
neural,ENSG00000101335,0.024307314,57.801155,0.024307314
neural,ENSG00000166823,0.024288233,57.801155,0.024288233
neural,ENSG00000280435,0.024195407,57.801155,0.024195407
neural,ENSG00000171051,-0.02410664,57.801155,0.02410664
neural,ENSG00000182132,0.023955887,57.801155,0.023955887
neural,ENSG00000135917,-0.02392511,57.801155,0.02392511
neural,ENSG00000128218,0.023830693,57.801155,0.023830693
neural,ENSG00000003249,0.02374001,57.801155,0.02374001
neural,ENSG00000007908,-0.023541361,57.801155,0.023541361
neural,ENSG00000203685,0.023382587,57.801155,0.023382587
neural,ENSG00000129244,-0.02334212,57.801155,0.02334212
neural,ENSG00000169129,-0.023283906,57.801155,0.023283906
neural,ENSG00000183018,-0.023283588,57.801155,0.023283588
neural,ENSG00000086967,0.023274295,57.801155,0.023274295
neural,ENSG00000136541,-0.023212828,57.801155,0.023212828
neural,ENSG00000170290,-0.023104958,57.801155,0.023104958
neural,ENSG00000213760,-0.023037016,57.801155,0.023037016
neural,ENSG00000189001,0.022993496,57.801155,0.022993496
neural,ENSG00000109113,0.022864921,57.801155,0.022864921
neural,ENSG00000178776,0.022735313,57.801155,0.022735313
neural,ENSG00000225670,0.022727333,57.801155,0.022727333
neural,ENSG00000123374,0.022616759,57.801155,0.022616759
neural,ENSG00000185873,-0.022555886,57.801155,0.022555886
neural,ENSG00000185100,0.022501359,57.801155,0.022501359
neural,ENSG00000164308,0.022403339,57.801155,0.022403339
neural,ENSG00000172935,-0.0223901,57.801155,0.0223901
neural,ENSG00000132274,0.022308799,57.801155,0.022308799
neural,ENSG00000166819,0.022267284,57.801155,0.022267284
neural,ENSG00000132563,-0.02207285,57.801155,0.02207285
neural,ENSG00000055732,0.02206755,57.801155,0.02206755
neural,ENSG00000125618,-0.02201708,57.801155,0.02201708
neural,ENSG00000105339,0.021904722,57.801155,0.021904722
neural,ENSG00000084070,-0.0219001,57.801155,0.0219001
neural,ENSG00000185052,0.021804748,57.801155,0.021804748
neural,ENSG00000143171,-0.02172091,57.801155,0.02172091
neural,ENSG00000132793,0.02155658,57.801155,0.02155658
neural,ENSG00000197177,-0.021503715,57.801155,0.021503715
neural,ENSG00000172465,0.021463277,57.801155,0.021463277
neural,ENSG00000118407,-0.021440318,57.801155,0.021440318
neural,ENSG00000165092,-0.021397054,57.801155,0.021397054
neural,ENSG00000139318,0.021347627,57.801155,0.021347627
neural,ENSG00000149150,0.021295847,57.801155,0.021295847
neural,ENSG00000163435,0.021248821,57.801155,0.021248821
neural,ENSG00000153208,-0.021205183,57.801155,0.021205183
neural,ENSG00000112759,-0.021199312,57.801155,0.021199312
neural,ENSG00000156011,-0.021159746,57.801155,0.021159746
neural,ENSG00000134020,0.021123586,57.801155,0.021123586
neural,ENSG00000007062,-0.021080883,57.801155,0.021080883
neural,ENSG00000162722,0.020937338,57.801155,0.020937338
neural,ENSG00000106976,0.020886272,57.801155,0.020886272
neural,ENSG00000100599,-0.020762382,57.801155,0.020762382
neural,ENSG00000146005,-0.02072023,57.801155,0.02072023
neural,ENSG00000176595,0.020710632,57.801155,0.020710632
neural,ENSG00000179348,-0.0206937,57.801155,0.0206937
neural,ENSG00000196542,0.020660061,57.801155,0.020660061
neural,ENSG00000075420,0.02059004,57.801155,0.02059004
neural,ENSG00000166589,0.020562483,57.801155,0.020562483
neural,ENSG00000114019,0.02053724,57.801155,0.02053724
neural,ENSG00000196220,-0.02052751,57.801155,0.02052751
neural,ENSG00000162496,0.020525016,57.801155,0.020525016
neural,ENSG00000159763,0.020456959,57.801155,0.020456959
neural,ENSG00000174175,-0.020369595,57.801155,0.020369595
neural,ENSG00000172575,-0.020344744,57.801155,0.020344744
neural,ENSG00000179144,0.020189462,57.801155,0.020189462
neural,ENSG00000211964,-0.020130467,57.801155,0.020130467
neural,ENSG00000170500,0.019944154,57.801155,0.019944154
neural,ENSG00000243264,0.019943774,57.801155,0.019943774
neural,ENSG00000159784,-0.019918073,57.801155,0.019918073
neural,ENSG00000197245,0.019865822,57.801155,0.019865822
neural,ENSG00000107295,-0.019754026,57.801155,0.019754026
neural,ENSG00000157214,0.019659035,57.801155,0.019659035
neural,ENSG00000164265,-0.019639278,57.801155,0.019639278
neural,ENSG00000198113,-0.019513348,57.801155,0.019513348
neural,ENSG00000099998,0.019510994,57.801155,0.019510994
neural,ENSG00000130055,0.019434806,57.801155,0.019434806
neural,ENSG00000198758,0.01939759,57.801155,0.01939759
neural,ENSG00000162493,-0.019330954,57.801155,0.019330954
neural,ENSG00000229619,0.01930423,57.801155,0.01930423
neural,ENSG00000147180,0.019262902,57.801155,0.019262902
neural,ENSG00000240505,-0.019232348,57.801155,0.019232348
neural,ENSG00000099812,-0.019051924,57.801155,0.019051924
neural,ENSG00000198753,0.019019885,57.801155,0.019019885
neural,ENSG00000182179,-0.018962067,57.801155,0.018962067
neural,ENSG00000081803,0.018928135,57.801155,0.018928135
neural,ENSG00000168477,-0.018867556,57.801155,0.018867556
neural,ENSG00000150907,-0.01881692,57.801155,0.01881692
neural,ENSG00000068831,0.018777361,57.801155,0.018777361
neural,ENSG00000176244,0.018596498,57.801155,0.018596498
neural,ENSG00000163623,-0.01847481,57.801155,0.01847481
neural,ENSG00000167680,0.018458607,57.801155,0.018458607
neural,ENSG00000275410,0.018367227,57.801155,0.018367227
neural,ENSG00000111961,-0.018284356,57.801155,0.018284356
neural,ENSG00000215030,0.018283432,57.801155,0.018283432
neural,ENSG00000240041,0.01826886,57.801155,0.01826886
neural,ENSG00000242472,-0.018087825,57.801155,0.018087825
neural,ENSG00000112812,-0.018055223,57.801155,0.018055223
neural,ENSG00000159714,0.017856706,57.801155,0.017856706
neural,ENSG00000125898,-0.017842365,57.801155,0.017842365
neural,ENSG00000012817,0.017836612,57.801155,0.017836612
neural,ENSG00000233429,-0.017804958,57.801155,0.017804958
neural,ENSG00000116544,0.01779939,57.801155,0.01779939
neural,ENSG00000159166,0.017761119,57.801155,0.017761119
neural,ENSG00000211892,0.01767179,57.801155,0.01767179
neural,ENSG00000151914,-0.017660541,57.801155,0.017660541
neural,ENSG00000101057,-0.01765147,57.801155,0.01765147
neural,ENSG00000167371,0.01761543,57.801155,0.01761543
neural,ENSG00000179820,-0.017578242,57.801155,0.017578242
neural,ENSG00000104722,-0.01749957,57.801155,0.01749957
neural,ENSG00000129116,0.017423768,57.801155,0.017423768
neural,ENSG00000166897,0.01741898,57.801155,0.01741898
neural,ENSG00000185437,-0.017293891,57.801155,0.017293891
neural,ENSG00000183486,0.017125955,57.801155,0.017125955
neural,ENSG00000076662,-0.017023373,57.801155,0.017023373
neural,ENSG00000243708,-0.017021576,57.801155,0.017021576
neural,ENSG00000157514,-0.016834952,57.801155,0.016834952
neural,ENSG00000076604,-0.016818902,57.801155,0.016818902
neural,ENSG00000205744,0.01674601,57.801155,0.01674601
neural,ENSG00000013297,0.016745739,57.801155,0.016745739
neural,ENSG00000056736,-0.01656874,57.801155,0.01656874
neural,ENSG00000275302,-0.01643519,57.801155,0.01643519
neural,ENSG00000272636,0.01632826,57.801155,0.01632826
neural,ENSG00000286598,0.016317492,57.801155,0.016317492
neural,ENSG00000166448,-0.016270045,57.801155,0.016270045
neural,ENSG00000167971,0.016201757,57.801155,0.016201757
neural,ENSG00000077264,-0.016125573,57.801155,0.016125573
neural,ENSG00000099337,-0.016108833,57.801155,0.016108833
neural,ENSG00000235750,-0.015974248,57.801155,0.015974248
neural,ENSG00000132639,0.01592725,57.801155,0.01592725
neural,ENSG00000142632,0.015878526,57.801155,0.015878526
neural,ENSG00000174640,0.015870271,57.801155,0.015870271
neural,ENSG00000169750,-0.015837494,57.801155,0.015837494
neural,ENSG00000211642,-0.015799804,57.801155,0.015799804
neural,ENSG00000169469,-0.015786096,57.801155,0.015786096
neural,ENSG00000203859,-0.015779668,57.801155,0.015779668
neural,ENSG00000151320,0.015778176,57.801155,0.015778176
neural,ENSG00000122679,-0.015736332,57.801155,0.015736332
neural,ENSG00000185222,0.015534518,57.801155,0.015534518
neural,ENSG00000101180,-0.015440186,57.801155,0.015440186
neural,ENSG00000106236,0.015361335,57.801155,0.015361335
neural,ENSG00000091129,-0.015353868,57.801155,0.015353868
neural,ENSG00000102962,-0.015348658,57.801155,0.015348658
neural,ENSG00000117650,0.01533701,57.801155,0.01533701
neural,ENSG00000181652,0.015251328,57.801155,0.015251328
neural,ENSG00000213903,-0.015189272,57.801155,0.015189272
neural,ENSG00000197142,0.015112696,57.801155,0.015112696
neural,ENSG00000130595,-0.015085744,57.801155,0.015085744
neural,ENSG00000253998,0.015042623,57.801155,0.015042623
neural,ENSG00000063660,0.014996174,57.801155,0.014996174
neural,ENSG00000163874,-0.014987461,57.801155,0.014987461
neural,ENSG00000029534,0.014896277,57.801155,0.014896277
neural,ENSG00000099282,0.014774815,57.801155,0.014774815
neural,ENSG00000184584,0.01474098,57.801155,0.01474098
neural,ENSG00000168078,0.014712937,57.801155,0.014712937
neural,ENSG00000111783,0.014701617,57.801155,0.014701617
neural,ENSG00000162366,0.014512371,57.801155,0.014512371
neural,ENSG00000108001,-0.014145475,57.801155,0.014145475
neural,ENSG00000171227,-0.014103898,57.801155,0.014103898
neural,ENSG00000130300,-0.014074501,57.801155,0.014074501
neural,ENSG00000175707,0.01399498,57.801155,0.01399498
neural,ENSG00000089127,-0.013960718,57.801155,0.013960718
neural,ENSG00000184613,-0.013829215,57.801155,0.013829215
neural,ENSG00000173848,-0.013803712,57.801155,0.013803712
neural,ENSG00000110324,0.013790616,57.801155,0.013790616
neural,ENSG00000146216,-0.013771009,57.801155,0.013771009
neural,ENSG00000124839,-0.013760984,57.801155,0.013760984
neural,ENSG00000138080,-0.013750682,57.801155,0.013750682
neural,ENSG00000004660,0.013743374,57.801155,0.013743374
neural,ENSG00000157103,-0.013648287,57.801155,0.013648287
neural,ENSG00000008056,0.013643496,57.801155,0.013643496
neural,ENSG00000144857,0.013610354,57.801155,0.013610354
neural,ENSG00000108342,0.013602301,57.801155,0.013602301
neural,ENSG00000107796,-0.013526096,57.801155,0.013526096
neural,ENSG00000169418,0.013520433,57.801155,0.013520433
neural,ENSG00000102096,-0.013503867,57.801155,0.013503867
neural,ENSG00000161896,-0.013501607,57.801155,0.013501607
neural,ENSG00000111344,-0.013481316,57.801155,0.013481316
neural,ENSG00000154856,0.01346942,57.801155,0.01346942
neural,ENSG00000145147,0.013133678,57.801155,0.013133678
neural,ENSG00000023892,0.013058652,57.801155,0.013058652
neural,ENSG00000137462,0.01302813,57.801155,0.01302813
neural,ENSG00000169992,0.0129883755,57.801155,0.0129883755
neural,ENSG00000163888,0.012981178,57.801155,0.012981178
neural,ENSG00000203760,-0.012973958,57.801155,0.012973958
neural,ENSG00000169220,-0.012931533,57.801155,0.012931533
neural,ENSG00000065308,0.012838958,57.801155,0.012838958
neural,ENSG00000140945,0.012822992,57.801155,0.012822992
neural,ENSG00000183833,0.012721159,57.801155,0.012721159
neural,ENSG00000105246,0.012699534,57.801155,0.012699534
neural,ENSG00000103485,0.012633895,57.801155,0.012633895
neural,ENSG00000105697,-0.0125736715,57.801155,0.0125736715
neural,ENSG00000123999,-0.012506623,57.801155,0.012506623
neural,ENSG00000095397,-0.012464797,57.801155,0.012464797
neural,ENSG00000104140,-0.01238458,57.801155,0.01238458
neural,ENSG00000175489,0.012378461,57.801155,0.012378461
neural,ENSG00000115085,-0.012336063,57.801155,0.012336063
neural,ENSG00000198732,-0.012164704,57.801155,0.012164704
neural,ENSG00000301902,-0.012066517,57.801155,0.012066517
neural,ENSG00000137094,-0.012052245,57.801155,0.012052245
neural,ENSG00000263639,0.012013825,57.801155,0.012013825
neural,ENSG00000148468,0.012012904,57.801155,0.012012904
neural,ENSG00000211448,-0.011961351,57.801155,0.011961351
neural,ENSG00000136694,0.0119423205,57.801155,0.0119423205
neural,ENSG00000159387,-0.0118697975,57.801155,0.0118697975
neural,ENSG00000075223,-0.011724993,57.801155,0.011724993
neural,ENSG00000125966,-0.011644609,57.801155,0.011644609
neural,ENSG00000087495,0.011571314,57.801155,0.011571314
neural,ENSG00000164879,0.01156667,57.801155,0.01156667
neural,ENSG00000182580,0.011514819,57.801155,0.011514819
neural,ENSG00000110484,-0.0114434445,57.801155,0.0114434445
neural,ENSG00000106689,0.011435565,57.801155,0.011435565
neural,ENSG00000164142,0.011196062,57.801155,0.011196062
neural,ENSG00000170915,0.01119578,57.801155,0.01119578
neural,ENSG00000285128,0.011080724,57.801155,0.011080724
neural,ENSG00000106333,-0.011061941,57.801155,0.011061941
neural,ENSG00000069974,0.010825587,57.801155,0.010825587
neural,ENSG00000101210,-0.010764059,57.801155,0.010764059
neural,ENSG00000177989,0.01075395,57.801155,0.01075395
neural,ENSG00000244575,0.010732454,57.801155,0.010732454
neural,ENSG00000150625,-0.01059273,57.801155,0.01059273
neural,ENSG00000103375,0.010563046,57.801155,0.010563046
neural,ENSG00000100721,0.010448969,57.801155,0.010448969
neural,ENSG00000021645,-0.010359467,57.801155,0.010359467
neural,ENSG00000197084,0.010270377,57.801155,0.010270377
neural,ENSG00000189120,0.010256093,57.801155,0.010256093
neural,ENSG00000162482,0.0101295905,57.801155,0.0101295905
neural,ENSG00000136854,0.010039115,57.801155,0.010039115
neural,ENSG00000142235,0.009995058,57.801155,0.009995058
neural,ENSG00000225972,-0.009988769,57.801155,0.009988769
neural,ENSG00000133561,0.0099460995,57.801155,0.0099460995
neural,ENSG00000172794,0.009904594,57.801155,0.009904594
neural,ENSG00000186474,-0.009785926,57.801155,0.009785926
neural,ENSG00000203697,0.009759448,57.801155,0.009759448
neural,ENSG00000187848,0.009628492,57.801155,0.009628492
neural,ENSG00000237649,-0.009598495,57.801155,0.009598495
neural,ENSG00000204618,-0.009527691,57.801155,0.009527691
neural,ENSG00000250305,-0.009516257,57.801155,0.009516257
neural,ENSG00000134760,0.009491655,57.801155,0.009491655
neural,ENSG00000114631,-0.009481326,57.801155,0.009481326
neural,ENSG00000136695,0.0094093,57.801155,0.0094093
neural,ENSG00000170345,0.009352224,57.801155,0.009352224
neural,ENSG00000159899,-0.009265061,57.801155,0.009265061
neural,ENSG00000041353,0.009252089,57.801155,0.009252089
neural,ENSG00000174807,-0.009212684,57.801155,0.009212684
neural,ENSG00000113296,0.009060314,57.801155,0.009060314
neural,ENSG00000180096,0.008871652,57.801155,0.008871652
neural,ENSG00000165966,0.008821659,57.801155,0.008821659
neural,ENSG00000144619,-0.00876945,57.801155,0.00876945
neural,ENSG00000186642,0.008736452,57.801155,0.008736452
neural,ENSG00000172349,-0.00855438,57.801155,0.00855438
neural,ENSG00000101255,0.008489446,57.801155,0.008489446
neural,ENSG00000142347,-0.008388982,57.801155,0.008388982
neural,ENSG00000115129,-0.008334983,57.801155,0.008334983
neural,ENSG00000163734,0.008253003,57.801155,0.008253003
neural,ENSG00000237289,-0.008208942,57.801155,0.008208942
neural,ENSG00000184194,0.008100248,57.801155,0.008100248
neural,ENSG00000186844,0.007981274,57.801155,0.007981274
neural,ENSG00000053702,-0.007963325,57.801155,0.007963325
neural,ENSG00000090006,0.007907297,57.801155,0.007907297
neural,ENSG00000204381,-0.0078025027,57.801155,0.0078025027
neural,ENSG00000163462,0.007720467,57.801155,0.007720467
neural,ENSG00000172543,0.007550637,57.801155,0.007550637
neural,ENSG00000078401,-0.0072745974,57.801155,0.0072745974
neural,ENSG00000129910,0.0071185953,57.801155,0.0071185953
neural,ENSG00000100234,0.007084462,57.801155,0.007084462
neural,ENSG00000144290,-0.006987949,57.801155,0.006987949
neural,ENSG00000072818,-0.0069755726,57.801155,0.0069755726
neural,ENSG00000115884,0.006863499,57.801155,0.006863499
neural,ENSG00000168209,0.0068516945,57.801155,0.0068516945
neural,ENSG00000181856,-0.006818996,57.801155,0.006818996
neural,ENSG00000067840,-0.0068103364,57.801155,0.0068103364
neural,ENSG00000171819,-0.0066515105,57.801155,0.0066515105
neural,ENSG00000173918,-0.0066105495,57.801155,0.0066105495
neural,ENSG00000076554,-0.006597825,57.801155,0.006597825
neural,ENSG00000189337,0.006411935,57.801155,0.006411935
neural,ENSG00000016402,-0.006402944,57.801155,0.006402944
neural,ENSG00000168350,-0.006300213,57.801155,0.006300213
neural,ENSG00000158445,-0.0062131686,57.801155,0.0062131686
neural,ENSG00000165553,0.0061659683,57.801155,0.0061659683
neural,ENSG00000198825,-0.0061391345,57.801155,0.0061391345
neural,ENSG00000037965,0.006116683,57.801155,0.006116683
neural,ENSG00000255031,0.006114883,57.801155,0.006114883
neural,ENSG00000078053,-0.0060770353,57.801155,0.0060770353
neural,ENSG00000162747,0.0060224854,57.801155,0.0060224854
neural,ENSG00000175567,-0.005840393,57.801155,0.005840393
neural,ENSG00000185274,-0.0058297412,57.801155,0.0058297412
neural,ENSG00000244617,0.0058275047,57.801155,0.0058275047
neural,ENSG00000106089,-0.0057226103,57.801155,0.0057226103
neural,ENSG00000132561,-0.005700071,57.801155,0.005700071
neural,ENSG00000181885,-0.0056589227,57.801155,0.0056589227
neural,ENSG00000306386,0.0056457864,57.801155,0.0056457864
neural,ENSG00000185133,-0.005512863,57.801155,0.005512863
neural,ENSG00000129455,-0.0055002603,57.801155,0.0055002603
neural,ENSG00000189067,-0.005305072,57.801155,0.005305072
neural,ENSG00000110076,-0.005266952,57.801155,0.005266952
neural,ENSG00000085117,-0.005173609,57.801155,0.005173609
neural,ENSG00000137766,0.0051323595,57.801155,0.0051323595
neural,ENSG00000125731,0.0050143055,57.801155,0.0050143055
neural,ENSG00000205307,-0.004985207,57.801155,0.004985207
neural,ENSG00000134917,-0.004977499,57.801155,0.004977499
neural,ENSG00000196091,0.004976055,57.801155,0.004976055
neural,ENSG00000134013,0.004863916,57.801155,0.004863916
neural,ENSG00000162873,-0.0047862427,57.801155,0.0047862427
neural,ENSG00000128564,-0.0046672453,57.801155,0.0046672453
neural,ENSG00000167702,0.0046420665,57.801155,0.0046420665
neural,ENSG00000154640,0.0046358076,57.801155,0.0046358076
neural,ENSG00000254087,-0.0046019233,57.801155,0.0046019233
neural,ENSG00000120129,0.004601526,57.801155,0.004601526
neural,ENSG00000185112,-0.004588117,57.801155,0.004588117
neural,ENSG00000276168,-0.0045718635,57.801155,0.0045718635
neural,ENSG00000165810,0.004490599,57.801155,0.004490599
neural,ENSG00000211445,0.004450719,57.801155,0.004450719
neural,ENSG00000267060,-0.0044138487,57.801155,0.0044138487
neural,ENSG00000186301,0.0043314565,57.801155,0.0043314565
neural,ENSG00000119326,0.0042993757,57.801155,0.0042993757
neural,ENSG00000142552,0.0041267467,57.801155,0.0041267467
neural,ENSG00000166033,0.0041088206,57.801155,0.0041088206
neural,ENSG00000198794,0.003926949,57.801155,0.003926949
neural,ENSG00000172572,0.003913894,57.801155,0.003913894
neural,ENSG00000104921,-0.0039062616,57.801155,0.0039062616
neural,ENSG00000187164,-0.0038371615,57.801155,0.0038371615
neural,ENSG00000282122,-0.0037107673,57.801155,0.0037107673
neural,ENSG00000241794,-0.0036751858,57.801155,0.0036751858
neural,ENSG00000163586,0.0036719367,57.801155,0.0036719367
neural,ENSG00000138771,-0.0036585182,57.801155,0.0036585182
neural,ENSG00000211652,-0.003624123,57.801155,0.003624123
neural,ENSG00000257017,-0.0035997352,57.801155,0.0035997352
neural,ENSG00000167880,-0.0034656648,57.801155,0.0034656648
neural,ENSG00000154556,0.0034541073,57.801155,0.0034541073
neural,ENSG00000296962,-0.0033908351,57.801155,0.0033908351
neural,ENSG00000169594,0.003370216,57.801155,0.003370216
neural,ENSG00000135426,-0.0033346335,57.801155,0.0033346335
neural,ENSG00000148965,-0.0032097753,57.801155,0.0032097753
neural,ENSG00000175505,-0.003170558,57.801155,0.003170558
neural,ENSG00000230630,0.0031644637,57.801155,0.0031644637
neural,ENSG00000096006,-0.0031612425,57.801155,0.0031612425
neural,ENSG00000161055,-0.00300054,57.801155,0.00300054
neural,ENSG00000160097,-0.002991694,57.801155,0.002991694
neural,ENSG00000167207,-0.0029877932,57.801155,0.0029877932
neural,ENSG00000172020,0.002967593,57.801155,0.002967593
neural,ENSG00000169031,0.0029290805,57.801155,0.0029290805
neural,ENSG00000182533,-0.0028408132,57.801155,0.0028408132
neural,ENSG00000111885,0.0027502317,57.801155,0.0027502317
neural,ENSG00000134508,0.0027398018,57.801155,0.0027398018
neural,ENSG00000148344,-0.0027023228,57.801155,0.0027023228
neural,ENSG00000157765,-0.0025777337,57.801155,0.0025777337
neural,ENSG00000203784,0.00255513,57.801155,0.00255513
neural,ENSG00000211934,-0.0025385104,57.801155,0.0025385104
neural,ENSG00000152527,0.002510902,57.801155,0.002510902
neural,ENSG00000002933,0.0025070265,57.801155,0.0025070265
neural,ENSG00000168268,0.0023745138,57.801155,0.0023745138
neural,ENSG00000087116,0.0022019497,57.801155,0.0022019497
neural,ENSG00000197632,0.0021638663,57.801155,0.0021638663
neural,ENSG00000105088,-0.0018012443,57.801155,0.0018012443
neural,ENSG00000134215,-0.0017159983,57.801155,0.0017159983
neural,ENSG00000101187,-0.0017038424,57.801155,0.0017038424
neural,ENSG00000006118,-0.0016558369,57.801155,0.0016558369
neural,ENSG00000163823,0.0016041184,57.801155,0.0016041184
neural,ENSG00000276107,-0.0016001599,57.801155,0.0016001599
neural,ENSG00000135916,0.0015793392,57.801155,0.0015793392
neural,ENSG00000170421,0.001554688,57.801155,0.001554688
neural,ENSG00000107186,-0.0015106963,57.801155,0.0015106963
neural,ENSG00000099849,-0.0014816951,57.801155,0.0014816951
neural,ENSG00000086300,-0.0014320901,57.801155,0.0014320901
neural,ENSG00000279806,0.0013824196,57.801155,0.0013824196
neural,ENSG00000120896,0.0013710974,57.801155,0.0013710974
neural,ENSG00000167994,0.0013377928,57.801155,0.0013377928
neural,ENSG00000075461,0.0013265224,57.801155,0.0013265224
neural,ENSG00000065609,-0.0013239593,57.801155,0.0013239593
neural,ENSG00000156299,-0.0012896851,57.801155,0.0012896851
neural,ENSG00000160716,0.0011324724,57.801155,0.0011324724
neural,ENSG00000164061,-0.0010792625,57.801155,0.0010792625
neural,ENSG00000196734,-0.0010701193,57.801155,0.0010701193
neural,ENSG00000007384,-0.0010576061,57.801155,0.0010576061
neural,ENSG00000092096,-0.00096099114,57.801155,0.00096099114
neural,ENSG00000124143,0.00095493876,57.801155,0.00095493876
neural,ENSG00000198039,0.0009223965,57.801155,0.0009223965
neural,ENSG00000003436,0.000847657,57.801155,0.000847657
neural,ENSG00000173546,0.00074641703,57.801155,0.00074641703
neural,ENSG00000266010,0.00073518057,57.801155,0.00073518057
neural,ENSG00000008283,0.0006889395,57.801155,0.0006889395
neural,ENSG00000078098,-0.0006273017,57.801155,0.0006273017
neural,ENSG00000188508,0.0005775106,57.801155,0.0005775106
neural,ENSG00000094963,-0.0004931329,57.801155,0.0004931329
neural,ENSG00000182985,-0.0004422511,57.801155,0.0004422511
neural,ENSG00000140682,0.0004209522,57.801155,0.0004209522
neural,ENSG00000268496,0.00035298598,57.801155,0.00035298598
neural,ENSG00000085741,0.00031100638,57.801155,0.00031100638
neural,ENSG00000117519,-0.0002880685,57.801155,0.0002880685
neural,ENSG00000189433,-0.00017727942,57.801155,0.00017727942
neural,ENSG00000012660,-0.00017466152,57.801155,0.00017466152
neural,ENSG00000089225,0.00017255792,57.801155,0.00017255792
neural,ENSG00000153551,-0.00014300115,57.801155,0.00014300115
neural,ENSG00000154277,0.00012188282,57.801155,0.00012188282
neural,ENSG00000125798,9.762102e-05,57.801155,9.762102e-05
neural,ENSG00000182742,-5.7173598e-05,57.801155,5.7173598e-05
neural,ENSG00000129990,3.9968523e-05,57.801155,3.9968523e-05
neural,ENSG00000119946,-2.1372525e-05,57.801155,2.1372525e-05
neural,ENSG00000240065,-2.7054884e-06,57.801155,2.7054884e-06
neural,ENSG00000188157,-0.0,57.801155,0.0
neural,ENSG00000162576,-0.0,57.801155,0.0
neural,ENSG00000178821,0.0,57.801155,0.0
neural,ENSG00000067606,0.0,57.801155,0.0
neural,ENSG00000177133,0.0,57.801155,0.0
neural,ENSG00000130762,0.0,57.801155,0.0
neural,ENSG00000116254,-0.0,57.801155,0.0
neural,ENSG00000097021,-0.0,57.801155,0.0
neural,ENSG00000049246,-0.0,57.801155,0.0
neural,ENSG00000142583,0.0,57.801155,0.0
neural,ENSG00000180758,0.0,57.801155,0.0
neural,ENSG00000171621,0.0,57.801155,0.0
neural,ENSG00000162444,0.0,57.801155,0.0
neural,ENSG00000173641,0.0,57.801155,0.0
neural,ENSG00000185519,-0.0,57.801155,0.0
neural,ENSG00000117122,0.0,57.801155,0.0
neural,ENSG00000117154,-0.0,57.801155,0.0
neural,ENSG00000158747,-0.0,57.801155,0.0
neural,ENSG00000162545,-0.0,57.801155,0.0
neural,ENSG00000076864,0.0,57.801155,0.0
neural,ENSG00000142789,0.0,57.801155,0.0
neural,ENSG00000162552,-0.0,57.801155,0.0
neural,ENSG00000088280,-0.0,57.801155,0.0
neural,ENSG00000117318,-0.0,57.801155,0.0
neural,ENSG00000142661,0.0,57.801155,0.0
neural,ENSG00000169504,-0.0,57.801155,0.0
neural,ENSG00000117632,0.0,57.801155,0.0
neural,ENSG00000158008,-0.0,57.801155,0.0
neural,ENSG00000142675,-0.0,57.801155,0.0
neural,ENSG00000117676,0.0,57.801155,0.0
neural,ENSG00000253368,-0.0,57.801155,0.0
neural,ENSG00000158246,0.0,57.801155,0.0
neural,ENSG00000304055,-0.0,57.801155,0.0
neural,ENSG00000142733,-0.0,57.801155,0.0
neural,ENSG00000130775,-0.0,57.801155,0.0
neural,ENSG00000169403,-0.0,57.801155,0.0
neural,ENSG00000162511,0.0,57.801155,0.0
neural,ENSG00000084628,0.0,57.801155,0.0
neural,ENSG00000084636,-0.0,57.801155,0.0
neural,ENSG00000121753,0.0,57.801155,0.0
neural,ENSG00000162522,-0.0,57.801155,0.0
neural,ENSG00000121905,0.0,57.801155,0.0
neural,ENSG00000020129,0.0,57.801155,0.0
neural,ENSG00000171812,0.0,57.801155,0.0
neural,ENSG00000214193,0.0,57.801155,0.0
neural,ENSG00000119535,0.0,57.801155,0.0
neural,ENSG00000163873,0.0,57.801155,0.0
neural,ENSG00000163879,-0.0,57.801155,0.0
neural,ENSG00000116983,0.0,57.801155,0.0
neural,ENSG00000131236,-0.0,57.801155,0.0
neural,ENSG00000117016,0.0,57.801155,0.0
neural,ENSG00000179862,0.0,57.801155,0.0
neural,ENSG00000164007,0.0,57.801155,0.0
neural,ENSG00000196517,0.0,57.801155,0.0
neural,ENSG00000142945,-0.0,57.801155,0.0
neural,ENSG00000117472,-0.0,57.801155,0.0
neural,ENSG00000142973,-0.0,57.801155,0.0
neural,ENSG00000162407,0.0,57.801155,0.0
neural,ENSG00000134709,0.0,57.801155,0.0
neural,ENSG00000134716,0.0,57.801155,0.0
neural,ENSG00000162433,0.0,57.801155,0.0
neural,ENSG00000116678,0.0,57.801155,0.0
neural,ENSG00000116717,0.0,57.801155,0.0
neural,ENSG00000178965,0.0,57.801155,0.0
neural,ENSG00000122420,0.0,57.801155,0.0
neural,ENSG00000162618,0.0,57.801155,0.0
neural,ENSG00000142875,0.0,57.801155,0.0
neural,ENSG00000153904,-0.0,57.801155,0.0
neural,ENSG00000016490,0.0,57.801155,0.0
neural,ENSG00000069702,0.0,57.801155,0.0
neural,ENSG00000137962,0.0,57.801155,0.0
neural,ENSG00000117525,-0.0,57.801155,0.0
neural,ENSG00000162627,-0.0,57.801155,0.0
neural,ENSG00000170989,-0.0,57.801155,0.0
neural,ENSG00000143126,-0.0,57.801155,0.0
neural,ENSG00000134243,0.0,57.801155,0.0
neural,ENSG00000184371,0.0,57.801155,0.0
neural,ENSG00000197106,-0.0,57.801155,0.0
neural,ENSG00000155367,-0.0,57.801155,0.0
neural,ENSG00000175984,-0.0,57.801155,0.0
neural,ENSG00000134198,0.0,57.801155,0.0
neural,ENSG00000118729,-0.0,57.801155,0.0
neural,ENSG00000092607,0.0,57.801155,0.0
neural,ENSG00000134250,-0.0,57.801155,0.0
neural,ENSG00000131781,-0.0,57.801155,0.0
neural,ENSG00000265107,-0.0,57.801155,0.0
neural,ENSG00000178104,-0.0,57.801155,0.0
neural,ENSG00000014914,-0.0,57.801155,0.0
neural,ENSG00000143382,-0.0,57.801155,0.0
neural,ENSG00000143387,0.0,57.801155,0.0
neural,ENSG00000213190,-0.0,57.801155,0.0
neural,ENSG00000143375,-0.0,57.801155,0.0
neural,ENSG00000159409,-0.0,57.801155,0.0
neural,ENSG00000143365,0.0,57.801155,0.0
neural,ENSG00000163191,-0.0,57.801155,0.0
neural,ENSG00000143520,0.0,57.801155,0.0
neural,ENSG00000187180,-0.0,57.801155,0.0
neural,ENSG00000240386,0.0,57.801155,0.0
neural,ENSG00000143546,-0.0,57.801155,0.0
neural,ENSG00000196754,0.0,57.801155,0.0
neural,ENSG00000143554,0.0,57.801155,0.0
neural,ENSG00000160712,0.0,57.801155,0.0
neural,ENSG00000169291,0.0,57.801155,0.0
neural,ENSG00000163472,-0.0,57.801155,0.0
neural,ENSG00000132677,0.0,57.801155,0.0
neural,ENSG00000125462,0.0,57.801155,0.0
neural,ENSG00000132688,-0.0,57.801155,0.0
neural,ENSG00000183853,-0.0,57.801155,0.0
neural,ENSG00000162706,-0.0,57.801155,0.0
neural,ENSG00000085552,-0.0,57.801155,0.0
neural,ENSG00000177807,-0.0,57.801155,0.0
neural,ENSG00000215845,-0.0,57.801155,0.0
neural,ENSG00000162755,-0.0,57.801155,0.0
neural,ENSG00000117152,0.0,57.801155,0.0
neural,ENSG00000116132,-0.0,57.801155,0.0
neural,ENSG00000007933,0.0,57.801155,0.0
neural,ENSG00000034971,-0.0,57.801155,0.0
neural,ENSG00000152092,-0.0,57.801155,0.0
neural,ENSG00000198797,-0.0,57.801155,0.0
neural,ENSG00000116194,0.0,57.801155,0.0
neural,ENSG00000135842,0.0,57.801155,0.0
neural,ENSG00000143847,0.0,57.801155,0.0
neural,ENSG00000159388,-0.0,57.801155,0.0
neural,ENSG00000174514,0.0,57.801155,0.0
neural,ENSG00000266094,0.0,57.801155,0.0
neural,ENSG00000174059,0.0,57.801155,0.0
neural,ENSG00000123689,0.0,57.801155,0.0
neural,ENSG00000082512,0.0,57.801155,0.0
neural,ENSG00000162772,0.0,57.801155,0.0
neural,ENSG00000152104,0.0,57.801155,0.0
neural,ENSG00000082482,0.0,57.801155,0.0
neural,ENSG00000143502,0.0,57.801155,0.0
neural,ENSG00000143753,-0.0,57.801155,0.0
neural,ENSG00000163050,0.0,57.801155,0.0
neural,ENSG00000143816,0.0,57.801155,0.0
neural,ENSG00000116574,-0.0,57.801155,0.0
neural,ENSG00000119280,-0.0,57.801155,0.0
neural,ENSG00000116962,-0.0,57.801155,0.0
neural,ENSG00000198626,-0.0,57.801155,0.0
neural,ENSG00000189292,0.0,57.801155,0.0
neural,ENSG00000115705,-0.0,57.801155,0.0
neural,ENSG00000151693,0.0,57.801155,0.0
neural,ENSG00000171848,0.0,57.801155,0.0
neural,ENSG00000197872,0.0,57.801155,0.0
neural,ENSG00000143878,0.0,57.801155,0.0
neural,ENSG00000084710,0.0,57.801155,0.0
neural,ENSG00000084731,0.0,57.801155,0.0
neural,ENSG00000157851,-0.0,57.801155,0.0
neural,ENSG00000115194,0.0,57.801155,0.0
neural,ENSG00000138100,0.0,57.801155,0.0
neural,ENSG00000115226,-0.0,57.801155,0.0
neural,ENSG00000213626,-0.0,57.801155,0.0
neural,ENSG00000049323,-0.0,57.801155,0.0
neural,ENSG00000150938,0.0,57.801155,0.0
neural,ENSG00000162878,0.0,57.801155,0.0
neural,ENSG00000162882,0.0,57.801155,0.0
neural,ENSG00000170577,-0.0,57.801155,0.0
neural,ENSG00000179915,-0.0,57.801155,0.0
neural,ENSG00000238018,0.0,57.801155,0.0
neural,ENSG00000119862,0.0,57.801155,0.0
neural,ENSG00000163219,-0.0,57.801155,0.0
neural,ENSG00000163217,-0.0,57.801155,0.0
neural,ENSG00000075340,0.0,57.801155,0.0
neural,ENSG00000163013,0.0,57.801155,0.0
neural,ENSG00000159399,0.0,57.801155,0.0
neural,ENSG00000066032,0.0,57.801155,0.0
neural,ENSG00000168874,-0.0,57.801155,0.0
neural,ENSG00000068615,-0.0,57.801155,0.0
neural,ENSG00000211597,-0.0,57.801155,0.0
neural,ENSG00000239951,0.0,57.801155,0.0
neural,ENSG00000241294,-0.0,57.801155,0.0
neural,ENSG00000172005,-0.0,57.801155,0.0
neural,ENSG00000155066,-0.0,57.801155,0.0
neural,ENSG00000196872,0.0,57.801155,0.0
neural,ENSG00000115602,-0.0,57.801155,0.0
neural,ENSG00000198075,-0.0,57.801155,0.0
neural,ENSG00000198142,0.0,57.801155,0.0
neural,ENSG00000144119,0.0,57.801155,0.0
neural,ENSG00000136732,-0.0,57.801155,0.0
neural,ENSG00000072163,-0.0,57.801155,0.0
neural,ENSG00000152128,-0.0,57.801155,0.0
neural,ENSG00000121966,0.0,57.801155,0.0
neural,ENSG00000075884,0.0,57.801155,0.0
neural,ENSG00000168280,0.0,57.801155,0.0
neural,ENSG00000241399,0.0,57.801155,0.0
neural,ENSG00000153246,0.0,57.801155,0.0
neural,ENSG00000197635,0.0,57.801155,0.0
neural,ENSG00000082438,-0.0,57.801155,0.0
neural,ENSG00000136531,0.0,57.801155,0.0
neural,ENSG00000115339,-0.0,57.801155,0.0
neural,ENSG00000136546,-0.0,57.801155,0.0
neural,ENSG00000073737,0.0,57.801155,0.0
neural,ENSG00000128683,0.0,57.801155,0.0
neural,ENSG00000091436,-0.0,57.801155,0.0
neural,ENSG00000079150,0.0,57.801155,0.0
neural,ENSG00000162998,-0.0,57.801155,0.0
neural,ENSG00000168542,0.0,57.801155,0.0
neural,ENSG00000168497,-0.0,57.801155,0.0
neural,ENSG00000081320,0.0,57.801155,0.0
neural,ENSG00000064012,0.0,57.801155,0.0
neural,ENSG00000116117,-0.0,57.801155,0.0
neural,ENSG00000144406,0.0,57.801155,0.0
neural,ENSG00000118242,-0.0,57.801155,0.0
neural,ENSG00000115457,0.0,57.801155,0.0
neural,ENSG00000115461,0.0,57.801155,0.0
neural,ENSG00000163464,0.0,57.801155,0.0
neural,ENSG00000018280,0.0,57.801155,0.0
neural,ENSG00000115596,-0.0,57.801155,0.0
neural,ENSG00000171450,-0.0,57.801155,0.0
neural,ENSG00000054356,-0.0,57.801155,0.0
neural,ENSG00000114923,0.0,57.801155,0.0
neural,ENSG00000135905,0.0,57.801155,0.0
neural,ENSG00000169047,0.0,57.801155,0.0
neural,ENSG00000115009,0.0,57.801155,0.0
neural,ENSG00000187957,-0.0,57.801155,0.0
neural,ENSG00000123485,0.0,57.801155,0.0
neural,ENSG00000132321,0.0,57.801155,0.0
neural,ENSG00000163359,-0.0,57.801155,0.0
neural,ENSG00000168427,0.0,57.801155,0.0
neural,ENSG00000233608,-0.0,57.801155,0.0
neural,ENSG00000176720,-0.0,57.801155,0.0
neural,ENSG00000134121,0.0,57.801155,0.0
neural,ENSG00000156959,0.0,57.801155,0.0
neural,ENSG00000144550,0.0,57.801155,0.0
neural,ENSG00000134072,0.0,57.801155,0.0
neural,ENSG00000157087,-0.0,57.801155,0.0
neural,ENSG00000196639,0.0,57.801155,0.0
neural,ENSG00000131389,0.0,57.801155,0.0
neural,ENSG00000131378,0.0,57.801155,0.0
neural,ENSG00000144642,-0.0,57.801155,0.0
neural,ENSG00000163513,0.0,57.801155,0.0
neural,ENSG00000091317,-0.0,57.801155,0.0
neural,ENSG00000168016,0.0,57.801155,0.0
neural,ENSG00000144655,0.0,57.801155,0.0
neural,ENSG00000114812,-0.0,57.801155,0.0
neural,ENSG00000010282,0.0,57.801155,0.0
neural,ENSG00000261786,-0.0,57.801155,0.0
neural,ENSG00000178038,-0.0,57.801155,0.0
neural,ENSG00000164050,-0.0,57.801155,0.0
neural,ENSG00000114268,0.0,57.801155,0.0
neural,ENSG00000114270,-0.0,57.801155,0.0
neural,ENSG00000173531,-0.0,57.801155,0.0
neural,ENSG00000164076,0.0,57.801155,0.0
neural,ENSG00000012171,-0.0,57.801155,0.0
neural,ENSG00000004838,0.0,57.801155,0.0
neural,ENSG00000088538,-0.0,57.801155,0.0
neural,ENSG00000114854,-0.0,57.801155,0.0
neural,ENSG00000163932,0.0,57.801155,0.0
neural,ENSG00000163638,0.0,57.801155,0.0
neural,ENSG00000241158,0.0,57.801155,0.0
neural,ENSG00000114541,-0.0,57.801155,0.0
neural,ENSG00000187098,-0.0,57.801155,0.0
neural,ENSG00000184500,0.0,57.801155,0.0
neural,ENSG00000057019,0.0,57.801155,0.0
neural,ENSG00000170017,0.0,57.801155,0.0
neural,ENSG00000144834,-0.0,57.801155,0.0
neural,ENSG00000185565,-0.0,57.801155,0.0
neural,ENSG00000065485,0.0,57.801155,0.0
neural,ENSG00000173706,0.0,57.801155,0.0
neural,ENSG00000144908,0.0,57.801155,0.0
neural,ENSG00000163884,0.0,57.801155,0.0
neural,ENSG00000091513,0.0,57.801155,0.0
neural,ENSG00000174564,-0.0,57.801155,0.0
neural,ENSG00000158186,-0.0,57.801155,0.0
neural,ENSG00000158258,0.0,57.801155,0.0
neural,ENSG00000120756,-0.0,57.801155,0.0
neural,ENSG00000152952,0.0,57.801155,0.0
neural,ENSG00000163751,0.0,57.801155,0.0
neural,ENSG00000169908,0.0,57.801155,0.0
neural,ENSG00000018408,0.0,57.801155,0.0
neural,ENSG00000070087,-0.0,57.801155,0.0
neural,ENSG00000152580,-0.0,57.801155,0.0
neural,ENSG00000196549,-0.0,57.801155,0.0
neural,ENSG00000168779,0.0,57.801155,0.0
neural,ENSG00000113810,-0.0,57.801155,0.0
neural,ENSG00000121858,-0.0,57.801155,0.0
neural,ENSG00000114757,-0.0,57.801155,0.0
neural,ENSG00000180834,-0.0,57.801155,0.0
neural,ENSG00000113916,-0.0,57.801155,0.0
neural,ENSG00000073282,-0.0,57.801155,0.0
neural,ENSG00000273238,-0.0,57.801155,0.0
neural,ENSG00000013810,0.0,57.801155,0.0
neural,ENSG00000168824,-0.0,57.801155,0.0
neural,ENSG00000072840,0.0,57.801155,0.0
neural,ENSG00000109501,-0.0,57.801155,0.0
neural,ENSG00000074211,-0.0,57.801155,0.0
neural,ENSG00000163993,0.0,57.801155,0.0
neural,ENSG00000184985,-0.0,57.801155,0.0
neural,ENSG00000170801,0.0,57.801155,0.0
neural,ENSG00000109743,0.0,57.801155,0.0
neural,ENSG00000137441,0.0,57.801155,0.0
neural,ENSG00000091490,-0.0,57.801155,0.0
neural,ENSG00000197712,0.0,57.801155,0.0
neural,ENSG00000109814,-0.0,57.801155,0.0
neural,ENSG00000178343,0.0,57.801155,0.0
neural,ENSG00000260918,-0.0,57.801155,0.0
neural,ENSG00000163736,0.0,57.801155,0.0
neural,ENSG00000163297,0.0,57.801155,0.0
neural,ENSG00000249242,-0.0,57.801155,0.0
neural,ENSG00000163624,0.0,57.801155,0.0
neural,ENSG00000163629,0.0,57.801155,0.0
neural,ENSG00000198189,0.0,57.801155,0.0
neural,ENSG00000196344,0.0,57.801155,0.0
neural,ENSG00000138821,-0.0,57.801155,0.0
neural,ENSG00000145362,-0.0,57.801155,0.0
neural,ENSG00000172399,-0.0,57.801155,0.0
neural,ENSG00000145390,-0.0,57.801155,0.0
neural,ENSG00000138735,-0.0,57.801155,0.0
neural,ENSG00000164111,0.0,57.801155,0.0
neural,ENSG00000138685,-0.0,57.801155,0.0
neural,ENSG00000138650,-0.0,57.801155,0.0
neural,ENSG00000170006,0.0,57.801155,0.0
neural,ENSG00000109654,-0.0,57.801155,0.0
neural,ENSG00000061918,0.0,57.801155,0.0
neural,ENSG00000109738,0.0,57.801155,0.0
neural,ENSG00000120251,-0.0,57.801155,0.0
neural,ENSG00000168843,-0.0,57.801155,0.0
neural,ENSG00000196104,0.0,57.801155,0.0
neural,ENSG00000164106,-0.0,57.801155,0.0
neural,ENSG00000151726,-0.0,57.801155,0.0
neural,ENSG00000151729,0.0,57.801155,0.0
neural,ENSG00000171368,0.0,57.801155,0.0
neural,ENSG00000145506,0.0,57.801155,0.0
neural,ENSG00000215218,-0.0,57.801155,0.0
neural,ENSG00000215217,-0.0,57.801155,0.0
neural,ENSG00000169862,0.0,57.801155,0.0
neural,ENSG00000183580,-0.0,57.801155,0.0
neural,ENSG00000154153,0.0,57.801155,0.0
neural,ENSG00000176788,-0.0,57.801155,0.0
neural,ENSG00000040731,-0.0,57.801155,0.0
neural,ENSG00000079215,-0.0,57.801155,0.0
neural,ENSG00000113594,-0.0,57.801155,0.0
neural,ENSG00000145623,0.0,57.801155,0.0
neural,ENSG00000082074,-0.0,57.801155,0.0
neural,ENSG00000171522,0.0,57.801155,0.0
neural,ENSG00000112936,0.0,57.801155,0.0
neural,ENSG00000039537,-0.0,57.801155,0.0
neural,ENSG00000112964,0.0,57.801155,0.0
neural,ENSG00000170571,-0.0,57.801155,0.0
neural,ENSG00000164171,-0.0,57.801155,0.0
neural,ENSG00000152669,0.0,57.801155,0.0
neural,ENSG00000067113,-0.0,57.801155,0.0
neural,ENSG00000152932,-0.0,57.801155,0.0
neural,ENSG00000164181,-0.0,57.801155,0.0
neural,ENSG00000134057,0.0,57.801155,0.0
neural,ENSG00000157111,0.0,57.801155,0.0
neural,ENSG00000214944,-0.0,57.801155,0.0
neural,ENSG00000181104,0.0,57.801155,0.0
neural,ENSG00000164176,-0.0,57.801155,0.0
neural,ENSG00000081189,0.0,57.801155,0.0
neural,ENSG00000152495,-0.0,57.801155,0.0
neural,ENSG00000129596,-0.0,57.801155,0.0
neural,ENSG00000145779,0.0,57.801155,0.0
neural,ENSG00000184838,-0.0,57.801155,0.0
neural,ENSG00000113368,-0.0,57.801155,0.0
neural,ENSG00000164402,-0.0,57.801155,0.0
neural,ENSG00000170458,-0.0,57.801155,0.0
neural,ENSG00000156475,-0.0,57.801155,0.0
neural,ENSG00000113657,-0.0,57.801155,0.0
neural,ENSG00000169252,0.0,57.801155,0.0
neural,ENSG00000157510,-0.0,57.801155,0.0
neural,ENSG00000011083,0.0,57.801155,0.0
neural,ENSG00000186335,0.0,57.801155,0.0
neural,ENSG00000086570,0.0,57.801155,0.0
neural,ENSG00000170271,-0.0,57.801155,0.0
neural,ENSG00000170624,0.0,57.801155,0.0
neural,ENSG00000135074,-0.0,57.801155,0.0
neural,ENSG00000172548,-0.0,57.801155,0.0
neural,ENSG00000164330,-0.0,57.801155,0.0
neural,ENSG00000145861,-0.0,57.801155,0.0
neural,ENSG00000145864,-0.0,57.801155,0.0
neural,ENSG00000145863,0.0,57.801155,0.0
neural,ENSG00000022355,0.0,57.801155,0.0
neural,ENSG00000188573,0.0,57.801155,0.0
neural,ENSG00000184347,0.0,57.801155,0.0
neural,ENSG00000134516,-0.0,57.801155,0.0
neural,ENSG00000043462,0.0,57.801155,0.0
neural,ENSG00000072786,0.0,57.801155,0.0
neural,ENSG00000174705,0.0,57.801155,0.0
neural,ENSG00000170091,0.0,57.801155,0.0
neural,ENSG00000113749,0.0,57.801155,0.0
neural,ENSG00000145920,0.0,57.801155,0.0
neural,ENSG00000169258,-0.0,57.801155,0.0
neural,ENSG00000074317,0.0,57.801155,0.0
neural,ENSG00000160867,-0.0,57.801155,0.0
neural,ENSG00000131187,0.0,57.801155,0.0
neural,ENSG00000131459,-0.0,57.801155,0.0
neural,ENSG00000297119,-0.0,57.801155,0.0
neural,ENSG00000296385,0.0,57.801155,0.0
neural,ENSG00000170542,0.0,57.801155,0.0
neural,ENSG00000112186,-0.0,57.801155,0.0
neural,ENSG00000152954,-0.0,57.801155,0.0
neural,ENSG00000111913,-0.0,57.801155,0.0
neural,ENSG00000079689,-0.0,57.801155,0.0
neural,ENSG00000197903,-0.0,57.801155,0.0
neural,ENSG00000204681,-0.0,57.801155,0.0
neural,ENSG00000204655,-0.0,57.801155,0.0
neural,ENSG00000146112,0.0,57.801155,0.0
neural,ENSG00000137331,0.0,57.801155,0.0
neural,ENSG00000204580,-0.0,57.801155,0.0
neural,ENSG00000196260,0.0,57.801155,0.0
neural,ENSG00000204482,-0.0,57.801155,0.0
neural,ENSG00000204472,-0.0,57.801155,0.0
neural,ENSG00000243649,0.0,57.801155,0.0
neural,ENSG00000204314,-0.0,57.801155,0.0
neural,ENSG00000241404,-0.0,57.801155,0.0
neural,ENSG00000213654,-0.0,57.801155,0.0
neural,ENSG00000204264,0.0,57.801155,0.0
neural,ENSG00000096433,-0.0,57.801155,0.0
neural,ENSG00000124493,0.0,57.801155,0.0
neural,ENSG00000124507,0.0,57.801155,0.0
neural,ENSG00000146197,0.0,57.801155,0.0
neural,ENSG00000007866,-0.0,57.801155,0.0
neural,ENSG00000112053,0.0,57.801155,0.0
neural,ENSG00000164530,-0.0,57.801155,0.0
neural,ENSG00000137193,-0.0,57.801155,0.0
neural,ENSG00000164626,0.0,57.801155,0.0
neural,ENSG00000124615,0.0,57.801155,0.0
neural,ENSG00000124731,0.0,57.801155,0.0
neural,ENSG00000112715,0.0,57.801155,0.0
neural,ENSG00000178233,-0.0,57.801155,0.0
neural,ENSG00000069122,0.0,57.801155,0.0
neural,ENSG00000146072,-0.0,57.801155,0.0
neural,ENSG00000170899,0.0,57.801155,0.0
neural,ENSG00000146147,0.0,57.801155,0.0
neural,ENSG00000135298,-0.0,57.801155,0.0
neural,ENSG00000112773,0.0,57.801155,0.0
neural,ENSG00000203877,-0.0,57.801155,0.0
neural,ENSG00000135346,-0.0,57.801155,0.0
neural,ENSG00000118432,-0.0,57.801155,0.0
neural,ENSG00000172461,0.0,57.801155,0.0
neural,ENSG00000132429,0.0,57.801155,0.0
neural,ENSG00000112769,-0.0,57.801155,0.0
neural,ENSG00000198523,-0.0,57.801155,0.0
neural,ENSG00000188580,0.0,57.801155,0.0
neural,ENSG00000146374,-0.0,57.801155,0.0
neural,ENSG00000196569,-0.0,57.801155,0.0
neural,ENSG00000197594,0.0,57.801155,0.0
neural,ENSG00000118523,0.0,57.801155,0.0
neural,ENSG00000260418,0.0,57.801155,0.0
neural,ENSG00000135525,-0.0,57.801155,0.0
neural,ENSG00000118503,0.0,57.801155,0.0
neural,ENSG00000112379,-0.0,57.801155,0.0
neural,ENSG00000146386,-0.0,57.801155,0.0
neural,ENSG00000112414,0.0,57.801155,0.0
neural,ENSG00000118508,0.0,57.801155,0.0
neural,ENSG00000120254,-0.0,57.801155,0.0
neural,ENSG00000131016,0.0,57.801155,0.0
neural,ENSG00000146469,0.0,57.801155,0.0
neural,ENSG00000164674,0.0,57.801155,0.0
neural,ENSG00000176381,-0.0,57.801155,0.0
neural,ENSG00000186340,-0.0,57.801155,0.0
neural,ENSG00000105963,-0.0,57.801155,0.0
neural,ENSG00000106003,-0.0,57.801155,0.0
neural,ENSG00000273313,0.0,57.801155,0.0
neural,ENSG00000106511,-0.0,57.801155,0.0
neural,ENSG00000171243,-0.0,57.801155,0.0
neural,ENSG00000106537,-0.0,57.801155,0.0
neural,ENSG00000106546,0.0,57.801155,0.0
neural,ENSG00000105855,0.0,57.801155,0.0
neural,ENSG00000136235,-0.0,57.801155,0.0
neural,ENSG00000105997,-0.0,57.801155,0.0
neural,ENSG00000106004,0.0,57.801155,0.0
neural,ENSG00000078399,0.0,57.801155,0.0
neural,ENSG00000253293,-0.0,57.801155,0.0
neural,ENSG00000005073,-0.0,57.801155,0.0
neural,ENSG00000240990,-0.0,57.801155,0.0
neural,ENSG00000299510,-0.0,57.801155,0.0
neural,ENSG00000255690,0.0,57.801155,0.0
neural,ENSG00000136193,0.0,57.801155,0.0
neural,ENSG00000078549,-0.0,57.801155,0.0
neural,ENSG00000011426,0.0,57.801155,0.0
neural,ENSG00000106483,-0.0,57.801155,0.0
neural,ENSG00000058404,-0.0,57.801155,0.0
neural,ENSG00000136286,-0.0,57.801155,0.0
neural,ENSG00000136274,-0.0,57.801155,0.0
neural,ENSG00000185811,-0.0,57.801155,0.0
neural,ENSG00000146648,0.0,57.801155,0.0
neural,ENSG00000009950,-0.0,57.801155,0.0
neural,ENSG00000165215,-0.0,57.801155,0.0
neural,ENSG00000106665,0.0,57.801155,0.0
neural,ENSG00000177679,-0.0,57.801155,0.0
neural,ENSG00000106211,-0.0,57.801155,0.0
neural,ENSG00000127951,-0.0,57.801155,0.0
neural,ENSG00000234456,-0.0,57.801155,0.0
neural,ENSG00000135218,-0.0,57.801155,0.0
neural,ENSG00000164647,0.0,57.801155,0.0
neural,ENSG00000157240,0.0,57.801155,0.0
neural,ENSG00000127920,0.0,57.801155,0.0
neural,ENSG00000164692,0.0,57.801155,0.0
neural,ENSG00000105852,-0.0,57.801155,0.0
neural,ENSG00000158560,0.0,57.801155,0.0
neural,ENSG00000006128,0.0,57.801155,0.0
neural,ENSG00000130429,0.0,57.801155,0.0
neural,ENSG00000106258,-0.0,57.801155,0.0
neural,ENSG00000077080,-0.0,57.801155,0.0
neural,ENSG00000106366,-0.0,57.801155,0.0
neural,ENSG00000187416,0.0,57.801155,0.0
neural,ENSG00000091136,0.0,57.801155,0.0
neural,ENSG00000173114,-0.0,57.801155,0.0
neural,ENSG00000135269,-0.0,57.801155,0.0
neural,ENSG00000008311,-0.0,57.801155,0.0
neural,ENSG00000170775,0.0,57.801155,0.0
neural,ENSG00000128604,-0.0,57.801155,0.0
neural,ENSG00000286214,0.0,57.801155,0.0
neural,ENSG00000198074,0.0,57.801155,0.0
neural,ENSG00000181072,0.0,57.801155,0.0
neural,ENSG00000182158,0.0,57.801155,0.0
neural,ENSG00000059377,0.0,57.801155,0.0
neural,ENSG00000204983,0.0,57.801155,0.0
neural,ENSG00000275896,-0.0,57.801155,0.0
neural,ENSG00000159840,0.0,57.801155,0.0
neural,ENSG00000106538,0.0,57.801155,0.0
neural,ENSG00000130226,-0.0,57.801155,0.0
neural,ENSG00000180190,0.0,57.801155,0.0
neural,ENSG00000091879,0.0,57.801155,0.0
neural,ENSG00000275342,0.0,57.801155,0.0
neural,ENSG00000173281,-0.0,57.801155,0.0
neural,ENSG00000154319,0.0,57.801155,0.0
neural,ENSG00000164741,-0.0,57.801155,0.0
neural,ENSG00000104723,0.0,57.801155,0.0
neural,ENSG00000038945,0.0,57.801155,0.0
neural,ENSG00000104213,-0.0,57.801155,0.0
neural,ENSG00000104760,-0.0,57.801155,0.0
neural,ENSG00000104611,0.0,57.801155,0.0
neural,ENSG00000158806,0.0,57.801155,0.0
neural,ENSG00000158856,0.0,57.801155,0.0
neural,ENSG00000168476,-0.0,57.801155,0.0
neural,ENSG00000159167,-0.0,57.801155,0.0
neural,ENSG00000272163,0.0,57.801155,0.0
neural,ENSG00000277586,0.0,57.801155,0.0
neural,ENSG00000168077,-0.0,57.801155,0.0
neural,ENSG00000120875,-0.0,57.801155,0.0
neural,ENSG00000157110,0.0,57.801155,0.0
neural,ENSG00000133874,0.0,57.801155,0.0
neural,ENSG00000183779,0.0,57.801155,0.0
neural,ENSG00000221869,0.0,57.801155,0.0
neural,ENSG00000164736,0.0,57.801155,0.0
neural,ENSG00000170786,0.0,57.801155,0.0
neural,ENSG00000147573,0.0,57.801155,0.0
neural,ENSG00000137573,-0.0,57.801155,0.0
neural,ENSG00000164764,-0.0,57.801155,0.0
neural,ENSG00000104369,0.0,57.801155,0.0
neural,ENSG00000171033,-0.0,57.801155,0.0
neural,ENSG00000164949,0.0,57.801155,0.0
neural,ENSG00000104413,-0.0,57.801155,0.0
neural,ENSG00000164920,-0.0,57.801155,0.0
neural,ENSG00000070756,-0.0,57.801155,0.0
neural,ENSG00000164929,-0.0,57.801155,0.0
neural,ENSG00000187955,-0.0,57.801155,0.0
neural,ENSG00000136997,-0.0,57.801155,0.0
neural,ENSG00000104419,0.0,57.801155,0.0
neural,ENSG00000181790,-0.0,57.801155,0.0
neural,ENSG00000180155,0.0,57.801155,0.0
neural,ENSG00000160882,0.0,57.801155,0.0
neural,ENSG00000176956,-0.0,57.801155,0.0
neural,ENSG00000185189,0.0,57.801155,0.0
neural,ENSG00000260428,0.0,57.801155,0.0
neural,ENSG00000167701,0.0,57.801155,0.0
neural,ENSG00000147799,0.0,57.801155,0.0
neural,ENSG00000178445,-0.0,57.801155,0.0
neural,ENSG00000153707,-0.0,57.801155,0.0
neural,ENSG00000153714,-0.0,57.801155,0.0
neural,ENSG00000173068,-0.0,57.801155,0.0
neural,ENSG00000155886,0.0,57.801155,0.0
neural,ENSG00000147883,-0.0,57.801155,0.0
neural,ENSG00000107105,-0.0,57.801155,0.0
neural,ENSG00000086062,0.0,57.801155,0.0
neural,ENSG00000165269,-0.0,57.801155,0.0
neural,ENSG00000231991,-0.0,57.801155,0.0
neural,ENSG00000164972,0.0,57.801155,0.0
neural,ENSG00000198853,-0.0,57.801155,0.0
neural,ENSG00000137076,-0.0,57.801155,0.0
neural,ENSG00000137124,0.0,57.801155,0.0
neural,ENSG00000137142,-0.0,57.801155,0.0
neural,ENSG00000107242,0.0,57.801155,0.0
neural,ENSG00000135063,0.0,57.801155,0.0
neural,ENSG00000107282,-0.0,57.801155,0.0
neural,ENSG00000148053,0.0,57.801155,0.0
neural,ENSG00000135052,0.0,57.801155,0.0
neural,ENSG00000165023,-0.0,57.801155,0.0
neural,ENSG00000165030,0.0,57.801155,0.0
neural,ENSG00000127083,0.0,57.801155,0.0
neural,ENSG00000165238,-0.0,57.801155,0.0
neural,ENSG00000136943,-0.0,57.801155,0.0
neural,ENSG00000119508,0.0,57.801155,0.0
neural,ENSG00000136826,-0.0,57.801155,0.0
neural,ENSG00000157654,-0.0,57.801155,0.0
neural,ENSG00000106948,-0.0,57.801155,0.0
neural,ENSG00000148180,-0.0,57.801155,0.0
neural,ENSG00000136848,0.0,57.801155,0.0
neural,ENSG00000185585,-0.0,57.801155,0.0
neural,ENSG00000148357,-0.0,57.801155,0.0
neural,ENSG00000160539,0.0,57.801155,0.0
neural,ENSG00000175164,0.0,57.801155,0.0
neural,ENSG00000196990,0.0,57.801155,0.0
neural,ENSG00000130635,-0.0,57.801155,0.0
neural,ENSG00000107147,-0.0,57.801155,0.0
neural,ENSG00000160360,0.0,57.801155,0.0
neural,ENSG00000169692,-0.0,57.801155,0.0
neural,ENSG00000267206,-0.0,57.801155,0.0
neural,ENSG00000232434,0.0,57.801155,0.0
neural,ENSG00000214402,0.0,57.801155,0.0
neural,ENSG00000180549,-0.0,57.801155,0.0
neural,ENSG00000107281,0.0,57.801155,0.0
neural,ENSG00000054179,0.0,57.801155,0.0
neural,ENSG00000176884,-0.0,57.801155,0.0
neural,ENSG00000148408,-0.0,57.801155,0.0
neural,ENSG00000148377,-0.0,57.801155,0.0
neural,ENSG00000067082,-0.0,57.801155,0.0
neural,ENSG00000298322,-0.0,57.801155,0.0
neural,ENSG00000065675,0.0,57.801155,0.0
neural,ENSG00000234961,-0.0,57.801155,0.0
neural,ENSG00000165996,-0.0,57.801155,0.0
neural,ENSG00000120594,-0.0,57.801155,0.0
neural,ENSG00000150867,-0.0,57.801155,0.0
neural,ENSG00000151025,0.0,57.801155,0.0
neural,ENSG00000150054,-0.0,57.801155,0.0
neural,ENSG00000107562,-0.0,57.801155,0.0
neural,ENSG00000012779,0.0,57.801155,0.0
neural,ENSG00000265190,0.0,57.801155,0.0
neural,ENSG00000165633,0.0,57.801155,0.0
neural,ENSG00000150347,-0.0,57.801155,0.0
neural,ENSG00000138311,-0.0,57.801155,0.0
neural,ENSG00000122877,0.0,57.801155,0.0
neural,ENSG00000108176,0.0,57.801155,0.0
neural,ENSG00000075073,0.0,57.801155,0.0
neural,ENSG00000171224,0.0,57.801155,0.0
neural,ENSG00000197467,-0.0,57.801155,0.0
neural,ENSG00000180644,-0.0,57.801155,0.0
neural,ENSG00000165655,0.0,57.801155,0.0
neural,ENSG00000151208,0.0,57.801155,0.0
neural,ENSG00000133661,0.0,57.801155,0.0
neural,ENSG00000188373,-0.0,57.801155,0.0
neural,ENSG00000173269,-0.0,57.801155,0.0
neural,ENSG00000198682,0.0,57.801155,0.0
neural,ENSG00000152766,0.0,57.801155,0.0
neural,ENSG00000180139,-0.0,57.801155,0.0
neural,ENSG00000148677,-0.0,57.801155,0.0
neural,ENSG00000138119,-0.0,57.801155,0.0
neural,ENSG00000138115,0.0,57.801155,0.0
neural,ENSG00000107438,-0.0,57.801155,0.0
neural,ENSG00000203942,-0.0,57.801155,0.0
neural,ENSG00000120057,0.0,57.801155,0.0
neural,ENSG00000155265,-0.0,57.801155,0.0
neural,ENSG00000172987,0.0,57.801155,0.0
neural,ENSG00000120053,-0.0,57.801155,0.0
neural,ENSG00000099194,-0.0,57.801155,0.0
neural,ENSG00000120049,-0.0,57.801155,0.0
neural,ENSG00000059915,0.0,57.801155,0.0
neural,ENSG00000148798,-0.0,57.801155,0.0
neural,ENSG00000138172,0.0,57.801155,0.0
neural,ENSG00000107954,-0.0,57.801155,0.0
neural,ENSG00000150593,0.0,57.801155,0.0
neural,ENSG00000099204,-0.0,57.801155,0.0
neural,ENSG00000175535,-0.0,57.801155,0.0
neural,ENSG00000187021,-0.0,57.801155,0.0
neural,ENSG00000229847,-0.0,57.801155,0.0
neural,ENSG00000148826,0.0,57.801155,0.0
neural,ENSG00000171798,-0.0,57.801155,0.0
neural,ENSG00000151651,0.0,57.801155,0.0
neural,ENSG00000165828,-0.0,57.801155,0.0
neural,ENSG00000171772,0.0,57.801155,0.0
neural,ENSG00000255026,-0.0,57.801155,0.0
neural,ENSG00000184524,0.0,57.801155,0.0
neural,ENSG00000177685,-0.0,57.801155,0.0
neural,ENSG00000184545,0.0,57.801155,0.0
neural,ENSG00000244242,-0.0,57.801155,0.0
neural,ENSG00000130600,0.0,57.801155,0.0
neural,ENSG00000167244,-0.0,57.801155,0.0
neural,ENSG00000110665,-0.0,57.801155,0.0
neural,ENSG00000110628,-0.0,57.801155,0.0
neural,ENSG00000021762,-0.0,57.801155,0.0
neural,ENSG00000177105,-0.0,57.801155,0.0
neural,ENSG00000166313,0.0,57.801155,0.0
neural,ENSG00000110169,0.0,57.801155,0.0
neural,ENSG00000183801,0.0,57.801155,0.0
neural,ENSG00000166402,-0.0,57.801155,0.0
neural,ENSG00000133789,0.0,57.801155,0.0
neural,ENSG00000133816,0.0,57.801155,0.0
neural,ENSG00000262655,0.0,57.801155,0.0
neural,ENSG00000152270,0.0,57.801155,0.0
neural,ENSG00000129159,0.0,57.801155,0.0
neural,ENSG00000110786,-0.0,57.801155,0.0
neural,ENSG00000135378,0.0,57.801155,0.0
neural,ENSG00000026508,-0.0,57.801155,0.0
neural,ENSG00000110436,-0.0,57.801155,0.0
neural,ENSG00000179431,0.0,57.801155,0.0
neural,ENSG00000187479,0.0,57.801155,0.0
neural,ENSG00000110455,-0.0,57.801155,0.0
neural,ENSG00000157570,0.0,57.801155,0.0
neural,ENSG00000175264,-0.0,57.801155,0.0
neural,ENSG00000121653,-0.0,57.801155,0.0
neural,ENSG00000110492,-0.0,57.801155,0.0
neural,ENSG00000134571,0.0,57.801155,0.0
neural,ENSG00000149115,0.0,57.801155,0.0
neural,ENSG00000134802,-0.0,57.801155,0.0
neural,ENSG00000280010,-0.0,57.801155,0.0
neural,ENSG00000110042,-0.0,57.801155,0.0
neural,ENSG00000011347,-0.0,57.801155,0.0
neural,ENSG00000221968,0.0,57.801155,0.0
neural,ENSG00000124935,0.0,57.801155,0.0
neural,ENSG00000177363,0.0,57.801155,0.0
neural,ENSG00000162188,0.0,57.801155,0.0
neural,ENSG00000149781,0.0,57.801155,0.0
neural,ENSG00000171219,-0.0,57.801155,0.0
neural,ENSG00000172818,-0.0,57.801155,0.0
neural,ENSG00000172803,0.0,57.801155,0.0
neural,ENSG00000175229,-0.0,57.801155,0.0
neural,ENSG00000174871,0.0,57.801155,0.0
neural,ENSG00000173227,0.0,57.801155,0.0
neural,ENSG00000172508,0.0,57.801155,0.0
neural,ENSG00000110057,-0.0,57.801155,0.0
neural,ENSG00000006534,0.0,57.801155,0.0
neural,ENSG00000110719,-0.0,57.801155,0.0
neural,ENSG00000131620,0.0,57.801155,0.0
neural,ENSG00000168010,-0.0,57.801155,0.0
neural,ENSG00000149257,-0.0,57.801155,0.0
neural,ENSG00000171533,0.0,57.801155,0.0
neural,ENSG00000149260,0.0,57.801155,0.0
neural,ENSG00000280339,0.0,57.801155,0.0
neural,ENSG00000109861,-0.0,57.801155,0.0
neural,ENSG00000086991,-0.0,57.801155,0.0
neural,ENSG00000137693,0.0,57.801155,0.0
neural,ENSG00000137673,-0.0,57.801155,0.0
neural,ENSG00000170962,-0.0,57.801155,0.0
neural,ENSG00000196954,-0.0,57.801155,0.0
neural,ENSG00000152578,-0.0,57.801155,0.0
neural,ENSG00000110675,0.0,57.801155,0.0
neural,ENSG00000178202,-0.0,57.801155,0.0
neural,ENSG00000110723,0.0,57.801155,0.0
neural,ENSG00000150764,-0.0,57.801155,0.0
neural,ENSG00000109906,-0.0,57.801155,0.0
neural,ENSG00000166741,-0.0,57.801155,0.0
neural,ENSG00000110245,-0.0,57.801155,0.0
neural,ENSG00000149591,-0.0,57.801155,0.0
neural,ENSG00000137726,0.0,57.801155,0.0
neural,ENSG00000177098,0.0,57.801155,0.0
neural,ENSG00000149575,0.0,57.801155,0.0
neural,ENSG00000160593,-0.0,57.801155,0.0
neural,ENSG00000160588,0.0,57.801155,0.0
neural,ENSG00000154096,0.0,57.801155,0.0
neural,ENSG00000184232,0.0,57.801155,0.0
neural,ENSG00000137642,-0.0,57.801155,0.0
neural,ENSG00000109943,0.0,57.801155,0.0
neural,ENSG00000166257,-0.0,57.801155,0.0
neural,ENSG00000165478,-0.0,57.801155,0.0
neural,ENSG00000134955,-0.0,57.801155,0.0
neural,ENSG00000149571,0.0,57.801155,0.0
neural,ENSG00000134954,-0.0,57.801155,0.0
neural,ENSG00000151702,-0.0,57.801155,0.0
neural,ENSG00000080854,0.0,57.801155,0.0
neural,ENSG00000166086,0.0,57.801155,0.0
neural,ENSG00000109956,0.0,57.801155,0.0
neural,ENSG00000139044,0.0,57.801155,0.0
neural,ENSG00000011105,-0.0,57.801155,0.0
neural,ENSG00000111218,0.0,57.801155,0.0
neural,ENSG00000118971,-0.0,57.801155,0.0
neural,ENSG00000067182,0.0,57.801155,0.0
neural,ENSG00000111319,0.0,57.801155,0.0
neural,ENSG00000159335,-0.0,57.801155,0.0
neural,ENSG00000111679,-0.0,57.801155,0.0
neural,ENSG00000139178,-0.0,57.801155,0.0
neural,ENSG00000139182,-0.0,57.801155,0.0
neural,ENSG00000177575,-0.0,57.801155,0.0
neural,ENSG00000175899,-0.0,57.801155,0.0
neural,ENSG00000110852,-0.0,57.801155,0.0
neural,ENSG00000150048,0.0,57.801155,0.0
neural,ENSG00000060138,0.0,57.801155,0.0
neural,ENSG00000178878,0.0,57.801155,0.0
neural,ENSG00000246705,0.0,57.801155,0.0
neural,ENSG00000111348,-0.0,57.801155,0.0
neural,ENSG00000151491,0.0,57.801155,0.0
neural,ENSG00000060982,-0.0,57.801155,0.0
neural,ENSG00000123094,-0.0,57.801155,0.0
neural,ENSG00000123096,0.0,57.801155,0.0
neural,ENSG00000110900,0.0,57.801155,0.0
neural,ENSG00000111371,0.0,57.801155,0.0
neural,ENSG00000134294,0.0,57.801155,0.0
neural,ENSG00000061273,0.0,57.801155,0.0
neural,ENSG00000169884,0.0,57.801155,0.0
neural,ENSG00000135406,-0.0,57.801155,0.0
neural,ENSG00000135519,0.0,57.801155,0.0
neural,ENSG00000295262,-0.0,57.801155,0.0
neural,ENSG00000050405,-0.0,57.801155,0.0
neural,ENSG00000110934,-0.0,57.801155,0.0
neural,ENSG00000139567,0.0,57.801155,0.0
neural,ENSG00000259884,0.0,57.801155,0.0
neural,ENSG00000185640,-0.0,57.801155,0.0
neural,ENSG00000111057,0.0,57.801155,0.0
neural,ENSG00000167779,-0.0,57.801155,0.0
neural,ENSG00000139625,0.0,57.801155,0.0
neural,ENSG00000180818,-0.0,57.801155,0.0
neural,ENSG00000180806,-0.0,57.801155,0.0
neural,ENSG00000123338,-0.0,57.801155,0.0
neural,ENSG00000135437,-0.0,57.801155,0.0
neural,ENSG00000065361,0.0,57.801155,0.0
neural,ENSG00000092841,-0.0,57.801155,0.0
neural,ENSG00000076067,-0.0,57.801155,0.0
neural,ENSG00000025423,0.0,57.801155,0.0
neural,ENSG00000166886,-0.0,57.801155,0.0
neural,ENSG00000166888,0.0,57.801155,0.0
neural,ENSG00000182379,-0.0,57.801155,0.0
neural,ENSG00000135454,-0.0,57.801155,0.0
neural,ENSG00000166148,0.0,57.801155,0.0
neural,ENSG00000177990,0.0,57.801155,0.0
neural,ENSG00000156076,0.0,57.801155,0.0
neural,ENSG00000090376,-0.0,57.801155,0.0
neural,ENSG00000090382,0.0,57.801155,0.0
neural,ENSG00000139278,-0.0,57.801155,0.0
neural,ENSG00000067715,0.0,57.801155,0.0
neural,ENSG00000177425,0.0,57.801155,0.0
neural,ENSG00000139329,0.0,57.801155,0.0
neural,ENSG00000011465,0.0,57.801155,0.0
neural,ENSG00000136048,0.0,57.801155,0.0
neural,ENSG00000111696,0.0,57.801155,0.0
neural,ENSG00000198431,0.0,57.801155,0.0
neural,ENSG00000074590,-0.0,57.801155,0.0
neural,ENSG00000183160,-0.0,57.801155,0.0
neural,ENSG00000110876,0.0,57.801155,0.0
neural,ENSG00000110880,0.0,57.801155,0.0
neural,ENSG00000139438,-0.0,57.801155,0.0
neural,ENSG00000139433,0.0,57.801155,0.0
neural,ENSG00000174437,0.0,57.801155,0.0
neural,ENSG00000122966,-0.0,57.801155,0.0
neural,ENSG00000089159,-0.0,57.801155,0.0
neural,ENSG00000170890,0.0,57.801155,0.0
neural,ENSG00000158104,0.0,57.801155,0.0
neural,ENSG00000111452,0.0,57.801155,0.0
neural,ENSG00000198598,-0.0,57.801155,0.0
neural,ENSG00000182870,-0.0,57.801155,0.0
neural,ENSG00000165474,-0.0,57.801155,0.0
neural,ENSG00000150457,-0.0,57.801155,0.0
neural,ENSG00000132932,0.0,57.801155,0.0
neural,ENSG00000139514,-0.0,57.801155,0.0
neural,ENSG00000132965,0.0,57.801155,0.0
neural,ENSG00000180440,0.0,57.801155,0.0
neural,ENSG00000102760,-0.0,57.801155,0.0
neural,ENSG00000136167,-0.0,57.801155,0.0
neural,ENSG00000102837,-0.0,57.801155,0.0
neural,ENSG00000102554,0.0,57.801155,0.0
neural,ENSG00000136153,0.0,57.801155,0.0
neural,ENSG00000136158,0.0,57.801155,0.0
neural,ENSG00000125285,0.0,57.801155,0.0
neural,ENSG00000134873,-0.0,57.801155,0.0
neural,ENSG00000198542,0.0,57.801155,0.0
neural,ENSG00000187498,0.0,57.801155,0.0
neural,ENSG00000134871,-0.0,57.801155,0.0
neural,ENSG00000139832,-0.0,57.801155,0.0
neural,ENSG00000153531,0.0,57.801155,0.0
neural,ENSG00000169397,0.0,57.801155,0.0
neural,ENSG00000165821,-0.0,57.801155,0.0
neural,ENSG00000157227,0.0,57.801155,0.0
neural,ENSG00000129474,0.0,57.801155,0.0
neural,ENSG00000197616,0.0,57.801155,0.0
neural,ENSG00000129467,-0.0,57.801155,0.0
neural,ENSG00000205978,0.0,57.801155,0.0
neural,ENSG00000092009,0.0,57.801155,0.0
neural,ENSG00000176165,-0.0,57.801155,0.0
neural,ENSG00000100473,-0.0,57.801155,0.0
neural,ENSG00000136352,0.0,57.801155,0.0
neural,ENSG00000100504,-0.0,57.801155,0.0
neural,ENSG00000100505,0.0,57.801155,0.0
neural,ENSG00000139926,0.0,57.801155,0.0
neural,ENSG00000087303,-0.0,57.801155,0.0
neural,ENSG00000125378,0.0,57.801155,0.0
neural,ENSG00000100526,-0.0,57.801155,0.0
neural,ENSG00000165617,-0.0,57.801155,0.0
neural,ENSG00000139970,-0.0,57.801155,0.0
neural,ENSG00000126785,0.0,57.801155,0.0
neural,ENSG00000054654,-0.0,57.801155,0.0
neural,ENSG00000126803,-0.0,57.801155,0.0
neural,ENSG00000070182,0.0,57.801155,0.0
neural,ENSG00000054690,0.0,57.801155,0.0
neural,ENSG00000185650,0.0,57.801155,0.0
neural,ENSG00000006432,0.0,57.801155,0.0
neural,ENSG00000100767,0.0,57.801155,0.0
neural,ENSG00000176903,-0.0,57.801155,0.0
neural,ENSG00000119686,-0.0,57.801155,0.0
neural,ENSG00000165548,0.0,57.801155,0.0
neural,ENSG00000165929,0.0,57.801155,0.0
neural,ENSG00000165953,-0.0,57.801155,0.0
neural,ENSG00000036530,-0.0,57.801155,0.0
neural,ENSG00000183092,-0.0,57.801155,0.0
neural,ENSG00000185215,0.0,57.801155,0.0
neural,ENSG00000166165,-0.0,57.801155,0.0
neural,ENSG00000258986,-0.0,57.801155,0.0
neural,ENSG00000184601,-0.0,57.801155,0.0
neural,ENSG00000185567,-0.0,57.801155,0.0
neural,ENSG00000184916,0.0,57.801155,0.0
neural,ENSG00000182809,0.0,57.801155,0.0
neural,ENSG00000213145,-0.0,57.801155,0.0
neural,ENSG00000211893,0.0,57.801155,0.0
neural,ENSG00000211896,0.0,57.801155,0.0
neural,ENSG00000211897,0.0,57.801155,0.0
neural,ENSG00000211898,-0.0,57.801155,0.0
neural,ENSG00000211905,-0.0,57.801155,0.0
neural,ENSG00000211952,0.0,57.801155,0.0
neural,ENSG00000224373,-0.0,57.801155,0.0
neural,ENSG00000211976,-0.0,57.801155,0.0
neural,ENSG00000128739,-0.0,57.801155,0.0
neural,ENSG00000186297,0.0,57.801155,0.0
neural,ENSG00000034053,-0.0,57.801155,0.0
neural,ENSG00000104067,0.0,57.801155,0.0
neural,ENSG00000166922,0.0,57.801155,0.0
neural,ENSG00000166073,0.0,57.801155,0.0
neural,ENSG00000137843,-0.0,57.801155,0.0
neural,ENSG00000137841,-0.0,57.801155,0.0
neural,ENSG00000188549,-0.0,57.801155,0.0
neural,ENSG00000261183,0.0,57.801155,0.0
neural,ENSG00000128917,-0.0,57.801155,0.0
neural,ENSG00000137825,0.0,57.801155,0.0
neural,ENSG00000159433,0.0,57.801155,0.0
neural,ENSG00000166963,-0.0,57.801155,0.0
neural,ENSG00000223572,-0.0,57.801155,0.0
neural,ENSG00000166710,-0.0,57.801155,0.0
neural,ENSG00000140263,0.0,57.801155,0.0
neural,ENSG00000137857,-0.0,57.801155,0.0
neural,ENSG00000104177,0.0,57.801155,0.0
neural,ENSG00000166147,-0.0,57.801155,0.0
neural,ENSG00000185634,0.0,57.801155,0.0
neural,ENSG00000186417,-0.0,57.801155,0.0
neural,ENSG00000128833,-0.0,57.801155,0.0
neural,ENSG00000241839,0.0,57.801155,0.0
neural,ENSG00000186198,-0.0,57.801155,0.0
neural,ENSG00000137834,0.0,57.801155,0.0
neural,ENSG00000103855,-0.0,57.801155,0.0
neural,ENSG00000205363,-0.0,57.801155,0.0
neural,ENSG00000129038,-0.0,57.801155,0.0
neural,ENSG00000138623,-0.0,57.801155,0.0
neural,ENSG00000140506,-0.0,57.801155,0.0
neural,ENSG00000169783,0.0,57.801155,0.0
neural,ENSG00000140403,-0.0,57.801155,0.0
neural,ENSG00000166426,0.0,57.801155,0.0
neural,ENSG00000136378,0.0,57.801155,0.0
neural,ENSG00000136379,0.0,57.801155,0.0
neural,ENSG00000136383,-0.0,57.801155,0.0
neural,ENSG00000140538,-0.0,57.801155,0.0
neural,ENSG00000140545,-0.0,57.801155,0.0
neural,ENSG00000166825,0.0,57.801155,0.0
neural,ENSG00000182511,0.0,57.801155,0.0
neural,ENSG00000185518,-0.0,57.801155,0.0
neural,ENSG00000140563,-0.0,57.801155,0.0
neural,ENSG00000188536,0.0,57.801155,0.0
neural,ENSG00000161992,-0.0,57.801155,0.0
neural,ENSG00000127585,-0.0,57.801155,0.0
neural,ENSG00000005513,-0.0,57.801155,0.0
neural,ENSG00000127561,0.0,57.801155,0.0
neural,ENSG00000065054,0.0,57.801155,0.0
neural,ENSG00000008710,-0.0,57.801155,0.0
neural,ENSG00000167968,0.0,57.801155,0.0
neural,ENSG00000005001,0.0,57.801155,0.0
neural,ENSG00000162069,0.0,57.801155,0.0
neural,ENSG00000126603,-0.0,57.801155,0.0
neural,ENSG00000078328,0.0,57.801155,0.0
neural,ENSG00000133392,-0.0,57.801155,0.0
neural,ENSG00000103222,-0.0,57.801155,0.0
neural,ENSG00000205730,-0.0,57.801155,0.0
neural,ENSG00000103534,-0.0,57.801155,0.0
neural,ENSG00000011638,-0.0,57.801155,0.0
neural,ENSG00000103316,0.0,57.801155,0.0
neural,ENSG00000103319,0.0,57.801155,0.0
neural,ENSG00000166828,-0.0,57.801155,0.0
neural,ENSG00000166851,-0.0,57.801155,0.0
neural,ENSG00000166501,-0.0,57.801155,0.0
neural,ENSG00000234186,-0.0,57.801155,0.0
neural,ENSG00000213658,0.0,57.801155,0.0
neural,ENSG00000174938,-0.0,57.801155,0.0
neural,ENSG00000099365,0.0,57.801155,0.0
neural,ENSG00000169896,-0.0,57.801155,0.0
neural,ENSG00000140678,0.0,57.801155,0.0
neural,ENSG00000156885,0.0,57.801155,0.0
neural,ENSG00000102924,0.0,57.801155,0.0
neural,ENSG00000103449,-0.0,57.801155,0.0
neural,ENSG00000087245,0.0,57.801155,0.0
neural,ENSG00000256812,0.0,57.801155,0.0
neural,ENSG00000087258,0.0,57.801155,0.0
neural,ENSG00000087250,-0.0,57.801155,0.0
neural,ENSG00000205364,0.0,57.801155,0.0
neural,ENSG00000205362,0.0,57.801155,0.0
neural,ENSG00000125170,-0.0,57.801155,0.0
neural,ENSG00000135736,-0.0,57.801155,0.0
neural,ENSG00000205336,0.0,57.801155,0.0
neural,ENSG00000102996,-0.0,57.801155,0.0
neural,ENSG00000179776,0.0,57.801155,0.0
neural,ENSG00000140931,-0.0,57.801155,0.0
neural,ENSG00000102890,-0.0,57.801155,0.0
neural,ENSG00000196155,0.0,57.801155,0.0
neural,ENSG00000102981,0.0,57.801155,0.0
neural,ENSG00000103067,-0.0,57.801155,0.0
neural,ENSG00000103064,0.0,57.801155,0.0
neural,ENSG00000062038,0.0,57.801155,0.0
neural,ENSG00000039068,0.0,57.801155,0.0
neural,ENSG00000172137,-0.0,57.801155,0.0
neural,ENSG00000168404,-0.0,57.801155,0.0
neural,ENSG00000103089,0.0,57.801155,0.0
neural,ENSG00000168928,-0.0,57.801155,0.0
neural,ENSG00000152910,-0.0,57.801155,0.0
neural,ENSG00000171724,-0.0,57.801155,0.0
neural,ENSG00000135709,0.0,57.801155,0.0
neural,ENSG00000176692,-0.0,57.801155,0.0
neural,ENSG00000154118,0.0,57.801155,0.0
neural,ENSG00000051523,-0.0,57.801155,0.0
neural,ENSG00000103335,0.0,57.801155,0.0
neural,ENSG00000260121,0.0,57.801155,0.0
neural,ENSG00000167513,0.0,57.801155,0.0
neural,ENSG00000259803,-0.0,57.801155,0.0
neural,ENSG00000204991,-0.0,57.801155,0.0
neural,ENSG00000258947,-0.0,57.801155,0.0
neural,ENSG00000132386,-0.0,57.801155,0.0
neural,ENSG00000277200,-0.0,57.801155,0.0
neural,ENSG00000167741,0.0,57.801155,0.0
neural,ENSG00000141480,0.0,57.801155,0.0
neural,ENSG00000161921,0.0,57.801155,0.0
neural,ENSG00000108518,0.0,57.801155,0.0
neural,ENSG00000091622,-0.0,57.801155,0.0
neural,ENSG00000129226,0.0,57.801155,0.0
neural,ENSG00000179593,-0.0,57.801155,0.0
neural,ENSG00000178999,-0.0,57.801155,0.0
neural,ENSG00000133026,-0.0,57.801155,0.0
neural,ENSG00000065320,-0.0,57.801155,0.0
neural,ENSG00000007237,-0.0,57.801155,0.0
neural,ENSG00000109061,-0.0,57.801155,0.0
neural,ENSG00000141052,0.0,57.801155,0.0
neural,ENSG00000006740,-0.0,57.801155,0.0
neural,ENSG00000170425,0.0,57.801155,0.0
neural,ENSG00000108551,0.0,57.801155,0.0
neural,ENSG00000142494,-0.0,57.801155,0.0
neural,ENSG00000184185,0.0,57.801155,0.0
neural,ENSG00000063015,0.0,57.801155,0.0
neural,ENSG00000126860,0.0,57.801155,0.0
neural,ENSG00000176749,-0.0,57.801155,0.0
neural,ENSG00000172156,-0.0,57.801155,0.0
neural,ENSG00000172716,0.0,57.801155,0.0
neural,ENSG00000270885,-0.0,57.801155,0.0
neural,ENSG00000276409,0.0,57.801155,0.0
neural,ENSG00000274736,-0.0,57.801155,0.0
neural,ENSG00000275832,0.0,57.801155,0.0
neural,ENSG00000131771,0.0,57.801155,0.0
neural,ENSG00000173991,-0.0,57.801155,0.0
neural,ENSG00000141736,-0.0,57.801155,0.0
neural,ENSG00000141738,-0.0,57.801155,0.0
neural,ENSG00000161405,-0.0,57.801155,0.0
neural,ENSG00000108352,-0.0,57.801155,0.0
neural,ENSG00000141753,0.0,57.801155,0.0
neural,ENSG00000186847,0.0,57.801155,0.0
neural,ENSG00000173786,0.0,57.801155,0.0
neural,ENSG00000108797,0.0,57.801155,0.0
neural,ENSG00000131477,-0.0,57.801155,0.0
neural,ENSG00000131471,-0.0,57.801155,0.0
neural,ENSG00000108830,-0.0,57.801155,0.0
neural,ENSG00000167941,-0.0,57.801155,0.0
neural,ENSG00000108852,-0.0,57.801155,0.0
neural,ENSG00000161682,0.0,57.801155,0.0
neural,ENSG00000073670,-0.0,57.801155,0.0
neural,ENSG00000184922,-0.0,57.801155,0.0
neural,ENSG00000186868,0.0,57.801155,0.0
neural,ENSG00000179673,0.0,57.801155,0.0
neural,ENSG00000005243,-0.0,57.801155,0.0
neural,ENSG00000141293,0.0,57.801155,0.0
neural,ENSG00000120093,-0.0,57.801155,0.0
neural,ENSG00000064300,-0.0,57.801155,0.0
neural,ENSG00000005884,0.0,57.801155,0.0
neural,ENSG00000167100,0.0,57.801155,0.0
neural,ENSG00000108823,-0.0,57.801155,0.0
neural,ENSG00000108924,-0.0,57.801155,0.0
neural,ENSG00000005379,-0.0,57.801155,0.0
neural,ENSG00000265206,0.0,57.801155,0.0
neural,ENSG00000108375,0.0,57.801155,0.0
neural,ENSG00000062716,-0.0,57.801155,0.0
neural,ENSG00000274565,0.0,57.801155,0.0
neural,ENSG00000011028,0.0,57.801155,0.0
neural,ENSG00000136490,-0.0,57.801155,0.0
neural,ENSG00000141338,-0.0,57.801155,0.0
neural,ENSG00000154263,-0.0,57.801155,0.0
neural,ENSG00000170412,-0.0,57.801155,0.0
neural,ENSG00000167851,-0.0,57.801155,0.0
neural,ENSG00000172782,0.0,57.801155,0.0
neural,ENSG00000167861,-0.0,57.801155,0.0
neural,ENSG00000109089,-0.0,57.801155,0.0
neural,ENSG00000170190,0.0,57.801155,0.0
neural,ENSG00000189159,0.0,57.801155,0.0
neural,ENSG00000204323,0.0,57.801155,0.0
neural,ENSG00000092929,0.0,57.801155,0.0
neural,ENSG00000167281,0.0,57.801155,0.0
neural,ENSG00000175866,-0.0,57.801155,0.0
neural,ENSG00000183048,0.0,57.801155,0.0
neural,ENSG00000101608,-0.0,57.801155,0.0
neural,ENSG00000170579,0.0,57.801155,0.0
neural,ENSG00000168502,0.0,57.801155,0.0
neural,ENSG00000141401,-0.0,57.801155,0.0
neural,ENSG00000170558,0.0,57.801155,0.0
neural,ENSG00000046604,-0.0,57.801155,0.0
neural,ENSG00000132872,-0.0,57.801155,0.0
neural,ENSG00000184828,0.0,57.801155,0.0
neural,ENSG00000299449,0.0,57.801155,0.0
neural,ENSG00000141639,0.0,57.801155,0.0
neural,ENSG00000134042,0.0,57.801155,0.0
neural,ENSG00000176641,0.0,57.801155,0.0
neural,ENSG00000197641,-0.0,57.801155,0.0
neural,ENSG00000166396,-0.0,57.801155,0.0
neural,ENSG00000071991,0.0,57.801155,0.0
neural,ENSG00000099822,0.0,57.801155,0.0
neural,ENSG00000070404,-0.0,57.801155,0.0
neural,ENSG00000129951,-0.0,57.801155,0.0
neural,ENSG00000064666,-0.0,57.801155,0.0
neural,ENSG00000064687,0.0,57.801155,0.0
neural,ENSG00000180448,-0.0,57.801155,0.0
neural,ENSG00000064932,0.0,57.801155,0.0
neural,ENSG00000130005,0.0,57.801155,0.0
neural,ENSG00000099875,0.0,57.801155,0.0
neural,ENSG00000176533,0.0,57.801155,0.0
neural,ENSG00000065717,-0.0,57.801155,0.0
neural,ENSG00000006638,-0.0,57.801155,0.0
neural,ENSG00000167654,-0.0,57.801155,0.0
neural,ENSG00000105355,-0.0,57.801155,0.0
neural,ENSG00000105426,-0.0,57.801155,0.0
neural,ENSG00000076826,-0.0,57.801155,0.0
neural,ENSG00000178531,-0.0,57.801155,0.0
neural,ENSG00000267534,0.0,57.801155,0.0
neural,ENSG00000105376,0.0,57.801155,0.0
neural,ENSG00000180739,-0.0,57.801155,0.0
neural,ENSG00000129355,0.0,57.801155,0.0
neural,ENSG00000214212,0.0,57.801155,0.0
neural,ENSG00000196361,-0.0,57.801155,0.0
neural,ENSG00000130176,0.0,57.801155,0.0
neural,ENSG00000171223,-0.0,57.801155,0.0
neural,ENSG00000105613,-0.0,57.801155,0.0
neural,ENSG00000141837,0.0,57.801155,0.0
neural,ENSG00000132002,-0.0,57.801155,0.0
neural,ENSG00000105143,0.0,57.801155,0.0
neural,ENSG00000105137,0.0,57.801155,0.0
neural,ENSG00000105122,0.0,57.801155,0.0
neural,ENSG00000171903,-0.0,57.801155,0.0
neural,ENSG00000167460,0.0,57.801155,0.0
neural,ENSG00000127528,-0.0,57.801155,0.0
neural,ENSG00000130303,0.0,57.801155,0.0
neural,ENSG00000130477,0.0,57.801155,0.0
neural,ENSG00000105642,-0.0,57.801155,0.0
neural,ENSG00000105696,-0.0,57.801155,0.0
neural,ENSG00000105664,0.0,57.801155,0.0
neural,ENSG00000187664,0.0,57.801155,0.0
neural,ENSG00000250067,-0.0,57.801155,0.0
neural,ENSG00000187135,-0.0,57.801155,0.0
neural,ENSG00000121297,0.0,57.801155,0.0
neural,ENSG00000089356,-0.0,57.801155,0.0
neural,ENSG00000153902,0.0,57.801155,0.0
neural,ENSG00000266964,-0.0,57.801155,0.0
neural,ENSG00000089327,0.0,57.801155,0.0
neural,ENSG00000105695,0.0,57.801155,0.0
neural,ENSG00000011600,0.0,57.801155,0.0
neural,ENSG00000181392,-0.0,57.801155,0.0
neural,ENSG00000196218,-0.0,57.801155,0.0
neural,ENSG00000130755,-0.0,57.801155,0.0
neural,ENSG00000174521,0.0,57.801155,0.0
neural,ENSG00000105227,-0.0,57.801155,0.0
neural,ENSG00000160460,-0.0,57.801155,0.0
neural,ENSG00000105409,-0.0,57.801155,0.0
neural,ENSG00000079435,-0.0,57.801155,0.0
neural,ENSG00000079385,-0.0,57.801155,0.0
neural,ENSG00000069399,0.0,57.801155,0.0
neural,ENSG00000130203,0.0,57.801155,0.0
neural,ENSG00000104856,-0.0,57.801155,0.0
neural,ENSG00000125753,-0.0,57.801155,0.0
neural,ENSG00000177464,0.0,57.801155,0.0
neural,ENSG00000010310,-0.0,57.801155,0.0
neural,ENSG00000124440,-0.0,57.801155,0.0
neural,ENSG00000160013,0.0,57.801155,0.0
neural,ENSG00000197380,-0.0,57.801155,0.0
neural,ENSG00000105287,-0.0,57.801155,0.0
neural,ENSG00000105281,0.0,57.801155,0.0
neural,ENSG00000118160,-0.0,57.801155,0.0
neural,ENSG00000063180,0.0,57.801155,0.0
neural,ENSG00000176920,-0.0,57.801155,0.0
neural,ENSG00000105538,-0.0,57.801155,0.0
neural,ENSG00000177380,-0.0,57.801155,0.0
neural,ENSG00000126458,-0.0,57.801155,0.0
neural,ENSG00000131400,0.0,57.801155,0.0
neural,ENSG00000131409,-0.0,57.801155,0.0
neural,ENSG00000213023,0.0,57.801155,0.0
neural,ENSG00000105472,0.0,57.801155,0.0
neural,ENSG00000142515,0.0,57.801155,0.0
neural,ENSG00000169035,-0.0,57.801155,0.0
neural,ENSG00000129451,0.0,57.801155,0.0
neural,ENSG00000142512,-0.0,57.801155,0.0
neural,ENSG00000105605,-0.0,57.801155,0.0
neural,ENSG00000105609,0.0,57.801155,0.0
neural,ENSG00000167613,0.0,57.801155,0.0
neural,ENSG00000239998,-0.0,57.801155,0.0
neural,ENSG00000160469,-0.0,57.801155,0.0
neural,ENSG00000198300,0.0,57.801155,0.0
neural,ENSG00000125841,0.0,57.801155,0.0
neural,ENSG00000196209,0.0,57.801155,0.0
neural,ENSG00000198053,-0.0,57.801155,0.0
neural,ENSG00000088899,0.0,57.801155,0.0
neural,ENSG00000088827,-0.0,57.801155,0.0
neural,ENSG00000101222,-0.0,57.801155,0.0
neural,ENSG00000171867,-0.0,57.801155,0.0
neural,ENSG00000101265,-0.0,57.801155,0.0
neural,ENSG00000101333,0.0,57.801155,0.0
neural,ENSG00000125851,-0.0,57.801155,0.0
neural,ENSG00000125850,-0.0,57.801155,0.0
neural,ENSG00000259974,0.0,57.801155,0.0
neural,ENSG00000178726,0.0,57.801155,0.0
neural,ENSG00000125810,-0.0,57.801155,0.0
neural,ENSG00000125814,0.0,57.801155,0.0
neural,ENSG00000101463,-0.0,57.801155,0.0
neural,ENSG00000125968,0.0,57.801155,0.0
neural,ENSG00000088325,-0.0,57.801155,0.0
neural,ENSG00000101306,-0.0,57.801155,0.0
neural,ENSG00000149599,0.0,57.801155,0.0
neural,ENSG00000101336,-0.0,57.801155,0.0
neural,ENSG00000101000,0.0,57.801155,0.0
neural,ENSG00000088367,0.0,57.801155,0.0
neural,ENSG00000198959,0.0,57.801155,0.0
neural,ENSG00000129988,0.0,57.801155,0.0
neural,ENSG00000101445,-0.0,57.801155,0.0
neural,ENSG00000124194,-0.0,57.801155,0.0
neural,ENSG00000101098,0.0,57.801155,0.0
neural,ENSG00000124107,-0.0,57.801155,0.0
neural,ENSG00000124145,-0.0,57.801155,0.0
neural,ENSG00000124140,0.0,57.801155,0.0
neural,ENSG00000149654,-0.0,57.801155,0.0
neural,ENSG00000197496,-0.0,57.801155,0.0
neural,ENSG00000064655,-0.0,57.801155,0.0
neural,ENSG00000064787,-0.0,57.801155,0.0
neural,ENSG00000124237,-0.0,57.801155,0.0
neural,ENSG00000130702,-0.0,57.801155,0.0
neural,ENSG00000092758,0.0,57.801155,0.0
neural,ENSG00000075043,-0.0,57.801155,0.0
neural,ENSG00000197457,0.0,57.801155,0.0
neural,ENSG00000171700,-0.0,57.801155,0.0
neural,ENSG00000154654,0.0,57.801155,0.0
neural,ENSG00000205927,-0.0,57.801155,0.0
neural,ENSG00000243927,-0.0,57.801155,0.0
neural,ENSG00000159212,0.0,57.801155,0.0
neural,ENSG00000182240,-0.0,57.801155,0.0
neural,ENSG00000160180,0.0,57.801155,0.0
neural,ENSG00000160188,-0.0,57.801155,0.0
neural,ENSG00000142178,0.0,57.801155,0.0
neural,ENSG00000142185,0.0,57.801155,0.0
neural,ENSG00000160255,-0.0,57.801155,0.0
neural,ENSG00000182902,0.0,57.801155,0.0
neural,ENSG00000184702,-0.0,57.801155,0.0
neural,ENSG00000203618,0.0,57.801155,0.0
neural,ENSG00000099889,-0.0,57.801155,0.0
neural,ENSG00000244486,0.0,57.801155,0.0
neural,ENSG00000211638,0.0,57.801155,0.0
neural,ENSG00000211653,-0.0,57.801155,0.0
neural,ENSG00000211658,-0.0,57.801155,0.0
neural,ENSG00000211666,0.0,57.801155,0.0
neural,ENSG00000211685,-0.0,57.801155,0.0
neural,ENSG00000128266,-0.0,57.801155,0.0
neural,ENSG00000167037,0.0,57.801155,0.0
neural,ENSG00000197077,-0.0,57.801155,0.0
neural,ENSG00000128203,0.0,57.801155,0.0
neural,ENSG00000186998,0.0,57.801155,0.0
neural,ENSG00000100285,-0.0,57.801155,0.0
neural,ENSG00000128242,-0.0,57.801155,0.0
neural,ENSG00000183963,-0.0,57.801155,0.0
neural,ENSG00000198832,0.0,57.801155,0.0
neural,ENSG00000198125,0.0,57.801155,0.0
neural,ENSG00000128284,0.0,57.801155,0.0
neural,ENSG00000100345,0.0,57.801155,0.0
neural,ENSG00000100368,0.0,57.801155,0.0
neural,ENSG00000100379,0.0,57.801155,0.0
neural,ENSG00000128283,0.0,57.801155,0.0
neural,ENSG00000100146,0.0,57.801155,0.0
neural,ENSG00000272669,0.0,57.801155,0.0
neural,ENSG00000100311,0.0,57.801155,0.0
neural,ENSG00000100321,-0.0,57.801155,0.0
neural,ENSG00000100399,0.0,57.801155,0.0
neural,ENSG00000167074,-0.0,57.801155,0.0
neural,ENSG00000100167,0.0,57.801155,0.0
neural,ENSG00000128274,-0.0,57.801155,0.0
neural,ENSG00000159307,-0.0,57.801155,0.0
neural,ENSG00000241484,0.0,57.801155,0.0
neural,ENSG00000188064,-0.0,57.801155,0.0
neural,ENSG00000100427,0.0,57.801155,0.0
neural,ENSG00000196576,0.0,57.801155,0.0
neural,ENSG00000185291,-0.0,57.801155,0.0
neural,ENSG00000184368,0.0,57.801155,0.0
neural,ENSG00000091482,0.0,57.801155,0.0
neural,ENSG00000004848,-0.0,57.801155,0.0
neural,ENSG00000165168,0.0,57.801155,0.0
neural,ENSG00000156298,0.0,57.801155,0.0
neural,ENSG00000189221,0.0,57.801155,0.0
neural,ENSG00000147113,-0.0,57.801155,0.0
neural,ENSG00000102003,-0.0,57.801155,0.0
neural,ENSG00000196368,0.0,57.801155,0.0
neural,ENSG00000067445,0.0,57.801155,0.0
neural,ENSG00000158578,-0.0,57.801155,0.0
neural,ENSG00000102349,0.0,57.801155,0.0
neural,ENSG00000147065,-0.0,57.801155,0.0
neural,ENSG00000155659,0.0,57.801155,0.0
neural,ENSG00000169562,0.0,57.801155,0.0
neural,ENSG00000131171,-0.0,57.801155,0.0
neural,ENSG00000186310,0.0,57.801155,0.0
neural,ENSG00000000005,0.0,57.801155,0.0
neural,ENSG00000010671,0.0,57.801155,0.0
neural,ENSG00000126947,-0.0,57.801155,0.0
neural,ENSG00000184867,0.0,57.801155,0.0
neural,ENSG00000184515,0.0,57.801155,0.0
neural,ENSG00000166681,0.0,57.801155,0.0
neural,ENSG00000196507,-0.0,57.801155,0.0
neural,ENSG00000123560,-0.0,57.801155,0.0
neural,ENSG00000077274,0.0,57.801155,0.0
neural,ENSG00000102024,0.0,57.801155,0.0
neural,ENSG00000147251,-0.0,57.801155,0.0
neural,ENSG00000131724,-0.0,57.801155,0.0
neural,ENSG00000125354,0.0,57.801155,0.0
neural,ENSG00000125675,0.0,57.801155,0.0
neural,ENSG00000122121,0.0,57.801155,0.0
neural,ENSG00000076716,0.0,57.801155,0.0
neural,ENSG00000129680,-0.0,57.801155,0.0
neural,ENSG00000183479,0.0,57.801155,0.0
neural,ENSG00000067842,-0.0,57.801155,0.0
neural,ENSG00000130822,0.0,57.801155,0.0
neural,ENSG00000196924,0.0,57.801155,0.0
neural,ENSG00000210077,0.0,57.801155,0.0
neural,ENSG00000210082,-0.0,57.801155,0.0
non_neural,ENSG00000131080,4.2125235,52.66136,4.2125235
non_neural,ENSG00000048540,4.0499935,52.66136,4.0499935
non_neural,ENSG00000156959,3.2722726,52.66136,3.2722726
non_neural,ENSG00000100285,-2.85697,52.66136,2.85697
non_neural,ENSG00000184905,2.5030966,52.66136,2.5030966
non_neural,ENSG00000114631,-2.357856,52.66136,2.357856
non_neural,ENSG00000163239,2.17184,52.66136,2.17184
non_neural,ENSG00000113810,-2.0898209,52.66136,2.0898209
non_neural,ENSG00000104723,-1.9177759,52.66136,1.9177759
non_neural,ENSG00000186462,1.8704454,52.66136,1.8704454
non_neural,ENSG00000162738,-1.7754573,52.66136,1.7754573
non_neural,ENSG00000071205,-1.7638134,52.66136,1.7638134
non_neural,ENSG00000127990,-1.7171293,52.66136,1.7171293
non_neural,ENSG00000262877,-1.7078252,52.66136,1.7078252
non_neural,ENSG00000180155,-1.6637828,52.66136,1.6637828
non_neural,ENSG00000160801,1.6310551,52.66136,1.6310551
non_neural,ENSG00000105639,-1.6226788,52.66136,1.6226788
non_neural,ENSG00000169604,-1.6223173,52.66136,1.6223173
non_neural,ENSG00000155962,1.5984967,52.66136,1.5984967
non_neural,ENSG00000146674,1.5306015,52.66136,1.5306015
non_neural,ENSG00000021300,1.5049771,52.66136,1.5049771
non_neural,ENSG00000070404,-1.4899232,52.66136,1.4899232
non_neural,ENSG00000172059,1.4438621,52.66136,1.4438621
non_neural,ENSG00000229807,-1.4394997,52.66136,1.4394997
non_neural,ENSG00000163017,-1.4054737,52.66136,1.4054737
non_neural,ENSG00000104518,-1.401487,52.66136,1.401487
non_neural,ENSG00000149131,-1.3899608,52.66136,1.3899608
non_neural,ENSG00000276855,-1.3809199,52.66136,1.3809199
non_neural,ENSG00000134533,1.3756918,52.66136,1.3756918
non_neural,ENSG00000205560,1.3418947,52.66136,1.3418947
non_neural,ENSG00000170837,-1.3288344,52.66136,1.3288344
non_neural,ENSG00000165810,1.3143045,52.66136,1.3143045
non_neural,ENSG00000007933,1.2945088,52.66136,1.2945088
non_neural,ENSG00000172936,-1.2843717,52.66136,1.2843717
non_neural,ENSG00000139200,-1.2839925,52.66136,1.2839925
non_neural,ENSG00000172349,-1.2838064,52.66136,1.2838064
non_neural,ENSG00000146054,1.2835233,52.66136,1.2835233
non_neural,ENSG00000204851,-1.283328,52.66136,1.283328
non_neural,ENSG00000148468,-1.2716854,52.66136,1.2716854
non_neural,ENSG00000070526,1.2685664,52.66136,1.2685664
non_neural,ENSG00000115138,-1.2665919,52.66136,1.2665919
non_neural,ENSG00000069122,-1.2637466,52.66136,1.2637466
non_neural,ENSG00000182107,-1.2548473,52.66136,1.2548473
non_neural,ENSG00000090376,1.2526486,52.66136,1.2526486
non_neural,ENSG00000101213,1.2290186,52.66136,1.2290186
non_neural,ENSG00000179820,-1.2215407,52.66136,1.2215407
non_neural,ENSG00000135269,-1.2182758,52.66136,1.2182758
non_neural,ENSG00000123096,1.2137629,52.66136,1.2137629
non_neural,ENSG00000166401,-1.2102265,52.66136,1.2102265
non_neural,ENSG00000117013,1.1981531,52.66136,1.1981531
non_neural,ENSG00000114378,1.1966122,52.66136,1.1966122
non_neural,ENSG00000160188,1.1880143,52.66136,1.1880143
non_neural,ENSG00000008283,1.1630192,52.66136,1.1630192
non_neural,ENSG00000211772,-1.1624879,52.66136,1.1624879
non_neural,ENSG00000186310,1.1583734,52.66136,1.1583734
non_neural,ENSG00000174938,1.1575264,52.66136,1.1575264
non_neural,ENSG00000157514,-1.1571074,52.66136,1.1571074
non_neural,ENSG00000088882,-1.1560832,52.66136,1.1560832
non_neural,ENSG00000075884,-1.1551565,52.66136,1.1551565
non_neural,ENSG00000139278,1.1528714,52.66136,1.1528714
non_neural,ENSG00000184368,-1.1399021,52.66136,1.1399021
non_neural,ENSG00000167601,-1.1354864,52.66136,1.1354864
non_neural,ENSG00000137709,1.1310506,52.66136,1.1310506
non_neural,ENSG00000242265,-1.1272043,52.66136,1.1272043
non_neural,ENSG00000069535,1.1259826,52.66136,1.1259826
non_neural,ENSG00000197461,-1.1259286,52.66136,1.1259286
non_neural,ENSG00000133710,-1.123906,52.66136,1.123906
non_neural,ENSG00000138650,1.1153365,52.66136,1.1153365
non_neural,ENSG00000137959,-1.1060894,52.66136,1.1060894
non_neural,ENSG00000181444,-1.0967402,52.66136,1.0967402
non_neural,ENSG00000205542,1.0955794,52.66136,1.0955794
non_neural,ENSG00000197859,1.0910544,52.66136,1.0910544
non_neural,ENSG00000150687,1.0908189,52.66136,1.0908189
non_neural,ENSG00000147883,1.0877459,52.66136,1.0877459
non_neural,ENSG00000054219,-1.0831722,52.66136,1.0831722
non_neural,ENSG00000064012,1.0814986,52.66136,1.0814986
non_neural,ENSG00000173467,1.0809664,52.66136,1.0809664
non_neural,ENSG00000205517,-1.0766276,52.66136,1.0766276
non_neural,ENSG00000129465,-1.0752072,52.66136,1.0752072
non_neural,ENSG00000115457,1.0734483,52.66136,1.0734483
non_neural,ENSG00000168542,-1.0732996,52.66136,1.0732996
non_neural,ENSG00000166278,1.0701544,52.66136,1.0701544
non_neural,ENSG00000156414,-1.0605593,52.66136,1.0605593
non_neural,ENSG00000118898,-1.0561345,52.66136,1.0561345
non_neural,ENSG00000187164,1.0475017,52.66136,1.0475017
non_neural,ENSG00000214575,1.0454314,52.66136,1.0454314
non_neural,ENSG00000126217,-1.0379165,52.66136,1.0379165
non_neural,ENSG00000112655,-1.0372577,52.66136,1.0372577
non_neural,ENSG00000184205,1.0368781,52.66136,1.0368781
non_neural,ENSG00000111796,-1.0327044,52.66136,1.0327044
non_neural,ENSG00000271503,1.0303355,52.66136,1.0303355
non_neural,ENSG00000173762,-1.0302817,52.66136,1.0302817
non_neural,ENSG00000099994,1.0277442,52.66136,1.0277442
non_neural,ENSG00000135736,1.0231018,52.66136,1.0231018
non_neural,ENSG00000072694,-1.0220205,52.66136,1.0220205
non_neural,ENSG00000142235,-1.0192635,52.66136,1.0192635
non_neural,ENSG00000118640,-1.0182354,52.66136,1.0182354
non_neural,ENSG00000153558,-1.0134223,52.66136,1.0134223
non_neural,ENSG00000167549,-1.0114985,52.66136,1.0114985
non_neural,ENSG00000129194,1.0066315,52.66136,1.0066315
non_neural,ENSG00000166923,1.0056533,52.66136,1.0056533
non_neural,ENSG00000091972,-1.004538,52.66136,1.004538
non_neural,ENSG00000164128,-1.003014,52.66136,1.003014
non_neural,ENSG00000114698,0.99617213,52.66136,0.99617213
non_neural,ENSG00000198542,0.98526126,52.66136,0.98526126
non_neural,ENSG00000130940,0.9838636,52.66136,0.9838636
non_neural,ENSG00000269190,0.98206663,52.66136,0.98206663
non_neural,ENSG00000135424,-0.9805103,52.66136,0.9805103
non_neural,ENSG00000163013,0.97957367,52.66136,0.97957367
non_neural,ENSG00000103485,0.9771505,52.66136,0.9771505
non_neural,ENSG00000204264,-0.96946245,52.66136,0.96946245
non_neural,ENSG00000169515,-0.9681106,52.66136,0.9681106
non_neural,ENSG00000109472,-0.96509635,52.66136,0.96509635
non_neural,ENSG00000130595,-0.9570802,52.66136,0.9570802
non_neural,ENSG00000130649,0.95623875,52.66136,0.95623875
non_neural,ENSG00000198932,-0.95605606,52.66136,0.95605606
non_neural,ENSG00000125648,-0.95472425,52.66136,0.95472425
non_neural,ENSG00000173846,0.9518592,52.66136,0.9518592
non_neural,ENSG00000171431,-0.95043683,52.66136,0.95043683
non_neural,ENSG00000277586,0.94799155,52.66136,0.94799155
non_neural,ENSG00000064205,0.94553095,52.66136,0.94553095
non_neural,ENSG00000160588,-0.9429761,52.66136,0.9429761
non_neural,ENSG00000109738,-0.9428328,52.66136,0.9428328
non_neural,ENSG00000167641,-0.94270825,52.66136,0.94270825
non_neural,ENSG00000173442,0.9420997,52.66136,0.9420997
non_neural,ENSG00000087076,0.94077396,52.66136,0.94077396
non_neural,ENSG00000125753,0.94052726,52.66136,0.94052726
non_neural,ENSG00000168938,-0.940235,52.66136,0.940235
non_neural,ENSG00000168135,0.93864805,52.66136,0.93864805
non_neural,ENSG00000115593,-0.93372804,52.66136,0.93372804
non_neural,ENSG00000016402,0.931934,52.66136,0.931934
non_neural,ENSG00000005059,-0.93045616,52.66136,0.93045616
non_neural,ENSG00000118971,-0.92996067,52.66136,0.92996067
non_neural,ENSG00000159433,0.9271678,52.66136,0.9271678
non_neural,ENSG00000104888,0.92665815,52.66136,0.92665815
non_neural,ENSG00000142173,-0.9231975,52.66136,0.9231975
non_neural,ENSG00000240065,-0.9231635,52.66136,0.9231635
non_neural,ENSG00000084636,0.9216424,52.66136,0.9216424
non_neural,ENSG00000111696,-0.9203534,52.66136,0.9203534
non_neural,ENSG00000141576,0.91935503,52.66136,0.91935503
non_neural,ENSG00000185222,-0.91864973,52.66136,0.91864973
non_neural,ENSG00000181092,-0.9178026,52.66136,0.9178026
non_neural,ENSG00000198561,-0.9152297,52.66136,0.9152297
non_neural,ENSG00000112799,-0.91483825,52.66136,0.91483825
non_neural,ENSG00000187773,-0.91254514,52.66136,0.91254514
non_neural,ENSG00000141052,0.90582925,52.66136,0.90582925
non_neural,ENSG00000102287,0.9024617,52.66136,0.9024617
non_neural,ENSG00000132274,0.90201235,52.66136,0.90201235
non_neural,ENSG00000169715,0.9018212,52.66136,0.9018212
non_neural,ENSG00000203747,0.9000534,52.66136,0.9000534
non_neural,ENSG00000115604,-0.89858687,52.66136,0.89858687
non_neural,ENSG00000119681,0.8984795,52.66136,0.8984795
non_neural,ENSG00000143196,0.8971228,52.66136,0.8971228
non_neural,ENSG00000142634,0.8958168,52.66136,0.8958168
non_neural,ENSG00000125637,-0.8938782,52.66136,0.8938782
non_neural,ENSG00000198502,0.8934793,52.66136,0.8934793
non_neural,ENSG00000111321,0.8924075,52.66136,0.8924075
non_neural,ENSG00000172247,-0.8906947,52.66136,0.8906947
non_neural,ENSG00000185559,0.89037913,52.66136,0.89037913
non_neural,ENSG00000124406,-0.89006424,52.66136,0.89006424
non_neural,ENSG00000165996,-0.88661337,52.66136,0.88661337
non_neural,ENSG00000197977,-0.88414043,52.66136,0.88414043
non_neural,ENSG00000204525,0.8825815,52.66136,0.8825815
non_neural,ENSG00000254415,-0.88176155,52.66136,0.88176155
non_neural,ENSG00000099204,-0.8794761,52.66136,0.8794761
non_neural,ENSG00000145730,0.8791595,52.66136,0.8791595
non_neural,ENSG00000277200,-0.87588954,52.66136,0.87588954
non_neural,ENSG00000171747,0.8754909,52.66136,0.8754909
non_neural,ENSG00000139329,0.87442476,52.66136,0.87442476
non_neural,ENSG00000174514,0.8728301,52.66136,0.8728301
non_neural,ENSG00000100505,0.87185854,52.66136,0.87185854
non_neural,ENSG00000074660,0.8715644,52.66136,0.8715644
non_neural,ENSG00000134463,-0.86820304,52.66136,0.86820304
non_neural,ENSG00000172346,0.8677861,52.66136,0.8677861
non_neural,ENSG00000152284,-0.8663053,52.66136,0.8663053
non_neural,ENSG00000213760,-0.86538243,52.66136,0.86538243
non_neural,ENSG00000183696,0.86527175,52.66136,0.86527175
non_neural,ENSG00000169508,-0.8651977,52.66136,0.8651977
non_neural,ENSG00000185885,0.8648466,52.66136,0.8648466
non_neural,ENSG00000091592,0.8641983,52.66136,0.8641983
non_neural,ENSG00000082175,0.86374825,52.66136,0.86374825
non_neural,ENSG00000101194,-0.86279815,52.66136,0.86279815
non_neural,ENSG00000125910,-0.861438,52.66136,0.861438
non_neural,ENSG00000167123,-0.85990465,52.66136,0.85990465
non_neural,ENSG00000215788,-0.8596975,52.66136,0.8596975
non_neural,ENSG00000140488,0.85950327,52.66136,0.85950327
non_neural,ENSG00000173267,0.8548345,52.66136,0.8548345
non_neural,ENSG00000107968,-0.853375,52.66136,0.853375
non_neural,ENSG00000166523,0.8528723,52.66136,0.8528723
non_neural,ENSG00000183248,0.85271055,52.66136,0.85271055
non_neural,ENSG00000111348,0.8493063,52.66136,0.8493063
non_neural,ENSG00000163191,-0.8482553,52.66136,0.8482553
non_neural,ENSG00000168481,-0.84797126,52.66136,0.84797126
non_neural,ENSG00000124343,-0.84794426,52.66136,0.84794426
non_neural,ENSG00000115594,-0.84692395,52.66136,0.84692395
non_neural,ENSG00000115590,-0.84565926,52.66136,0.84565926
non_neural,ENSG00000137077,-0.8447086,52.66136,0.8447086
non_neural,ENSG00000261625,-0.8436559,52.66136,0.8436559
non_neural,ENSG00000064655,0.83937013,52.66136,0.83937013
non_neural,ENSG00000156413,-0.8388619,52.66136,0.8388619
non_neural,ENSG00000157510,-0.8374603,52.66136,0.8374603
non_neural,ENSG00000112320,-0.83701324,52.66136,0.83701324
non_neural,ENSG00000064787,-0.83604556,52.66136,0.83604556
non_neural,ENSG00000140506,0.8348986,52.66136,0.8348986
non_neural,ENSG00000265190,-0.83360124,52.66136,0.83360124
non_neural,ENSG00000142973,-0.8334904,52.66136,0.8334904
non_neural,ENSG00000214063,-0.83320886,52.66136,0.83320886
non_neural,ENSG00000131242,0.83165574,52.66136,0.83165574
non_neural,ENSG00000124140,0.8311094,52.66136,0.8311094
non_neural,ENSG00000111077,-0.8310775,52.66136,0.8310775
non_neural,ENSG00000064547,-0.8306391,52.66136,0.8306391
non_neural,ENSG00000134028,-0.8301205,52.66136,0.8301205
non_neural,ENSG00000100146,-0.829091,52.66136,0.829091
non_neural,ENSG00000189377,-0.82663053,52.66136,0.82663053
non_neural,ENSG00000151224,0.826438,52.66136,0.826438
non_neural,ENSG00000161798,-0.82630056,52.66136,0.82630056
non_neural,ENSG00000183386,-0.8257233,52.66136,0.8257233
non_neural,ENSG00000137766,0.82448095,52.66136,0.82448095
non_neural,ENSG00000159840,0.82389313,52.66136,0.82389313
non_neural,ENSG00000111424,-0.82010883,52.66136,0.82010883
non_neural,ENSG00000187902,-0.8198379,52.66136,0.8198379
non_neural,ENSG00000076555,0.81973076,52.66136,0.81973076
non_neural,ENSG00000010278,0.8178183,52.66136,0.8178183
non_neural,ENSG00000114923,0.8169762,52.66136,0.8169762
non_neural,ENSG00000196139,0.81676817,52.66136,0.81676817
non_neural,ENSG00000176692,-0.81577957,52.66136,0.81577957
non_neural,ENSG00000130203,0.8153615,52.66136,0.8153615
non_neural,ENSG00000008516,0.8106836,52.66136,0.8106836
non_neural,ENSG00000187922,0.80961734,52.66136,0.80961734
non_neural,ENSG00000063015,0.8085131,52.66136,0.8085131
non_neural,ENSG00000160469,-0.80806744,52.66136,0.80806744
non_neural,ENSG00000137309,-0.80784595,52.66136,0.80784595
non_neural,ENSG00000125730,0.80745244,52.66136,0.80745244
non_neural,ENSG00000224958,-0.8065046,52.66136,0.8065046
non_neural,ENSG00000169035,0.8030742,52.66136,0.8030742
non_neural,ENSG00000117650,0.80151975,52.66136,0.80151975
non_neural,ENSG00000240694,-0.80132246,52.66136,0.80132246
non_neural,ENSG00000156738,0.8004089,52.66136,0.8004089
non_neural,ENSG00000110077,0.7985236,52.66136,0.7985236
non_neural,ENSG00000149599,-0.7969656,52.66136,0.7969656
non_neural,ENSG00000166927,0.7966772,52.66136,0.7966772
non_neural,ENSG00000187474,-0.7872797,52.66136,0.7872797
non_neural,ENSG00000122862,0.7864325,52.66136,0.7864325
non_neural,ENSG00000172572,0.7856547,52.66136,0.7856547
non_neural,ENSG00000179344,-0.784354,52.66136,0.784354
non_neural,ENSG00000126583,-0.7841704,52.66136,0.7841704
non_neural,ENSG00000127084,-0.78411514,52.66136,0.78411514
non_neural,ENSG00000106538,-0.78291583,52.66136,0.78291583
non_neural,ENSG00000171227,0.7813558,52.66136,0.7813558
non_neural,ENSG00000182175,0.78082615,52.66136,0.78082615
non_neural,ENSG00000205403,-0.77609396,52.66136,0.77609396
non_neural,ENSG00000007908,-0.77453446,52.66136,0.77453446
non_neural,ENSG00000133121,0.77377653,52.66136,0.77377653
non_neural,ENSG00000223749,-0.77216464,52.66136,0.77216464
non_neural,ENSG00000100767,-0.7720863,52.66136,0.7720863
non_neural,ENSG00000143772,-0.7718586,52.66136,0.7718586
non_neural,ENSG00000154118,-0.77013904,52.66136,0.77013904
non_neural,ENSG00000163958,-0.7698106,52.66136,0.7698106
non_neural,ENSG00000139899,0.7697399,52.66136,0.7697399
non_neural,ENSG00000196208,-0.769734,52.66136,0.769734
non_neural,ENSG00000101445,0.76954895,52.66136,0.76954895
non_neural,ENSG00000157782,0.76915705,52.66136,0.76915705
non_neural,ENSG00000133135,0.7688895,52.66136,0.7688895
non_neural,ENSG00000185274,0.76686853,52.66136,0.76686853
non_neural,ENSG00000135549,-0.76635045,52.66136,0.76635045
non_neural,ENSG00000134247,0.7648033,52.66136,0.7648033
non_neural,ENSG00000188176,-0.76273376,52.66136,0.76273376
non_neural,ENSG00000277531,-0.76261324,52.66136,0.76261324
non_neural,ENSG00000100196,-0.7620801,52.66136,0.7620801
non_neural,ENSG00000143842,-0.7620151,52.66136,0.7620151
non_neural,ENSG00000179403,-0.76128954,52.66136,0.76128954
non_neural,ENSG00000250510,-0.7606767,52.66136,0.7606767
non_neural,ENSG00000090382,-0.75898725,52.66136,0.75898725
non_neural,ENSG00000173200,0.75775427,52.66136,0.75775427
non_neural,ENSG00000103187,-0.7569722,52.66136,0.7569722
non_neural,ENSG00000241484,0.7562127,52.66136,0.7562127
non_neural,ENSG00000107281,0.7531404,52.66136,0.7531404
non_neural,ENSG00000176720,0.75268364,52.66136,0.75268364
non_neural,ENSG00000105711,0.7522759,52.66136,0.7522759
non_neural,ENSG00000213023,-0.75213957,52.66136,0.75213957
non_neural,ENSG00000007314,-0.7519872,52.66136,0.7519872
non_neural,ENSG00000117266,-0.75175536,52.66136,0.75175536
non_neural,ENSG00000198910,0.74970615,52.66136,0.74970615
non_neural,ENSG00000164078,-0.7492503,52.66136,0.7492503
non_neural,ENSG00000274173,0.74832565,52.66136,0.74832565
non_neural,ENSG00000168268,0.747377,52.66136,0.747377
non_neural,ENSG00000188522,0.74691707,52.66136,0.74691707
non_neural,ENSG00000186529,-0.7464994,52.66136,0.7464994
non_neural,ENSG00000163467,0.74488527,52.66136,0.74488527
non_neural,ENSG00000173898,0.74301267,52.66136,0.74301267
non_neural,ENSG00000107438,0.7393283,52.66136,0.7393283
non_neural,ENSG00000092096,-0.7387228,52.66136,0.7387228
non_neural,ENSG00000230630,-0.7385147,52.66136,0.7385147
non_neural,ENSG00000183779,0.73647976,52.66136,0.73647976
non_neural,ENSG00000178184,0.7355628,52.66136,0.7355628
non_neural,ENSG00000283706,-0.73476136,52.66136,0.73476136
non_neural,ENSG00000158571,0.7343803,52.66136,0.7343803
non_neural,ENSG00000182162,-0.7334041,52.66136,0.7334041
non_neural,ENSG00000163064,0.73290014,52.66136,0.73290014
non_neural,ENSG00000111341,-0.7324113,52.66136,0.7324113
non_neural,ENSG00000165449,-0.73157346,52.66136,0.73157346
non_neural,ENSG00000184601,0.7315305,52.66136,0.7315305
non_neural,ENSG00000099889,-0.73139995,52.66136,0.73139995
non_neural,ENSG00000049449,0.73092836,52.66136,0.73092836
non_neural,ENSG00000163735,0.7299566,52.66136,0.7299566
non_neural,ENSG00000241158,-0.72959983,52.66136,0.72959983
non_neural,ENSG00000253250,-0.72874004,52.66136,0.72874004
non_neural,ENSG00000110057,0.72865266,52.66136,0.72865266
non_neural,ENSG00000178773,0.7286373,52.66136,0.7286373
non_neural,ENSG00000175793,0.72772187,52.66136,0.72772187
non_neural,ENSG00000168461,-0.7270205,52.66136,0.7270205
non_neural,ENSG00000253958,-0.7253296,52.66136,0.7253296
non_neural,ENSG00000183044,-0.72492826,52.66136,0.72492826
non_neural,ENSG00000171992,-0.72484004,52.66136,0.72484004
non_neural,ENSG00000185818,-0.7225377,52.66136,0.7225377
non_neural,ENSG00000124731,0.7195848,52.66136,0.7195848
non_neural,ENSG00000243708,-0.71658784,52.66136,0.71658784
non_neural,ENSG00000087303,0.7154949,52.66136,0.7154949
non_neural,ENSG00000294153,-0.71496576,52.66136,0.71496576
non_neural,ENSG00000102886,0.71300215,52.66136,0.71300215
non_neural,ENSG00000115361,0.71223974,52.66136,0.71223974
non_neural,ENSG00000177469,-0.7118167,52.66136,0.7118167
non_neural,ENSG00000066056,-0.71160966,52.66136,0.71160966
non_neural,ENSG00000147443,0.7115936,52.66136,0.7115936
non_neural,ENSG00000114268,0.71073675,52.66136,0.71073675
non_neural,ENSG00000110203,0.709665,52.66136,0.709665
non_neural,ENSG00000134871,-0.70757735,52.66136,0.70757735
non_neural,ENSG00000151632,-0.7067226,52.66136,0.7067226
non_neural,ENSG00000180447,-0.7064754,52.66136,0.7064754
non_neural,ENSG00000135318,-0.7062839,52.66136,0.7062839
non_neural,ENSG00000128040,-0.7057193,52.66136,0.7057193
non_neural,ENSG00000197496,0.7054559,52.66136,0.7054559
non_neural,ENSG00000143226,-0.7054461,52.66136,0.7054461
non_neural,ENSG00000165633,0.7053585,52.66136,0.7053585
non_neural,ENSG00000174669,-0.7037838,52.66136,0.7037838
non_neural,ENSG00000105523,-0.70223,52.66136,0.70223
non_neural,ENSG00000189367,-0.7017578,52.66136,0.7017578
non_neural,ENSG00000095539,0.70024526,52.66136,0.70024526
non_neural,ENSG00000145012,0.700013,52.66136,0.700013
non_neural,ENSG00000118520,-0.69933194,52.66136,0.69933194
non_neural,ENSG00000140945,-0.6960183,52.66136,0.6960183
non_neural,ENSG00000152270,-0.69590354,52.66136,0.69590354
non_neural,ENSG00000104722,-0.6955501,52.66136,0.6955501
non_neural,ENSG00000107562,0.6949302,52.66136,0.6949302
non_neural,ENSG00000134508,-0.69320124,52.66136,0.69320124
non_neural,ENSG00000102109,-0.6930945,52.66136,0.6930945
non_neural,ENSG00000135916,-0.6926917,52.66136,0.6926917
non_neural,ENSG00000169896,0.69200325,52.66136,0.69200325
non_neural,ENSG00000198844,0.6915865,52.66136,0.6915865
non_neural,ENSG00000108797,-0.6915241,52.66136,0.6915241
non_neural,ENSG00000013297,0.69145,52.66136,0.69145
non_neural,ENSG00000148377,0.69087076,52.66136,0.69087076
non_neural,ENSG00000107099,-0.69080967,52.66136,0.69080967
non_neural,ENSG00000152661,0.6907454,52.66136,0.6907454
non_neural,ENSG00000275395,-0.690653,52.66136,0.690653
non_neural,ENSG00000213903,0.69024193,52.66136,0.69024193
non_neural,ENSG00000149150,-0.6902326,52.66136,0.6902326
non_neural,ENSG00000154165,0.6894065,52.66136,0.6894065
non_neural,ENSG00000174307,0.68928355,52.66136,0.68928355
non_neural,ENSG00000183072,0.68883127,52.66136,0.68883127
non_neural,ENSG00000244731,0.6881106,52.66136,0.6881106
non_neural,ENSG00000165072,0.68751794,52.66136,0.68751794
non_neural,ENSG00000013810,0.6870565,52.66136,0.6870565
non_neural,ENSG00000158859,0.68599886,52.66136,0.68599886
non_neural,ENSG00000243244,0.68500644,52.66136,0.68500644
non_neural,ENSG00000122679,-0.6848021,52.66136,0.6848021
non_neural,ENSG00000164692,-0.6829935,52.66136,0.6829935
non_neural,ENSG00000211890,0.6825353,52.66136,0.6825353
non_neural,ENSG00000163898,-0.6823254,52.66136,0.6823254
non_neural,ENSG00000113296,0.6820041,52.66136,0.6820041
non_neural,ENSG00000110079,-0.68097985,52.66136,0.68097985
non_neural,ENSG00000077009,-0.6805112,52.66136,0.6805112
non_neural,ENSG00000184144,0.67990166,52.66136,0.67990166
non_neural,ENSG00000187608,-0.6798332,52.66136,0.6798332
non_neural,ENSG00000006453,-0.67950034,52.66136,0.67950034
non_neural,ENSG00000134222,-0.67868954,52.66136,0.67868954
non_neural,ENSG00000157873,-0.6777389,52.66136,0.6777389
non_neural,ENSG00000185101,0.67702407,52.66136,0.67702407
non_neural,ENSG00000114013,0.67618996,52.66136,0.67618996
non_neural,ENSG00000197245,-0.6732394,52.66136,0.6732394
non_neural,ENSG00000140403,-0.6723894,52.66136,0.6723894
non_neural,ENSG00000166816,0.6723317,52.66136,0.6723317
non_neural,ENSG00000272573,-0.67163944,52.66136,0.67163944
non_neural,ENSG00000167261,-0.6712339,52.66136,0.6712339
non_neural,ENSG00000100311,0.6704772,52.66136,0.6704772
non_neural,ENSG00000154553,0.6679535,52.66136,0.6679535
non_neural,ENSG00000203706,-0.6678379,52.66136,0.6678379
non_neural,ENSG00000165655,-0.667396,52.66136,0.667396
non_neural,ENSG00000174807,-0.66704,52.66136,0.66704
non_neural,ENSG00000169583,-0.66613173,52.66136,0.66613173
non_neural,ENSG00000137809,-0.6660583,52.66136,0.6660583
non_neural,ENSG00000165507,0.6652536,52.66136,0.6652536
non_neural,ENSG00000143502,0.6639329,52.66136,0.6639329
non_neural,ENSG00000131730,0.6635878,52.66136,0.6635878
non_neural,ENSG00000086062,0.6618919,52.66136,0.6618919
non_neural,ENSG00000109654,-0.6611409,52.66136,0.6611409
non_neural,ENSG00000137393,0.66059965,52.66136,0.66059965
non_neural,ENSG00000197696,0.66058975,52.66136,0.66058975
non_neural,ENSG00000156535,-0.66040075,52.66136,0.66040075
non_neural,ENSG00000136872,0.6601167,52.66136,0.6601167
non_neural,ENSG00000140285,-0.6588482,52.66136,0.6588482
non_neural,ENSG00000165617,0.658198,52.66136,0.658198
non_neural,ENSG00000175130,0.6581114,52.66136,0.6581114
non_neural,ENSG00000055118,0.65771174,52.66136,0.65771174
non_neural,ENSG00000125571,0.6567661,52.66136,0.6567661
non_neural,ENSG00000139540,-0.655821,52.66136,0.655821
non_neural,ENSG00000117091,0.65527177,52.66136,0.65527177
non_neural,ENSG00000104490,-0.6551599,52.66136,0.6551599
non_neural,ENSG00000154258,-0.654932,52.66136,0.654932
non_neural,ENSG00000166793,-0.65453094,52.66136,0.65453094
non_neural,ENSG00000141579,0.65388685,52.66136,0.65388685
non_neural,ENSG00000146122,-0.65333706,52.66136,0.65333706
non_neural,ENSG00000104903,-0.6533076,52.66136,0.6533076
non_neural,ENSG00000121653,0.65329254,52.66136,0.65329254
non_neural,ENSG00000182636,-0.65288323,52.66136,0.65288323
non_neural,ENSG00000165795,-0.6513919,52.66136,0.6513919
non_neural,ENSG00000187116,-0.6512995,52.66136,0.6512995
non_neural,ENSG00000110628,0.6511977,52.66136,0.6511977
non_neural,ENSG00000172548,-0.6504358,52.66136,0.6504358
non_neural,ENSG00000116544,0.65015966,52.66136,0.65015966
non_neural,ENSG00000104324,0.6493884,52.66136,0.6493884
non_neural,ENSG00000110852,0.6493024,52.66136,0.6493024
non_neural,ENSG00000105605,-0.6492382,52.66136,0.6492382
non_neural,ENSG00000138449,-0.6490247,52.66136,0.6490247
non_neural,ENSG00000166347,-0.6480085,52.66136,0.6480085
non_neural,ENSG00000101825,0.64490634,52.66136,0.64490634
non_neural,ENSG00000120057,-0.6448262,52.66136,0.6448262
non_neural,ENSG00000073670,-0.6444705,52.66136,0.6444705
non_neural,ENSG00000288813,-0.6427137,52.66136,0.6427137
non_neural,ENSG00000018280,-0.6421737,52.66136,0.6421737
non_neural,ENSG00000205221,0.6418456,52.66136,0.6418456
non_neural,ENSG00000108244,-0.6407796,52.66136,0.6407796
non_neural,ENSG00000205362,-0.64016896,52.66136,0.64016896
non_neural,ENSG00000061337,0.6386028,52.66136,0.6386028
non_neural,ENSG00000162722,0.63849753,52.66136,0.63849753
non_neural,ENSG00000168502,-0.63759106,52.66136,0.63759106
non_neural,ENSG00000129757,0.63714135,52.66136,0.63714135
non_neural,ENSG00000142156,0.63707745,52.66136,0.63707745
non_neural,ENSG00000173599,0.6367132,52.66136,0.6367132
non_neural,ENSG00000090104,0.63580287,52.66136,0.63580287
non_neural,ENSG00000163430,-0.63545144,52.66136,0.63545144
non_neural,ENSG00000211941,-0.6350323,52.66136,0.6350323
non_neural,ENSG00000143365,-0.6349856,52.66136,0.6349856
non_neural,ENSG00000104415,0.6349591,52.66136,0.6349591
non_neural,ENSG00000135519,-0.6347906,52.66136,0.6347906
non_neural,ENSG00000266714,0.63416475,52.66136,0.63416475
non_neural,ENSG00000149451,-0.6341526,52.66136,0.6341526
non_neural,ENSG00000172824,-0.6332237,52.66136,0.6332237
non_neural,ENSG00000154783,-0.63283044,52.66136,0.63283044
non_neural,ENSG00000184838,-0.6326983,52.66136,0.6326983
non_neural,ENSG00000169291,-0.6325191,52.66136,0.6325191
non_neural,ENSG00000157303,0.63238305,52.66136,0.63238305
non_neural,ENSG00000186998,0.631656,52.66136,0.631656
non_neural,ENSG00000173597,-0.6310593,52.66136,0.6310593
non_neural,ENSG00000075275,0.6308248,52.66136,0.6308248
non_neural,ENSG00000115112,0.63079005,52.66136,0.63079005
non_neural,ENSG00000169991,-0.6303598,52.66136,0.6303598
non_neural,ENSG00000117461,-0.6289757,52.66136,0.6289757
non_neural,ENSG00000102409,-0.62847,52.66136,0.62847
non_neural,ENSG00000081803,0.6281003,52.66136,0.6281003
non_neural,ENSG00000087510,-0.62771755,52.66136,0.62771755
non_neural,ENSG00000182985,-0.6276869,52.66136,0.6276869
non_neural,ENSG00000103034,-0.6260162,52.66136,0.6260162
non_neural,ENSG00000156049,-0.6255771,52.66136,0.6255771
non_neural,ENSG00000300403,-0.62537515,52.66136,0.62537515
non_neural,ENSG00000146477,-0.62431175,52.66136,0.62431175
non_neural,ENSG00000129946,-0.6229952,52.66136,0.6229952
non_neural,ENSG00000105281,0.6229529,52.66136,0.6229529
non_neural,ENSG00000171885,0.622178,52.66136,0.622178
non_neural,ENSG00000180353,0.6218109,52.66136,0.6218109
non_neural,ENSG00000004660,-0.62096494,52.66136,0.62096494
non_neural,ENSG00000077984,0.6209468,52.66136,0.6209468
non_neural,ENSG00000163202,0.6205476,52.66136,0.6205476
non_neural,ENSG00000171608,-0.62020564,52.66136,0.62020564
non_neural,ENSG00000160685,-0.61989796,52.66136,0.61989796
non_neural,ENSG00000187094,0.6195026,52.66136,0.6195026
non_neural,ENSG00000170017,-0.6194882,52.66136,0.6194882
non_neural,ENSG00000136546,0.6192692,52.66136,0.6192692
non_neural,ENSG00000123338,0.619212,52.66136,0.619212
non_neural,ENSG00000109099,-0.6177405,52.66136,0.6177405
non_neural,ENSG00000197903,0.6162649,52.66136,0.6162649
non_neural,ENSG00000125814,0.6156266,52.66136,0.6156266
non_neural,ENSG00000088367,0.6153648,52.66136,0.6153648
non_neural,ENSG00000169554,-0.6151124,52.66136,0.6151124
non_neural,ENSG00000136048,0.6130636,52.66136,0.6130636
non_neural,ENSG00000105655,-0.6129443,52.66136,0.6129443
non_neural,ENSG00000116678,-0.6127156,52.66136,0.6127156
non_neural,ENSG00000103089,-0.6115442,52.66136,0.6115442
non_neural,ENSG00000158106,-0.6106069,52.66136,0.6106069
non_neural,ENSG00000165029,-0.6105646,52.66136,0.6105646
non_neural,ENSG00000118113,-0.61041135,52.66136,0.61041135
non_neural,ENSG00000126803,-0.60987484,52.66136,0.60987484
non_neural,ENSG00000088538,0.6095471,52.66136,0.6095471
non_neural,ENSG00000250067,-0.6094417,52.66136,0.6094417
non_neural,ENSG00000160255,0.608966,52.66136,0.608966
non_neural,ENSG00000188508,0.60873735,52.66136,0.60873735
non_neural,ENSG00000108798,0.60830307,52.66136,0.60830307
non_neural,ENSG00000197769,-0.6082737,52.66136,0.6082737
non_neural,ENSG00000261701,-0.6071171,52.66136,0.6071171
non_neural,ENSG00000185507,0.6060426,52.66136,0.6060426
non_neural,ENSG00000166750,0.6054651,52.66136,0.6054651
non_neural,ENSG00000156298,0.60455096,52.66136,0.60455096
non_neural,ENSG00000100450,0.6042251,52.66136,0.6042251
non_neural,ENSG00000101955,-0.60365224,52.66136,0.60365224
non_neural,ENSG00000135454,0.6017928,52.66136,0.6017928
non_neural,ENSG00000164176,0.60125494,52.66136,0.60125494
non_neural,ENSG00000129596,0.60047084,52.66136,0.60047084
non_neural,ENSG00000121898,0.6002684,52.66136,0.6002684
non_neural,ENSG00000100979,0.5982878,52.66136,0.5982878
non_neural,ENSG00000082781,-0.59810656,52.66136,0.59810656
non_neural,ENSG00000015413,-0.59755474,52.66136,0.59755474
non_neural,ENSG00000243509,-0.59707165,52.66136,0.59707165
non_neural,ENSG00000124145,0.596712,52.66136,0.596712
non_neural,ENSG00000132703,0.595891,52.66136,0.595891
non_neural,ENSG00000254461,0.59511626,52.66136,0.59511626
non_neural,ENSG00000130558,0.59507847,52.66136,0.59507847
non_neural,ENSG00000221818,0.59491706,52.66136,0.59491706
non_neural,ENSG00000187513,-0.59427565,52.66136,0.59427565
non_neural,ENSG00000178573,0.5931688,52.66136,0.5931688
non_neural,ENSG00000172243,-0.5925197,52.66136,0.5925197
non_neural,ENSG00000104611,0.5924613,52.66136,0.5924613
non_neural,ENSG00000058668,-0.5924187,52.66136,0.5924187
non_neural,ENSG00000145147,0.59199756,52.66136,0.59199756
non_neural,ENSG00000211651,-0.59197605,52.66136,0.59197605
non_neural,ENSG00000163637,-0.591685,52.66136,0.591685
non_neural,ENSG00000138356,-0.5894082,52.66136,0.5894082
non_neural,ENSG00000130005,-0.5889535,52.66136,0.5889535
non_neural,ENSG00000109501,-0.58865666,52.66136,0.58865666
non_neural,ENSG00000189184,-0.58828115,52.66136,0.58828115
non_neural,ENSG00000163687,0.587848,52.66136,0.587848
non_neural,ENSG00000220008,0.58766854,52.66136,0.58766854
non_neural,ENSG00000164061,0.5875539,52.66136,0.5875539
non_neural,ENSG00000130988,-0.58748007,52.66136,0.58748007
non_neural,ENSG00000120693,-0.5871097,52.66136,0.5871097
non_neural,ENSG00000127252,-0.587103,52.66136,0.587103
non_neural,ENSG00000241644,-0.586686,52.66136,0.586686
non_neural,ENSG00000167772,-0.5865161,52.66136,0.5865161
non_neural,ENSG00000244734,0.58622664,52.66136,0.58622664
non_neural,ENSG00000011638,0.5861921,52.66136,0.5861921
non_neural,ENSG00000139044,0.5854098,52.66136,0.5854098
non_neural,ENSG00000102934,0.5852645,52.66136,0.5852645
non_neural,ENSG00000241839,-0.5841898,52.66136,0.5841898
non_neural,ENSG00000172345,0.5838796,52.66136,0.5838796
non_neural,ENSG00000172023,-0.58364046,52.66136,0.58364046
non_neural,ENSG00000137124,0.58312654,52.66136,0.58312654
non_neural,ENSG00000286598,0.5829363,52.66136,0.5829363
non_neural,ENSG00000184454,-0.582652,52.66136,0.582652
non_neural,ENSG00000166341,0.5809767,52.66136,0.5809767
non_neural,ENSG00000064666,0.57991207,52.66136,0.57991207
non_neural,ENSG00000078328,-0.5799095,52.66136,0.5799095
non_neural,ENSG00000105737,0.57978827,52.66136,0.57978827
non_neural,ENSG00000164402,0.57956725,52.66136,0.57956725
non_neural,ENSG00000183486,0.5785589,52.66136,0.5785589
non_neural,ENSG00000177519,-0.57766354,52.66136,0.57766354
non_neural,ENSG00000163923,-0.57733196,52.66136,0.57733196
non_neural,ENSG00000182580,-0.5771137,52.66136,0.5771137
non_neural,ENSG00000095203,0.5767381,52.66136,0.5767381
non_neural,ENSG00000167779,0.57667,52.66136,0.57667
non_neural,ENSG00000111145,0.5759757,52.66136,0.5759757
non_neural,ENSG00000092841,-0.5752923,52.66136,0.5752923
non_neural,ENSG00000184524,0.5752861,52.66136,0.5752861
non_neural,ENSG00000105289,0.57507217,52.66136,0.57507217
non_neural,ENSG00000231475,0.57487625,52.66136,0.57487625
non_neural,ENSG00000161940,-0.5743996,52.66136,0.5743996
non_neural,ENSG00000293442,-0.573279,52.66136,0.573279
non_neural,ENSG00000215217,-0.57171303,52.66136,0.57171303
non_neural,ENSG00000153956,0.5713825,52.66136,0.5713825
non_neural,ENSG00000178343,0.5708203,52.66136,0.5708203
non_neural,ENSG00000142675,-0.57069945,52.66136,0.57069945
non_neural,ENSG00000173530,-0.57062364,52.66136,0.57062364
non_neural,ENSG00000050555,0.57059443,52.66136,0.57059443
non_neural,ENSG00000211898,-0.5705298,52.66136,0.5705298
non_neural,ENSG00000103064,0.56949407,52.66136,0.56949407
non_neural,ENSG00000043039,0.56903696,52.66136,0.56903696
non_neural,ENSG00000121316,0.5689648,52.66136,0.5689648
non_neural,ENSG00000134668,-0.5685961,52.66136,0.5685961
non_neural,ENSG00000110799,0.56836456,52.66136,0.56836456
non_neural,ENSG00000116016,-0.56800497,52.66136,0.56800497
non_neural,ENSG00000035862,-0.56745195,52.66136,0.56745195
non_neural,ENSG00000170899,-0.5673538,52.66136,0.5673538
non_neural,ENSG00000167880,0.5673075,52.66136,0.5673075
non_neural,ENSG00000289404,0.56717914,52.66136,0.56717914
non_neural,ENSG00000129226,-0.56680256,52.66136,0.56680256
non_neural,ENSG00000130822,-0.56653446,52.66136,0.56653446
non_neural,ENSG00000272789,-0.56514174,52.66136,0.56514174
non_neural,ENSG00000108018,-0.56477237,52.66136,0.56477237
non_neural,ENSG00000109943,-0.5644984,52.66136,0.5644984
non_neural,ENSG00000162444,0.5641883,52.66136,0.5641883
non_neural,ENSG00000205363,0.56264305,52.66136,0.56264305
non_neural,ENSG00000171130,0.56188416,52.66136,0.56188416
non_neural,ENSG00000123560,-0.56170994,52.66136,0.56170994
non_neural,ENSG00000163297,-0.5612682,52.66136,0.5612682
non_neural,ENSG00000141837,0.5591317,52.66136,0.5591317
non_neural,ENSG00000118526,0.55907005,52.66136,0.55907005
non_neural,ENSG00000188011,0.5587424,52.66136,0.5587424
non_neural,ENSG00000100526,0.55836135,52.66136,0.55836135
non_neural,ENSG00000137843,-0.5578024,52.66136,0.5578024
non_neural,ENSG00000165140,0.5563276,52.66136,0.5563276
non_neural,ENSG00000153551,0.5560414,52.66136,0.5560414
non_neural,ENSG00000102524,-0.5560077,52.66136,0.5560077
non_neural,ENSG00000133142,0.55591136,52.66136,0.55591136
non_neural,ENSG00000121281,-0.55532044,52.66136,0.55532044
non_neural,ENSG00000255201,0.55410415,52.66136,0.55410415
non_neural,ENSG00000241794,-0.5537786,52.66136,0.5537786
non_neural,ENSG00000169594,-0.55335295,52.66136,0.55335295
non_neural,ENSG00000198099,0.5530996,52.66136,0.5530996
non_neural,ENSG00000164181,-0.5526178,52.66136,0.5526178
non_neural,ENSG00000101670,0.5521573,52.66136,0.5521573
non_neural,ENSG00000170477,-0.551699,52.66136,0.551699
non_neural,ENSG00000126878,-0.5515819,52.66136,0.5515819
non_neural,ENSG00000261616,-0.54981136,52.66136,0.54981136
non_neural,ENSG00000166432,0.5497967,52.66136,0.5497967
non_neural,ENSG00000142615,0.54975307,52.66136,0.54975307
non_neural,ENSG00000104870,-0.549207,52.66136,0.549207
non_neural,ENSG00000063180,0.5491036,52.66136,0.5491036
non_neural,ENSG00000129521,-0.54890823,52.66136,0.54890823
non_neural,ENSG00000139988,0.5485276,52.66136,0.5485276
non_neural,ENSG00000163131,-0.5483675,52.66136,0.5483675
non_neural,ENSG00000134873,-0.5480565,52.66136,0.5480565
non_neural,ENSG00000174600,0.5480075,52.66136,0.5480075
non_neural,ENSG00000128284,-0.54783636,52.66136,0.54783636
non_neural,ENSG00000170961,0.54731935,52.66136,0.54731935
non_neural,ENSG00000109956,0.5471094,52.66136,0.5471094
non_neural,ENSG00000163815,-0.5466195,52.66136,0.5466195
non_neural,ENSG00000139146,-0.5464872,52.66136,0.5464872
non_neural,ENSG00000277632,0.5458331,52.66136,0.5458331
non_neural,ENSG00000116774,-0.54583186,52.66136,0.54583186
non_neural,ENSG00000257335,0.545798,52.66136,0.545798
non_neural,ENSG00000170545,0.5455413,52.66136,0.5455413
non_neural,ENSG00000151882,0.54549724,52.66136,0.54549724
non_neural,ENSG00000105963,0.54425,52.66136,0.54425
non_neural,ENSG00000096433,-0.54365647,52.66136,0.54365647
non_neural,ENSG00000142408,0.54334813,52.66136,0.54334813
non_neural,ENSG00000225972,0.5426623,52.66136,0.5426623
non_neural,ENSG00000182963,-0.5414016,52.66136,0.5414016
non_neural,ENSG00000107485,-0.54086494,52.66136,0.54086494
non_neural,ENSG00000187955,-0.5408594,52.66136,0.5408594
non_neural,ENSG00000085563,0.5406602,52.66136,0.5406602
non_neural,ENSG00000048740,-0.5406387,52.66136,0.5406387
non_neural,ENSG00000182272,-0.5405312,52.66136,0.5405312
non_neural,ENSG00000072071,-0.54023373,52.66136,0.54023373
non_neural,ENSG00000196368,0.5381188,52.66136,0.5381188
non_neural,ENSG00000007237,-0.5376808,52.66136,0.5376808
non_neural,ENSG00000107738,0.5375921,52.66136,0.5375921
non_neural,ENSG00000129038,0.5372189,52.66136,0.5372189
non_neural,ENSG00000141526,0.5367926,52.66136,0.5367926
non_neural,ENSG00000143028,-0.53677416,52.66136,0.53677416
non_neural,ENSG00000154654,-0.5366068,52.66136,0.5366068
non_neural,ENSG00000166592,-0.5355282,52.66136,0.5355282
non_neural,ENSG00000211897,-0.5353641,52.66136,0.5353641
non_neural,ENSG00000174684,-0.535192,52.66136,0.535192
non_neural,ENSG00000173334,0.5351644,52.66136,0.5351644
non_neural,ENSG00000140682,0.53494936,52.66136,0.53494936
non_neural,ENSG00000205116,0.53479743,52.66136,0.53479743
non_neural,ENSG00000148498,-0.5343892,52.66136,0.5343892
non_neural,ENSG00000145284,0.53293735,52.66136,0.53293735
non_neural,ENSG00000139438,0.53208613,52.66136,0.53208613
non_neural,ENSG00000174705,0.53124535,52.66136,0.53124535
non_neural,ENSG00000113140,0.5308878,52.66136,0.5308878
non_neural,ENSG00000105287,0.5307834,52.66136,0.5307834
non_neural,ENSG00000249751,0.5299594,52.66136,0.5299594
non_neural,ENSG00000131941,-0.52990717,52.66136,0.52990717
non_neural,ENSG00000008735,0.5292948,52.66136,0.5292948
non_neural,ENSG00000094963,-0.5288881,52.66136,0.5288881
non_neural,ENSG00000170476,-0.5287675,52.66136,0.5287675
non_neural,ENSG00000275302,0.528699,52.66136,0.528699
non_neural,ENSG00000160211,0.52792275,52.66136,0.52792275
non_neural,ENSG00000006047,-0.5273601,52.66136,0.5273601
non_neural,ENSG00000103534,-0.5270596,52.66136,0.5270596
non_neural,ENSG00000173281,0.5268881,52.66136,0.5268881
non_neural,ENSG00000198807,0.5267515,52.66136,0.5267515
non_neural,ENSG00000165071,0.52638286,52.66136,0.52638286
non_neural,ENSG00000163737,0.525979,52.66136,0.525979
non_neural,ENSG00000185862,-0.52543145,52.66136,0.52543145
non_neural,ENSG00000179348,-0.5254301,52.66136,0.5254301
non_neural,ENSG00000181541,0.5242222,52.66136,0.5242222
non_neural,ENSG00000134853,-0.5236893,52.66136,0.5236893
non_neural,ENSG00000189182,0.52338094,52.66136,0.52338094
non_neural,ENSG00000010282,0.5227295,52.66136,0.5227295
non_neural,ENSG00000162882,-0.52176577,52.66136,0.52176577
non_neural,ENSG00000176903,0.52161247,52.66136,0.52161247
non_neural,ENSG00000010319,0.52140874,52.66136,0.52140874
non_neural,ENSG00000166025,-0.51984143,52.66136,0.51984143
non_neural,ENSG00000136750,-0.51971465,52.66136,0.51971465
non_neural,ENSG00000146147,0.5195892,52.66136,0.5195892
non_neural,ENSG00000107282,0.51939666,52.66136,0.51939666
non_neural,ENSG00000090006,0.517479,52.66136,0.517479
non_neural,ENSG00000272163,0.5173074,52.66136,0.5173074
non_neural,ENSG00000081052,-0.51642376,52.66136,0.51642376
non_neural,ENSG00000125868,-0.51582676,52.66136,0.51582676
non_neural,ENSG00000161896,0.5155555,52.66136,0.5155555
non_neural,ENSG00000087085,0.5155205,52.66136,0.5155205
non_neural,ENSG00000120254,0.5154342,52.66136,0.5154342
non_neural,ENSG00000126860,0.51504934,52.66136,0.51504934
non_neural,ENSG00000105854,0.5145153,52.66136,0.5145153
non_neural,ENSG00000115194,0.51418686,52.66136,0.51418686
non_neural,ENSG00000121966,0.51413935,52.66136,0.51413935
non_neural,ENSG00000136630,0.5141063,52.66136,0.5141063
non_neural,ENSG00000240386,-0.51404166,52.66136,0.51404166
non_neural,ENSG00000110455,0.51391697,52.66136,0.51391697
non_neural,ENSG00000171368,0.5133112,52.66136,0.5133112
non_neural,ENSG00000143954,0.5131546,52.66136,0.5131546
non_neural,ENSG00000162745,-0.5127296,52.66136,0.5127296
non_neural,ENSG00000196465,0.5124406,52.66136,0.5124406
non_neural,ENSG00000184602,0.51221985,52.66136,0.51221985
non_neural,ENSG00000133026,-0.5119268,52.66136,0.5119268
non_neural,ENSG00000184113,0.511638,52.66136,0.511638
non_neural,ENSG00000075886,0.51150686,52.66136,0.51150686
non_neural,ENSG00000197256,0.5111681,52.66136,0.5111681
non_neural,ENSG00000143127,0.51070094,52.66136,0.51070094
non_neural,ENSG00000087495,0.51056427,52.66136,0.51056427
non_neural,ENSG00000162772,-0.5103646,52.66136,0.5103646
non_neural,ENSG00000100365,-0.5101092,52.66136,0.5101092
non_neural,ENSG00000160789,-0.50993526,52.66136,0.50993526
non_neural,ENSG00000110660,0.509326,52.66136,0.509326
non_neural,ENSG00000137507,0.50929487,52.66136,0.50929487
non_neural,ENSG00000112562,0.5086578,52.66136,0.5086578
non_neural,ENSG00000163995,0.50824296,52.66136,0.50824296
non_neural,ENSG00000128791,0.50782484,52.66136,0.50782484
non_neural,ENSG00000111961,-0.50728875,52.66136,0.50728875
non_neural,ENSG00000169860,-0.506949,52.66136,0.506949
non_neural,ENSG00000187122,-0.5068925,52.66136,0.5068925
non_neural,ENSG00000163736,-0.5067525,52.66136,0.5067525
non_neural,ENSG00000173917,-0.506737,52.66136,0.506737
non_neural,ENSG00000101333,0.5065508,52.66136,0.5065508
non_neural,ENSG00000117632,-0.5061864,52.66136,0.5061864
non_neural,ENSG00000072818,0.50567454,52.66136,0.50567454
non_neural,ENSG00000153132,-0.505606,52.66136,0.505606
non_neural,ENSG00000189410,-0.50483835,52.66136,0.50483835
non_neural,ENSG00000174348,0.50476146,52.66136,0.50476146
non_neural,ENSG00000152910,-0.5046276,52.66136,0.5046276
non_neural,ENSG00000112773,-0.50400764,52.66136,0.50400764
non_neural,ENSG00000167914,-0.5014996,52.66136,0.5014996
non_neural,ENSG00000184343,0.50047344,52.66136,0.50047344
non_neural,ENSG00000042062,0.5001243,52.66136,0.5001243
non_neural,ENSG00000172399,-0.49980712,52.66136,0.49980712
non_neural,ENSG00000066468,0.49937737,52.66136,0.49937737
non_neural,ENSG00000106004,0.49913356,52.66136,0.49913356
non_neural,ENSG00000188130,-0.498893,52.66136,0.498893
non_neural,ENSG00000162747,-0.49878663,52.66136,0.49878663
non_neural,ENSG00000125148,-0.498431,52.66136,0.498431
non_neural,ENSG00000130643,-0.49811256,52.66136,0.49811256
non_neural,ENSG00000185052,-0.49810937,52.66136,0.49810937
non_neural,ENSG00000155849,-0.49783042,52.66136,0.49783042
non_neural,ENSG00000180139,0.49775702,52.66136,0.49775702
non_neural,ENSG00000277494,-0.49527937,52.66136,0.49527937
non_neural,ENSG00000224713,-0.49504054,52.66136,0.49504054
non_neural,ENSG00000306756,0.4948482,52.66136,0.4948482
non_neural,ENSG00000172236,0.49468672,52.66136,0.49468672
non_neural,ENSG00000100302,0.49446186,52.66136,0.49446186
non_neural,ENSG00000168306,-0.4936548,52.66136,0.4936548
non_neural,ENSG00000110042,-0.4933421,52.66136,0.4933421
non_neural,ENSG00000128567,-0.49324003,52.66136,0.49324003
non_neural,ENSG00000113721,0.49294913,52.66136,0.49294913
non_neural,ENSG00000119514,0.49246228,52.66136,0.49246228
non_neural,ENSG00000163631,-0.49244165,52.66136,0.49244165
non_neural,ENSG00000012660,0.4923444,52.66136,0.4923444
non_neural,ENSG00000160888,-0.49186483,52.66136,0.49186483
non_neural,ENSG00000166922,0.49158955,52.66136,0.49158955
non_neural,ENSG00000184194,0.49088594,52.66136,0.49088594
non_neural,ENSG00000006016,-0.49058524,52.66136,0.49058524
non_neural,ENSG00000092068,0.49055442,52.66136,0.49055442
non_neural,ENSG00000141736,0.4895259,52.66136,0.4895259
non_neural,ENSG00000183166,-0.4888782,52.66136,0.4888782
non_neural,ENSG00000158560,0.48884445,52.66136,0.48884445
non_neural,ENSG00000196924,0.48879388,52.66136,0.48879388
non_neural,ENSG00000166448,0.48863915,52.66136,0.48863915
non_neural,ENSG00000124920,0.4884101,52.66136,0.4884101
non_neural,ENSG00000211452,-0.48820373,52.66136,0.48820373
non_neural,ENSG00000141639,0.48796296,52.66136,0.48796296
non_neural,ENSG00000069812,-0.48657778,52.66136,0.48657778
non_neural,ENSG00000166501,0.48589277,52.66136,0.48589277
non_neural,ENSG00000086300,0.48567268,52.66136,0.48567268
non_neural,ENSG00000183111,-0.4855865,52.66136,0.4855865
non_neural,ENSG00000106560,0.48508736,52.66136,0.48508736
non_neural,ENSG00000186642,-0.4833084,52.66136,0.4833084
non_neural,ENSG00000076344,0.48329487,52.66136,0.48329487
non_neural,ENSG00000170542,-0.4829132,52.66136,0.4829132
non_neural,ENSG00000144331,0.48271808,52.66136,0.48271808
non_neural,ENSG00000112379,-0.482422,52.66136,0.482422
non_neural,ENSG00000153446,0.48203427,52.66136,0.48203427
non_neural,ENSG00000196666,0.48093686,52.66136,0.48093686
non_neural,ENSG00000102547,0.48071527,52.66136,0.48071527
non_neural,ENSG00000018408,-0.48021078,52.66136,0.48021078
non_neural,ENSG00000197582,0.479778,52.66136,0.479778
non_neural,ENSG00000111371,-0.47924116,52.66136,0.47924116
non_neural,ENSG00000149573,0.47851282,52.66136,0.47851282
non_neural,ENSG00000205002,0.47803742,52.66136,0.47803742
non_neural,ENSG00000176956,0.47784323,52.66136,0.47784323
non_neural,ENSG00000225630,0.47783738,52.66136,0.47783738
non_neural,ENSG00000030582,-0.477689,52.66136,0.477689
non_neural,ENSG00000198353,-0.47768694,52.66136,0.47768694
non_neural,ENSG00000091482,-0.47758654,52.66136,0.47758654
non_neural,ENSG00000188643,-0.47709474,52.66136,0.47709474
non_neural,ENSG00000133110,-0.47698262,52.66136,0.47698262
non_neural,ENSG00000115828,-0.47654727,52.66136,0.47654727
non_neural,ENSG00000153291,-0.47624695,52.66136,0.47624695
non_neural,ENSG00000153904,0.47576883,52.66136,0.47576883
non_neural,ENSG00000205744,-0.47574595,52.66136,0.47574595
non_neural,ENSG00000119147,0.47480026,52.66136,0.47480026
non_neural,ENSG00000138172,-0.47474658,52.66136,0.47474658
non_neural,ENSG00000302880,0.47469133,52.66136,0.47469133
non_neural,ENSG00000164877,0.47433963,52.66136,0.47433963
non_neural,ENSG00000211625,0.47412387,52.66136,0.47412387
non_neural,ENSG00000186204,-0.47360885,52.66136,0.47360885
non_neural,ENSG00000106853,-0.47350582,52.66136,0.47350582
non_neural,ENSG00000124429,0.47293994,52.66136,0.47293994
non_neural,ENSG00000105642,-0.47214174,52.66136,0.47214174
non_neural,ENSG00000185100,0.47207817,52.66136,0.47207817
non_neural,ENSG00000147206,0.47204366,52.66136,0.47204366
non_neural,ENSG00000161082,0.47175336,52.66136,0.47175336
non_neural,ENSG00000067445,-0.47131306,52.66136,0.47131306
non_neural,ENSG00000054179,-0.47116283,52.66136,0.47116283
non_neural,ENSG00000122952,0.4710013,52.66136,0.4710013
non_neural,ENSG00000130287,-0.47083282,52.66136,0.47083282
non_neural,ENSG00000163545,-0.46901014,52.66136,0.46901014
non_neural,ENSG00000131187,-0.46861717,52.66136,0.46861717
non_neural,ENSG00000196576,0.46790454,52.66136,0.46790454
non_neural,ENSG00000167851,-0.46786037,52.66136,0.46786037
non_neural,ENSG00000116194,-0.46747088,52.66136,0.46747088
non_neural,ENSG00000176046,0.4674258,52.66136,0.4674258
non_neural,ENSG00000144230,-0.46701562,52.66136,0.46701562
non_neural,ENSG00000129474,-0.4664604,52.66136,0.4664604
non_neural,ENSG00000115290,-0.46598032,52.66136,0.46598032
non_neural,ENSG00000102032,0.46551293,52.66136,0.46551293
non_neural,ENSG00000167619,0.46539307,52.66136,0.46539307
non_neural,ENSG00000119411,0.4646811,52.66136,0.4646811
non_neural,ENSG00000130707,-0.46271715,52.66136,0.46271715
non_neural,ENSG00000153823,-0.4621329,52.66136,0.4621329
non_neural,ENSG00000168077,-0.46201795,52.66136,0.46201795
non_neural,ENSG00000170786,-0.46171644,52.66136,0.46171644
non_neural,ENSG00000080854,-0.4615714,52.66136,0.4615714
non_neural,ENSG00000125966,-0.46153045,52.66136,0.46153045
non_neural,ENSG00000134240,-0.46107987,52.66136,0.46107987
non_neural,ENSG00000124490,0.46020606,52.66136,0.46020606
non_neural,ENSG00000184058,0.45993397,52.66136,0.45993397
non_neural,ENSG00000012124,-0.45987538,52.66136,0.45987538
non_neural,ENSG00000153071,0.4590765,52.66136,0.4590765
non_neural,ENSG00000169509,0.4588212,52.66136,0.4588212
non_neural,ENSG00000122824,-0.45822316,52.66136,0.45822316
non_neural,ENSG00000163873,0.4580141,52.66136,0.4580141
non_neural,ENSG00000162706,0.45800084,52.66136,0.45800084
non_neural,ENSG00000196196,-0.45780706,52.66136,0.45780706
non_neural,ENSG00000243927,-0.4574258,52.66136,0.4574258
non_neural,ENSG00000162692,0.4573137,52.66136,0.4573137
non_neural,ENSG00000105717,0.4570272,52.66136,0.4570272
non_neural,ENSG00000059804,0.45671564,52.66136,0.45671564
non_neural,ENSG00000112782,-0.45638356,52.66136,0.45638356
non_neural,ENSG00000198853,0.45636368,52.66136,0.45636368
non_neural,ENSG00000169252,0.45604622,52.66136,0.45604622
non_neural,ENSG00000184584,0.45600232,52.66136,0.45600232
non_neural,ENSG00000100342,0.45597857,52.66136,0.45597857
non_neural,ENSG00000130226,0.45583656,52.66136,0.45583656
non_neural,ENSG00000164626,0.45565376,52.66136,0.45565376
non_neural,ENSG00000130528,0.45449454,52.66136,0.45449454
non_neural,ENSG00000135218,-0.4544253,52.66136,0.4544253
non_neural,ENSG00000122694,0.45441288,52.66136,0.45441288
non_neural,ENSG00000204388,0.45317587,52.66136,0.45317587
non_neural,ENSG00000105707,0.45284164,52.66136,0.45284164
non_neural,ENSG00000154721,-0.451491,52.66136,0.451491
non_neural,ENSG00000165966,0.4512403,52.66136,0.4512403
non_neural,ENSG00000211900,0.45110747,52.66136,0.45110747
non_neural,ENSG00000167207,0.45085227,52.66136,0.45085227
non_neural,ENSG00000167968,0.45079663,52.66136,0.45079663
non_neural,ENSG00000152784,0.45052016,52.66136,0.45052016
non_neural,ENSG00000164308,0.4497875,52.66136,0.4497875
non_neural,ENSG00000172382,0.4496018,52.66136,0.4496018
non_neural,ENSG00000167768,-0.44918057,52.66136,0.44918057
non_neural,ENSG00000171766,0.44907665,52.66136,0.44907665
non_neural,ENSG00000242371,-0.44887933,52.66136,0.44887933
non_neural,ENSG00000185022,0.448564,52.66136,0.448564
non_neural,ENSG00000116983,-0.44839746,52.66136,0.44839746
non_neural,ENSG00000244242,0.44785795,52.66136,0.44785795
non_neural,ENSG00000105835,-0.4469853,52.66136,0.4469853
non_neural,ENSG00000196565,-0.4469817,52.66136,0.4469817
non_neural,ENSG00000168497,-0.4469816,52.66136,0.4469816
non_neural,ENSG00000110092,0.4469692,52.66136,0.4469692
non_neural,ENSG00000167613,0.44670755,52.66136,0.44670755
non_neural,ENSG00000099864,-0.44624507,52.66136,0.44624507
non_neural,ENSG00000132639,-0.4457442,52.66136,0.4457442
non_neural,ENSG00000129951,0.44566542,52.66136,0.44566542
non_neural,ENSG00000125931,0.44408303,52.66136,0.44408303
non_neural,ENSG00000085276,-0.44403118,52.66136,0.44403118
non_neural,ENSG00000166741,0.4436811,52.66136,0.4436811
non_neural,ENSG00000147394,0.44342268,52.66136,0.44342268
non_neural,ENSG00000176402,0.4433382,52.66136,0.4433382
non_neural,ENSG00000256235,0.44272074,52.66136,0.44272074
non_neural,ENSG00000127533,-0.44243816,52.66136,0.44243816
non_neural,ENSG00000109321,0.44236767,52.66136,0.44236767
non_neural,ENSG00000068137,0.44212854,52.66136,0.44212854
non_neural,ENSG00000163207,0.44189906,52.66136,0.44189906
non_neural,ENSG00000181085,-0.4414219,52.66136,0.4414219
non_neural,ENSG00000156475,-0.44140774,52.66136,0.44140774
non_neural,ENSG00000150760,-0.4413102,52.66136,0.4413102
non_neural,ENSG00000128606,0.44126138,52.66136,0.44126138
non_neural,ENSG00000151967,-0.44087484,52.66136,0.44087484
non_neural,ENSG00000144290,-0.44069064,52.66136,0.44069064
non_neural,ENSG00000135821,-0.440641,52.66136,0.440641
non_neural,ENSG00000003249,-0.44045874,52.66136,0.44045874
non_neural,ENSG00000163710,0.440044,52.66136,0.440044
non_neural,ENSG00000010310,0.43967417,52.66136,0.43967417
non_neural,ENSG00000054356,-0.4395445,52.66136,0.4395445
non_neural,ENSG00000114790,-0.4393175,52.66136,0.4393175
non_neural,ENSG00000067182,0.43929055,52.66136,0.43929055
non_neural,ENSG00000165269,-0.4389791,52.66136,0.4389791
non_neural,ENSG00000110446,0.43818292,52.66136,0.43818292
non_neural,ENSG00000101306,-0.4381704,52.66136,0.4381704
non_neural,ENSG00000129990,-0.43777972,52.66136,0.43777972
non_neural,ENSG00000211653,0.4377511,52.66136,0.4377511
non_neural,ENSG00000197467,0.4376166,52.66136,0.4376166
non_neural,ENSG00000166928,0.43732122,52.66136,0.43732122
non_neural,ENSG00000211976,0.43656692,52.66136,0.43656692
non_neural,ENSG00000103196,-0.4364939,52.66136,0.4364939
non_neural,ENSG00000160796,-0.4362488,52.66136,0.4362488
non_neural,ENSG00000163827,0.43591514,52.66136,0.43591514
non_neural,ENSG00000174567,-0.43522513,52.66136,0.43522513
non_neural,ENSG00000171551,-0.43519336,52.66136,0.43519336
non_neural,ENSG00000149654,0.43482512,52.66136,0.43482512
non_neural,ENSG00000139055,-0.43434343,52.66136,0.43434343
non_neural,ENSG00000185640,-0.43337253,52.66136,0.43337253
non_neural,ENSG00000211598,-0.43315557,52.66136,0.43315557
non_neural,ENSG00000112936,0.431218,52.66136,0.431218
non_neural,ENSG00000183092,0.43108588,52.66136,0.43108588
non_neural,ENSG00000175646,-0.4307496,52.66136,0.4307496
non_neural,ENSG00000110719,0.43041256,52.66136,0.43041256
non_neural,ENSG00000188338,-0.4302969,52.66136,0.4302969
non_neural,ENSG00000106688,0.4299429,52.66136,0.4299429
non_neural,ENSG00000173432,0.42991817,52.66136,0.42991817
non_neural,ENSG00000159251,0.4298667,52.66136,0.4298667
non_neural,ENSG00000137460,-0.4296502,52.66136,0.4296502
non_neural,ENSG00000267259,-0.42929953,52.66136,0.42929953
non_neural,ENSG00000158292,-0.42890164,52.66136,0.42890164
non_neural,ENSG00000175265,-0.4280157,52.66136,0.4280157
non_neural,ENSG00000161682,0.42777607,52.66136,0.42777607
non_neural,ENSG00000167676,-0.42741594,52.66136,0.42741594
non_neural,ENSG00000183878,-0.4273127,52.66136,0.4273127
non_neural,ENSG00000204618,-0.42699766,52.66136,0.42699766
non_neural,ENSG00000167281,0.42697045,52.66136,0.42697045
non_neural,ENSG00000137331,0.42663142,52.66136,0.42663142
non_neural,ENSG00000171954,-0.42647505,52.66136,0.42647505
non_neural,ENSG00000172867,-0.4261405,52.66136,0.4261405
non_neural,ENSG00000163879,-0.4260719,52.66136,0.4260719
non_neural,ENSG00000158186,0.42594665,52.66136,0.42594665
non_neural,ENSG00000000971,0.4256526,52.66136,0.4256526
non_neural,ENSG00000120471,-0.4253526,52.66136,0.4253526
non_neural,ENSG00000184678,-0.42515793,52.66136,0.42515793
non_neural,ENSG00000073282,-0.42417973,52.66136,0.42417973
non_neural,ENSG00000090776,0.42410302,52.66136,0.42410302
non_neural,ENSG00000131409,-0.42408866,52.66136,0.42408866
non_neural,ENSG00000101438,0.4240553,52.66136,0.4240553
non_neural,ENSG00000211650,-0.4225887,52.66136,0.4225887
non_neural,ENSG00000221890,-0.42252767,52.66136,0.42252767
non_neural,ENSG00000215218,0.42239177,52.66136,0.42239177
non_neural,ENSG00000165912,0.42229575,52.66136,0.42229575
non_neural,ENSG00000157554,0.4222724,52.66136,0.4222724
non_neural,ENSG00000133134,-0.42201123,52.66136,0.42201123
non_neural,ENSG00000172037,-0.4217612,52.66136,0.4217612
non_neural,ENSG00000255571,-0.42167178,52.66136,0.42167178
non_neural,ENSG00000290021,0.4211908,52.66136,0.4211908
non_neural,ENSG00000146216,-0.4209634,52.66136,0.4209634
non_neural,ENSG00000137831,-0.42033106,52.66136,0.42033106
non_neural,ENSG00000078814,-0.420167,52.66136,0.420167
non_neural,ENSG00000103335,0.4201081,52.66136,0.4201081
non_neural,ENSG00000171819,-0.4200729,52.66136,0.4200729
non_neural,ENSG00000214944,0.41998908,52.66136,0.41998908
non_neural,ENSG00000211751,0.4199751,52.66136,0.4199751
non_neural,ENSG00000173376,-0.41938192,52.66136,0.41938192
non_neural,ENSG00000147573,0.4193343,52.66136,0.4193343
non_neural,ENSG00000181631,0.41907743,52.66136,0.41907743
non_neural,ENSG00000136732,-0.41907546,52.66136,0.41907546
non_neural,ENSG00000159167,0.41890952,52.66136,0.41890952
non_neural,ENSG00000172803,0.418233,52.66136,0.418233
non_neural,ENSG00000168140,0.4178243,52.66136,0.4178243
non_neural,ENSG00000065675,0.41743422,52.66136,0.41743422
non_neural,ENSG00000253304,0.41701865,52.66136,0.41701865
non_neural,ENSG00000130066,-0.4161716,52.66136,0.4161716
non_neural,ENSG00000309476,0.4161125,52.66136,0.4161125
non_neural,ENSG00000206503,-0.41557893,52.66136,0.41557893
non_neural,ENSG00000168490,0.4155183,52.66136,0.4155183
non_neural,ENSG00000196358,-0.41528,52.66136,0.41528
non_neural,ENSG00000118785,0.41475746,52.66136,0.41475746
non_neural,ENSG00000081923,-0.41438022,52.66136,0.41438022
non_neural,ENSG00000105205,-0.41411135,52.66136,0.41411135
non_neural,ENSG00000088386,0.4139004,52.66136,0.4139004
non_neural,ENSG00000131634,-0.41378325,52.66136,0.41378325
non_neural,ENSG00000082512,-0.4135045,52.66136,0.4135045
non_neural,ENSG00000151640,0.41325846,52.66136,0.41325846
non_neural,ENSG00000257671,0.41323948,52.66136,0.41323948
non_neural,ENSG00000211829,-0.41321197,52.66136,0.41321197
non_neural,ENSG00000115009,-0.41294754,52.66136,0.41294754
non_neural,ENSG00000150625,0.4129377,52.66136,0.4129377
non_neural,ENSG00000185303,0.41288254,52.66136,0.41288254
non_neural,ENSG00000260918,0.41223088,52.66136,0.41223088
non_neural,ENSG00000198189,0.41222802,52.66136,0.41222802
non_neural,ENSG00000141480,0.41178912,52.66136,0.41178912
non_neural,ENSG00000180875,0.4110356,52.66136,0.4110356
non_neural,ENSG00000165474,0.41089648,52.66136,0.41089648
non_neural,ENSG00000077942,-0.41065505,52.66136,0.41065505
non_neural,ENSG00000122585,0.41053915,52.66136,0.41053915
non_neural,ENSG00000146072,-0.4101332,52.66136,0.4101332
non_neural,ENSG00000103647,-0.4100766,52.66136,0.4100766
non_neural,ENSG00000184148,0.40996793,52.66136,0.40996793
non_neural,ENSG00000116675,0.4097174,52.66136,0.4097174
non_neural,ENSG00000105928,0.40952787,52.66136,0.40952787
non_neural,ENSG00000166682,0.40891936,52.66136,0.40891936
non_neural,ENSG00000113368,0.40842357,52.66136,0.40842357
non_neural,ENSG00000187260,-0.40841457,52.66136,0.40841457
non_neural,ENSG00000132613,-0.4084046,52.66136,0.4084046
non_neural,ENSG00000174004,0.4071678,52.66136,0.4071678
non_neural,ENSG00000136068,-0.40713784,52.66136,0.40713784
non_neural,ENSG00000183508,0.40702164,52.66136,0.40702164
non_neural,ENSG00000110492,0.4060505,52.66136,0.4060505
non_neural,ENSG00000168993,0.40570232,52.66136,0.40570232
non_neural,ENSG00000244509,0.4048705,52.66136,0.4048705
non_neural,ENSG00000162739,0.40484467,52.66136,0.40484467
non_neural,ENSG00000248485,-0.4047911,52.66136,0.4047911
non_neural,ENSG00000105374,0.40428087,52.66136,0.40428087
non_neural,ENSG00000135480,-0.40397093,52.66136,0.40397093
non_neural,ENSG00000164867,-0.4039259,52.66136,0.4039259
non_neural,ENSG00000088340,0.40380806,52.66136,0.40380806
non_neural,ENSG00000156711,-0.40312028,52.66136,0.40312028
non_neural,ENSG00000088320,-0.4030534,52.66136,0.4030534
non_neural,ENSG00000168785,-0.40293932,52.66136,0.40293932
non_neural,ENSG00000117115,0.4021945,52.66136,0.4021945
non_neural,ENSG00000105131,-0.40188363,52.66136,0.40188363
non_neural,ENSG00000205678,-0.4010042,52.66136,0.4010042
non_neural,ENSG00000121900,0.4000708,52.66136,0.4000708
non_neural,ENSG00000108551,0.39957556,52.66136,0.39957556
non_neural,ENSG00000306999,0.39953333,52.66136,0.39953333
non_neural,ENSG00000120129,0.398933,52.66136,0.398933
non_neural,ENSG00000103855,-0.39844623,52.66136,0.39844623
non_neural,ENSG00000165168,0.39841452,52.66136,0.39841452
non_neural,ENSG00000184672,0.39788988,52.66136,0.39788988
non_neural,ENSG00000150593,0.39784175,52.66136,0.39784175
non_neural,ENSG00000130956,0.39693862,52.66136,0.39693862
non_neural,ENSG00000089199,0.39675823,52.66136,0.39675823
non_neural,ENSG00000166145,0.39666605,52.66136,0.39666605
non_neural,ENSG00000163751,0.39652848,52.66136,0.39652848
non_neural,ENSG00000100504,-0.39642724,52.66136,0.39642724
non_neural,ENSG00000211663,0.39641252,52.66136,0.39641252
non_neural,ENSG00000136531,0.39571187,52.66136,0.39571187
non_neural,ENSG00000160097,0.39542395,52.66136,0.39542395
non_neural,ENSG00000129009,0.39527258,52.66136,0.39527258
non_neural,ENSG00000168404,0.39522442,52.66136,0.39522442
non_neural,ENSG00000143171,-0.3951452,52.66136,0.3951452
non_neural,ENSG00000127329,0.3947569,52.66136,0.3947569
non_neural,ENSG00000008311,0.39461085,52.66136,0.39461085
non_neural,ENSG00000106366,-0.39456964,52.66136,0.39456964
non_neural,ENSG00000055813,0.39382276,52.66136,0.39382276
non_neural,ENSG00000176788,-0.39332724,52.66136,0.39332724
non_neural,ENSG00000178053,0.39331824,52.66136,0.39331824
non_neural,ENSG00000134716,-0.3932889,52.66136,0.3932889
non_neural,ENSG00000153012,0.39312577,52.66136,0.39312577
non_neural,ENSG00000148795,0.39249313,52.66136,0.39249313
non_neural,ENSG00000173535,0.3923511,52.66136,0.3923511
non_neural,ENSG00000119686,-0.39219037,52.66136,0.39219037
non_neural,ENSG00000171848,0.3920097,52.66136,0.3920097
non_neural,ENSG00000164120,0.39187732,52.66136,0.39187732
non_neural,ENSG00000079215,-0.39187247,52.66136,0.39187247
non_neural,ENSG00000100453,-0.39161107,52.66136,0.39161107
non_neural,ENSG00000183379,-0.3915601,52.66136,0.3915601
non_neural,ENSG00000132692,-0.391448,52.66136,0.391448
non_neural,ENSG00000130508,-0.39139286,52.66136,0.39139286
non_neural,ENSG00000162496,-0.39121398,52.66136,0.39121398
non_neural,ENSG00000204653,0.39118472,52.66136,0.39118472
non_neural,ENSG00000105472,-0.39067915,52.66136,0.39067915
non_neural,ENSG00000121440,-0.39058742,52.66136,0.39058742
non_neural,ENSG00000100985,0.3903466,52.66136,0.3903466
non_neural,ENSG00000092929,-0.39031652,52.66136,0.39031652
non_neural,ENSG00000198947,0.39030677,52.66136,0.39030677
non_neural,ENSG00000181195,0.3901789,52.66136,0.3901789
non_neural,ENSG00000145632,0.3900309,52.66136,0.3900309
non_neural,ENSG00000155850,0.3899438,52.66136,0.3899438
non_neural,ENSG00000146376,-0.3897907,52.66136,0.3897907
non_neural,ENSG00000158246,0.38978106,52.66136,0.38978106
non_neural,ENSG00000132170,0.38967702,52.66136,0.38967702
non_neural,ENSG00000145198,-0.3896424,52.66136,0.3896424
non_neural,ENSG00000175352,-0.3892496,52.66136,0.3892496
non_neural,ENSG00000176749,-0.38915503,52.66136,0.38915503
non_neural,ENSG00000141161,0.38892573,52.66136,0.38892573
non_neural,ENSG00000105825,0.38828233,52.66136,0.38828233
non_neural,ENSG00000173890,0.38809475,52.66136,0.38809475
non_neural,ENSG00000108960,0.38806763,52.66136,0.38806763
non_neural,ENSG00000067840,0.38799867,52.66136,0.38799867
non_neural,ENSG00000108622,0.3871754,52.66136,0.3871754
non_neural,ENSG00000100628,-0.38667974,52.66136,0.38667974
non_neural,ENSG00000158050,-0.3866106,52.66136,0.3866106
non_neural,ENSG00000130592,0.3864217,52.66136,0.3864217
non_neural,ENSG00000166535,-0.38626972,52.66136,0.38626972
non_neural,ENSG00000146090,-0.38589618,52.66136,0.38589618
non_neural,ENSG00000144369,-0.3858896,52.66136,0.3858896
non_neural,ENSG00000182600,0.38532647,52.66136,0.38532647
non_neural,ENSG00000166402,0.3852476,52.66136,0.3852476
non_neural,ENSG00000130755,0.38471362,52.66136,0.38471362
non_neural,ENSG00000162595,0.3845216,52.66136,0.3845216
non_neural,ENSG00000143434,0.38434002,52.66136,0.38434002
non_neural,ENSG00000116690,0.38381162,52.66136,0.38381162
non_neural,ENSG00000185585,0.38366568,52.66136,0.38366568
non_neural,ENSG00000173482,-0.3831208,52.66136,0.3831208
non_neural,ENSG00000155886,0.38302597,52.66136,0.38302597
non_neural,ENSG00000116299,-0.38294727,52.66136,0.38294727
non_neural,ENSG00000109814,-0.38291204,52.66136,0.38291204
non_neural,ENSG00000180448,0.38274682,52.66136,0.38274682
non_neural,ENSG00000120889,0.3826282,52.66136,0.3826282
non_neural,ENSG00000162520,0.3823465,52.66136,0.3823465
non_neural,ENSG00000173114,-0.38230994,52.66136,0.38230994
non_neural,ENSG00000117228,0.3823079,52.66136,0.3823079
non_neural,ENSG00000125354,-0.38218543,52.66136,0.38218543
non_neural,ENSG00000167553,-0.38173762,52.66136,0.38173762
non_neural,ENSG00000136830,0.38044012,52.66136,0.38044012
non_neural,ENSG00000163217,-0.37954664,52.66136,0.37954664
non_neural,ENSG00000155792,-0.37805066,52.66136,0.37805066
non_neural,ENSG00000137440,0.37724614,52.66136,0.37724614
non_neural,ENSG00000213809,-0.37714645,52.66136,0.37714645
non_neural,ENSG00000241399,-0.3768992,52.66136,0.3768992
non_neural,ENSG00000244617,-0.37685087,52.66136,0.37685087
non_neural,ENSG00000164920,0.37627953,52.66136,0.37627953
non_neural,ENSG00000112812,0.37593904,52.66136,0.37593904
non_neural,ENSG00000283227,0.3758369,52.66136,0.3758369
non_neural,ENSG00000204020,0.3755295,52.66136,0.3755295
non_neural,ENSG00000150457,0.3753658,52.66136,0.3753658
non_neural,ENSG00000112210,0.3745654,52.66136,0.3745654
non_neural,ENSG00000086991,0.37451687,52.66136,0.37451687
non_neural,ENSG00000082482,0.3744735,52.66136,0.3744735
non_neural,ENSG00000130173,0.37443772,52.66136,0.37443772
non_neural,ENSG00000165272,0.37419197,52.66136,0.37419197
non_neural,ENSG00000178965,-0.37414724,52.66136,0.37414724
non_neural,ENSG00000050767,0.37411508,52.66136,0.37411508
non_neural,ENSG00000162493,0.3740033,52.66136,0.3740033
non_neural,ENSG00000127324,0.3732938,52.66136,0.3732938
non_neural,ENSG00000166292,0.37274653,52.66136,0.37274653
non_neural,ENSG00000188641,0.37251925,52.66136,0.37251925
non_neural,ENSG00000176884,0.37249255,52.66136,0.37249255
non_neural,ENSG00000203867,0.37243626,52.66136,0.37243626
non_neural,ENSG00000110811,0.3723127,52.66136,0.3723127
non_neural,ENSG00000088881,0.37211207,52.66136,0.37211207
non_neural,ENSG00000107242,-0.3718373,52.66136,0.3718373
non_neural,ENSG00000053702,-0.37163514,52.66136,0.37163514
non_neural,ENSG00000188536,0.3714201,52.66136,0.3714201
non_neural,ENSG00000135052,-0.3713259,52.66136,0.3713259
non_neural,ENSG00000108924,-0.37039673,52.66136,0.37039673
non_neural,ENSG00000130208,-0.37034926,52.66136,0.37034926
non_neural,ENSG00000122477,0.3701858,52.66136,0.3701858
non_neural,ENSG00000156299,0.37006542,52.66136,0.37006542
non_neural,ENSG00000129355,-0.36990505,52.66136,0.36990505
non_neural,ENSG00000276070,-0.36979184,52.66136,0.36979184
non_neural,ENSG00000224389,-0.36931583,52.66136,0.36931583
non_neural,ENSG00000136689,-0.36925483,52.66136,0.36925483
non_neural,ENSG00000175084,-0.36866945,52.66136,0.36866945
non_neural,ENSG00000188404,0.3684851,52.66136,0.3684851
non_neural,ENSG00000163629,0.36802486,52.66136,0.36802486
non_neural,ENSG00000197956,0.36776417,52.66136,0.36776417
non_neural,ENSG00000131711,0.36755508,52.66136,0.36755508
non_neural,ENSG00000167748,0.36746618,52.66136,0.36746618
non_neural,ENSG00000103569,0.36736113,52.66136,0.36736113
non_neural,ENSG00000168994,0.36711755,52.66136,0.36711755
non_neural,ENSG00000204472,-0.36703438,52.66136,0.36703438
non_neural,ENSG00000157119,0.36667362,52.66136,0.36667362
non_neural,ENSG00000158715,0.36661103,52.66136,0.36661103
non_neural,ENSG00000123329,0.36612117,52.66136,0.36612117
non_neural,ENSG00000104894,0.36596006,52.66136,0.36596006
non_neural,ENSG00000244067,-0.365592,52.66136,0.365592
non_neural,ENSG00000171303,0.3655873,52.66136,0.3655873
non_neural,ENSG00000108387,0.36540005,52.66136,0.36540005
non_neural,ENSG00000121769,-0.36524415,52.66136,0.36524415
non_neural,ENSG00000154277,-0.36521953,52.66136,0.36521953
non_neural,ENSG00000172016,0.36509997,52.66136,0.36509997
non_neural,ENSG00000182492,0.364666,52.66136,0.364666
non_neural,ENSG00000178695,0.3645508,52.66136,0.3645508
non_neural,ENSG00000101265,0.36432105,52.66136,0.36432105
non_neural,ENSG00000154146,-0.3639386,52.66136,0.3639386
non_neural,ENSG00000103966,0.3639292,52.66136,0.3639292
non_neural,ENSG00000187634,0.363927,52.66136,0.363927
non_neural,ENSG00000116574,-0.36346534,52.66136,0.36346534
non_neural,ENSG00000174871,-0.36343703,52.66136,0.36343703
non_neural,ENSG00000143126,0.36338553,52.66136,0.36338553
non_neural,ENSG00000043591,-0.36323422,52.66136,0.36323422
non_neural,ENSG00000180354,0.36312506,52.66136,0.36312506
non_neural,ENSG00000145506,0.36279368,52.66136,0.36279368
non_neural,ENSG00000164879,0.36255467,52.66136,0.36255467
non_neural,ENSG00000164326,-0.36233592,52.66136,0.36233592
non_neural,ENSG00000123095,0.36230996,52.66136,0.36230996
non_neural,ENSG00000106078,0.3622753,52.66136,0.3622753
non_neural,ENSG00000128710,-0.36221728,52.66136,0.36221728
non_neural,ENSG00000213203,-0.36204123,52.66136,0.36204123
non_neural,ENSG00000106823,-0.36165163,52.66136,0.36165163
non_neural,ENSG00000138792,-0.36161432,52.66136,0.36161432
non_neural,ENSG00000223865,0.3614419,52.66136,0.3614419
non_neural,ENSG00000112981,0.36069155,52.66136,0.36069155
non_neural,ENSG00000197177,-0.3604196,52.66136,0.3604196
non_neural,ENSG00000108821,0.3603906,52.66136,0.3603906
non_neural,ENSG00000163888,0.36022487,52.66136,0.36022487
non_neural,ENSG00000115221,0.36006123,52.66136,0.36006123
non_neural,ENSG00000006638,-0.35977575,52.66136,0.35977575
non_neural,ENSG00000160307,0.35943016,52.66136,0.35943016
non_neural,ENSG00000260121,0.3591957,52.66136,0.3591957
non_neural,ENSG00000136167,-0.35917866,52.66136,0.35917866
non_neural,ENSG00000185905,-0.35911575,52.66136,0.35911575
non_neural,ENSG00000268751,0.35879576,52.66136,0.35879576
non_neural,ENSG00000085117,-0.35851505,52.66136,0.35851505
non_neural,ENSG00000139914,-0.35832533,52.66136,0.35832533
non_neural,ENSG00000111679,-0.3579935,52.66136,0.3579935
non_neural,ENSG00000138615,-0.35770068,52.66136,0.35770068
non_neural,ENSG00000135547,0.3572979,52.66136,0.3572979
non_neural,ENSG00000037965,0.3571766,52.66136,0.3571766
non_neural,ENSG00000120053,-0.3567569,52.66136,0.3567569
non_neural,ENSG00000198959,-0.35636762,52.66136,0.35636762
non_neural,ENSG00000176920,0.35628,52.66136,0.35628
non_neural,ENSG00000006071,-0.35609913,52.66136,0.35609913
non_neural,ENSG00000182742,-0.35594824,52.66136,0.35594824
non_neural,ENSG00000144115,0.35587108,52.66136,0.35587108
non_neural,ENSG00000025708,-0.35571644,52.66136,0.35571644
non_neural,ENSG00000219435,-0.35489258,52.66136,0.35489258
non_neural,ENSG00000166106,-0.35484895,52.66136,0.35484895
non_neural,ENSG00000066629,-0.3542348,52.66136,0.3542348
non_neural,ENSG00000279041,-0.35416272,52.66136,0.35416272
non_neural,ENSG00000180573,0.35408586,52.66136,0.35408586
non_neural,ENSG00000221955,-0.35385853,52.66136,0.35385853
non_neural,ENSG00000198848,0.3535556,52.66136,0.3535556
non_neural,ENSG00000204071,0.35349625,52.66136,0.35349625
non_neural,ENSG00000159753,0.35320622,52.66136,0.35320622
non_neural,ENSG00000120885,0.35244697,52.66136,0.35244697
non_neural,ENSG00000140465,-0.35240844,52.66136,0.35240844
non_neural,ENSG00000110786,0.3522292,52.66136,0.3522292
non_neural,ENSG00000111674,0.3519845,52.66136,0.3519845
non_neural,ENSG00000143851,-0.35198134,52.66136,0.35198134
non_neural,ENSG00000204103,-0.35190436,52.66136,0.35190436
non_neural,ENSG00000269404,0.35132685,52.66136,0.35132685
non_neural,ENSG00000176435,-0.35102937,52.66136,0.35102937
non_neural,ENSG00000111344,-0.3508001,52.66136,0.3508001
non_neural,ENSG00000166689,0.35018846,52.66136,0.35018846
non_neural,ENSG00000165197,-0.3500353,52.66136,0.3500353
non_neural,ENSG00000105696,0.34990448,52.66136,0.34990448
non_neural,ENSG00000124875,0.34947342,52.66136,0.34947342
non_neural,ENSG00000087116,0.34945506,52.66136,0.34945506
non_neural,ENSG00000168209,0.34937873,52.66136,0.34937873
non_neural,ENSG00000177191,0.34916914,52.66136,0.34916914
non_neural,ENSG00000196126,0.34867373,52.66136,0.34867373
non_neural,ENSG00000274736,-0.34834117,52.66136,0.34834117
non_neural,ENSG00000127585,0.34818578,52.66136,0.34818578
non_neural,ENSG00000128268,0.34805194,52.66136,0.34805194
non_neural,ENSG00000164116,0.34781018,52.66136,0.34781018
non_neural,ENSG00000163874,-0.347481,52.66136,0.347481
non_neural,ENSG00000132465,0.347084,52.66136,0.347084
non_neural,ENSG00000122420,0.3469886,52.66136,0.3469886
non_neural,ENSG00000204052,0.34673932,52.66136,0.34673932
non_neural,ENSG00000133067,-0.34610677,52.66136,0.34610677
non_neural,ENSG00000153250,-0.34591237,52.66136,0.34591237
non_neural,ENSG00000159307,-0.345506,52.66136,0.345506
non_neural,ENSG00000100095,0.3453897,52.66136,0.3453897
non_neural,ENSG00000137198,0.344994,52.66136,0.344994
non_neural,ENSG00000053918,-0.34498864,52.66136,0.34498864
non_neural,ENSG00000091879,-0.34489778,52.66136,0.34489778
non_neural,ENSG00000124780,-0.34451243,52.66136,0.34451243
non_neural,ENSG00000168010,-0.34422746,52.66136,0.34422746
non_neural,ENSG00000113083,0.34308547,52.66136,0.34308547
non_neural,ENSG00000113749,0.3430007,52.66136,0.3430007
non_neural,ENSG00000115602,0.3421603,52.66136,0.3421603
non_neural,ENSG00000152954,-0.34212282,52.66136,0.34212282
non_neural,ENSG00000170571,0.3420964,52.66136,0.3420964
non_neural,ENSG00000100842,-0.3418035,52.66136,0.3418035
non_neural,ENSG00000183580,0.3416164,52.66136,0.3416164
non_neural,ENSG00000104826,0.34144002,52.66136,0.34144002
non_neural,ENSG00000106483,-0.3407823,52.66136,0.3407823
non_neural,ENSG00000088280,0.34064788,52.66136,0.34064788
non_neural,ENSG00000163145,-0.34054965,52.66136,0.34054965
non_neural,ENSG00000171236,0.34014863,52.66136,0.34014863
non_neural,ENSG00000308579,-0.34010923,52.66136,0.34010923
non_neural,ENSG00000198822,-0.33998507,52.66136,0.33998507
non_neural,ENSG00000118849,0.33957532,52.66136,0.33957532
non_neural,ENSG00000171940,0.3393677,52.66136,0.3393677
non_neural,ENSG00000123374,0.3392792,52.66136,0.3392792
non_neural,ENSG00000203859,-0.33912113,52.66136,0.33912113
non_neural,ENSG00000137441,0.3390262,52.66136,0.3390262
non_neural,ENSG00000157064,0.33897382,52.66136,0.33897382
non_neural,ENSG00000105852,0.33863738,52.66136,0.33863738
non_neural,ENSG00000153179,-0.3384872,52.66136,0.3384872
non_neural,ENSG00000182836,-0.3382984,52.66136,0.3382984
non_neural,ENSG00000186205,-0.33798712,52.66136,0.33798712
non_neural,ENSG00000171564,-0.33796903,52.66136,0.33796903
non_neural,ENSG00000142552,0.3377379,52.66136,0.3377379
non_neural,ENSG00000184985,-0.33717886,52.66136,0.33717886
non_neural,ENSG00000184313,0.3362849,52.66136,0.3362849
non_neural,ENSG00000144668,-0.33624202,52.66136,0.33624202
non_neural,ENSG00000253368,-0.335985,52.66136,0.335985
non_neural,ENSG00000122574,-0.3358684,52.66136,0.3358684
non_neural,ENSG00000157557,0.33570555,52.66136,0.33570555
non_neural,ENSG00000101665,-0.33553708,52.66136,0.33553708
non_neural,ENSG00000132793,-0.3350897,52.66136,0.3350897
non_neural,ENSG00000117226,0.33503675,52.66136,0.33503675
non_neural,ENSG00000088992,0.3349908,52.66136,0.3349908
non_neural,ENSG00000304055,0.33495602,52.66136,0.33495602
non_neural,ENSG00000196542,0.33470824,52.66136,0.33470824
non_neural,ENSG00000163702,-0.33428636,52.66136,0.33428636
non_neural,ENSG00000234906,-0.33426937,52.66136,0.33426937
non_neural,ENSG00000137273,0.33425793,52.66136,0.33425793
non_neural,ENSG00000274565,-0.33392093,52.66136,0.33392093
non_neural,ENSG00000147588,0.33377975,52.66136,0.33377975
non_neural,ENSG00000147027,0.33372462,52.66136,0.33372462
non_neural,ENSG00000172828,-0.333461,52.66136,0.333461
non_neural,ENSG00000180440,-0.33333823,52.66136,0.33333823
non_neural,ENSG00000120594,-0.3327683,52.66136,0.3327683
non_neural,ENSG00000139289,-0.33263764,52.66136,0.33263764
non_neural,ENSG00000102683,-0.33186686,52.66136,0.33186686
non_neural,ENSG00000189159,0.3318487,52.66136,0.3318487
non_neural,ENSG00000278196,0.3313409,52.66136,0.3313409
non_neural,ENSG00000177432,-0.3310017,52.66136,0.3310017
non_neural,ENSG00000214212,0.33065206,52.66136,0.33065206
non_neural,ENSG00000077150,-0.33035228,52.66136,0.33035228
non_neural,ENSG00000211597,0.33015943,52.66136,0.33015943
non_neural,ENSG00000174502,0.33000317,52.66136,0.33000317
non_neural,ENSG00000137033,0.3296664,52.66136,0.3296664
non_neural,ENSG00000240204,0.32904774,52.66136,0.32904774
non_neural,ENSG00000169442,-0.32859346,52.66136,0.32859346
non_neural,ENSG00000137265,0.32839206,52.66136,0.32839206
non_neural,ENSG00000064042,0.32819337,52.66136,0.32819337
non_neural,ENSG00000197953,-0.32818934,52.66136,0.32818934
non_neural,ENSG00000137392,0.32722855,52.66136,0.32722855
non_neural,ENSG00000213445,0.32710123,52.66136,0.32710123
non_neural,ENSG00000157570,0.32704073,52.66136,0.32704073
non_neural,ENSG00000197872,-0.32701457,52.66136,0.32701457
non_neural,ENSG00000170955,0.32697585,52.66136,0.32697585
non_neural,ENSG00000295262,-0.3267859,52.66136,0.3267859
non_neural,ENSG00000162614,0.32670495,52.66136,0.32670495
non_neural,ENSG00000241106,0.32663986,52.66136,0.32663986
non_neural,ENSG00000280435,-0.32651716,52.66136,0.32651716
non_neural,ENSG00000184221,0.32639492,52.66136,0.32639492
non_neural,ENSG00000102760,-0.3262667,52.66136,0.3262667
non_neural,ENSG00000101098,0.32624802,52.66136,0.32624802
non_neural,ENSG00000178031,0.3262456,52.66136,0.3262456
non_neural,ENSG00000115461,-0.32545388,52.66136,0.32545388
non_neural,ENSG00000105559,0.32535207,52.66136,0.32535207
non_neural,ENSG00000088899,0.3241161,52.66136,0.3241161
non_neural,ENSG00000158022,-0.32385457,52.66136,0.32385457
non_neural,ENSG00000128564,0.32340273,52.66136,0.32340273
non_neural,ENSG00000204642,-0.32335666,52.66136,0.32335666
non_neural,ENSG00000289987,-0.32293373,52.66136,0.32293373
non_neural,ENSG00000090924,-0.32264864,52.66136,0.32264864
non_neural,ENSG00000164691,-0.32238495,52.66136,0.32238495
non_neural,ENSG00000197457,0.3221405,52.66136,0.3221405
non_neural,ENSG00000138829,-0.3221089,52.66136,0.3221089
non_neural,ENSG00000077264,0.32207304,52.66136,0.32207304
non_neural,ENSG00000183036,0.32185262,52.66136,0.32185262
non_neural,ENSG00000144642,-0.32148582,52.66136,0.32148582
non_neural,ENSG00000149527,0.321444,52.66136,0.321444
non_neural,ENSG00000148841,-0.32136843,52.66136,0.32136843
non_neural,ENSG00000102924,-0.3212005,52.66136,0.3212005
non_neural,ENSG00000282122,0.32118645,52.66136,0.32118645
non_neural,ENSG00000280099,-0.3210442,52.66136,0.3210442
non_neural,ENSG00000172724,-0.32069778,52.66136,0.32069778
non_neural,ENSG00000169242,-0.3206172,52.66136,0.3206172
non_neural,ENSG00000165553,0.3204717,52.66136,0.3204717
non_neural,ENSG00000011422,-0.32044658,52.66136,0.32044658
non_neural,ENSG00000149090,-0.32026663,52.66136,0.32026663
non_neural,ENSG00000140853,0.31972605,52.66136,0.31972605
non_neural,ENSG00000153234,0.3196102,52.66136,0.3196102
non_neural,ENSG00000211637,0.31957218,52.66136,0.31957218
non_neural,ENSG00000182782,-0.3194901,52.66136,0.3194901
non_neural,ENSG00000143847,-0.3193736,52.66136,0.3193736
non_neural,ENSG00000117519,-0.31919843,52.66136,0.31919843
non_neural,ENSG00000117154,-0.31914863,52.66136,0.31914863
non_neural,ENSG00000286214,-0.3189214,52.66136,0.3189214
non_neural,ENSG00000122733,0.3184016,52.66136,0.3184016
non_neural,ENSG00000185482,-0.31827766,52.66136,0.31827766
non_neural,ENSG00000177614,-0.318266,52.66136,0.318266
non_neural,ENSG00000142279,-0.31777814,52.66136,0.31777814
non_neural,ENSG00000182013,-0.31765568,52.66136,0.31765568
non_neural,ENSG00000090530,0.3176042,52.66136,0.3176042
non_neural,ENSG00000139926,0.3175701,52.66136,0.3175701
non_neural,ENSG00000109255,-0.3169309,52.66136,0.3169309
non_neural,ENSG00000187957,0.31687483,52.66136,0.31687483
non_neural,ENSG00000133742,-0.3168513,52.66136,0.3168513
non_neural,ENSG00000131398,-0.31664816,52.66136,0.31664816
non_neural,ENSG00000142494,-0.31657276,52.66136,0.31657276
non_neural,ENSG00000234186,0.31654406,52.66136,0.31654406
non_neural,ENSG00000206538,-0.31644955,52.66136,0.31644955
non_neural,ENSG00000171224,-0.31633982,52.66136,0.31633982
non_neural,ENSG00000128872,0.31631923,52.66136,0.31631923
non_neural,ENSG00000187730,0.31623778,52.66136,0.31623778
non_neural,ENSG00000161634,-0.3157846,52.66136,0.3157846
non_neural,ENSG00000187764,-0.31561646,52.66136,0.31561646
non_neural,ENSG00000160180,0.3154673,52.66136,0.3154673
non_neural,ENSG00000153246,0.3152156,52.66136,0.3152156
non_neural,ENSG00000091129,-0.31515944,52.66136,0.31515944
non_neural,ENSG00000154319,-0.31515265,52.66136,0.31515265
non_neural,ENSG00000183773,-0.31488666,52.66136,0.31488666
non_neural,ENSG00000161681,0.31465915,52.66136,0.31465915
non_neural,ENSG00000115363,-0.31462198,52.66136,0.31462198
non_neural,ENSG00000211956,-0.31449336,52.66136,0.31449336
non_neural,ENSG00000068078,0.3144766,52.66136,0.3144766
non_neural,ENSG00000142661,-0.31441915,52.66136,0.31441915
non_neural,ENSG00000125869,0.3143895,52.66136,0.3143895
non_neural,ENSG00000110324,0.3136903,52.66136,0.3136903
non_neural,ENSG00000012223,0.31346622,52.66136,0.31346622
non_neural,ENSG00000073756,-0.31320593,52.66136,0.31320593
non_neural,ENSG00000157087,-0.3130927,52.66136,0.3130927
non_neural,ENSG00000090339,-0.3130228,52.66136,0.3130228
non_neural,ENSG00000196220,0.31286258,52.66136,0.31286258
non_neural,ENSG00000152049,-0.3128205,52.66136,0.3128205
non_neural,ENSG00000154639,0.31279463,52.66136,0.31279463
non_neural,ENSG00000204278,-0.31277496,52.66136,0.31277496
non_neural,ENSG00000233117,0.3127398,52.66136,0.3127398
non_neural,ENSG00000159212,0.31270066,52.66136,0.31270066
non_neural,ENSG00000198944,-0.31243068,52.66136,0.31243068
non_neural,ENSG00000165757,-0.3122654,52.66136,0.3122654
non_neural,ENSG00000145920,0.31208658,52.66136,0.31208658
non_neural,ENSG00000070193,-0.31191778,52.66136,0.31191778
non_neural,ENSG00000211937,-0.31075683,52.66136,0.31075683
non_neural,ENSG00000104368,0.3106609,52.66136,0.3106609
non_neural,ENSG00000127824,0.3104563,52.66136,0.3104563
non_neural,ENSG00000243449,0.31031257,52.66136,0.31031257
non_neural,ENSG00000134504,0.31006986,52.66136,0.31006986
non_neural,ENSG00000163083,0.30948538,52.66136,0.30948538
non_neural,ENSG00000179388,-0.30908102,52.66136,0.30908102
non_neural,ENSG00000240184,0.30899352,52.66136,0.30899352
non_neural,ENSG00000289089,0.3089123,52.66136,0.3089123
non_neural,ENSG00000089472,0.30880618,52.66136,0.30880618
non_neural,ENSG00000210082,-0.30856448,52.66136,0.30856448
non_neural,ENSG00000189320,0.30829802,52.66136,0.30829802
non_neural,ENSG00000141505,0.30795282,52.66136,0.30795282
non_neural,ENSG00000266524,0.30780268,52.66136,0.30780268
non_neural,ENSG00000165821,-0.3077641,52.66136,0.3077641
non_neural,ENSG00000112343,-0.30771366,52.66136,0.30771366
non_neural,ENSG00000172551,-0.30746827,52.66136,0.30746827
non_neural,ENSG00000168314,0.30741832,52.66136,0.30741832
non_neural,ENSG00000233913,0.3073834,52.66136,0.3073834
non_neural,ENSG00000136158,-0.3073269,52.66136,0.3073269
non_neural,ENSG00000106565,-0.30722818,52.66136,0.30722818
non_neural,ENSG00000145362,-0.3070508,52.66136,0.3070508
non_neural,ENSG00000004776,0.3067944,52.66136,0.3067944
non_neural,ENSG00000164776,-0.3067879,52.66136,0.3067879
non_neural,ENSG00000188573,-0.3067007,52.66136,0.3067007
non_neural,ENSG00000103313,0.3064751,52.66136,0.3064751
non_neural,ENSG00000187840,-0.3064485,52.66136,0.3064485
non_neural,ENSG00000142669,-0.30611175,52.66136,0.30611175
non_neural,ENSG00000130300,-0.30582285,52.66136,0.30582285
non_neural,ENSG00000108515,-0.30549106,52.66136,0.30549106
non_neural,ENSG00000276980,-0.30542043,52.66136,0.30542043
non_neural,ENSG00000143816,0.3053878,52.66136,0.3053878
non_neural,ENSG00000008056,0.30526587,52.66136,0.30526587
non_neural,ENSG00000185046,0.3041921,52.66136,0.3041921
non_neural,ENSG00000133477,-0.30388683,52.66136,0.30388683
non_neural,ENSG00000169439,0.30372617,52.66136,0.30372617
non_neural,ENSG00000087086,-0.30340505,52.66136,0.30340505
non_neural,ENSG00000110427,-0.30313206,52.66136,0.30313206
non_neural,ENSG00000131620,0.3031159,52.66136,0.3031159
non_neural,ENSG00000111664,0.30278268,52.66136,0.30278268
non_neural,ENSG00000105699,-0.30251357,52.66136,0.30251357
non_neural,ENSG00000106333,-0.30240625,52.66136,0.30240625
non_neural,ENSG00000066248,-0.30221254,52.66136,0.30221254
non_neural,ENSG00000243480,0.30209953,52.66136,0.30209953
non_neural,ENSG00000134812,0.30152306,52.66136,0.30152306
non_neural,ENSG00000103056,-0.3011223,52.66136,0.3011223
non_neural,ENSG00000132561,0.300278,52.66136,0.300278
non_neural,ENSG00000173110,-0.29999766,52.66136,0.29999766
non_neural,ENSG00000296962,-0.29983768,52.66136,0.29983768
non_neural,ENSG00000100427,-0.29977757,52.66136,0.29977757
non_neural,ENSG00000036530,-0.29971325,52.66136,0.29971325
non_neural,ENSG00000124713,-0.2996226,52.66136,0.2996226
non_neural,ENSG00000179639,-0.29952106,52.66136,0.29952106
non_neural,ENSG00000137076,-0.29932326,52.66136,0.29932326
non_neural,ENSG00000100003,0.29883438,52.66136,0.29883438
non_neural,ENSG00000189223,-0.29860836,52.66136,0.29860836
non_neural,ENSG00000077080,-0.2985207,52.66136,0.2985207
non_neural,ENSG00000163220,-0.2984711,52.66136,0.2984711
non_neural,ENSG00000111110,0.29841807,52.66136,0.29841807
non_neural,ENSG00000238018,-0.29840437,52.66136,0.29840437
non_neural,ENSG00000117983,-0.29819798,52.66136,0.29819798
non_neural,ENSG00000124762,0.29817992,52.66136,0.29817992
non_neural,ENSG00000113739,0.2981712,52.66136,0.2981712
non_neural,ENSG00000138161,0.29795787,52.66136,0.29795787
non_neural,ENSG00000174099,0.29722172,52.66136,0.29722172
non_neural,ENSG00000111863,-0.2971733,52.66136,0.2971733
non_neural,ENSG00000153822,0.29707167,52.66136,0.29707167
non_neural,ENSG00000169504,-0.29680008,52.66136,0.29680008
non_neural,ENSG00000182575,-0.29676768,52.66136,0.29676768
non_neural,ENSG00000118298,-0.29666346,52.66136,0.29666346
non_neural,ENSG00000142102,0.29654494,52.66136,0.29654494
non_neural,ENSG00000005513,-0.29637247,52.66136,0.29637247
non_neural,ENSG00000196296,0.29586038,52.66136,0.29586038
non_neural,ENSG00000124191,-0.29581562,52.66136,0.29581562
non_neural,ENSG00000180071,0.2956321,52.66136,0.2956321
non_neural,ENSG00000117791,-0.29557815,52.66136,0.29557815
non_neural,ENSG00000211678,0.29553258,52.66136,0.29553258
non_neural,ENSG00000138207,-0.29505605,52.66136,0.29505605
non_neural,ENSG00000099860,-0.29365024,52.66136,0.29365024
non_neural,ENSG00000153885,0.29353854,52.66136,0.29353854
non_neural,ENSG00000092009,-0.29325098,52.66136,0.29325098
non_neural,ENSG00000166780,0.29307917,52.66136,0.29307917
non_neural,ENSG00000049323,0.29304808,52.66136,0.29304808
non_neural,ENSG00000185664,0.29262233,52.66136,0.29262233
non_neural,ENSG00000081041,0.29254347,52.66136,0.29254347
non_neural,ENSG00000174175,-0.29204345,52.66136,0.29204345
non_neural,ENSG00000008394,0.29201615,52.66136,0.29201615
non_neural,ENSG00000065357,-0.29187095,52.66136,0.29187095
non_neural,ENSG00000163993,-0.2917477,52.66136,0.2917477
non_neural,ENSG00000283787,0.29164734,52.66136,0.29164734
non_neural,ENSG00000119699,-0.29127634,52.66136,0.29127634
non_neural,ENSG00000181104,-0.29113382,52.66136,0.29113382
non_neural,ENSG00000116729,0.29078683,52.66136,0.29078683
non_neural,ENSG00000121691,-0.29075396,52.66136,0.29075396
non_neural,ENSG00000152952,-0.29023072,52.66136,0.29023072
non_neural,ENSG00000182132,0.29018235,52.66136,0.29018235
non_neural,ENSG00000120549,0.28993595,52.66136,0.28993595
non_neural,ENSG00000075624,0.2898056,52.66136,0.2898056
non_neural,ENSG00000135346,0.28978652,52.66136,0.28978652
non_neural,ENSG00000128849,-0.28974366,52.66136,0.28974366
non_neural,ENSG00000118985,0.28954193,52.66136,0.28954193
non_neural,ENSG00000132535,0.28884926,52.66136,0.28884926
non_neural,ENSG00000111245,0.28880882,52.66136,0.28880882
non_neural,ENSG00000150630,0.2881199,52.66136,0.2881199
non_neural,ENSG00000290878,-0.28781468,52.66136,0.28781468
non_neural,ENSG00000177807,-0.2874763,52.66136,0.2874763
non_neural,ENSG00000140263,0.287365,52.66136,0.287365
non_neural,ENSG00000178445,-0.28681514,52.66136,0.28681514
non_neural,ENSG00000152527,0.28672054,52.66136,0.28672054
non_neural,ENSG00000118160,-0.28670418,52.66136,0.28670418
non_neural,ENSG00000289901,-0.28622204,52.66136,0.28622204
non_neural,ENSG00000167037,0.28600302,52.66136,0.28600302
non_neural,ENSG00000101255,0.28598988,52.66136,0.28598988
non_neural,ENSG00000138162,-0.2859292,52.66136,0.2859292
non_neural,ENSG00000067842,-0.28589043,52.66136,0.28589043
non_neural,ENSG00000138755,0.2856956,52.66136,0.2856956
non_neural,ENSG00000172461,0.28532988,52.66136,0.28532988
non_neural,ENSG00000142583,0.28517616,52.66136,0.28517616
non_neural,ENSG00000095585,-0.2847676,52.66136,0.2847676
non_neural,ENSG00000123243,0.28465462,52.66136,0.28465462
non_neural,ENSG00000133687,0.28400886,52.66136,0.28400886
non_neural,ENSG00000174233,0.2839302,52.66136,0.2839302
non_neural,ENSG00000029534,-0.2835244,52.66136,0.2835244
non_neural,ENSG00000135047,-0.2835237,52.66136,0.2835237
non_neural,ENSG00000242441,-0.28313765,52.66136,0.28313765
non_neural,ENSG00000153002,-0.28289288,52.66136,0.28289288
non_neural,ENSG00000186335,0.2824844,52.66136,0.2824844
non_neural,ENSG00000145491,0.28245103,52.66136,0.28245103
non_neural,ENSG00000109089,0.28205803,52.66136,0.28205803
non_neural,ENSG00000164294,-0.2816901,52.66136,0.2816901
non_neural,ENSG00000169413,-0.28165144,52.66136,0.28165144
non_neural,ENSG00000293515,-0.28158662,52.66136,0.28158662
non_neural,ENSG00000165799,0.28149027,52.66136,0.28149027
non_neural,ENSG00000137463,-0.28141817,52.66136,0.28141817
non_neural,ENSG00000006118,0.28090408,52.66136,0.28090408
non_neural,ENSG00000196616,-0.28047323,52.66136,0.28047323
non_neural,ENSG00000157227,0.28028572,52.66136,0.28028572
non_neural,ENSG00000131981,0.28025815,52.66136,0.28025815
non_neural,ENSG00000162975,-0.2802514,52.66136,0.2802514
non_neural,ENSG00000173559,0.2801764,52.66136,0.2801764
non_neural,ENSG00000123496,0.27975193,52.66136,0.27975193
non_neural,ENSG00000186407,0.27945468,52.66136,0.27945468
non_neural,ENSG00000186652,-0.27869883,52.66136,0.27869883
non_neural,ENSG00000176244,0.27803576,52.66136,0.27803576
non_neural,ENSG00000196189,0.2780226,52.66136,0.2780226
non_neural,ENSG00000146013,0.27797753,52.66136,0.27797753
non_neural,ENSG00000261857,-0.2778596,52.66136,0.2778596
non_neural,ENSG00000132698,-0.2772483,52.66136,0.2772483
non_neural,ENSG00000196639,-0.2771936,52.66136,0.2771936
non_neural,ENSG00000145423,0.27681765,52.66136,0.27681765
non_neural,ENSG00000128918,0.27649844,52.66136,0.27649844
non_neural,ENSG00000173848,0.27639797,52.66136,0.27639797
non_neural,ENSG00000164111,-0.27633178,52.66136,0.27633178
non_neural,ENSG00000137673,-0.27615756,52.66136,0.27615756
non_neural,ENSG00000132321,-0.27583754,52.66136,0.27583754
non_neural,ENSG00000016490,-0.27561665,52.66136,0.27561665
non_neural,ENSG00000279118,-0.27557093,52.66136,0.27557093
non_neural,ENSG00000136383,-0.27521273,52.66136,0.27521273
non_neural,ENSG00000143320,0.2749761,52.66136,0.2749761
non_neural,ENSG00000170425,0.27478454,52.66136,0.27478454
non_neural,ENSG00000054598,-0.27460715,52.66136,0.27460715
non_neural,ENSG00000224397,-0.2744516,52.66136,0.2744516
non_neural,ENSG00000169550,0.2742942,52.66136,0.2742942
non_neural,ENSG00000176658,-0.27392203,52.66136,0.27392203
non_neural,ENSG00000008441,0.27370304,52.66136,0.27370304
non_neural,ENSG00000059915,0.27317473,52.66136,0.27317473
non_neural,ENSG00000131055,-0.2730136,52.66136,0.2730136
non_neural,ENSG00000143556,0.27295566,52.66136,0.27295566
non_neural,ENSG00000102359,0.27269617,52.66136,0.27269617
non_neural,ENSG00000277734,-0.27182204,52.66136,0.27182204
non_neural,ENSG00000170390,0.27139437,52.66136,0.27139437
non_neural,ENSG00000235750,0.27134493,52.66136,0.27134493
non_neural,ENSG00000050327,0.27130777,52.66136,0.27130777
non_neural,ENSG00000250742,-0.27130672,52.66136,0.27130672
non_neural,ENSG00000134042,0.27109233,52.66136,0.27109233
non_neural,ENSG00000105088,-0.2710506,52.66136,0.2710506
non_neural,ENSG00000104760,-0.27064043,52.66136,0.27064043
non_neural,ENSG00000111181,0.27057728,52.66136,0.27057728
non_neural,ENSG00000275896,0.27048704,52.66136,0.27048704
non_neural,ENSG00000116824,-0.27016312,52.66136,0.27016312
non_neural,ENSG00000254647,0.26985365,52.66136,0.26985365
non_neural,ENSG00000132702,0.2697224,52.66136,0.2697224
non_neural,ENSG00000167941,-0.26963678,52.66136,0.26963678
non_neural,ENSG00000105398,-0.26963115,52.66136,0.26963115
non_neural,ENSG00000170006,-0.26936427,52.66136,0.26936427
non_neural,ENSG00000115252,0.26934794,52.66136,0.26934794
non_neural,ENSG00000118777,0.26871493,52.66136,0.26871493
non_neural,ENSG00000135097,-0.2683161,52.66136,0.2683161
non_neural,ENSG00000177685,0.2683097,52.66136,0.2683097
non_neural,ENSG00000135636,-0.26830408,52.66136,0.26830408
non_neural,ENSG00000137825,0.26824063,52.66136,0.26824063
non_neural,ENSG00000108556,-0.26730314,52.66136,0.26730314
non_neural,ENSG00000187867,0.26721588,52.66136,0.26721588
non_neural,ENSG00000174059,-0.2671921,52.66136,0.2671921
non_neural,ENSG00000092051,-0.2671867,52.66136,0.2671867
non_neural,ENSG00000108242,-0.26718077,52.66136,0.26718077
non_neural,ENSG00000179954,0.26657808,52.66136,0.26657808
non_neural,ENSG00000124143,0.26641518,52.66136,0.26641518
non_neural,ENSG00000138028,-0.26640296,52.66136,0.26640296
non_neural,ENSG00000000005,-0.2660766,52.66136,0.2660766
non_neural,ENSG00000164687,-0.26607552,52.66136,0.26607552
non_neural,ENSG00000110148,0.26549274,52.66136,0.26549274
non_neural,ENSG00000211938,-0.26530707,52.66136,0.26530707
non_neural,ENSG00000111799,-0.2651751,52.66136,0.2651751
non_neural,ENSG00000112303,0.26515955,52.66136,0.26515955
non_neural,ENSG00000183615,-0.26504388,52.66136,0.26504388
non_neural,ENSG00000137462,0.26482207,52.66136,0.26482207
non_neural,ENSG00000203685,0.2648033,52.66136,0.2648033
non_neural,ENSG00000167157,-0.26451644,52.66136,0.26451644
non_neural,ENSG00000185522,-0.26433158,52.66136,0.26433158
non_neural,ENSG00000174403,-0.2643286,52.66136,0.2643286
non_neural,ENSG00000039560,-0.2642006,52.66136,0.2642006
non_neural,ENSG00000102003,-0.26384535,52.66136,0.26384535
non_neural,ENSG00000290935,0.26322213,52.66136,0.26322213
non_neural,ENSG00000124935,0.26296163,52.66136,0.26296163
non_neural,ENSG00000104177,-0.26290074,52.66136,0.26290074
non_neural,ENSG00000289474,-0.26224285,52.66136,0.26224285
non_neural,ENSG00000154153,-0.26220214,52.66136,0.26220214
non_neural,ENSG00000198336,-0.2621368,52.66136,0.2621368
non_neural,ENSG00000275993,0.2618407,52.66136,0.2618407
non_neural,ENSG00000100558,-0.26180544,52.66136,0.26180544
non_neural,ENSG00000133789,0.2614723,52.66136,0.2614723
non_neural,ENSG00000084674,0.2613403,52.66136,0.2613403
non_neural,ENSG00000104267,0.26122946,52.66136,0.26122946
non_neural,ENSG00000078098,-0.26099285,52.66136,0.26099285
non_neural,ENSG00000124785,-0.26090714,52.66136,0.26090714
non_neural,ENSG00000139263,-0.2605517,52.66136,0.2605517
non_neural,ENSG00000219438,-0.26046064,52.66136,0.26046064
non_neural,ENSG00000164099,0.26029405,52.66136,0.26029405
non_neural,ENSG00000125144,-0.26015657,52.66136,0.26015657
non_neural,ENSG00000092621,-0.25978497,52.66136,0.25978497
non_neural,ENSG00000171119,-0.2595463,52.66136,0.2595463
non_neural,ENSG00000184489,0.2594823,52.66136,0.2594823
non_neural,ENSG00000176170,-0.25925088,52.66136,0.25925088
non_neural,ENSG00000168453,-0.2589004,52.66136,0.2589004
non_neural,ENSG00000198794,-0.2587021,52.66136,0.2587021
non_neural,ENSG00000177511,-0.25863776,52.66136,0.25863776
non_neural,ENSG00000079257,0.2579169,52.66136,0.2579169
non_neural,ENSG00000136931,-0.25788257,52.66136,0.25788257
non_neural,ENSG00000095739,0.25764522,52.66136,0.25764522
non_neural,ENSG00000198743,0.25745302,52.66136,0.25745302
non_neural,ENSG00000106511,0.25738087,52.66136,0.25738087
non_neural,ENSG00000121577,-0.2572022,52.66136,0.2572022
non_neural,ENSG00000198113,0.2570959,52.66136,0.2570959
non_neural,ENSG00000162654,0.25668362,52.66136,0.25668362
non_neural,ENSG00000106034,0.25621492,52.66136,0.25621492
non_neural,ENSG00000129991,-0.2560916,52.66136,0.2560916
non_neural,ENSG00000167680,0.2557609,52.66136,0.2557609
non_neural,ENSG00000145287,0.2557111,52.66136,0.2557111
non_neural,ENSG00000137804,0.25556904,52.66136,0.25556904
non_neural,ENSG00000188191,0.25528637,52.66136,0.25528637
non_neural,ENSG00000151948,-0.25465864,52.66136,0.25465864
non_neural,ENSG00000213853,0.25454333,52.66136,0.25454333
non_neural,ENSG00000211933,-0.25449526,52.66136,0.25449526
non_neural,ENSG00000074706,0.2542733,52.66136,0.2542733
non_neural,ENSG00000124615,0.2539918,52.66136,0.2539918
non_neural,ENSG00000058085,-0.2537586,52.66136,0.2537586
non_neural,ENSG00000151491,-0.25370622,52.66136,0.25370622
non_neural,ENSG00000132965,0.2536843,52.66136,0.2536843
non_neural,ENSG00000214578,0.2536231,52.66136,0.2536231
non_neural,ENSG00000108691,0.25320297,52.66136,0.25320297
non_neural,ENSG00000161281,0.25316608,52.66136,0.25316608
non_neural,ENSG00000105516,0.25313786,52.66136,0.25313786
non_neural,ENSG00000151012,0.25312757,52.66136,0.25312757
non_neural,ENSG00000008438,-0.25275227,52.66136,0.25275227
non_neural,ENSG00000078898,0.25260094,52.66136,0.25260094
non_neural,ENSG00000196361,-0.25256565,52.66136,0.25256565
non_neural,ENSG00000138623,-0.25245968,52.66136,0.25245968
non_neural,ENSG00000136573,0.25243172,52.66136,0.25243172
non_neural,ENSG00000239839,0.252232,52.66136,0.252232
non_neural,ENSG00000145283,-0.25210962,52.66136,0.25210962
non_neural,ENSG00000132970,0.25197616,52.66136,0.25197616
non_neural,ENSG00000020577,-0.2518483,52.66136,0.2518483
non_neural,ENSG00000163331,0.2516191,52.66136,0.2516191
non_neural,ENSG00000163563,0.25107065,52.66136,0.25107065
non_neural,ENSG00000077943,-0.25106668,52.66136,0.25106668
non_neural,ENSG00000077782,0.25071263,52.66136,0.25071263
non_neural,ENSG00000103319,0.2506598,52.66136,0.2506598
non_neural,ENSG00000078401,-0.25057533,52.66136,0.25057533
non_neural,ENSG00000105538,-0.2502021,52.66136,0.2502021
non_neural,ENSG00000091128,0.2501168,52.66136,0.2501168
non_neural,ENSG00000086506,-0.25009558,52.66136,0.25009558
non_neural,ENSG00000116852,0.24986869,52.66136,0.24986869
non_neural,ENSG00000177096,-0.24978574,52.66136,0.24978574
non_neural,ENSG00000204175,0.24962719,52.66136,0.24962719
non_neural,ENSG00000198417,0.24901554,52.66136,0.24901554
non_neural,ENSG00000184545,-0.24900635,52.66136,0.24900635
non_neural,ENSG00000228075,0.24896462,52.66136,0.24896462
non_neural,ENSG00000139832,-0.24883445,52.66136,0.24883445
non_neural,ENSG00000136286,0.24841867,52.66136,0.24841867
non_neural,ENSG00000101210,-0.24838169,52.66136,0.24838169
non_neural,ENSG00000273108,-0.24803819,52.66136,0.24803819
non_neural,ENSG00000162511,-0.24797608,52.66136,0.24797608
non_neural,ENSG00000054654,0.24795412,52.66136,0.24795412
non_neural,ENSG00000114948,0.2479107,52.66136,0.2479107
non_neural,ENSG00000102962,0.24778037,52.66136,0.24778037
non_neural,ENSG00000161055,-0.24770302,52.66136,0.24770302
non_neural,ENSG00000159403,-0.24765265,52.66136,0.24765265
non_neural,ENSG00000198846,-0.24749842,52.66136,0.24749842
non_neural,ENSG00000105880,-0.24714161,52.66136,0.24714161
non_neural,ENSG00000172403,0.24708442,52.66136,0.24708442
non_neural,ENSG00000020129,-0.24705881,52.66136,0.24705881
non_neural,ENSG00000171033,-0.24675274,52.66136,0.24675274
non_neural,ENSG00000166532,0.24645689,52.66136,0.24645689
non_neural,ENSG00000188290,-0.24639641,52.66136,0.24639641
non_neural,ENSG00000276600,-0.24628031,52.66136,0.24628031
non_neural,ENSG00000131435,-0.24618766,52.66136,0.24618766
non_neural,ENSG00000164047,0.24597685,52.66136,0.24597685
non_neural,ENSG00000235961,0.2459441,52.66136,0.2459441
non_neural,ENSG00000182379,-0.24584356,52.66136,0.24584356
non_neural,ENSG00000185479,-0.24556132,52.66136,0.24556132
non_neural,ENSG00000099822,0.24519165,52.66136,0.24519165
non_neural,ENSG00000147255,0.24514784,52.66136,0.24514784
non_neural,ENSG00000258967,-0.24512687,52.66136,0.24512687
non_neural,ENSG00000070159,0.24507758,52.66136,0.24507758
non_neural,ENSG00000104435,-0.24489248,52.66136,0.24489248
non_neural,ENSG00000106025,-0.24485171,52.66136,0.24485171
non_neural,ENSG00000112276,0.24444854,52.66136,0.24444854
non_neural,ENSG00000167757,-0.24429922,52.66136,0.24429922
non_neural,ENSG00000109511,-0.24416476,52.66136,0.24416476
non_neural,ENSG00000136250,0.24413243,52.66136,0.24413243
non_neural,ENSG00000180921,-0.24412014,52.66136,0.24412014
non_neural,ENSG00000057657,0.24407928,52.66136,0.24407928
non_neural,ENSG00000125398,-0.2440754,52.66136,0.2440754
non_neural,ENSG00000047457,0.24394646,52.66136,0.24394646
non_neural,ENSG00000269124,-0.2437352,52.66136,0.2437352
non_neural,ENSG00000135596,-0.2436518,52.66136,0.2436518
non_neural,ENSG00000140459,-0.24351951,52.66136,0.24351951
non_neural,ENSG00000198598,0.243465,52.66136,0.243465
non_neural,ENSG00000240382,0.24311163,52.66136,0.24311163
non_neural,ENSG00000166183,-0.2430997,52.66136,0.2430997
non_neural,ENSG00000166265,0.2430633,52.66136,0.2430633
non_neural,ENSG00000182022,-0.24292485,52.66136,0.24292485
non_neural,ENSG00000078295,0.24280936,52.66136,0.24280936
non_neural,ENSG00000116717,-0.24279112,52.66136,0.24279112
non_neural,ENSG00000156076,-0.24256846,52.66136,0.24256846
non_neural,ENSG00000069399,-0.24248172,52.66136,0.24248172
non_neural,ENSG00000173209,-0.24206354,52.66136,0.24206354
non_neural,ENSG00000211965,-0.24180941,52.66136,0.24180941
non_neural,ENSG00000279933,0.24158388,52.66136,0.24158388
non_neural,ENSG00000164825,0.24152581,52.66136,0.24152581
non_neural,ENSG00000105427,0.24143413,52.66136,0.24143413
non_neural,ENSG00000141744,-0.24134254,52.66136,0.24134254
non_neural,ENSG00000211459,0.24121247,52.66136,0.24121247
non_neural,ENSG00000128383,0.24065247,52.66136,0.24065247
non_neural,ENSG00000131459,0.24058701,52.66136,0.24058701
non_neural,ENSG00000243566,0.24051878,52.66136,0.24051878
non_neural,ENSG00000197261,0.24051362,52.66136,0.24051362
non_neural,ENSG00000122642,0.24018757,52.66136,0.24018757
non_neural,ENSG00000184160,0.24003477,52.66136,0.24003477
non_neural,ENSG00000125845,0.23927945,52.66136,0.23927945
non_neural,ENSG00000174500,0.23915315,52.66136,0.23915315
non_neural,ENSG00000182195,-0.23886475,52.66136,0.23886475
non_neural,ENSG00000104881,0.23864338,52.66136,0.23864338
non_neural,ENSG00000187134,-0.23840322,52.66136,0.23840322
non_neural,ENSG00000110031,-0.23795912,52.66136,0.23795912
non_neural,ENSG00000102981,-0.23790903,52.66136,0.23790903
non_neural,ENSG00000289252,-0.23767044,52.66136,0.23767044
non_neural,ENSG00000177706,0.23727085,52.66136,0.23727085
non_neural,ENSG00000145879,0.23726453,52.66136,0.23726453
non_neural,ENSG00000091138,0.23704402,52.66136,0.23704402
non_neural,ENSG00000109861,0.23703429,52.66136,0.23703429
non_neural,ENSG00000174607,0.23670115,52.66136,0.23670115
non_neural,ENSG00000164089,-0.23658752,52.66136,0.23658752
non_neural,ENSG00000237973,0.23655061,52.66136,0.23655061
non_neural,ENSG00000211676,0.23626356,52.66136,0.23626356
non_neural,ENSG00000158517,-0.23611768,52.66136,0.23611768
non_neural,ENSG00000022355,-0.23594482,52.66136,0.23594482
non_neural,ENSG00000205502,0.23591472,52.66136,0.23591472
non_neural,ENSG00000142623,0.23565602,52.66136,0.23565602
non_neural,ENSG00000198682,0.23512304,52.66136,0.23512304
non_neural,ENSG00000204482,-0.23506583,52.66136,0.23506583
non_neural,ENSG00000125414,0.2347396,52.66136,0.2347396
non_neural,ENSG00000196872,-0.23431832,52.66136,0.23431832
non_neural,ENSG00000113916,-0.2340497,52.66136,0.2340497
non_neural,ENSG00000137573,-0.23377936,52.66136,0.23377936
non_neural,ENSG00000091428,0.23344555,52.66136,0.23344555
non_neural,ENSG00000067646,-0.23329881,52.66136,0.23329881
non_neural,ENSG00000125740,0.23329128,52.66136,0.23329128
non_neural,ENSG00000154027,-0.23325035,52.66136,0.23325035
non_neural,ENSG00000010327,-0.23293939,52.66136,0.23293939
non_neural,ENSG00000126262,-0.23217443,52.66136,0.23217443
non_neural,ENSG00000140279,-0.23173575,52.66136,0.23173575
non_neural,ENSG00000085741,-0.23161228,52.66136,0.23161228
non_neural,ENSG00000129910,-0.23136176,52.66136,0.23136176
non_neural,ENSG00000182902,-0.23108023,52.66136,0.23108023
non_neural,ENSG00000162188,0.23105162,52.66136,0.23105162
non_neural,ENSG00000122877,-0.23084128,52.66136,0.23084128
non_neural,ENSG00000176153,-0.23081182,52.66136,0.23081182
non_neural,ENSG00000185873,-0.23041666,52.66136,0.23041666
non_neural,ENSG00000215252,0.23023853,52.66136,0.23023853
non_neural,ENSG00000123843,-0.22990328,52.66136,0.22990328
non_neural,ENSG00000203760,0.22945343,52.66136,0.22945343
non_neural,ENSG00000283992,0.22918837,52.66136,0.22918837
non_neural,ENSG00000179902,-0.22916716,52.66136,0.22916716
non_neural,ENSG00000102804,-0.2291186,52.66136,0.2291186
non_neural,ENSG00000136457,-0.2284741,52.66136,0.2284741
non_neural,ENSG00000142611,-0.228155,52.66136,0.228155
non_neural,ENSG00000104419,0.228145,52.66136,0.228145
non_neural,ENSG00000100884,0.22812615,52.66136,0.22812615
non_neural,ENSG00000167701,-0.22797509,52.66136,0.22797509
non_neural,ENSG00000196154,0.22787578,52.66136,0.22787578
non_neural,ENSG00000131668,-0.2271153,52.66136,0.2271153
non_neural,ENSG00000136379,0.22699843,52.66136,0.22699843
non_neural,ENSG00000077522,-0.22695121,52.66136,0.22695121
non_neural,ENSG00000165566,-0.22665693,52.66136,0.22665693
non_neural,ENSG00000120075,-0.22657625,52.66136,0.22657625
non_neural,ENSG00000187266,0.2258732,52.66136,0.2258732
non_neural,ENSG00000183807,-0.2256159,52.66136,0.2256159
non_neural,ENSG00000213694,-0.22509462,52.66136,0.22509462
non_neural,ENSG00000135245,-0.22504623,52.66136,0.22504623
non_neural,ENSG00000062038,-0.22492902,52.66136,0.22492902
non_neural,ENSG00000135094,0.22492719,52.66136,0.22492719
non_neural,ENSG00000188257,0.22487718,52.66136,0.22487718
non_neural,ENSG00000250366,0.22483556,52.66136,0.22483556
non_neural,ENSG00000115266,-0.22437796,52.66136,0.22437796
non_neural,ENSG00000249669,0.22412547,52.66136,0.22412547
non_neural,ENSG00000151320,-0.2240855,52.66136,0.2240855
non_neural,ENSG00000213949,-0.22404052,52.66136,0.22404052
non_neural,ENSG00000211892,0.22390464,52.66136,0.22390464
non_neural,ENSG00000110400,-0.22380345,52.66136,0.22380345
non_neural,ENSG00000118402,-0.223751,52.66136,0.223751
non_neural,ENSG00000170091,0.22299682,52.66136,0.22299682
non_neural,ENSG00000198074,0.22287555,52.66136,0.22287555
non_neural,ENSG00000109182,0.22286509,52.66136,0.22286509
non_neural,ENSG00000179772,0.2226978,52.66136,0.2226978
non_neural,ENSG00000197614,0.2226733,52.66136,0.2226733
non_neural,ENSG00000167460,0.22249535,52.66136,0.22249535
non_neural,ENSG00000055732,0.22223045,52.66136,0.22223045
non_neural,ENSG00000170801,0.2221249,52.66136,0.2221249
non_neural,ENSG00000182253,0.22173384,52.66136,0.22173384
non_neural,ENSG00000138771,-0.22168912,52.66136,0.22168912
non_neural,ENSG00000104327,0.22166972,52.66136,0.22166972
non_neural,ENSG00000181449,0.2214999,52.66136,0.2214999
non_neural,ENSG00000025423,0.22136526,52.66136,0.22136526
non_neural,ENSG00000149968,-0.22117762,52.66136,0.22117762
non_neural,ENSG00000118508,-0.221061,52.66136,0.221061
non_neural,ENSG00000115523,-0.2209468,52.66136,0.2209468
non_neural,ENSG00000106927,0.2209173,52.66136,0.2209173
non_neural,ENSG00000152578,-0.22089155,52.66136,0.22089155
non_neural,ENSG00000127241,0.21989132,52.66136,0.21989132
non_neural,ENSG00000205795,0.21972355,52.66136,0.21972355
non_neural,ENSG00000135437,0.219554,52.66136,0.219554
non_neural,ENSG00000257017,0.21951738,52.66136,0.21951738
non_neural,ENSG00000205076,-0.21951106,52.66136,0.21951106
non_neural,ENSG00000101911,0.21928483,52.66136,0.21928483
non_neural,ENSG00000280010,0.21906115,52.66136,0.21906115
non_neural,ENSG00000069482,0.21864705,52.66136,0.21864705
non_neural,ENSG00000143768,-0.21849293,52.66136,0.21849293
non_neural,ENSG00000187720,-0.21847077,52.66136,0.21847077
non_neural,ENSG00000263639,0.21841316,52.66136,0.21841316
non_neural,ENSG00000223572,-0.21790081,52.66136,0.21790081
non_neural,ENSG00000209082,0.21785174,52.66136,0.21785174
non_neural,ENSG00000241294,-0.21750338,52.66136,0.21750338
non_neural,ENSG00000148344,-0.21725474,52.66136,0.21725474
non_neural,ENSG00000243238,0.21712634,52.66136,0.21712634
non_neural,ENSG00000105697,0.21664587,52.66136,0.21664587
non_neural,ENSG00000145335,0.21663478,52.66136,0.21663478
non_neural,ENSG00000285128,0.21652374,52.66136,0.21652374
non_neural,ENSG00000122378,0.21627793,52.66136,0.21627793
non_neural,ENSG00000117479,-0.21603565,52.66136,0.21603565
non_neural,ENSG00000198759,-0.21595977,52.66136,0.21595977
non_neural,ENSG00000166828,-0.21589012,52.66136,0.21589012
non_neural,ENSG00000119946,0.21585678,52.66136,0.21585678
non_neural,ENSG00000283766,0.21580628,52.66136,0.21580628
non_neural,ENSG00000167434,-0.21568348,52.66136,0.21568348
non_neural,ENSG00000167608,0.21483275,52.66136,0.21483275
non_neural,ENSG00000120645,0.21464658,52.66136,0.21464658
non_neural,ENSG00000158887,0.2145141,52.66136,0.2145141
non_neural,ENSG00000211638,-0.21439403,52.66136,0.21439403
non_neural,ENSG00000176387,0.21415384,52.66136,0.21415384
non_neural,ENSG00000186493,0.21399052,52.66136,0.21399052
non_neural,ENSG00000074964,-0.21397826,52.66136,0.21397826
non_neural,ENSG00000152977,0.21389583,52.66136,0.21389583
non_neural,ENSG00000128342,0.21367353,52.66136,0.21367353
non_neural,ENSG00000253276,-0.21366782,52.66136,0.21366782
non_neural,ENSG00000115468,0.21355794,52.66136,0.21355794
non_neural,ENSG00000154096,0.21320806,52.66136,0.21320806
non_neural,ENSG00000134317,0.21312214,52.66136,0.21312214
non_neural,ENSG00000128917,0.21280478,52.66136,0.21280478
non_neural,ENSG00000167964,0.21279871,52.66136,0.21279871
non_neural,ENSG00000113231,-0.2127268,52.66136,0.2127268
non_neural,ENSG00000175591,-0.21250448,52.66136,0.21250448
non_neural,ENSG00000307802,0.21246319,52.66136,0.21246319
non_neural,ENSG00000105509,-0.21224399,52.66136,0.21224399
non_neural,ENSG00000148357,0.21203654,52.66136,0.21203654
non_neural,ENSG00000103184,-0.21189739,52.66136,0.21189739
non_neural,ENSG00000169862,-0.2117196,52.66136,0.2117196
non_neural,ENSG00000136960,0.21161671,52.66136,0.21161671
non_neural,ENSG00000185215,-0.21157412,52.66136,0.21157412
non_neural,ENSG00000196517,-0.21153302,52.66136,0.21153302
non_neural,ENSG00000151617,-0.21147437,52.66136,0.21147437
non_neural,ENSG00000198771,-0.21142341,52.66136,0.21142341
non_neural,ENSG00000178999,-0.21141788,52.66136,0.21141788
non_neural,ENSG00000110675,-0.21100725,52.66136,0.21100725
non_neural,ENSG00000126709,0.21057461,52.66136,0.21057461
non_neural,ENSG00000189337,-0.21043964,52.66136,0.21043964
non_neural,ENSG00000197381,0.21021634,52.66136,0.21021634
non_neural,ENSG00000107551,0.21013702,52.66136,0.21013702
non_neural,ENSG00000149260,-0.20998819,52.66136,0.20998819
non_neural,ENSG00000164442,0.20998123,52.66136,0.20998123
non_neural,ENSG00000047648,0.20961839,52.66136,0.20961839
non_neural,ENSG00000160808,0.20941551,52.66136,0.20941551
non_neural,ENSG00000124249,-0.2089442,52.66136,0.2089442
non_neural,ENSG00000169047,-0.20887499,52.66136,0.20887499
non_neural,ENSG00000116117,-0.2088332,52.66136,0.2088332
non_neural,ENSG00000196104,0.20816827,52.66136,0.20816827
non_neural,ENSG00000136717,-0.20811434,52.66136,0.20811434
non_neural,ENSG00000174788,-0.20798083,52.66136,0.20798083
non_neural,ENSG00000169258,-0.20773183,52.66136,0.20773183
non_neural,ENSG00000117143,0.20763578,52.66136,0.20763578
non_neural,ENSG00000134548,0.2076087,52.66136,0.2076087
non_neural,ENSG00000165863,0.20745337,52.66136,0.20745337
non_neural,ENSG00000144550,0.20740844,52.66136,0.20740844
non_neural,ENSG00000151468,0.20708902,52.66136,0.20708902
non_neural,ENSG00000204252,-0.2070372,52.66136,0.2070372
non_neural,ENSG00000162551,0.20697634,52.66136,0.20697634
non_neural,ENSG00000176406,-0.20695356,52.66136,0.20695356
non_neural,ENSG00000050438,-0.2067856,52.66136,0.2067856
non_neural,ENSG00000197540,0.20667331,52.66136,0.20667331
non_neural,ENSG00000106772,0.20661612,52.66136,0.20661612
non_neural,ENSG00000136040,-0.20638303,52.66136,0.20638303
non_neural,ENSG00000164764,0.20630775,52.66136,0.20630775
non_neural,ENSG00000171772,-0.20624715,52.66136,0.20624715
non_neural,ENSG00000160678,0.20602502,52.66136,0.20602502
non_neural,ENSG00000162728,-0.20601597,52.66136,0.20601597
non_neural,ENSG00000171700,-0.20556228,52.66136,0.20556228
non_neural,ENSG00000134917,-0.2054938,52.66136,0.2054938
non_neural,ENSG00000170835,-0.20534927,52.66136,0.20534927
non_neural,ENSG00000156219,0.20505781,52.66136,0.20505781
non_neural,ENSG00000152104,-0.20494552,52.66136,0.20494552
non_neural,ENSG00000185112,-0.20491949,52.66136,0.20491949
non_neural,ENSG00000172020,-0.20485407,52.66136,0.20485407
non_neural,ENSG00000107984,-0.20482796,52.66136,0.20482796
non_neural,ENSG00000123689,-0.20462711,52.66136,0.20462711
non_neural,ENSG00000272398,-0.2046163,52.66136,0.2046163
non_neural,ENSG00000160111,0.20457393,52.66136,0.20457393
non_neural,ENSG00000055955,-0.20444821,52.66136,0.20444821
non_neural,ENSG00000213654,-0.20420478,52.66136,0.20420478
non_neural,ENSG00000075340,0.20413993,52.66136,0.20413993
non_neural,ENSG00000139178,-0.20386676,52.66136,0.20386676
non_neural,ENSG00000143515,0.20380715,52.66136,0.20380715
non_neural,ENSG00000007866,0.20327954,52.66136,0.20327954
non_neural,ENSG00000064687,-0.20303664,52.66136,0.20303664
non_neural,ENSG00000104112,0.20299536,52.66136,0.20299536
non_neural,ENSG00000178947,-0.20292991,52.66136,0.20292991
non_neural,ENSG00000163171,-0.20290084,52.66136,0.20290084
non_neural,ENSG00000290541,0.20270494,52.66136,0.20270494
non_neural,ENSG00000135709,0.20247488,52.66136,0.20247488
non_neural,ENSG00000183801,-0.20234302,52.66136,0.20234302
non_neural,ENSG00000158008,0.20233294,52.66136,0.20233294
non_neural,ENSG00000177098,-0.20211919,52.66136,0.20211919
non_neural,ENSG00000159335,-0.20210055,52.66136,0.20210055
non_neural,ENSG00000272669,0.20174709,52.66136,0.20174709
non_neural,ENSG00000157851,-0.20156291,52.66136,0.20156291
non_neural,ENSG00000146197,-0.20151043,52.66136,0.20151043
non_neural,ENSG00000070182,0.20131575,52.66136,0.20131575
non_neural,ENSG00000091136,0.20131502,52.66136,0.20131502
non_neural,ENSG00000084710,-0.20130387,52.66136,0.20130387
non_neural,ENSG00000166426,0.20113383,52.66136,0.20113383
non_neural,ENSG00000198753,0.20110403,52.66136,0.20110403
non_neural,ENSG00000175445,-0.20095517,52.66136,0.20095517
non_neural,ENSG00000175866,0.200682,52.66136,0.200682
non_neural,ENSG00000223534,-0.20039408,52.66136,0.20039408
non_neural,ENSG00000166924,-0.20031975,52.66136,0.20031975
non_neural,ENSG00000158373,-0.20018113,52.66136,0.20018113
non_neural,ENSG00000134690,-0.20005785,52.66136,0.20005785
non_neural,ENSG00000132932,0.20000874,52.66136,0.20000874
non_neural,ENSG00000105355,0.19993354,52.66136,0.19993354
non_neural,ENSG00000135604,0.19957094,52.66136,0.19957094
non_neural,ENSG00000296385,-0.19950494,52.66136,0.19950494
non_neural,ENSG00000108176,0.19950403,52.66136,0.19950403
non_neural,ENSG00000047365,0.19940478,52.66136,0.19940478
non_neural,ENSG00000133069,-0.19934106,52.66136,0.19934106
non_neural,ENSG00000129244,-0.19913505,52.66136,0.19913505
non_neural,ENSG00000168143,0.19896448,52.66136,0.19896448
non_neural,ENSG00000113578,0.19877388,52.66136,0.19877388
non_neural,ENSG00000177380,0.19835624,52.66136,0.19835624
non_neural,ENSG00000145861,-0.19810057,52.66136,0.19810057
non_neural,ENSG00000165304,0.19808657,52.66136,0.19808657
non_neural,ENSG00000129422,0.19788639,52.66136,0.19788639
non_neural,ENSG00000127561,-0.19775385,52.66136,0.19775385
non_neural,ENSG00000132693,-0.19771808,52.66136,0.19771808
non_neural,ENSG00000124749,-0.1973835,52.66136,0.1973835
non_neural,ENSG00000279806,0.19736232,52.66136,0.19736232
non_neural,ENSG00000100033,0.19734848,52.66136,0.19734848
non_neural,ENSG00000204936,0.1972728,52.66136,0.1972728
non_neural,ENSG00000088827,0.19702846,52.66136,0.19702846
non_neural,ENSG00000177575,0.19700293,52.66136,0.19700293
non_neural,ENSG00000168398,-0.19692972,52.66136,0.19692972
non_neural,ENSG00000050405,0.19687258,52.66136,0.19687258
non_neural,ENSG00000165802,-0.19680421,52.66136,0.19680421
non_neural,ENSG00000159164,-0.19644642,52.66136,0.19644642
non_neural,ENSG00000181019,0.19599606,52.66136,0.19599606
non_neural,ENSG00000105255,-0.19586633,52.66136,0.19586633
non_neural,ENSG00000115641,0.19574909,52.66136,0.19574909
non_neural,ENSG00000163536,-0.1956469,52.66136,0.1956469
non_neural,ENSG00000169418,-0.19560209,52.66136,0.19560209
non_neural,ENSG00000113070,-0.19526596,52.66136,0.19526596
non_neural,ENSG00000261786,-0.19491355,52.66136,0.19491355
non_neural,ENSG00000099985,0.19460641,52.66136,0.19460641
non_neural,ENSG00000138135,-0.1945199,52.66136,0.1945199
non_neural,ENSG00000084453,0.19449072,52.66136,0.19449072
non_neural,ENSG00000125731,-0.19438304,52.66136,0.19438304
non_neural,ENSG00000122852,0.1943636,52.66136,0.1943636
non_neural,ENSG00000154133,-0.1943223,52.66136,0.1943223
non_neural,ENSG00000101384,0.19410497,52.66136,0.19410497
non_neural,ENSG00000114737,-0.19399665,52.66136,0.19399665
non_neural,ENSG00000100097,-0.19361271,52.66136,0.19361271
non_neural,ENSG00000211662,-0.19359922,52.66136,0.19359922
non_neural,ENSG00000273802,-0.19322667,52.66136,0.19322667
non_neural,ENSG00000167100,0.19320646,52.66136,0.19320646
non_neural,ENSG00000205038,-0.1931579,52.66136,0.1931579
non_neural,ENSG00000075073,0.19290474,52.66136,0.19290474
non_neural,ENSG00000169900,-0.19288945,52.66136,0.19288945
non_neural,ENSG00000148826,0.19264992,52.66136,0.19264992
non_neural,ENSG00000073350,-0.19255956,52.66136,0.19255956
non_neural,ENSG00000168685,-0.19250697,52.66136,0.19250697
non_neural,ENSG00000175745,-0.19239211,52.66136,0.19239211
non_neural,ENSG00000127920,-0.19213714,52.66136,0.19213714
non_neural,ENSG00000086967,0.19199489,52.66136,0.19199489
non_neural,ENSG00000100079,-0.1919845,52.66136,0.1919845
non_neural,ENSG00000183715,-0.19190782,52.66136,0.19190782
non_neural,ENSG00000143228,-0.19169171,52.66136,0.19169171
non_neural,ENSG00000277986,0.19161704,52.66136,0.19161704
non_neural,ENSG00000166920,0.19155021,52.66136,0.19155021
non_neural,ENSG00000166165,0.19132,52.66136,0.19132
non_neural,ENSG00000239951,0.19122888,52.66136,0.19122888
non_neural,ENSG00000139211,0.19105688,52.66136,0.19105688
non_neural,ENSG00000101307,0.19072224,52.66136,0.19072224
non_neural,ENSG00000176840,0.19056587,52.66136,0.19056587
non_neural,ENSG00000221946,-0.19041267,52.66136,0.19041267
non_neural,ENSG00000171056,0.19039853,52.66136,0.19039853
non_neural,ENSG00000170231,-0.19033344,52.66136,0.19033344
non_neural,ENSG00000138944,0.19025785,52.66136,0.19025785
non_neural,ENSG00000170579,0.18970759,52.66136,0.18970759
non_neural,ENSG00000133985,-0.18964712,52.66136,0.18964712
non_neural,ENSG00000137834,-0.18946366,52.66136,0.18946366
non_neural,ENSG00000119862,-0.18929678,52.66136,0.18929678
non_neural,ENSG00000150907,-0.18907268,52.66136,0.18907268
non_neural,ENSG00000170745,-0.18904352,52.66136,0.18904352
non_neural,ENSG00000147180,-0.18885027,52.66136,0.18885027
non_neural,ENSG00000141401,0.1888166,52.66136,0.1888166
non_neural,ENSG00000176381,0.18880686,52.66136,0.18880686
non_neural,ENSG00000187479,-0.18877532,52.66136,0.18877532
non_neural,ENSG00000100968,0.18869822,52.66136,0.18869822
non_neural,ENSG00000123610,-0.18860799,52.66136,0.18860799
non_neural,ENSG00000175161,0.18855171,52.66136,0.18855171
non_neural,ENSG00000162755,-0.18843363,52.66136,0.18843363
non_neural,ENSG00000267060,-0.1884129,52.66136,0.1884129
non_neural,ENSG00000105137,0.18838058,52.66136,0.18838058
non_neural,ENSG00000140575,-0.18815744,52.66136,0.18815744
non_neural,ENSG00000174080,0.18798776,52.66136,0.18798776
non_neural,ENSG00000086205,0.18793184,52.66136,0.18793184
non_neural,ENSG00000121361,0.18785332,52.66136,0.18785332
non_neural,ENSG00000187486,0.18783517,52.66136,0.18783517
non_neural,ENSG00000183963,-0.18783382,52.66136,0.18783382
non_neural,ENSG00000165478,0.18777703,52.66136,0.18777703
non_neural,ENSG00000115107,0.18728971,52.66136,0.18728971
non_neural,ENSG00000128274,-0.18718226,52.66136,0.18718226
non_neural,ENSG00000152669,0.18704945,52.66136,0.18704945
non_neural,ENSG00000105695,-0.1868902,52.66136,0.1868902
non_neural,ENSG00000131771,-0.18677461,52.66136,0.18677461
non_neural,ENSG00000144619,-0.18648402,52.66136,0.18648402
non_neural,ENSG00000198744,-0.18646453,52.66136,0.18646453
non_neural,ENSG00000226332,0.18605857,52.66136,0.18605857
non_neural,ENSG00000120049,-0.18555906,52.66136,0.18555906
non_neural,ENSG00000163071,-0.18540119,52.66136,0.18540119
non_neural,ENSG00000211596,0.18532044,52.66136,0.18532044
non_neural,ENSG00000134333,0.18520628,52.66136,0.18520628
non_neural,ENSG00000064300,-0.18520397,52.66136,0.18520397
non_neural,ENSG00000158270,-0.1851688,52.66136,0.1851688
non_neural,ENSG00000122176,-0.18502958,52.66136,0.18502958
non_neural,ENSG00000167552,-0.18463509,52.66136,0.18463509
non_neural,ENSG00000211595,-0.18431823,52.66136,0.18431823
non_neural,ENSG00000152086,0.18429251,52.66136,0.18429251
non_neural,ENSG00000160882,-0.18412767,52.66136,0.18412767
non_neural,ENSG00000095383,-0.18391928,52.66136,0.18391928
non_neural,ENSG00000116147,0.18376504,52.66136,0.18376504
non_neural,ENSG00000106631,0.18375525,52.66136,0.18375525
non_neural,ENSG00000158856,0.1834485,52.66136,0.1834485
non_neural,ENSG00000057019,0.18317035,52.66136,0.18317035
non_neural,ENSG00000163630,0.18292159,52.66136,0.18292159
non_neural,ENSG00000178104,0.18251072,52.66136,0.18251072
non_neural,ENSG00000173210,0.1823632,52.66136,0.1823632
non_neural,ENSG00000153531,-0.18233274,52.66136,0.18233274
non_neural,ENSG00000001617,0.1822528,52.66136,0.1822528
non_neural,ENSG00000101443,-0.18128482,52.66136,0.18128482
non_neural,ENSG00000142530,-0.18081641,52.66136,0.18081641
non_neural,ENSG00000261829,-0.18075196,52.66136,0.18075196
non_neural,ENSG00000187678,0.18064867,52.66136,0.18064867
non_neural,ENSG00000142178,-0.18057637,52.66136,0.18057637
non_neural,ENSG00000154263,0.18045619,52.66136,0.18045619
non_neural,ENSG00000155660,-0.18042897,52.66136,0.18042897
non_neural,ENSG00000211669,-0.18038581,52.66136,0.18038581
non_neural,ENSG00000118804,-0.18021123,52.66136,0.18021123
non_neural,ENSG00000159640,0.18009435,52.66136,0.18009435
non_neural,ENSG00000172575,-0.17976196,52.66136,0.17976196
non_neural,ENSG00000203877,-0.17963986,52.66136,0.17963986
non_neural,ENSG00000210077,0.17960915,52.66136,0.17960915
non_neural,ENSG00000168928,-0.17952554,52.66136,0.17952554
non_neural,ENSG00000165092,-0.17937346,52.66136,0.17937346
non_neural,ENSG00000171951,-0.17929173,52.66136,0.17929173
non_neural,ENSG00000135426,-0.17915244,52.66136,0.17915244
non_neural,ENSG00000133048,0.17905422,52.66136,0.17905422
non_neural,ENSG00000126861,0.17867976,52.66136,0.17867976
non_neural,ENSG00000143631,0.17862615,52.66136,0.17862615
non_neural,ENSG00000162931,0.17861883,52.66136,0.17861883
non_neural,ENSG00000159339,-0.17846483,52.66136,0.17846483
non_neural,ENSG00000197093,0.17826998,52.66136,0.17826998
non_neural,ENSG00000196436,-0.17825048,52.66136,0.17825048
non_neural,ENSG00000248746,0.17786373,52.66136,0.17786373
non_neural,ENSG00000122641,-0.17784245,52.66136,0.17784245
non_neural,ENSG00000160460,0.17772968,52.66136,0.17772968
non_neural,ENSG00000260230,0.17771077,52.66136,0.17771077
non_neural,ENSG00000107105,0.17762436,52.66136,0.17762436
non_neural,ENSG00000211935,-0.17755951,52.66136,0.17755951
non_neural,ENSG00000143318,-0.17751458,52.66136,0.17751458
non_neural,ENSG00000016391,0.1774921,52.66136,0.1774921
non_neural,ENSG00000156234,-0.17692171,52.66136,0.17692171
non_neural,ENSG00000130413,-0.1768212,52.66136,0.1768212
non_neural,ENSG00000164007,-0.17674671,52.66136,0.17674671
non_neural,ENSG00000109846,0.17674266,52.66136,0.17674266
non_neural,ENSG00000100290,-0.17659298,52.66136,0.17659298
non_neural,ENSG00000160181,-0.17631868,52.66136,0.17631868
non_neural,ENSG00000130202,0.17574395,52.66136,0.17574395
non_neural,ENSG00000158806,0.1754102,52.66136,0.1754102
non_neural,ENSG00000184916,0.17524968,52.66136,0.17524968
non_neural,ENSG00000248099,-0.17501783,52.66136,0.17501783
non_neural,ENSG00000122861,0.17494962,52.66136,0.17494962
non_neural,ENSG00000169605,0.17461142,52.66136,0.17461142
non_neural,ENSG00000172543,0.17448032,52.66136,0.17448032
non_neural,ENSG00000215187,-0.17446278,52.66136,0.17446278
non_neural,ENSG00000164125,0.17442751,52.66136,0.17442751
non_neural,ENSG00000114480,-0.17442298,52.66136,0.17442298
non_neural,ENSG00000162998,0.17434384,52.66136,0.17434384
non_neural,ENSG00000182103,0.17429401,52.66136,0.17429401
non_neural,ENSG00000196557,0.17427473,52.66136,0.17427473
non_neural,ENSG00000117318,-0.17420797,52.66136,0.17420797
non_neural,ENSG00000117152,-0.17418273,52.66136,0.17418273
non_neural,ENSG00000156675,0.17397581,52.66136,0.17397581
non_neural,ENSG00000080493,-0.17384148,52.66136,0.17384148
non_neural,ENSG00000049540,0.17383882,52.66136,0.17383882
non_neural,ENSG00000141934,0.17374526,52.66136,0.17374526
non_neural,ENSG00000140519,-0.17370209,52.66136,0.17370209
non_neural,ENSG00000133246,-0.1736699,52.66136,0.1736699
non_neural,ENSG00000101057,-0.17365415,52.66136,0.17365415
non_neural,ENSG00000128510,0.17365359,52.66136,0.17365359
non_neural,ENSG00000081248,-0.17358375,52.66136,0.17358375
non_neural,ENSG00000136928,-0.17326893,52.66136,0.17326893
non_neural,ENSG00000139998,-0.17294867,52.66136,0.17294867
non_neural,ENSG00000107731,0.17285068,52.66136,0.17285068
non_neural,ENSG00000141968,0.17274912,52.66136,0.17274912
non_neural,ENSG00000163285,-0.17234631,52.66136,0.17234631
non_neural,ENSG00000298322,0.17223719,52.66136,0.17223719
non_neural,ENSG00000101608,-0.17207056,52.66136,0.17207056
non_neural,ENSG00000096092,0.17155485,52.66136,0.17155485
non_neural,ENSG00000150594,0.17137448,52.66136,0.17137448
non_neural,ENSG00000172137,0.17106715,52.66136,0.17106715
non_neural,ENSG00000128683,-0.17106353,52.66136,0.17106353
non_neural,ENSG00000169783,0.1707928,52.66136,0.1707928
non_neural,ENSG00000280411,0.17078805,52.66136,0.17078805
non_neural,ENSG00000184937,-0.17074472,52.66136,0.17074472
non_neural,ENSG00000161992,-0.17060554,52.66136,0.17060554
non_neural,ENSG00000137203,0.17057267,52.66136,0.17057267
non_neural,ENSG00000182718,0.17041045,52.66136,0.17041045
non_neural,ENSG00000172987,-0.17032091,52.66136,0.17032091
non_neural,ENSG00000156127,-0.16992292,52.66136,0.16992292
non_neural,ENSG00000131236,0.16990091,52.66136,0.16990091
non_neural,ENSG00000125780,0.16980171,52.66136,0.16980171
non_neural,ENSG00000185668,0.16938719,52.66136,0.16938719
non_neural,ENSG00000167191,-0.16902782,52.66136,0.16902782
non_neural,ENSG00000115556,0.1689641,52.66136,0.1689641
non_neural,ENSG00000169397,0.16880263,52.66136,0.16880263
non_neural,ENSG00000164434,0.16879375,52.66136,0.16879375
non_neural,ENSG00000035664,-0.16866602,52.66136,0.16866602
non_neural,ENSG00000103316,-0.1684182,52.66136,0.1684182
non_neural,ENSG00000240671,-0.16821681,52.66136,0.16821681
non_neural,ENSG00000203697,0.16799535,52.66136,0.16799535
non_neural,ENSG00000160691,0.16792801,52.66136,0.16792801
non_neural,ENSG00000258947,0.16785707,52.66136,0.16785707
non_neural,ENSG00000165949,0.16774414,52.66136,0.16774414
non_neural,ENSG00000134294,0.16770156,52.66136,0.16770156
non_neural,ENSG00000164112,-0.16752847,52.66136,0.16752847
non_neural,ENSG00000169679,0.1674579,52.66136,0.1674579
non_neural,ENSG00000123892,-0.16741912,52.66136,0.16741912
non_neural,ENSG00000126778,-0.16739824,52.66136,0.16739824
non_neural,ENSG00000129654,0.16679075,52.66136,0.16679075
non_neural,ENSG00000011028,0.1664883,52.66136,0.1664883
non_neural,ENSG00000122870,-0.16626081,52.66136,0.16626081
non_neural,ENSG00000157502,0.16624051,52.66136,0.16624051
non_neural,ENSG00000163347,0.16610378,52.66136,0.16610378
non_neural,ENSG00000126458,-0.16582188,52.66136,0.16582188
non_neural,ENSG00000232216,-0.1652693,52.66136,0.1652693
non_neural,ENSG00000066032,0.16461599,52.66136,0.16461599
non_neural,ENSG00000197506,-0.16449098,52.66136,0.16449098
non_neural,ENSG00000134243,0.16448978,52.66136,0.16448978
non_neural,ENSG00000162989,0.16436936,52.66136,0.16436936
non_neural,ENSG00000141086,-0.16417053,52.66136,0.16417053
non_neural,ENSG00000216490,0.16369279,52.66136,0.16369279
non_neural,ENSG00000213145,0.1636758,52.66136,0.1636758
non_neural,ENSG00000092850,-0.16364677,52.66136,0.16364677
non_neural,ENSG00000046653,0.16337053,52.66136,0.16337053
non_neural,ENSG00000027869,0.1632365,52.66136,0.1632365
non_neural,ENSG00000100448,-0.163191,52.66136,0.163191
non_neural,ENSG00000163833,-0.16303201,52.66136,0.16303201
non_neural,ENSG00000291033,-0.16299409,52.66136,0.16299409
non_neural,ENSG00000275410,-0.16294657,52.66136,0.16294657
non_neural,ENSG00000183019,0.16283518,52.66136,0.16283518
non_neural,ENSG00000171617,-0.16276203,52.66136,0.16276203
non_neural,ENSG00000141682,0.16264169,52.66136,0.16264169
non_neural,ENSG00000126785,-0.16244121,52.66136,0.16244121
non_neural,ENSG00000140807,-0.16201597,52.66136,0.16201597
non_neural,ENSG00000136848,0.16189183,52.66136,0.16189183
non_neural,ENSG00000301902,0.16176271,52.66136,0.16176271
non_neural,ENSG00000122966,-0.16173345,52.66136,0.16173345
non_neural,ENSG00000302539,-0.16173275,52.66136,0.16173275
non_neural,ENSG00000117676,-0.16143316,52.66136,0.16143316
non_neural,ENSG00000172602,0.16127627,52.66136,0.16127627
non_neural,ENSG00000134954,-0.16126299,52.66136,0.16126299
non_neural,ENSG00000112964,-0.16112475,52.66136,0.16112475
non_neural,ENSG00000005102,-0.1610519,52.66136,0.1610519
non_neural,ENSG00000211923,-0.16076227,52.66136,0.16076227
non_neural,ENSG00000140284,-0.16037373,52.66136,0.16037373
non_neural,ENSG00000166963,-0.16003168,52.66136,0.16003168
non_neural,ENSG00000197106,-0.15970214,52.66136,0.15970214
non_neural,ENSG00000134057,-0.15969598,52.66136,0.15969598
non_neural,ENSG00000229314,-0.15952043,52.66136,0.15952043
non_neural,ENSG00000103740,0.15944718,52.66136,0.15944718
non_neural,ENSG00000213927,0.15896848,52.66136,0.15896848
non_neural,ENSG00000171246,-0.15888926,52.66136,0.15888926
non_neural,ENSG00000198523,0.15884537,52.66136,0.15884537
non_neural,ENSG00000213058,0.15873235,52.66136,0.15873235
non_neural,ENSG00000078053,0.15869996,52.66136,0.15869996
non_neural,ENSG00000180535,-0.15847288,52.66136,0.15847288
non_neural,ENSG00000211904,-0.15845749,52.66136,0.15845749
non_neural,ENSG00000211660,-0.15811667,52.66136,0.15811667
non_neural,ENSG00000130701,0.1580593,52.66136,0.1580593
non_neural,ENSG00000087245,0.15780434,52.66136,0.15780434
non_neural,ENSG00000152580,-0.15770596,52.66136,0.15770596
non_neural,ENSG00000299510,-0.15764861,52.66136,0.15764861
non_neural,ENSG00000182866,-0.15762408,52.66136,0.15762408
non_neural,ENSG00000101230,0.15758593,52.66136,0.15758593
non_neural,ENSG00000100167,0.15745232,52.66136,0.15745232
non_neural,ENSG00000160867,0.15733615,52.66136,0.15733615
non_neural,ENSG00000168350,0.157253,52.66136,0.157253
non_neural,ENSG00000197971,-0.15695965,52.66136,0.15695965
non_neural,ENSG00000134594,-0.15676771,52.66136,0.15676771
non_neural,ENSG00000140545,0.15658052,52.66136,0.15658052
non_neural,ENSG00000132677,0.1565507,52.66136,0.1565507
non_neural,ENSG00000090971,0.15641136,52.66136,0.15641136
non_neural,ENSG00000048462,-0.15620628,52.66136,0.15620628
non_neural,ENSG00000211934,-0.15618074,52.66136,0.15618074
non_neural,ENSG00000174171,0.15615523,52.66136,0.15615523
non_neural,ENSG00000157005,-0.15612769,52.66136,0.15612769
non_neural,ENSG00000129680,-0.15612435,52.66136,0.15612435
non_neural,ENSG00000050628,0.15607245,52.66136,0.15607245
non_neural,ENSG00000270550,-0.15553822,52.66136,0.15553822
non_neural,ENSG00000140538,0.15548128,52.66136,0.15548128
non_neural,ENSG00000135373,-0.15541737,52.66136,0.15541737
non_neural,ENSG00000115414,-0.15531568,52.66136,0.15531568
non_neural,ENSG00000180834,0.155067,52.66136,0.155067
non_neural,ENSG00000188488,-0.15488356,52.66136,0.15488356
non_neural,ENSG00000127472,-0.1547914,52.66136,0.1547914
non_neural,ENSG00000159231,-0.15461347,52.66136,0.15461347
non_neural,ENSG00000276085,-0.15456612,52.66136,0.15456612
non_neural,ENSG00000128833,0.15415145,52.66136,0.15415145
non_neural,ENSG00000186439,0.1540177,52.66136,0.1540177
non_neural,ENSG00000166681,-0.15393652,52.66136,0.15393652
non_neural,ENSG00000133083,-0.15385824,52.66136,0.15385824
non_neural,ENSG00000069974,0.1536084,52.66136,0.1536084
non_neural,ENSG00000138061,0.15355183,52.66136,0.15355183
non_neural,ENSG00000072422,0.15349089,52.66136,0.15349089
non_neural,ENSG00000105048,0.15341954,52.66136,0.15341954
non_neural,ENSG00000040731,-0.15328074,52.66136,0.15328074
non_neural,ENSG00000204950,0.15275869,52.66136,0.15275869
non_neural,ENSG00000164761,-0.15268448,52.66136,0.15268448
non_neural,ENSG00000101347,0.15229398,52.66136,0.15229398
non_neural,ENSG00000187288,0.15217206,52.66136,0.15217206
non_neural,ENSG00000169006,-0.15204012,52.66136,0.15204012
non_neural,ENSG00000236279,0.15193082,52.66136,0.15193082
non_neural,ENSG00000204323,0.15175241,52.66136,0.15175241
non_neural,ENSG00000159674,-0.15170649,52.66136,0.15170649
non_neural,ENSG00000211966,0.15128732,52.66136,0.15128732
non_neural,ENSG00000161249,-0.1511191,52.66136,0.1511191
non_neural,ENSG00000134121,0.15080065,52.66136,0.15080065
non_neural,ENSG00000176595,0.1502841,52.66136,0.1502841
non_neural,ENSG00000131386,-0.15027188,52.66136,0.15027188
non_neural,ENSG00000142798,-0.1501327,52.66136,0.1501327
non_neural,ENSG00000182326,0.1500175,52.66136,0.1500175
non_neural,ENSG00000140416,-0.14993286,52.66136,0.14993286
non_neural,ENSG00000124466,0.14992437,52.66136,0.14992437
non_neural,ENSG00000120708,-0.14987801,52.66136,0.14987801
non_neural,ENSG00000136244,0.14969857,52.66136,0.14969857
non_neural,ENSG00000102007,0.14967176,52.66136,0.14967176
non_neural,ENSG00000178602,0.14966916,52.66136,0.14966916
non_neural,ENSG00000155760,-0.1496495,52.66136,0.1496495
non_neural,ENSG00000267206,-0.14964429,52.66136,0.14964429
non_neural,ENSG00000198796,-0.14956549,52.66136,0.14956549
non_neural,ENSG00000106976,0.14946157,52.66136,0.14946157
non_neural,ENSG00000164251,0.14939241,52.66136,0.14939241
non_neural,ENSG00000102385,0.14916062,52.66136,0.14916062
non_neural,ENSG00000280339,0.14886743,52.66136,0.14886743
non_neural,ENSG00000113369,-0.14881909,52.66136,0.14881909
non_neural,ENSG00000149633,0.14856048,52.66136,0.14856048
non_neural,ENSG00000094796,-0.14842299,52.66136,0.14842299
non_neural,ENSG00000176641,0.14837304,52.66136,0.14837304
non_neural,ENSG00000172465,-0.14815447,52.66136,0.14815447
non_neural,ENSG00000101222,-0.14787582,52.66136,0.14787582
non_neural,ENSG00000136943,0.14778279,52.66136,0.14778279
non_neural,ENSG00000213626,-0.1474177,52.66136,0.1474177
non_neural,ENSG00000171450,-0.14740673,52.66136,0.14740673
non_neural,ENSG00000124232,-0.14737102,52.66136,0.14737102
non_neural,ENSG00000143382,-0.14689752,52.66136,0.14689752
non_neural,ENSG00000187416,0.14685293,52.66136,0.14685293
non_neural,ENSG00000184515,0.14666508,52.66136,0.14666508
non_neural,ENSG00000241404,0.14660037,52.66136,0.14660037
non_neural,ENSG00000197879,-0.1465852,52.66136,0.1465852
non_neural,ENSG00000132359,0.14633115,52.66136,0.14633115
non_neural,ENSG00000146386,-0.1461687,52.66136,0.1461687
non_neural,ENSG00000198300,-0.14598326,52.66136,0.14598326
non_neural,ENSG00000213144,0.14596613,52.66136,0.14596613
non_neural,ENSG00000008118,-0.14583921,52.66136,0.14583921
non_neural,ENSG00000108828,0.14568333,52.66136,0.14568333
non_neural,ENSG00000140274,-0.14565611,52.66136,0.14565611
non_neural,ENSG00000196155,0.14559014,52.66136,0.14559014
non_neural,ENSG00000175229,-0.14556348,52.66136,0.14556348
non_neural,ENSG00000164647,0.1455147,52.66136,0.1455147
non_neural,ENSG00000233041,0.14537072,52.66136,0.14537072
non_neural,ENSG00000165124,-0.1450261,52.66136,0.1450261
non_neural,ENSG00000134138,0.1449959,52.66136,0.1449959
non_neural,ENSG00000158869,0.14493556,52.66136,0.14493556
non_neural,ENSG00000102575,0.14482675,52.66136,0.14482675
non_neural,ENSG00000152154,-0.14468259,52.66136,0.14468259
non_neural,ENSG00000120833,0.14464343,52.66136,0.14464343
non_neural,ENSG00000225698,0.1446171,52.66136,0.1446171
non_neural,ENSG00000179299,0.14453977,52.66136,0.14453977
non_neural,ENSG00000266010,-0.1445337,52.66136,0.1445337
non_neural,ENSG00000136541,-0.1444547,52.66136,0.1444547
non_neural,ENSG00000197712,0.14419499,52.66136,0.14419499
non_neural,ENSG00000161642,0.14395948,52.66136,0.14395948
non_neural,ENSG00000152503,-0.1434451,52.66136,0.1434451
non_neural,ENSG00000197380,0.14341785,52.66136,0.14341785
non_neural,ENSG00000277351,0.14340855,52.66136,0.14340855
non_neural,ENSG00000115607,0.14300777,52.66136,0.14300777
non_neural,ENSG00000114654,0.14263897,52.66136,0.14263897
non_neural,ENSG00000163618,-0.14234665,52.66136,0.14234665
non_neural,ENSG00000159388,-0.14233279,52.66136,0.14233279
non_neural,ENSG00000187135,0.14231227,52.66136,0.14231227
non_neural,ENSG00000198825,0.14220436,52.66136,0.14220436
non_neural,ENSG00000148053,0.14199479,52.66136,0.14199479
non_neural,ENSG00000161835,0.14186688,52.66136,0.14186688
non_neural,ENSG00000114200,-0.14180934,52.66136,0.14180934
non_neural,ENSG00000101605,-0.14176588,52.66136,0.14176588
non_neural,ENSG00000147454,0.14165363,52.66136,0.14165363
non_neural,ENSG00000170549,0.14151856,52.66136,0.14151856
non_neural,ENSG00000138115,-0.14139763,52.66136,0.14139763
non_neural,ENSG00000209582,0.14139341,52.66136,0.14139341
non_neural,ENSG00000072952,0.14130184,52.66136,0.14130184
non_neural,ENSG00000168427,0.14108087,52.66136,0.14108087
non_neural,ENSG00000263146,-0.1409974,52.66136,0.1409974
non_neural,ENSG00000127129,-0.14097252,52.66136,0.14097252
non_neural,ENSG00000123405,-0.14090994,52.66136,0.14090994
non_neural,ENSG00000139679,-0.14069265,52.66136,0.14069265
non_neural,ENSG00000165929,-0.14067286,52.66136,0.14067286
non_neural,ENSG00000170681,0.1400235,52.66136,0.1400235
non_neural,ENSG00000134201,0.13983196,52.66136,0.13983196
non_neural,ENSG00000166831,0.13971093,52.66136,0.13971093
non_neural,ENSG00000172638,-0.13960685,52.66136,0.13960685
non_neural,ENSG00000211951,0.13946822,52.66136,0.13946822
non_neural,ENSG00000117594,-0.13927895,52.66136,0.13927895
non_neural,ENSG00000163431,-0.13917588,52.66136,0.13917588
non_neural,ENSG00000168477,0.13907637,52.66136,0.13907637
non_neural,ENSG00000138964,0.13896726,52.66136,0.13896726
non_neural,ENSG00000128482,0.13876869,52.66136,0.13876869
non_neural,ENSG00000155926,-0.13858469,52.66136,0.13858469
non_neural,ENSG00000087250,-0.13850102,52.66136,0.13850102
non_neural,ENSG00000151929,-0.13811861,52.66136,0.13811861
non_neural,ENSG00000145358,-0.13803734,52.66136,0.13803734
non_neural,ENSG00000170909,-0.13802518,52.66136,0.13802518
non_neural,ENSG00000107147,0.13801664,52.66136,0.13801664
non_neural,ENSG00000070756,0.13772078,52.66136,0.13772078
non_neural,ENSG00000109084,0.1376368,52.66136,0.1376368
non_neural,ENSG00000135127,0.13760543,52.66136,0.13760543
non_neural,ENSG00000116701,-0.13759755,52.66136,0.13759755
non_neural,ENSG00000100379,0.13757952,52.66136,0.13757952
non_neural,ENSG00000306386,-0.13736543,52.66136,0.13736543
non_neural,ENSG00000267534,-0.137361,52.66136,0.137361
non_neural,ENSG00000115738,-0.13724357,52.66136,0.13724357
non_neural,ENSG00000186431,-0.1369135,52.66136,0.1369135
non_neural,ENSG00000137841,-0.13690352,52.66136,0.13690352
non_neural,ENSG00000099957,-0.13681297,52.66136,0.13681297
non_neural,ENSG00000106278,-0.13673814,52.66136,0.13673814
non_neural,ENSG00000064886,-0.1366753,52.66136,0.1366753
non_neural,ENSG00000159763,-0.1364892,52.66136,0.1364892
non_neural,ENSG00000162896,-0.13589022,52.66136,0.13589022
non_neural,ENSG00000186417,-0.1358863,52.66136,0.1358863
non_neural,ENSG00000151917,-0.13581301,52.66136,0.13581301
non_neural,ENSG00000136997,-0.13575888,52.66136,0.13575888
non_neural,ENSG00000172819,0.1357116,52.66136,0.1357116
non_neural,ENSG00000092758,-0.13523337,52.66136,0.13523337
non_neural,ENSG00000130303,0.13517892,52.66136,0.13517892
non_neural,ENSG00000184709,0.1346437,52.66136,0.1346437
non_neural,ENSG00000175063,-0.13435283,52.66136,0.13435283
non_neural,ENSG00000186340,0.13417286,52.66136,0.13417286
non_neural,ENSG00000259384,0.13393782,52.66136,0.13393782
non_neural,ENSG00000105426,0.13389882,52.66136,0.13389882
non_neural,ENSG00000158516,-0.13387218,52.66136,0.13387218
non_neural,ENSG00000128591,-0.13350886,52.66136,0.13350886
non_neural,ENSG00000172201,-0.133388,52.66136,0.133388
non_neural,ENSG00000228477,-0.13333394,52.66136,0.13333394
non_neural,ENSG00000197405,0.1331749,52.66136,0.1331749
non_neural,ENSG00000162591,0.13303353,52.66136,0.13303353
non_neural,ENSG00000164694,0.13296384,52.66136,0.13296384
non_neural,ENSG00000148082,0.13296236,52.66136,0.13296236
non_neural,ENSG00000081181,0.1328013,52.66136,0.1328013
non_neural,ENSG00000167695,-0.1326269,52.66136,0.1326269
non_neural,ENSG00000177494,0.13252945,52.66136,0.13252945
non_neural,ENSG00000055163,0.13248304,52.66136,0.13248304
non_neural,ENSG00000116962,-0.13242614,52.66136,0.13242614
non_neural,ENSG00000149926,0.13239017,52.66136,0.13239017
non_neural,ENSG00000164530,-0.13225348,52.66136,0.13225348
non_neural,ENSG00000171517,0.13222519,52.66136,0.13222519
non_neural,ENSG00000204161,-0.1321364,52.66136,0.1321364
non_neural,ENSG00000065911,-0.13209392,52.66136,0.13209392
non_neural,ENSG00000108001,-0.13183092,52.66136,0.13183092
non_neural,ENSG00000163218,0.13182324,52.66136,0.13182324
non_neural,ENSG00000163462,0.13167518,52.66136,0.13167518
non_neural,ENSG00000099840,0.13157755,52.66136,0.13157755
non_neural,ENSG00000221968,0.13093065,52.66136,0.13093065
non_neural,ENSG00000213719,-0.1309305,52.66136,0.1309305
non_neural,ENSG00000166073,-0.13089149,52.66136,0.13089149
non_neural,ENSG00000172508,-0.13063255,52.66136,0.13063255
non_neural,ENSG00000242732,-0.13055937,52.66136,0.13055937
non_neural,ENSG00000275385,0.1304832,52.66136,0.1304832
non_neural,ENSG00000210049,-0.13006304,52.66136,0.13006304
non_neural,ENSG00000182601,-0.12968294,52.66136,0.12968294
non_neural,ENSG00000164638,-0.12961805,52.66136,0.12961805
non_neural,ENSG00000255513,-0.1295999,52.66136,0.1295999
non_neural,ENSG00000173269,0.12950382,52.66136,0.12950382
non_neural,ENSG00000021645,-0.12940879,52.66136,0.12940879
non_neural,ENSG00000108602,0.12933907,52.66136,0.12933907
non_neural,ENSG00000174407,0.12932277,52.66136,0.12932277
non_neural,ENSG00000106003,0.12929273,52.66136,0.12929273
non_neural,ENSG00000147642,0.12873034,52.66136,0.12873034
non_neural,ENSG00000149115,0.1285377,52.66136,0.1285377
non_neural,ENSG00000308499,0.1283389,52.66136,0.1283389
non_neural,ENSG00000168913,0.12807484,52.66136,0.12807484
non_neural,ENSG00000164403,-0.12806508,52.66136,0.12806508
non_neural,ENSG00000136010,-0.12768295,52.66136,0.12768295
non_neural,ENSG00000105767,0.12745634,52.66136,0.12745634
non_neural,ENSG00000183087,-0.12708126,52.66136,0.12708126
non_neural,ENSG00000162512,0.12702028,52.66136,0.12702028
non_neural,ENSG00000171557,0.12683547,52.66136,0.12683547
non_neural,ENSG00000253230,-0.12680021,52.66136,0.12680021
non_neural,ENSG00000172183,0.12649429,52.66136,0.12649429
non_neural,ENSG00000269970,-0.12637363,52.66136,0.12637363
non_neural,ENSG00000101542,0.12630312,52.66136,0.12630312
non_neural,ENSG00000261678,-0.12591933,52.66136,0.12591933
non_neural,ENSG00000247095,-0.12579767,52.66136,0.12579767
non_neural,ENSG00000057294,0.12524495,52.66136,0.12524495
non_neural,ENSG00000131773,-0.12503426,52.66136,0.12503426
non_neural,ENSG00000009790,-0.12452299,52.66136,0.12452299
non_neural,ENSG00000167654,-0.12447817,52.66136,0.12447817
non_neural,ENSG00000196136,0.12447514,52.66136,0.12447514
non_neural,ENSG00000123342,0.124098256,52.66136,0.124098256
non_neural,ENSG00000144057,0.12386412,52.66136,0.12386412
non_neural,ENSG00000152214,0.12385836,52.66136,0.12385836
non_neural,ENSG00000124374,-0.123731695,52.66136,0.123731695
non_neural,ENSG00000157103,-0.12370983,52.66136,0.12370983
non_neural,ENSG00000159455,-0.12360978,52.66136,0.12360978
non_neural,ENSG00000145721,0.12358072,52.66136,0.12358072
non_neural,ENSG00000105649,0.12335985,52.66136,0.12335985
non_neural,ENSG00000137693,-0.12326438,52.66136,0.12326438
non_neural,ENSG00000172927,-0.12297424,52.66136,0.12297424
non_neural,ENSG00000259539,0.12285714,52.66136,0.12285714
non_neural,ENSG00000198223,0.12260806,52.66136,0.12260806
non_neural,ENSG00000137672,-0.12251387,52.66136,0.12251387
non_neural,ENSG00000178233,-0.1223594,52.66136,0.1223594
non_neural,ENSG00000183793,-0.122298695,52.66136,0.122298695
non_neural,ENSG00000128886,0.12210096,52.66136,0.12210096
non_neural,ENSG00000225138,-0.1216673,52.66136,0.1216673
non_neural,ENSG00000136153,0.12164689,52.66136,0.12164689
non_neural,ENSG00000168874,-0.121346824,52.66136,0.121346824
non_neural,ENSG00000132563,-0.12126923,52.66136,0.12126923
non_neural,ENSG00000152932,-0.1211795,52.66136,0.1211795
non_neural,ENSG00000127954,-0.120902844,52.66136,0.120902844
non_neural,ENSG00000178078,0.12078751,52.66136,0.12078751
non_neural,ENSG00000015592,-0.12010058,52.66136,0.12010058
non_neural,ENSG00000166394,0.12008734,52.66136,0.12008734
non_neural,ENSG00000125384,-0.120011054,52.66136,0.120011054
non_neural,ENSG00000187017,0.11973219,52.66136,0.11973219
non_neural,ENSG00000134250,0.11949204,52.66136,0.11949204
non_neural,ENSG00000171680,0.11947514,52.66136,0.11947514
non_neural,ENSG00000183018,0.11932968,52.66136,0.11932968
non_neural,ENSG00000124839,-0.11910288,52.66136,0.11910288
non_neural,ENSG00000240864,0.11888239,52.66136,0.11888239
non_neural,ENSG00000076067,0.118834585,52.66136,0.118834585
non_neural,ENSG00000118271,0.118617035,52.66136,0.118617035
non_neural,ENSG00000196734,-0.118567936,52.66136,0.118567936
non_neural,ENSG00000234638,-0.118502006,52.66136,0.118502006
non_neural,ENSG00000118432,-0.11849015,52.66136,0.11849015
non_neural,ENSG00000115596,0.11804171,52.66136,0.11804171
non_neural,ENSG00000170577,-0.11803367,52.66136,0.11803367
non_neural,ENSG00000166979,0.118010566,52.66136,0.118010566
non_neural,ENSG00000244437,0.1178878,52.66136,0.1178878
non_neural,ENSG00000160868,0.11771465,52.66136,0.11771465
non_neural,ENSG00000008517,-0.11767204,52.66136,0.11767204
non_neural,ENSG00000184730,0.1172052,52.66136,0.1172052
non_neural,ENSG00000012817,-0.1171561,52.66136,0.1171561
non_neural,ENSG00000170423,-0.11694598,52.66136,0.11694598
non_neural,ENSG00000140937,0.11659083,52.66136,0.11659083
non_neural,ENSG00000130702,0.11620165,52.66136,0.11620165
non_neural,ENSG00000261488,0.11611361,52.66136,0.11611361
non_neural,ENSG00000164330,-0.1161083,52.66136,0.1161083
non_neural,ENSG00000108679,-0.11593432,52.66136,0.11593432
non_neural,ENSG00000148677,0.11590069,52.66136,0.11590069
non_neural,ENSG00000100292,-0.115806505,52.66136,0.115806505
non_neural,ENSG00000152137,0.11570043,52.66136,0.11570043
non_neural,ENSG00000020181,-0.11558084,52.66136,0.11558084
non_neural,ENSG00000133574,-0.115387455,52.66136,0.115387455
non_neural,ENSG00000188783,0.11532076,52.66136,0.11532076
non_neural,ENSG00000166825,0.115267575,52.66136,0.115267575
non_neural,ENSG00000112208,0.115132295,52.66136,0.115132295
non_neural,ENSG00000163221,0.11510928,52.66136,0.11510928
non_neural,ENSG00000159516,-0.11499732,52.66136,0.11499732
non_neural,ENSG00000072786,0.1143839,52.66136,0.1143839
non_neural,ENSG00000132470,0.11429005,52.66136,0.11429005
non_neural,ENSG00000146904,0.1141064,52.66136,0.1141064
non_neural,ENSG00000171729,-0.11387935,52.66136,0.11387935
non_neural,ENSG00000105376,0.11382505,52.66136,0.11382505
non_neural,ENSG00000072571,0.1137674,52.66136,0.1137674
non_neural,ENSG00000244682,0.11370896,52.66136,0.11370896
non_neural,ENSG00000028137,-0.11346501,52.66136,0.11346501
non_neural,ENSG00000241351,-0.11345429,52.66136,0.11345429
non_neural,ENSG00000011332,0.113422126,52.66136,0.113422126
non_neural,ENSG00000241360,-0.11333206,52.66136,0.11333206
non_neural,ENSG00000133661,-0.11327344,52.66136,0.11327344
non_neural,ENSG00000091986,0.113202505,52.66136,0.113202505
non_neural,ENSG00000171115,0.11309478,52.66136,0.11309478
non_neural,ENSG00000099625,0.11294651,52.66136,0.11294651
non_neural,ENSG00000089225,0.11248002,52.66136,0.11248002
non_neural,ENSG00000120896,-0.11243426,52.66136,0.11243426
non_neural,ENSG00000267653,-0.1120458,52.66136,0.1120458
non_neural,ENSG00000305446,-0.11198925,52.66136,0.11198925
non_neural,ENSG00000181790,-0.11189646,52.66136,0.11189646
non_neural,ENSG00000165794,-0.11179433,52.66136,0.11179433
non_neural,ENSG00000078114,-0.11149171,52.66136,0.11149171
non_neural,ENSG00000298196,-0.11109613,52.66136,0.11109613
non_neural,ENSG00000110169,-0.11105369,52.66136,0.11105369
non_neural,ENSG00000131097,0.111019425,52.66136,0.111019425
non_neural,ENSG00000224114,0.11101423,52.66136,0.11101423
non_neural,ENSG00000076944,-0.11098174,52.66136,0.11098174
non_neural,ENSG00000164976,-0.110785164,52.66136,0.110785164
non_neural,ENSG00000114115,-0.11044076,52.66136,0.11044076
non_neural,ENSG00000211593,0.11024821,52.66136,0.11024821
non_neural,ENSG00000186891,0.1101876,52.66136,0.1101876
non_neural,ENSG00000167751,0.10987783,52.66136,0.10987783
non_neural,ENSG00000120937,-0.10946943,52.66136,0.10946943
non_neural,ENSG00000115263,-0.109388806,52.66136,0.109388806
non_neural,ENSG00000291237,0.109003,52.66136,0.109003
non_neural,ENSG00000189433,-0.10892602,52.66136,0.10892602
non_neural,ENSG00000163216,0.108305134,52.66136,0.108305134
non_neural,ENSG00000163565,0.10826528,52.66136,0.10826528
non_neural,ENSG00000153707,-0.10822282,52.66136,0.10822282
non_neural,ENSG00000148773,-0.108211294,52.66136,0.108211294
non_neural,ENSG00000006327,-0.10815288,52.66136,0.10815288
non_neural,ENSG00000113389,-0.108099855,52.66136,0.108099855
non_neural,ENSG00000125347,0.108056314,52.66136,0.108056314
non_neural,ENSG00000103888,-0.10796815,52.66136,0.10796815
non_neural,ENSG00000151136,-0.107639045,52.66136,0.107639045
non_neural,ENSG00000143536,0.10748466,52.66136,0.10748466
non_neural,ENSG00000101447,0.107310556,52.66136,0.107310556
non_neural,ENSG00000172458,0.107075,52.66136,0.107075
non_neural,ENSG00000196611,0.10705151,52.66136,0.10705151
non_neural,ENSG00000120251,-0.1069911,52.66136,0.1069911
non_neural,ENSG00000078549,0.106664725,52.66136,0.106664725
non_neural,ENSG00000175164,-0.1064045,52.66136,0.1064045
non_neural,ENSG00000168487,-0.10622614,52.66136,0.10622614
non_neural,ENSG00000143850,-0.10622379,52.66136,0.10622379
non_neural,ENSG00000179144,-0.10576259,52.66136,0.10576259
non_neural,ENSG00000128965,0.1056636,52.66136,0.1056636
non_neural,ENSG00000242173,0.1054779,52.66136,0.1054779
non_neural,ENSG00000186207,0.105442174,52.66136,0.105442174
non_neural,ENSG00000204128,0.10533919,52.66136,0.10533919
non_neural,ENSG00000006116,-0.10522423,52.66136,0.10522423
non_neural,ENSG00000163623,-0.10459677,52.66136,0.10459677
non_neural,ENSG00000142227,-0.10437718,52.66136,0.10437718
non_neural,ENSG00000228278,-0.1043524,52.66136,0.1043524
non_neural,ENSG00000163435,-0.10383569,52.66136,0.10383569
non_neural,ENSG00000180758,-0.103231855,52.66136,0.103231855
non_neural,ENSG00000211679,0.10310963,52.66136,0.10310963
non_neural,ENSG00000198626,0.10302724,52.66136,0.10302724
non_neural,ENSG00000244486,0.10302626,52.66136,0.10302626
non_neural,ENSG00000134470,-0.10295301,52.66136,0.10295301
non_neural,ENSG00000086289,0.10289286,52.66136,0.10289286
non_neural,ENSG00000109906,0.102522016,52.66136,0.102522016
non_neural,ENSG00000227191,-0.10238123,52.66136,0.10238123
non_neural,ENSG00000109107,-0.102310725,52.66136,0.102310725
non_neural,ENSG00000172782,0.102276884,52.66136,0.102276884
non_neural,ENSG00000099834,-0.1020763,52.66136,0.1020763
non_neural,ENSG00000147251,0.10207103,52.66136,0.10207103
non_neural,ENSG00000211655,-0.10204298,52.66136,0.10204298
non_neural,ENSG00000167371,-0.101994574,52.66136,0.101994574
non_neural,ENSG00000166851,-0.101890095,52.66136,0.101890095
non_neural,ENSG00000137267,0.10183936,52.66136,0.10183936
non_neural,ENSG00000074370,-0.10179915,52.66136,0.10179915
non_neural,ENSG00000158258,-0.101778105,52.66136,0.101778105
non_neural,ENSG00000280323,0.10165764,52.66136,0.10165764
non_neural,ENSG00000157150,0.10136919,52.66136,0.10136919
non_neural,ENSG00000127863,-0.10131572,52.66136,0.10131572
non_neural,ENSG00000168672,0.101239204,52.66136,0.101239204
non_neural,ENSG00000242076,-0.101185076,52.66136,0.101185076
non_neural,ENSG00000124772,-0.101179175,52.66136,0.101179175
non_neural,ENSG00000286619,-0.10091556,52.66136,0.10091556
non_neural,ENSG00000166091,-0.100857735,52.66136,0.100857735
non_neural,ENSG00000265763,-0.10082682,52.66136,0.10082682
non_neural,ENSG00000034053,-0.100200884,52.66136,0.100200884
non_neural,ENSG00000162078,0.10014197,52.66136,0.10014197
non_neural,ENSG00000095932,-0.1000191,52.66136,0.1000191
non_neural,ENSG00000214274,-0.099668376,52.66136,0.099668376
non_neural,ENSG00000113196,0.09947038,52.66136,0.09947038
non_neural,ENSG00000211594,0.09927837,52.66136,0.09927837
non_neural,ENSG00000177875,0.098441824,52.66136,0.098441824
non_neural,ENSG00000174460,0.09818876,52.66136,0.09818876
non_neural,ENSG00000123989,0.098026134,52.66136,0.098026134
non_neural,ENSG00000104856,-0.097789265,52.66136,0.097789265
non_neural,ENSG00000175356,-0.097584955,52.66136,0.097584955
non_neural,ENSG00000036448,-0.09756904,52.66136,0.09756904
non_neural,ENSG00000127743,0.097524114,52.66136,0.097524114
non_neural,ENSG00000046604,0.09713438,52.66136,0.09713438
non_neural,ENSG00000172794,-0.09705333,52.66136,0.09705333
non_neural,ENSG00000270885,-0.09704176,52.66136,0.09704176
non_neural,ENSG00000211959,0.09685005,52.66136,0.09685005
non_neural,ENSG00000131094,-0.09667213,52.66136,0.09667213
non_neural,ENSG00000128052,-0.09649205,52.66136,0.09649205
non_neural,ENSG00000164107,0.09614384,52.66136,0.09614384
non_neural,ENSG00000211648,0.09575523,52.66136,0.09575523
non_neural,ENSG00000075461,0.09558483,52.66136,0.09558483
non_neural,ENSG00000140932,0.09557421,52.66136,0.09557421
non_neural,ENSG00000263934,-0.09505404,52.66136,0.09505404
non_neural,ENSG00000163814,-0.09490402,52.66136,0.09490402
non_neural,ENSG00000130513,0.0947183,52.66136,0.0947183
non_neural,ENSG00000120738,-0.09459743,52.66136,0.09459743
non_neural,ENSG00000104059,0.09429194,52.66136,0.09429194
non_neural,ENSG00000151702,-0.09428723,52.66136,0.09428723
non_neural,ENSG00000105997,-0.09428559,52.66136,0.09428559
non_neural,ENSG00000127564,0.09415078,52.66136,0.09415078
non_neural,ENSG00000184347,-0.09406545,52.66136,0.09406545
non_neural,ENSG00000137193,-0.0940442,52.66136,0.0940442
non_neural,ENSG00000123146,-0.09403125,52.66136,0.09403125
non_neural,ENSG00000118495,-0.09386243,52.66136,0.09386243
non_neural,ENSG00000138180,-0.09385875,52.66136,0.09385875
non_neural,ENSG00000128422,-0.09372463,52.66136,0.09372463
non_neural,ENSG00000115963,-0.09357969,52.66136,0.09357969
non_neural,ENSG00000186474,0.09325969,52.66136,0.09325969
non_neural,ENSG00000153208,0.093073584,52.66136,0.093073584
non_neural,ENSG00000114315,0.092977755,52.66136,0.092977755
non_neural,ENSG00000120875,-0.09297017,52.66136,0.09297017
non_neural,ENSG00000181072,0.09271897,52.66136,0.09271897
non_neural,ENSG00000112297,0.09270065,52.66136,0.09270065
non_neural,ENSG00000117298,0.09266529,52.66136,0.09266529
non_neural,ENSG00000119927,-0.09264804,52.66136,0.09264804
non_neural,ENSG00000125775,-0.0923912,52.66136,0.0923912
non_neural,ENSG00000186198,0.09230162,52.66136,0.09230162
non_neural,ENSG00000211945,-0.09205535,52.66136,0.09205535
non_neural,ENSG00000169299,0.09188403,52.66136,0.09188403
non_neural,ENSG00000057149,0.09157357,52.66136,0.09157357
non_neural,ENSG00000167173,-0.0914592,52.66136,0.0914592
non_neural,ENSG00000114757,-0.091298394,52.66136,0.091298394
non_neural,ENSG00000136574,0.09127032,52.66136,0.09127032
non_neural,ENSG00000305435,-0.0911621,52.66136,0.0911621
non_neural,ENSG00000170075,0.09101025,52.66136,0.09101025
non_neural,ENSG00000211895,-0.090853296,52.66136,0.090853296
non_neural,ENSG00000068831,0.09082107,52.66136,0.09082107
non_neural,ENSG00000196739,-0.09076033,52.66136,0.09076033
non_neural,ENSG00000139352,-0.09063553,52.66136,0.09063553
non_neural,ENSG00000163884,-0.09056025,52.66136,0.09056025
non_neural,ENSG00000186973,0.09054082,52.66136,0.09054082
non_neural,ENSG00000309097,0.09047014,52.66136,0.09047014
non_neural,ENSG00000122254,0.09045681,52.66136,0.09045681
non_neural,ENSG00000184828,-0.09010612,52.66136,0.09010612
non_neural,ENSG00000196735,-0.090065435,52.66136,0.090065435
non_neural,ENSG00000100918,0.08999254,52.66136,0.08999254
non_neural,ENSG00000137285,-0.08996193,52.66136,0.08996193
non_neural,ENSG00000099365,-0.089955054,52.66136,0.089955054
non_neural,ENSG00000135046,-0.08993004,52.66136,0.08993004
non_neural,ENSG00000102891,-0.089840226,52.66136,0.089840226
non_neural,ENSG00000185028,0.089346625,52.66136,0.089346625
non_neural,ENSG00000169085,0.08923778,52.66136,0.08923778
non_neural,ENSG00000083454,-0.08920351,52.66136,0.08920351
non_neural,ENSG00000236824,0.089043155,52.66136,0.089043155
non_neural,ENSG00000004399,0.08836365,52.66136,0.08836365
non_neural,ENSG00000231412,0.08829341,52.66136,0.08829341
non_neural,ENSG00000185519,0.08823987,52.66136,0.08823987
non_neural,ENSG00000167535,0.08816121,52.66136,0.08816121
non_neural,ENSG00000204314,0.08812064,52.66136,0.08812064
non_neural,ENSG00000164440,-0.08810373,52.66136,0.08810373
non_neural,ENSG00000156463,-0.087780006,52.66136,0.087780006
non_neural,ENSG00000157111,-0.087672055,52.66136,0.087672055
non_neural,ENSG00000175274,0.08762683,52.66136,0.08762683
non_neural,ENSG00000106123,-0.08760613,52.66136,0.08760613
non_neural,ENSG00000239855,-0.08756783,52.66136,0.08756783
non_neural,ENSG00000110881,0.08754591,52.66136,0.08754591
non_neural,ENSG00000104936,0.08744448,52.66136,0.08744448
non_neural,ENSG00000178363,-0.087352924,52.66136,0.087352924
non_neural,ENSG00000240505,0.08723188,52.66136,0.08723188
non_neural,ENSG00000132541,0.087014906,52.66136,0.087014906
non_neural,ENSG00000099282,0.0869694,52.66136,0.0869694
non_neural,ENSG00000135144,-0.086839825,52.66136,0.086839825
non_neural,ENSG00000111057,0.086635984,52.66136,0.086635984
non_neural,ENSG00000131781,-0.086311236,52.66136,0.086311236
non_neural,ENSG00000188015,-0.08623359,52.66136,0.08623359
non_neural,ENSG00000186994,0.086217746,52.66136,0.086217746
non_neural,ENSG00000176092,0.08614627,52.66136,0.08614627
non_neural,ENSG00000150556,-0.08609884,52.66136,0.08609884
non_neural,ENSG00000180644,0.08596954,52.66136,0.08596954
non_neural,ENSG00000162552,0.085645884,52.66136,0.085645884
non_neural,ENSG00000171659,-0.08555104,52.66136,0.08555104
non_neural,ENSG00000196730,-0.08530208,52.66136,0.08530208
non_neural,ENSG00000204301,0.08526233,52.66136,0.08526233
non_neural,ENSG00000239474,-0.08521101,52.66136,0.08521101
non_neural,ENSG00000054938,-0.08516573,52.66136,0.08516573
non_neural,ENSG00000010610,-0.08511834,52.66136,0.08511834
non_neural,ENSG00000198732,-0.08504998,52.66136,0.08504998
non_neural,ENSG00000179673,0.08504108,52.66136,0.08504108
non_neural,ENSG00000157152,0.08459602,52.66136,0.08459602
non_neural,ENSG00000251320,-0.084409125,52.66136,0.084409125
non_neural,ENSG00000185133,0.08436216,52.66136,0.08436216
non_neural,ENSG00000211943,-0.08426773,52.66136,0.08426773
non_neural,ENSG00000160886,-0.08425303,52.66136,0.08425303
non_neural,ENSG00000039537,0.08413468,52.66136,0.08413468
non_neural,ENSG00000165828,-0.083996125,52.66136,0.083996125
non_neural,ENSG00000117394,0.08359063,52.66136,0.08359063
non_neural,ENSG00000065485,-0.08355473,52.66136,0.08355473
non_neural,ENSG00000056736,0.08354776,52.66136,0.08354776
non_neural,ENSG00000169169,0.08349041,52.66136,0.08349041
non_neural,ENSG00000129151,-0.0831286,52.66136,0.0831286
non_neural,ENSG00000007516,-0.08310409,52.66136,0.08310409
non_neural,ENSG00000007306,-0.08302964,52.66136,0.08302964
non_neural,ENSG00000140749,0.08295636,52.66136,0.08295636
non_neural,ENSG00000121742,0.082923695,52.66136,0.082923695
non_neural,ENSG00000163909,-0.08277194,52.66136,0.08277194
non_neural,ENSG00000181274,0.08276469,52.66136,0.08276469
non_neural,ENSG00000133878,-0.08246365,52.66136,0.08246365
non_neural,ENSG00000182240,0.08235072,52.66136,0.08235072
non_neural,ENSG00000170876,0.08229141,52.66136,0.08229141
non_neural,ENSG00000189056,0.08225,52.66136,0.08225
non_neural,ENSG00000241697,0.08220406,52.66136,0.08220406
non_neural,ENSG00000115386,-0.08220356,52.66136,0.08220356
non_neural,ENSG00000122121,0.08193759,52.66136,0.08193759
non_neural,ENSG00000104728,0.08171441,52.66136,0.08171441
non_neural,ENSG00000175920,-0.0814321,52.66136,0.0814321
non_neural,ENSG00000144406,0.08141483,52.66136,0.08141483
non_neural,ENSG00000176678,0.08106854,52.66136,0.08106854
non_neural,ENSG00000111186,0.08072725,52.66136,0.08072725
non_neural,ENSG00000115705,-0.08044249,52.66136,0.08044249
non_neural,ENSG00000139625,-0.080344446,52.66136,0.080344446
non_neural,ENSG00000244575,0.08027246,52.66136,0.08027246
non_neural,ENSG00000115041,-0.079876415,52.66136,0.079876415
non_neural,ENSG00000168386,-0.079819195,52.66136,0.079819195
non_neural,ENSG00000129354,-0.07964507,52.66136,0.07964507
non_neural,ENSG00000166313,-0.07963766,52.66136,0.07963766
non_neural,ENSG00000168779,0.079391696,52.66136,0.079391696
non_neural,ENSG00000127528,0.0791631,52.66136,0.0791631
non_neural,ENSG00000073464,0.0790857,52.66136,0.0790857
non_neural,ENSG00000273179,-0.07877744,52.66136,0.07877744
non_neural,ENSG00000189221,0.07863738,52.66136,0.07863738
non_neural,ENSG00000131910,-0.07857263,52.66136,0.07857263
non_neural,ENSG00000106089,0.0782738,52.66136,0.0782738
non_neural,ENSG00000124253,0.07817895,52.66136,0.07817895
non_neural,ENSG00000179921,0.07796315,52.66136,0.07796315
non_neural,ENSG00000211899,0.07785942,52.66136,0.07785942
non_neural,ENSG00000172179,0.0777884,52.66136,0.0777884
non_neural,ENSG00000102890,-0.07764101,52.66136,0.07764101
non_neural,ENSG00000210194,0.07761514,52.66136,0.07761514
non_neural,ENSG00000100170,0.077446856,52.66136,0.077446856
non_neural,ENSG00000302373,-0.0773959,52.66136,0.0773959
non_neural,ENSG00000170271,0.07736331,52.66136,0.07736331
non_neural,ENSG00000165023,-0.077053376,52.66136,0.077053376
non_neural,ENSG00000149927,0.076988064,52.66136,0.076988064
non_neural,ENSG00000114646,0.07689621,52.66136,0.07689621
non_neural,ENSG00000101198,0.07687891,52.66136,0.07687891
non_neural,ENSG00000111907,-0.07639744,52.66136,0.07639744
non_neural,ENSG00000249790,-0.07622035,52.66136,0.07622035
non_neural,ENSG00000151365,0.07615422,52.66136,0.07615422
non_neural,ENSG00000121753,-0.07570371,52.66136,0.07570371
non_neural,ENSG00000023445,0.07554185,52.66136,0.07554185
non_neural,ENSG00000119630,-0.07549009,52.66136,0.07549009
non_neural,ENSG00000167972,-0.07543706,52.66136,0.07543706
non_neural,ENSG00000155629,-0.07491493,52.66136,0.07491493
non_neural,ENSG00000161405,0.07478072,52.66136,0.07478072
non_neural,ENSG00000111452,-0.07466168,52.66136,0.07466168
non_neural,ENSG00000110848,0.074510224,52.66136,0.074510224
non_neural,ENSG00000198624,0.074510045,52.66136,0.074510045
non_neural,ENSG00000175505,-0.07396481,52.66136,0.07396481
non_neural,ENSG00000164171,0.07383042,52.66136,0.07383042
non_neural,ENSG00000196954,-0.073565766,52.66136,0.073565766
non_neural,ENSG00000121005,-0.073516056,52.66136,0.073516056
non_neural,ENSG00000176890,0.07350912,52.66136,0.07350912
non_neural,ENSG00000177464,-0.07346005,52.66136,0.07346005
non_neural,ENSG00000295453,-0.073448785,52.66136,0.073448785
non_neural,ENSG00000111859,0.0734459,52.66136,0.0734459
non_neural,ENSG00000171812,-0.07336135,52.66136,0.07336135
non_neural,ENSG00000000938,0.073217474,52.66136,0.073217474
non_neural,ENSG00000211947,0.07301204,52.66136,0.07301204
non_neural,ENSG00000149021,-0.072955966,52.66136,0.072955966
non_neural,ENSG00000211445,-0.0729497,52.66136,0.0729497
non_neural,ENSG00000176194,-0.07281048,52.66136,0.07281048
non_neural,ENSG00000262655,-0.07238873,52.66136,0.07238873
non_neural,ENSG00000069702,-0.07227271,52.66136,0.07227271
non_neural,ENSG00000163485,-0.07208538,52.66136,0.07208538
non_neural,ENSG00000118004,-0.07206015,52.66136,0.07206015
non_neural,ENSG00000138083,-0.07161949,52.66136,0.07161949
non_neural,ENSG00000112715,-0.07150208,52.66136,0.07150208
non_neural,ENSG00000113396,-0.07149167,52.66136,0.07149167
non_neural,ENSG00000150867,0.07141156,52.66136,0.07141156
non_neural,ENSG00000198483,-0.07118167,52.66136,0.07118167
non_neural,ENSG00000151892,-0.07116624,52.66136,0.07116624
non_neural,ENSG00000270412,0.07111258,52.66136,0.07111258
non_neural,ENSG00000186377,0.071067326,52.66136,0.071067326
non_neural,ENSG00000124216,0.07104138,52.66136,0.07104138
non_neural,ENSG00000211668,0.07092172,52.66136,0.07092172
non_neural,ENSG00000134827,0.070596896,52.66136,0.070596896
non_neural,ENSG00000152804,-0.07056979,52.66136,0.07056979
non_neural,ENSG00000100336,-0.070493184,52.66136,0.070493184
non_neural,ENSG00000204219,-0.07042716,52.66136,0.07042716
non_neural,ENSG00000134107,0.069769874,52.66136,0.069769874
non_neural,ENSG00000273238,0.069657624,52.66136,0.069657624
non_neural,ENSG00000182179,-0.06959416,52.66136,0.06959416
non_neural,ENSG00000173548,-0.06958396,52.66136,0.06958396
non_neural,ENSG00000184731,0.06939934,52.66136,0.06939934
non_neural,ENSG00000164122,-0.06901464,52.66136,0.06901464
non_neural,ENSG00000044524,0.068998404,52.66136,0.068998404
non_neural,ENSG00000104332,0.06897251,52.66136,0.06897251
non_neural,ENSG00000166863,0.06865146,52.66136,0.06865146
non_neural,ENSG00000105613,0.06840574,52.66136,0.06840574
non_neural,ENSG00000239713,-0.06839736,52.66136,0.06839736
non_neural,ENSG00000051523,-0.068379566,52.66136,0.068379566
non_neural,ENSG00000155657,0.06833415,52.66136,0.06833415
non_neural,ENSG00000073849,0.06832535,52.66136,0.06832535
non_neural,ENSG00000143061,0.0680286,52.66136,0.0680286
non_neural,ENSG00000179914,0.06789248,52.66136,0.06789248
non_neural,ENSG00000189129,0.06782995,52.66136,0.06782995
non_neural,ENSG00000005381,-0.067810796,52.66136,0.067810796
non_neural,ENSG00000132164,-0.06780021,52.66136,0.06780021
non_neural,ENSG00000197253,-0.06777611,52.66136,0.06777611
non_neural,ENSG00000161649,-0.06745733,52.66136,0.06745733
non_neural,ENSG00000169218,0.06742713,52.66136,0.06742713
non_neural,ENSG00000007312,-0.06738396,52.66136,0.06738396
non_neural,ENSG00000143369,0.06737448,52.66136,0.06737448
non_neural,ENSG00000094755,0.06733722,52.66136,0.06733722
non_neural,ENSG00000211946,-0.067240395,52.66136,0.067240395
non_neural,ENSG00000265972,-0.06721319,52.66136,0.06721319
non_neural,ENSG00000079385,0.067060046,52.66136,0.067060046
non_neural,ENSG00000168016,-0.066683225,52.66136,0.066683225
non_neural,ENSG00000282651,0.066506125,52.66136,0.066506125
non_neural,ENSG00000136490,-0.06650177,52.66136,0.06650177
non_neural,ENSG00000136002,0.06636018,52.66136,0.06636018
non_neural,ENSG00000117480,-0.06630158,52.66136,0.06630158
non_neural,ENSG00000140254,-0.06611417,52.66136,0.06611417
non_neural,ENSG00000162817,-0.06604319,52.66136,0.06604319
non_neural,ENSG00000113645,-0.06556654,52.66136,0.06556654
non_neural,ENSG00000082438,0.06551319,52.66136,0.06551319
non_neural,ENSG00000143632,0.06532771,52.66136,0.06532771
non_neural,ENSG00000059377,0.06516667,52.66136,0.06516667
non_neural,ENSG00000159714,0.06514758,52.66136,0.06514758
non_neural,ENSG00000186469,-0.06488438,52.66136,0.06488438
non_neural,ENSG00000197249,-0.064828,52.66136,0.064828
non_neural,ENSG00000204655,-0.06479949,52.66136,0.06479949
non_neural,ENSG00000168734,0.06425571,52.66136,0.06425571
non_neural,ENSG00000174156,0.06397454,52.66136,0.06397454
non_neural,ENSG00000156011,0.06395999,52.66136,0.06395999
non_neural,ENSG00000129538,-0.06392694,52.66136,0.06392694
non_neural,ENSG00000164379,-0.06370961,52.66136,0.06370961
non_neural,ENSG00000211658,0.06355541,52.66136,0.06355541
non_neural,ENSG00000114374,-0.063341595,52.66136,0.063341595
non_neural,ENSG00000073737,-0.063313805,52.66136,0.063313805
non_neural,ENSG00000186847,-0.06296838,52.66136,0.06296838
non_neural,ENSG00000135063,-0.06275123,52.66136,0.06275123
non_neural,ENSG00000164023,-0.062709026,52.66136,0.062709026
non_neural,ENSG00000104951,-0.06268649,52.66136,0.06268649
non_neural,ENSG00000186517,0.06255995,52.66136,0.06255995
non_neural,ENSG00000114251,0.062521614,52.66136,0.062521614
non_neural,ENSG00000142765,-0.062134445,52.66136,0.062134445
non_neural,ENSG00000277402,-0.061963744,52.66136,0.061963744
non_neural,ENSG00000100473,-0.06179129,52.66136,0.06179129
non_neural,ENSG00000171621,-0.06173866,52.66136,0.06173866
non_neural,ENSG00000215030,0.061612204,52.66136,0.061612204
non_neural,ENSG00000287255,-0.061459567,52.66136,0.061459567
non_neural,ENSG00000132386,0.061384548,52.66136,0.061384548
non_neural,ENSG00000133101,-0.061228972,52.66136,0.061228972
non_neural,ENSG00000117425,-0.061189573,52.66136,0.061189573
non_neural,ENSG00000162433,-0.06118572,52.66136,0.06118572
non_neural,ENSG00000196376,0.061022002,52.66136,0.061022002
non_neural,ENSG00000109193,-0.061006084,52.66136,0.061006084
non_neural,ENSG00000170412,-0.060957156,52.66136,0.060957156
non_neural,ENSG00000198805,0.06068371,52.66136,0.06068371
non_neural,ENSG00000075223,-0.06060156,52.66136,0.06060156
non_neural,ENSG00000041982,-0.060600422,52.66136,0.060600422
non_neural,ENSG00000150054,0.060327407,52.66136,0.060327407
non_neural,ENSG00000168918,0.060275078,52.66136,0.060275078
non_neural,ENSG00000165953,0.059835523,52.66136,0.059835523
non_neural,ENSG00000107295,-0.059623837,52.66136,0.059623837
non_neural,ENSG00000150995,0.05960367,52.66136,0.05960367
non_neural,ENSG00000204866,-0.05943646,52.66136,0.05943646
non_neural,ENSG00000085514,-0.059217732,52.66136,0.059217732
non_neural,ENSG00000146005,0.059118085,52.66136,0.059118085
non_neural,ENSG00000143125,-0.059084136,52.66136,0.059084136
non_neural,ENSG00000163823,0.05907259,52.66136,0.05907259
non_neural,ENSG00000143153,-0.05905342,52.66136,0.05905342
non_neural,ENSG00000198053,-0.058401626,52.66136,0.058401626
non_neural,ENSG00000204538,0.05830227,52.66136,0.05830227
non_neural,ENSG00000268388,0.05814203,52.66136,0.05814203
non_neural,ENSG00000205358,-0.057853658,52.66136,0.057853658
non_neural,ENSG00000132744,0.057722732,52.66136,0.057722732
non_neural,ENSG00000124507,-0.05740542,52.66136,0.05740542
non_neural,ENSG00000108518,0.057277214,52.66136,0.057277214
non_neural,ENSG00000128340,-0.057212032,52.66136,0.057212032
non_neural,ENSG00000290976,-0.05710921,52.66136,0.05710921
non_neural,ENSG00000144837,0.05662663,52.66136,0.05662663
non_neural,ENSG00000166888,-0.05648251,52.66136,0.05648251
non_neural,ENSG00000180332,0.05628528,52.66136,0.05628528
non_neural,ENSG00000284479,-0.05614431,52.66136,0.05614431
non_neural,ENSG00000124664,0.055785585,52.66136,0.055785585
non_neural,ENSG00000101489,0.05570916,52.66136,0.05570916
non_neural,ENSG00000183578,0.055550784,52.66136,0.055550784
non_neural,ENSG00000260027,0.05552263,52.66136,0.05552263
non_neural,ENSG00000183347,0.055309374,52.66136,0.055309374
non_neural,ENSG00000188674,0.0552707,52.66136,0.0552707
non_neural,ENSG00000145863,-0.05517421,52.66136,0.05517421
non_neural,ENSG00000106665,0.0550806,52.66136,0.0550806
non_neural,ENSG00000211639,0.054968707,52.66136,0.054968707
non_neural,ENSG00000112414,0.054955598,52.66136,0.054955598
non_neural,ENSG00000267078,-0.054939885,52.66136,0.054939885
non_neural,ENSG00000154358,-0.05489529,52.66136,0.05489529
non_neural,ENSG00000100219,-0.054538958,52.66136,0.054538958
non_neural,ENSG00000179859,-0.05452091,52.66136,0.05452091
non_neural,ENSG00000232434,-0.053755794,52.66136,0.053755794
non_neural,ENSG00000184185,-0.05363837,52.66136,0.05363837
non_neural,ENSG00000196205,0.053614177,52.66136,0.053614177
non_neural,ENSG00000089327,-0.053183496,52.66136,0.053183496
non_neural,ENSG00000079931,0.053136438,52.66136,0.053136438
non_neural,ENSG00000087253,0.05307371,52.66136,0.05307371
non_neural,ENSG00000137078,0.052708585,52.66136,0.052708585
non_neural,ENSG00000117595,-0.052594602,52.66136,0.052594602
non_neural,ENSG00000117122,0.052403126,52.66136,0.052403126
non_neural,ENSG00000041353,0.052329723,52.66136,0.052329723
non_neural,ENSG00000106546,-0.052108258,52.66136,0.052108258
non_neural,ENSG00000152092,0.052062996,52.66136,0.052062996
non_neural,ENSG00000211640,-0.051765073,52.66136,0.051765073
non_neural,ENSG00000211664,-0.05150322,52.66136,0.05150322
non_neural,ENSG00000183010,-0.05132996,52.66136,0.05132996
non_neural,ENSG00000125968,0.051220685,52.66136,0.051220685
non_neural,ENSG00000144802,-0.051104285,52.66136,0.051104285
non_neural,ENSG00000168079,0.050837293,52.66136,0.050837293
non_neural,ENSG00000107159,-0.050690383,52.66136,0.050690383
non_neural,ENSG00000100362,0.050638407,52.66136,0.050638407
non_neural,ENSG00000196352,0.050558124,52.66136,0.050558124
non_neural,ENSG00000170486,-0.050501354,52.66136,0.050501354
non_neural,ENSG00000125657,-0.05031877,52.66136,0.05031877
non_neural,ENSG00000204592,-0.0501918,52.66136,0.0501918
non_neural,ENSG00000123999,-0.050084043,52.66136,0.050084043
non_neural,ENSG00000225851,0.050056167,52.66136,0.050056167
non_neural,ENSG00000126218,-0.049830746,52.66136,0.049830746
non_neural,ENSG00000118242,-0.049776617,52.66136,0.049776617
non_neural,ENSG00000135324,-0.04969032,52.66136,0.04969032
non_neural,ENSG00000105514,0.04968996,52.66136,0.04968996
non_neural,ENSG00000110665,-0.04948905,52.66136,0.04948905
non_neural,ENSG00000006534,0.04919609,52.66136,0.04919609
non_neural,ENSG00000006432,0.04918107,52.66136,0.04918107
non_neural,ENSG00000174697,0.049036626,52.66136,0.049036626
non_neural,ENSG00000132481,-0.048931118,52.66136,0.048931118
non_neural,ENSG00000082074,0.048777793,52.66136,0.048777793
non_neural,ENSG00000228594,-0.04873345,52.66136,0.04873345
non_neural,ENSG00000135750,-0.048650026,52.66136,0.048650026
non_neural,ENSG00000145649,0.048593987,52.66136,0.048593987
non_neural,ENSG00000204580,0.048534,52.66136,0.048534
non_neural,ENSG00000143341,0.04852893,52.66136,0.04852893
non_neural,ENSG00000153563,-0.048452534,52.66136,0.048452534
non_neural,ENSG00000196188,0.048230622,52.66136,0.048230622
non_neural,ENSG00000071991,0.048230495,52.66136,0.048230495
non_neural,ENSG00000109743,0.04815823,52.66136,0.04815823
non_neural,ENSG00000159713,0.047781684,52.66136,0.047781684
non_neural,ENSG00000211952,0.04776604,52.66136,0.04776604
non_neural,ENSG00000097021,-0.047646903,52.66136,0.047646903
non_neural,ENSG00000131370,-0.047589146,52.66136,0.047589146
non_neural,ENSG00000260807,0.047410965,52.66136,0.047410965
non_neural,ENSG00000105668,-0.046989836,52.66136,0.046989836
non_neural,ENSG00000153714,-0.046781246,52.66136,0.046781246
non_neural,ENSG00000107165,0.04671713,52.66136,0.04671713
non_neural,ENSG00000102554,-0.04607366,52.66136,0.04607366
non_neural,ENSG00000211955,-0.04604094,52.66136,0.04604094
non_neural,ENSG00000139737,0.04593153,52.66136,0.04593153
non_neural,ENSG00000130055,0.045918822,52.66136,0.045918822
non_neural,ENSG00000120756,0.045840506,52.66136,0.045840506
non_neural,ENSG00000103723,0.045773033,52.66136,0.045773033
non_neural,ENSG00000078725,0.045261346,52.66136,0.045261346
non_neural,ENSG00000105894,-0.04474946,52.66136,0.04474946
non_neural,ENSG00000142185,-0.04472676,52.66136,0.04472676
non_neural,ENSG00000154099,-0.04469175,52.66136,0.04469175
non_neural,ENSG00000206073,0.044632044,52.66136,0.044632044
non_neural,ENSG00000265107,0.04460733,52.66136,0.04460733
non_neural,ENSG00000134184,0.044397548,52.66136,0.044397548
non_neural,ENSG00000079841,0.044271998,52.66136,0.044271998
non_neural,ENSG00000144485,-0.04423999,52.66136,0.04423999
non_neural,ENSG00000144935,-0.04418257,52.66136,0.04418257
non_neural,ENSG00000107742,-0.043948624,52.66136,0.043948624
non_neural,ENSG00000086544,-0.043633413,52.66136,0.043633413
non_neural,ENSG00000126353,-0.043587036,52.66136,0.043587036
non_neural,ENSG00000154917,-0.04356606,52.66136,0.04356606
non_neural,ENSG00000013364,0.043497127,52.66136,0.043497127
non_neural,ENSG00000105976,-0.043297935,52.66136,0.043297935
non_neural,ENSG00000113763,0.043237478,52.66136,0.043237478
non_neural,ENSG00000173068,0.042455006,52.66136,0.042455006
non_neural,ENSG00000067715,0.042231623,52.66136,0.042231623
non_neural,ENSG00000169851,-0.04206713,52.66136,0.04206713
non_neural,ENSG00000068001,0.04196279,52.66136,0.04196279
non_neural,ENSG00000168539,0.041390374,52.66136,0.041390374
non_neural,ENSG00000177679,0.04135522,52.66136,0.04135522
non_neural,ENSG00000101187,0.041339338,52.66136,0.041339338
non_neural,ENSG00000211649,-0.04113145,52.66136,0.04113145
non_neural,ENSG00000188100,0.040995777,52.66136,0.040995777
non_neural,ENSG00000234965,0.040759053,52.66136,0.040759053
non_neural,ENSG00000071967,-0.04070007,52.66136,0.04070007
non_neural,ENSG00000040608,-0.040256664,52.66136,0.040256664
non_neural,ENSG00000170891,0.04014998,52.66136,0.04014998
non_neural,ENSG00000170561,0.039712757,52.66136,0.039712757
non_neural,ENSG00000228408,0.039700225,52.66136,0.039700225
non_neural,ENSG00000043462,-0.03940061,52.66136,0.03940061
non_neural,ENSG00000060718,-0.039330322,52.66136,0.039330322
non_neural,ENSG00000164104,0.039199233,52.66136,0.039199233
non_neural,ENSG00000103269,-0.039133787,52.66136,0.039133787
non_neural,ENSG00000132329,-0.039017,52.66136,0.039017
non_neural,ENSG00000233608,0.03887732,52.66136,0.03887732
non_neural,ENSG00000077274,-0.03885798,52.66136,0.03885798
non_neural,ENSG00000121068,-0.038764585,52.66136,0.038764585
non_neural,ENSG00000134802,0.03872258,52.66136,0.03872258
non_neural,ENSG00000114270,-0.038696148,52.66136,0.038696148
non_neural,ENSG00000184613,-0.03863945,52.66136,0.03863945
non_neural,ENSG00000166317,0.03856147,52.66136,0.03856147
non_neural,ENSG00000213190,-0.038526397,52.66136,0.038526397
non_neural,ENSG00000077238,-0.03843742,52.66136,0.03843742
non_neural,ENSG00000273313,0.03833777,52.66136,0.03833777
non_neural,ENSG00000172260,0.038238592,52.66136,0.038238592
non_neural,ENSG00000298309,-0.038191106,52.66136,0.038191106
non_neural,ENSG00000120899,0.038071916,52.66136,0.038071916
non_neural,ENSG00000037280,-0.038065054,52.66136,0.038065054
non_neural,ENSG00000164736,-0.037939657,52.66136,0.037939657
non_neural,ENSG00000243466,0.037775464,52.66136,0.037775464
non_neural,ENSG00000129450,0.037576478,52.66136,0.037576478
non_neural,ENSG00000070371,-0.037525885,52.66136,0.037525885
non_neural,ENSG00000108231,-0.03751818,52.66136,0.03751818
non_neural,ENSG00000276409,0.037488498,52.66136,0.037488498
non_neural,ENSG00000205420,0.03732471,52.66136,0.03732471
non_neural,ENSG00000144119,0.037286736,52.66136,0.037286736
non_neural,ENSG00000184922,0.037178975,52.66136,0.037178975
non_neural,ENSG00000110900,0.03713244,52.66136,0.03713244
non_neural,ENSG00000143217,-0.037088085,52.66136,0.037088085
non_neural,ENSG00000181617,-0.037084334,52.66136,0.037084334
non_neural,ENSG00000149798,-0.03703833,52.66136,0.03703833
non_neural,ENSG00000113924,-0.036869854,52.66136,0.036869854
non_neural,ENSG00000132718,-0.036808502,52.66136,0.036808502
non_neural,ENSG00000168743,-0.036792338,52.66136,0.036792338
non_neural,ENSG00000229415,-0.036633227,52.66136,0.036633227
non_neural,ENSG00000138311,0.03642837,52.66136,0.03642837
non_neural,ENSG00000196338,0.03640796,52.66136,0.03640796
non_neural,ENSG00000167588,-0.03631817,52.66136,0.03631817
non_neural,ENSG00000133639,-0.036282305,52.66136,0.036282305
non_neural,ENSG00000268496,-0.036126312,52.66136,0.036126312
non_neural,ENSG00000196260,0.036094233,52.66136,0.036094233
non_neural,ENSG00000203710,-0.03599843,52.66136,0.03599843
non_neural,ENSG00000134398,-0.035647877,52.66136,0.035647877
non_neural,ENSG00000198788,-0.03558593,52.66136,0.03558593
non_neural,ENSG00000158104,-0.035535417,52.66136,0.035535417
non_neural,ENSG00000076706,0.035386503,52.66136,0.035386503
non_neural,ENSG00000101336,-0.03536014,52.66136,0.03536014
non_neural,ENSG00000197561,-0.03509532,52.66136,0.03509532
non_neural,ENSG00000170915,0.034996297,52.66136,0.034996297
non_neural,ENSG00000108342,0.034800924,52.66136,0.034800924
non_neural,ENSG00000187837,0.03436752,52.66136,0.03436752
non_neural,ENSG00000129988,0.03430136,52.66136,0.03430136
non_neural,ENSG00000224373,0.03421864,52.66136,0.03421864
non_neural,ENSG00000102010,-0.034016974,52.66136,0.034016974
non_neural,ENSG00000206172,-0.03390739,52.66136,0.03390739
non_neural,ENSG00000163701,-0.033877533,52.66136,0.033877533
non_neural,ENSG00000131724,0.033832718,52.66136,0.033832718
non_neural,ENSG00000088836,-0.033719398,52.66136,0.033719398
non_neural,ENSG00000170345,0.03368933,52.66136,0.03368933
non_neural,ENSG00000171195,0.0334771,52.66136,0.0334771
non_neural,ENSG00000148926,-0.033443995,52.66136,0.033443995
non_neural,ENSG00000072840,-0.033396732,52.66136,0.033396732
non_neural,ENSG00000162174,0.03337889,52.66136,0.03337889
non_neural,ENSG00000161509,0.03314343,52.66136,0.03314343
non_neural,ENSG00000114812,-0.033109233,52.66136,0.033109233
non_neural,ENSG00000162733,0.03296319,52.66136,0.03296319
non_neural,ENSG00000169884,0.032914218,52.66136,0.032914218
non_neural,ENSG00000172155,-0.032781065,52.66136,0.032781065
non_neural,ENSG00000103175,0.03233493,52.66136,0.03233493
non_neural,ENSG00000085265,0.03231865,52.66136,0.03231865
non_neural,ENSG00000185291,-0.032285817,52.66136,0.032285817
non_neural,ENSG00000122644,-0.03158175,52.66136,0.03158175
non_neural,ENSG00000101463,0.03131468,52.66136,0.03131468
non_neural,ENSG00000128709,-0.030720947,52.66136,0.030720947
non_neural,ENSG00000006128,-0.03067394,52.66136,0.03067394
non_neural,ENSG00000134363,0.03036777,52.66136,0.03036777
non_neural,ENSG00000221869,-0.030323844,52.66136,0.030323844
non_neural,ENSG00000106018,0.030244755,52.66136,0.030244755
non_neural,ENSG00000293543,-0.030195413,52.66136,0.030195413
non_neural,ENSG00000147166,0.029996043,52.66136,0.029996043
non_neural,ENSG00000003137,0.029974842,52.66136,0.029974842
non_neural,ENSG00000169271,-0.029807497,52.66136,0.029807497
non_neural,ENSG00000175906,-0.029736616,52.66136,0.029736616
non_neural,ENSG00000121905,0.029644445,52.66136,0.029644445
non_neural,ENSG00000170624,0.029593986,52.66136,0.029593986
non_neural,ENSG00000198797,0.02950011,52.66136,0.02950011
non_neural,ENSG00000242689,-0.029451206,52.66136,0.029451206
non_neural,ENSG00000175183,-0.029390642,52.66136,0.029390642
non_neural,ENSG00000198142,0.029388154,52.66136,0.029388154
non_neural,ENSG00000276775,-0.029146152,52.66136,0.029146152
non_neural,ENSG00000198692,-0.029124519,52.66136,0.029124519
non_neural,ENSG00000110436,0.029121578,52.66136,0.029121578
non_neural,ENSG00000166869,-0.029049316,52.66136,0.029049316
non_neural,ENSG00000205704,-0.02882358,52.66136,0.02882358
non_neural,ENSG00000060982,-0.028776847,52.66136,0.028776847
non_neural,ENSG00000116741,-0.028286343,52.66136,0.028286343
non_neural,ENSG00000179915,-0.02819213,52.66136,0.02819213
non_neural,ENSG00000100385,0.028132932,52.66136,0.028132932
non_neural,ENSG00000211611,0.027942535,52.66136,0.027942535
non_neural,ENSG00000160862,0.027915038,52.66136,0.027915038
non_neural,ENSG00000171724,0.027898882,52.66136,0.027898882
non_neural,ENSG00000167996,-0.027735999,52.66136,0.027735999
non_neural,ENSG00000182704,-0.027724834,52.66136,0.027724834
non_neural,ENSG00000149575,-0.027655603,52.66136,0.027655603
non_neural,ENSG00000206337,-0.027497225,52.66136,0.027497225
non_neural,ENSG00000079150,0.02710959,52.66136,0.02710959
non_neural,ENSG00000187664,0.027100138,52.66136,0.027100138
non_neural,ENSG00000166819,0.027065234,52.66136,0.027065234
non_neural,ENSG00000099250,0.02684008,52.66136,0.02684008
non_neural,ENSG00000167604,-0.026839804,52.66136,0.026839804
non_neural,ENSG00000232629,0.02683576,52.66136,0.02683576
non_neural,ENSG00000211942,-0.02651493,52.66136,0.02651493
non_neural,ENSG00000130037,0.026426839,52.66136,0.026426839
non_neural,ENSG00000255398,-0.026157036,52.66136,0.026157036
non_neural,ENSG00000116285,-0.026097976,52.66136,0.026097976
non_neural,ENSG00000141448,0.026020834,52.66136,0.026020834
non_neural,ENSG00000099998,0.026005724,52.66136,0.026005724
non_neural,ENSG00000276168,0.025989832,52.66136,0.025989832
non_neural,ENSG00000065618,0.025958188,52.66136,0.025958188
non_neural,ENSG00000204991,0.025914855,52.66136,0.025914855
non_neural,ENSG00000118137,0.025851492,52.66136,0.025851492
non_neural,ENSG00000112186,-0.025768777,52.66136,0.025768777
non_neural,ENSG00000184371,0.025731176,52.66136,0.025731176
non_neural,ENSG00000198075,0.025629474,52.66136,0.025629474
non_neural,ENSG00000170439,0.025491703,52.66136,0.025491703
non_neural,ENSG00000058335,0.025435984,52.66136,0.025435984
non_neural,ENSG00000139193,0.025131665,52.66136,0.025131665
non_neural,ENSG00000207955,0.025082221,52.66136,0.025082221
non_neural,ENSG00000058866,0.025055068,52.66136,0.025055068
non_neural,ENSG00000105409,0.024897953,52.66136,0.024897953
non_neural,ENSG00000182885,-0.02484911,52.66136,0.02484911
non_neural,ENSG00000082397,0.024847785,52.66136,0.024847785
non_neural,ENSG00000127588,0.02481392,52.66136,0.02481392
non_neural,ENSG00000134013,-0.024811063,52.66136,0.024811063
non_neural,ENSG00000161544,-0.024745058,52.66136,0.024745058
non_neural,ENSG00000139514,-0.024711667,52.66136,0.024711667
non_neural,ENSG00000095917,-0.024570717,52.66136,0.024570717
non_neural,ENSG00000174521,-0.02451382,52.66136,0.02451382
non_neural,ENSG00000198795,-0.024310678,52.66136,0.024310678
non_neural,ENSG00000198467,-0.024159275,52.66136,0.024159275
non_neural,ENSG00000101180,0.02414145,52.66136,0.02414145
non_neural,ENSG00000185551,0.024135029,52.66136,0.024135029
non_neural,ENSG00000150961,-0.023919245,52.66136,0.023919245
non_neural,ENSG00000181652,-0.023887442,52.66136,0.023887442
non_neural,ENSG00000215018,0.023801096,52.66136,0.023801096
non_neural,ENSG00000132514,0.02373352,52.66136,0.02373352
non_neural,ENSG00000273338,0.023668775,52.66136,0.023668775
non_neural,ENSG00000109072,0.023650324,52.66136,0.023650324
non_neural,ENSG00000219073,-0.023625238,52.66136,0.023625238
non_neural,ENSG00000187239,0.023610152,52.66136,0.023610152
non_neural,ENSG00000165887,-0.023529522,52.66136,0.023529522
non_neural,ENSG00000172156,-0.022997947,52.66136,0.022997947
non_neural,ENSG00000106066,0.022806035,52.66136,0.022806035
non_neural,ENSG00000103257,-0.022460047,52.66136,0.022460047
non_neural,ENSG00000096088,-0.022415563,52.66136,0.022415563
non_neural,ENSG00000223802,0.022406578,52.66136,0.022406578
non_neural,ENSG00000101000,-0.022399778,52.66136,0.022399778
non_neural,ENSG00000142748,-0.022256194,52.66136,0.022256194
non_neural,ENSG00000135914,-0.022199178,52.66136,0.022199178
non_neural,ENSG00000019505,-0.021742918,52.66136,0.021742918
non_neural,ENSG00000185650,0.021661807,52.66136,0.021661807
non_neural,ENSG00000143412,0.021528646,52.66136,0.021528646
non_neural,ENSG00000124882,0.021519464,52.66136,0.021519464
non_neural,ENSG00000290948,0.021287408,52.66136,0.021287408
non_neural,ENSG00000178372,-0.021174988,52.66136,0.021174988
non_neural,ENSG00000187079,-0.021167459,52.66136,0.021167459
non_neural,ENSG00000183844,-0.021154232,52.66136,0.021154232
non_neural,ENSG00000166589,-0.021146026,52.66136,0.021146026
non_neural,ENSG00000184811,-0.02107272,52.66136,0.02107272
non_neural,ENSG00000186832,-0.020822397,52.66136,0.020822397
non_neural,ENSG00000168243,-0.020702941,52.66136,0.020702941
non_neural,ENSG00000138722,-0.020621784,52.66136,0.020621784
non_neural,ENSG00000043355,-0.020559706,52.66136,0.020559706
non_neural,ENSG00000164930,0.020307321,52.66136,0.020307321
non_neural,ENSG00000196209,0.020031398,52.66136,0.020031398
non_neural,ENSG00000136352,-0.019752745,52.66136,0.019752745
non_neural,ENSG00000177508,-0.019512279,52.66136,0.019512279
non_neural,ENSG00000133169,0.019504815,52.66136,0.019504815
non_neural,ENSG00000211964,-0.019444961,52.66136,0.019444961
non_neural,ENSG00000104081,-0.019302227,52.66136,0.019302227
non_neural,ENSG00000173546,-0.019128075,52.66136,0.019128075
non_neural,ENSG00000163661,-0.018989317,52.66136,0.018989317
non_neural,ENSG00000166348,-0.018825255,52.66136,0.018825255
non_neural,ENSG00000171388,0.018692745,52.66136,0.018692745
non_neural,ENSG00000062716,-0.018633468,52.66136,0.018633468
non_neural,ENSG00000170962,-0.01839569,52.66136,0.01839569
non_neural,ENSG00000067606,-0.018222736,52.66136,0.018222736
non_neural,ENSG00000100055,-0.01814645,52.66136,0.01814645
non_neural,ENSG00000070087,-0.017632313,52.66136,0.017632313
non_neural,ENSG00000121933,0.017628048,52.66136,0.017628048
non_neural,ENSG00000124237,-0.017625486,52.66136,0.017625486
non_neural,ENSG00000132205,0.01749997,52.66136,0.01749997
non_neural,ENSG00000166482,-0.017245598,52.66136,0.017245598
non_neural,ENSG00000145708,0.017091388,52.66136,0.017091388
non_neural,ENSG00000110880,0.016634353,52.66136,0.016634353
non_neural,ENSG00000066230,-0.01650432,52.66136,0.01650432
non_neural,ENSG00000168843,0.016363136,52.66136,0.016363136
non_neural,ENSG00000159871,-0.016351271,52.66136,0.016351271
non_neural,ENSG00000134339,0.016111422,52.66136,0.016111422
non_neural,ENSG00000181856,-0.01592088,52.66136,0.01592088
non_neural,ENSG00000143248,0.015918499,52.66136,0.015918499
non_neural,ENSG00000122863,-0.015844937,52.66136,0.015844937
non_neural,ENSG00000169220,0.015782516,52.66136,0.015782516
non_neural,ENSG00000171532,0.015689922,52.66136,0.015689922
non_neural,ENSG00000108381,-0.01565113,52.66136,0.01565113
non_neural,ENSG00000112378,-0.015581453,52.66136,0.015581453
non_neural,ENSG00000109610,-0.015090013,52.66136,0.015090013
non_neural,ENSG00000211592,-0.014998598,52.66136,0.014998598
non_neural,ENSG00000240041,-0.014674259,52.66136,0.014674259
non_neural,ENSG00000009950,-0.014605813,52.66136,0.014605813
non_neural,ENSG00000170276,-0.014365565,52.66136,0.014365565
non_neural,ENSG00000198832,0.014203647,52.66136,0.014203647
non_neural,ENSG00000118523,-0.014144382,52.66136,0.014144382
non_neural,ENSG00000091513,0.013927939,52.66136,0.013927939
non_neural,ENSG00000149295,-0.013723885,52.66136,0.013723885
non_neural,ENSG00000105143,-0.013533263,52.66136,0.013533263
non_neural,ENSG00000186297,-0.013516639,52.66136,0.013516639
non_neural,ENSG00000126950,0.013413693,52.66136,0.013413693
non_neural,ENSG00000128739,-0.01334539,52.66136,0.01334539
non_neural,ENSG00000111218,0.013052731,52.66136,0.013052731
non_neural,ENSG00000230202,0.012736372,52.66136,0.012736372
non_neural,ENSG00000115255,-0.012717456,52.66136,0.012717456
non_neural,ENSG00000162981,-0.012576365,52.66136,0.012576365
non_neural,ENSG00000272636,-0.012553365,52.66136,0.012553365
non_neural,ENSG00000163362,-0.012461873,52.66136,0.012461873
non_neural,ENSG00000076716,-0.012413448,52.66136,0.012413448
non_neural,ENSG00000125378,-0.012209766,52.66136,0.012209766
non_neural,ENSG00000224650,-0.012007907,52.66136,0.012007907
non_neural,ENSG00000189058,-0.0119478265,52.66136,0.0119478265
non_neural,ENSG00000150656,0.011807016,52.66136,0.011807016
non_neural,ENSG00000289913,-0.011719632,52.66136,0.011719632
non_neural,ENSG00000255443,0.011667576,52.66136,0.011667576
non_neural,ENSG00000166897,-0.011583819,52.66136,0.011583819
non_neural,ENSG00000187908,0.011537344,52.66136,0.011537344
non_neural,ENSG00000211896,-0.011293705,52.66136,0.011293705
non_neural,ENSG00000137699,0.011229426,52.66136,0.011229426
non_neural,ENSG00000152495,-0.011136693,52.66136,0.011136693
non_neural,ENSG00000003147,-0.010995546,52.66136,0.010995546
non_neural,ENSG00000112769,-0.010967289,52.66136,0.010967289
non_neural,ENSG00000034971,0.010966602,52.66136,0.010966602
non_neural,ENSG00000259803,-0.01093028,52.66136,0.01093028
non_neural,ENSG00000148346,-0.010739954,52.66136,0.010739954
non_neural,ENSG00000164620,-0.010645957,52.66136,0.010645957
non_neural,ENSG00000123094,-0.010501835,52.66136,0.010501835
non_neural,ENSG00000021355,-0.010396549,52.66136,0.010396549
non_neural,ENSG00000160360,-0.010338191,52.66136,0.010338191
non_neural,ENSG00000166710,0.010321132,52.66136,0.010321132
non_neural,ENSG00000267344,0.010296326,52.66136,0.010296326
non_neural,ENSG00000115935,-0.010188818,52.66136,0.010188818
non_neural,ENSG00000138131,-0.00999563,52.66136,0.00999563
non_neural,ENSG00000183098,0.009928089,52.66136,0.009928089
non_neural,ENSG00000235568,0.009503524,52.66136,0.009503524
non_neural,ENSG00000072110,0.009449328,52.66136,0.009449328
non_neural,ENSG00000186510,0.009108064,52.66136,0.009108064
non_neural,ENSG00000171522,0.009025531,52.66136,0.009025531
non_neural,ENSG00000146242,0.008875913,52.66136,0.008875913
non_neural,ENSG00000136160,-0.008755119,52.66136,0.008755119
non_neural,ENSG00000184500,0.008625518,52.66136,0.008625518
non_neural,ENSG00000211642,0.008374621,52.66136,0.008374621
non_neural,ENSG00000105339,0.008266126,52.66136,0.008266126
non_neural,ENSG00000143375,-0.007738373,52.66136,0.007738373
non_neural,ENSG00000176845,0.00733945,52.66136,0.00733945
non_neural,ENSG00000019169,0.0068552434,52.66136,0.0068552434
non_neural,ENSG00000112139,-0.00667505,52.66136,0.00667505
non_neural,ENSG00000132872,0.00655924,52.66136,0.00655924
non_neural,ENSG00000182676,-0.0059936848,52.66136,0.0059936848
non_neural,ENSG00000129451,-0.005826294,52.66136,0.005826294
non_neural,ENSG00000189292,0.0058060642,52.66136,0.0058060642
non_neural,ENSG00000145936,0.0057501397,52.66136,0.0057501397
non_neural,ENSG00000149557,-0.005741989,52.66136,0.005741989
non_neural,ENSG00000152377,-0.0057356353,52.66136,0.0057356353
non_neural,ENSG00000164398,-0.0057355952,52.66136,0.0057355952
non_neural,ENSG00000146094,-0.005720727,52.66136,0.005720727
non_neural,ENSG00000171243,-0.0056956187,52.66136,0.0056956187
non_neural,ENSG00000211644,-0.005659964,52.66136,0.005659964
non_neural,ENSG00000110245,-0.005652486,52.66136,0.005652486
non_neural,ENSG00000172232,0.0054186084,52.66136,0.0054186084
non_neural,ENSG00000092607,0.0053610695,52.66136,0.0053610695
non_neural,ENSG00000170426,0.0053183464,52.66136,0.0053183464
non_neural,ENSG00000104918,0.0051766858,52.66136,0.0051766858
non_neural,ENSG00000101470,0.0049656224,52.66136,0.0049656224
non_neural,ENSG00000103449,-0.004526185,52.66136,0.004526185
non_neural,ENSG00000074590,-0.004416668,52.66136,0.004416668
non_neural,ENSG00000175040,-0.004317698,52.66136,0.004317698
non_neural,ENSG00000157368,0.004289527,52.66136,0.004289527
non_neural,ENSG00000111046,-0.0042054914,52.66136,0.0042054914
non_neural,ENSG00000169347,0.003985551,52.66136,0.003985551
non_neural,ENSG00000169710,-0.003647619,52.66136,0.003647619
non_neural,ENSG00000089356,0.0034799809,52.66136,0.0034799809
non_neural,ENSG00000112559,-0.0032816266,52.66136,0.0032816266
non_neural,ENSG00000198039,-0.0032815665,52.66136,0.0032815665
non_neural,ENSG00000111913,-0.0031858908,52.66136,0.0031858908
non_neural,ENSG00000180549,0.0031853553,52.66136,0.0031853553
non_neural,ENSG00000065609,0.003162496,52.66136,0.003162496
non_neural,ENSG00000155087,0.0031438875,52.66136,0.0031438875
non_neural,ENSG00000153820,0.0029873087,52.66136,0.0029873087
non_neural,ENSG00000178776,-0.0028926337,52.66136,0.0028926337
non_neural,ENSG00000187223,-0.0027741813,52.66136,0.0027741813
non_neural,ENSG00000023902,0.002765978,52.66136,0.002765978
non_neural,ENSG00000182534,-0.0024935906,52.66136,0.0024935906
non_neural,ENSG00000111885,-0.0024893256,52.66136,0.0024893256
non_neural,ENSG00000173991,0.002455678,52.66136,0.002455678
non_neural,ENSG00000186301,-0.0019497037,52.66136,0.0019497037
non_neural,ENSG00000132688,0.0016455341,52.66136,0.0016455341
non_neural,ENSG00000297119,-0.001557272,52.66136,0.001557272
non_neural,ENSG00000100604,-0.0014193351,52.66136,0.0014193351
non_neural,ENSG00000266094,-0.0010030958,52.66136,0.0010030958
non_neural,ENSG00000169031,-0.0009219229,52.66136,0.0009219229
non_neural,ENSG00000179148,0.000902443,52.66136,0.000902443
non_neural,ENSG00000169877,0.000843179,52.66136,0.000843179
non_neural,ENSG00000151025,0.0004537156,52.66136,0.0004537156
non_neural,ENSG00000005187,0.000381497,52.66136,0.000381497
non_neural,ENSG00000015133,-0.00025908393,52.66136,0.00025908393
non_neural,ENSG00000182667,0.00022798222,52.66136,0.00022798222
non_neural,ENSG00000073067,-0.0001710993,52.66136,0.0001710993
non_neural,ENSG00000164188,-2.005075e-05,52.66136,2.005075e-05
non_neural,ENSG00000167617,1.537041e-05,52.66136,1.537041e-05
non_neural,ENSG00000129159,9.857464e-06,52.66136,9.857464e-06
non_neural,ENSG00000269981,-0.0,52.66136,0.0
non_neural,ENSG00000187583,0.0,52.66136,0.0
non_neural,ENSG00000187642,-0.0,52.66136,0.0
non_neural,ENSG00000188157,-0.0,52.66136,0.0
non_neural,ENSG00000272141,-0.0,52.66136,0.0
non_neural,ENSG00000162576,-0.0,52.66136,0.0
non_neural,ENSG00000235098,0.0,52.66136,0.0
non_neural,ENSG00000178821,-0.0,52.66136,0.0
non_neural,ENSG00000177133,0.0,52.66136,0.0
non_neural,ENSG00000130762,0.0,52.66136,0.0
non_neural,ENSG00000069424,0.0,52.66136,0.0
non_neural,ENSG00000116254,0.0,52.66136,0.0
non_neural,ENSG00000049246,-0.0,52.66136,0.0
non_neural,ENSG00000178585,-0.0,52.66136,0.0
non_neural,ENSG00000142657,0.0,52.66136,0.0
non_neural,ENSG00000116661,0.0,52.66136,0.0
non_neural,ENSG00000175206,-0.0,52.66136,0.0
non_neural,ENSG00000162438,-0.0,52.66136,0.0
non_neural,ENSG00000215704,0.0,52.66136,0.0
non_neural,ENSG00000162458,-0.0,52.66136,0.0
non_neural,ENSG00000173641,-0.0,52.66136,0.0
non_neural,ENSG00000142627,-0.0,52.66136,0.0
non_neural,ENSG00000142632,-0.0,52.66136,0.0
non_neural,ENSG00000162482,-0.0,52.66136,0.0
non_neural,ENSG00000158747,0.0,52.66136,0.0
non_neural,ENSG00000162545,-0.0,52.66136,0.0
non_neural,ENSG00000183114,0.0,52.66136,0.0
non_neural,ENSG00000158825,0.0,52.66136,0.0
non_neural,ENSG00000076864,-0.0,52.66136,0.0
non_neural,ENSG00000142789,0.0,52.66136,0.0
non_neural,ENSG00000173372,0.0,52.66136,0.0
non_neural,ENSG00000159189,-0.0,52.66136,0.0
non_neural,ENSG00000173369,-0.0,52.66136,0.0
non_neural,ENSG00000007968,-0.0,52.66136,0.0
non_neural,ENSG00000142677,-0.0,52.66136,0.0
non_neural,ENSG00000158055,-0.0,52.66136,0.0
non_neural,ENSG00000020633,-0.0,52.66136,0.0
non_neural,ENSG00000175707,0.0,52.66136,0.0
non_neural,ENSG00000142733,-0.0,52.66136,0.0
non_neural,ENSG00000174950,0.0,52.66136,0.0
non_neural,ENSG00000130775,-0.0,52.66136,0.0
non_neural,ENSG00000169403,-0.0,52.66136,0.0
non_neural,ENSG00000084628,0.0,52.66136,0.0
non_neural,ENSG00000168528,0.0,52.66136,0.0
non_neural,ENSG00000142910,-0.0,52.66136,0.0
non_neural,ENSG00000162522,0.0,52.66136,0.0
non_neural,ENSG00000189280,-0.0,52.66136,0.0
non_neural,ENSG00000188910,0.0,52.66136,0.0
non_neural,ENSG00000214193,0.0,52.66136,0.0
non_neural,ENSG00000119535,-0.0,52.66136,0.0
non_neural,ENSG00000158315,0.0,52.66136,0.0
non_neural,ENSG00000116990,-0.0,52.66136,0.0
non_neural,ENSG00000168389,-0.0,52.66136,0.0
non_neural,ENSG00000049089,0.0,52.66136,0.0
non_neural,ENSG00000084070,0.0,52.66136,0.0
non_neural,ENSG00000117016,0.0,52.66136,0.0
non_neural,ENSG00000179862,0.0,52.66136,0.0
non_neural,ENSG00000197273,-0.0,52.66136,0.0
non_neural,ENSG00000179178,-0.0,52.66136,0.0
non_neural,ENSG00000253313,-0.0,52.66136,0.0
non_neural,ENSG00000117399,0.0,52.66136,0.0
non_neural,ENSG00000142949,-0.0,52.66136,0.0
non_neural,ENSG00000142945,-0.0,52.66136,0.0
non_neural,ENSG00000117472,-0.0,52.66136,0.0
non_neural,ENSG00000162366,-0.0,52.66136,0.0
non_neural,ENSG00000269113,0.0,52.66136,0.0
non_neural,ENSG00000006555,0.0,52.66136,0.0
non_neural,ENSG00000116133,-0.0,52.66136,0.0
non_neural,ENSG00000162407,-0.0,52.66136,0.0
non_neural,ENSG00000184292,-0.0,52.66136,0.0
non_neural,ENSG00000177606,-0.0,52.66136,0.0
non_neural,ENSG00000134709,0.0,52.66136,0.0
non_neural,ENSG00000172380,0.0,52.66136,0.0
non_neural,ENSG00000137965,-0.0,52.66136,0.0
non_neural,ENSG00000162618,-0.0,52.66136,0.0
non_neural,ENSG00000117114,0.0,52.66136,0.0
non_neural,ENSG00000137941,0.0,52.66136,0.0
non_neural,ENSG00000142875,-0.0,52.66136,0.0
non_neural,ENSG00000153898,0.0,52.66136,0.0
non_neural,ENSG00000142871,-0.0,52.66136,0.0
non_neural,ENSG00000137975,-0.0,52.66136,0.0
non_neural,ENSG00000016602,0.0,52.66136,0.0
non_neural,ENSG00000162645,0.0,52.66136,0.0
non_neural,ENSG00000137962,-0.0,52.66136,0.0
non_neural,ENSG00000117525,0.0,52.66136,0.0
non_neural,ENSG00000162627,-0.0,52.66136,0.0
non_neural,ENSG00000117600,-0.0,52.66136,0.0
non_neural,ENSG00000099260,-0.0,52.66136,0.0
non_neural,ENSG00000181656,-0.0,52.66136,0.0
non_neural,ENSG00000170989,0.0,52.66136,0.0
non_neural,ENSG00000240038,0.0,52.66136,0.0
non_neural,ENSG00000134215,-0.0,52.66136,0.0
non_neural,ENSG00000134202,0.0,52.66136,0.0
non_neural,ENSG00000198758,-0.0,52.66136,0.0
non_neural,ENSG00000143119,0.0,52.66136,0.0
non_neural,ENSG00000162777,0.0,52.66136,0.0
non_neural,ENSG00000143110,-0.0,52.66136,0.0
non_neural,ENSG00000155367,0.0,52.66136,0.0
non_neural,ENSG00000134242,-0.0,52.66136,0.0
non_neural,ENSG00000175984,-0.0,52.66136,0.0
non_neural,ENSG00000116748,-0.0,52.66136,0.0
non_neural,ENSG00000134198,-0.0,52.66136,0.0
non_neural,ENSG00000118729,-0.0,52.66136,0.0
non_neural,ENSG00000163399,0.0,52.66136,0.0
non_neural,ENSG00000296642,0.0,52.66136,0.0
non_neural,ENSG00000275131,-0.0,52.66136,0.0
non_neural,ENSG00000168509,-0.0,52.66136,0.0
non_neural,ENSG00000150337,-0.0,52.66136,0.0
non_neural,ENSG00000014914,-0.0,52.66136,0.0
non_neural,ENSG00000159208,-0.0,52.66136,0.0
non_neural,ENSG00000143387,0.0,52.66136,0.0
non_neural,ENSG00000163141,0.0,52.66136,0.0
non_neural,ENSG00000163154,-0.0,52.66136,0.0
non_neural,ENSG00000163157,-0.0,52.66136,0.0
non_neural,ENSG00000143416,-0.0,52.66136,0.0
non_neural,ENSG00000143367,-0.0,52.66136,0.0
non_neural,ENSG00000159409,0.0,52.66136,0.0
non_neural,ENSG00000196407,-0.0,52.66136,0.0
non_neural,ENSG00000197747,0.0,52.66136,0.0
non_neural,ENSG00000143520,-0.0,52.66136,0.0
non_neural,ENSG00000187180,0.0,52.66136,0.0
non_neural,ENSG00000187173,-0.0,52.66136,0.0
non_neural,ENSG00000198854,-0.0,52.66136,0.0
non_neural,ENSG00000203786,-0.0,52.66136,0.0
non_neural,ENSG00000197084,-0.0,52.66136,0.0
non_neural,ENSG00000186844,-0.0,52.66136,0.0
non_neural,ENSG00000235942,0.0,52.66136,0.0
non_neural,ENSG00000163206,-0.0,52.66136,0.0
non_neural,ENSG00000169474,0.0,52.66136,0.0
non_neural,ENSG00000163209,-0.0,52.66136,0.0
non_neural,ENSG00000169469,0.0,52.66136,0.0
non_neural,ENSG00000203785,0.0,52.66136,0.0
non_neural,ENSG00000203784,0.0,52.66136,0.0
non_neural,ENSG00000203782,0.0,52.66136,0.0
non_neural,ENSG00000159527,-0.0,52.66136,0.0
non_neural,ENSG00000143546,0.0,52.66136,0.0
non_neural,ENSG00000196754,-0.0,52.66136,0.0
non_neural,ENSG00000189334,0.0,52.66136,0.0
non_neural,ENSG00000143554,-0.0,52.66136,0.0
non_neural,ENSG00000160712,0.0,52.66136,0.0
non_neural,ENSG00000160716,-0.0,52.66136,0.0
non_neural,ENSG00000243364,-0.0,52.66136,0.0
non_neural,ENSG00000143590,-0.0,52.66136,0.0
non_neural,ENSG00000185499,0.0,52.66136,0.0
non_neural,ENSG00000160781,-0.0,52.66136,0.0
non_neural,ENSG00000163472,0.0,52.66136,0.0
non_neural,ENSG00000125462,0.0,52.66136,0.0
non_neural,ENSG00000187800,-0.0,52.66136,0.0
non_neural,ENSG00000183853,-0.0,52.66136,0.0
non_neural,ENSG00000225670,0.0,52.66136,0.0
non_neural,ENSG00000213088,0.0,52.66136,0.0
non_neural,ENSG00000243284,0.0,52.66136,0.0
non_neural,ENSG00000158710,0.0,52.66136,0.0
non_neural,ENSG00000085552,0.0,52.66136,0.0
non_neural,ENSG00000018625,0.0,52.66136,0.0
non_neural,ENSG00000162734,0.0,52.66136,0.0
non_neural,ENSG00000026751,-0.0,52.66136,0.0
non_neural,ENSG00000158769,0.0,52.66136,0.0
non_neural,ENSG00000215845,0.0,52.66136,0.0
non_neural,ENSG00000158874,0.0,52.66136,0.0
non_neural,ENSG00000198842,-0.0,52.66136,0.0
non_neural,ENSG00000116132,0.0,52.66136,0.0
non_neural,ENSG00000197959,-0.0,52.66136,0.0
non_neural,ENSG00000143333,0.0,52.66136,0.0
non_neural,ENSG00000135862,0.0,52.66136,0.0
non_neural,ENSG00000135842,-0.0,52.66136,0.0
non_neural,ENSG00000081237,0.0,52.66136,0.0
non_neural,ENSG00000163395,-0.0,52.66136,0.0
non_neural,ENSG00000081277,0.0,52.66136,0.0
non_neural,ENSG00000118194,0.0,52.66136,0.0
non_neural,ENSG00000159166,-0.0,52.66136,0.0
non_neural,ENSG00000159173,0.0,52.66136,0.0
non_neural,ENSG00000159176,-0.0,52.66136,0.0
non_neural,ENSG00000198892,0.0,52.66136,0.0
non_neural,ENSG00000249007,0.0,52.66136,0.0
non_neural,ENSG00000077157,0.0,52.66136,0.0
non_neural,ENSG00000143845,-0.0,52.66136,0.0
non_neural,ENSG00000163531,0.0,52.66136,0.0
non_neural,ENSG00000162873,0.0,52.66136,0.0
non_neural,ENSG00000162894,0.0,52.66136,0.0
non_neural,ENSG00000182795,0.0,52.66136,0.0
non_neural,ENSG00000123838,-0.0,52.66136,0.0
non_neural,ENSG00000230937,-0.0,52.66136,0.0
non_neural,ENSG00000196878,-0.0,52.66136,0.0
non_neural,ENSG00000143753,-0.0,52.66136,0.0
non_neural,ENSG00000154380,-0.0,52.66136,0.0
non_neural,ENSG00000143819,-0.0,52.66136,0.0
non_neural,ENSG00000163050,0.0,52.66136,0.0
non_neural,ENSG00000135744,0.0,52.66136,0.0
non_neural,ENSG00000119280,0.0,52.66136,0.0
non_neural,ENSG00000151693,0.0,52.66136,0.0
non_neural,ENSG00000143882,0.0,52.66136,0.0
non_neural,ENSG00000163032,0.0,52.66136,0.0
non_neural,ENSG00000143867,-0.0,52.66136,0.0
non_neural,ENSG00000115884,0.0,52.66136,0.0
non_neural,ENSG00000143878,-0.0,52.66136,0.0
non_neural,ENSG00000115129,0.0,52.66136,0.0
non_neural,ENSG00000138031,-0.0,52.66136,0.0
non_neural,ENSG00000084731,0.0,52.66136,0.0
non_neural,ENSG00000138080,0.0,52.66136,0.0
non_neural,ENSG00000138100,0.0,52.66136,0.0
non_neural,ENSG00000157992,-0.0,52.66136,0.0
non_neural,ENSG00000115226,0.0,52.66136,0.0
non_neural,ENSG00000075426,-0.0,52.66136,0.0
non_neural,ENSG00000270640,-0.0,52.66136,0.0
non_neural,ENSG00000270210,-0.0,52.66136,0.0
non_neural,ENSG00000214711,-0.0,52.66136,0.0
non_neural,ENSG00000013016,-0.0,52.66136,0.0
non_neural,ENSG00000150938,-0.0,52.66136,0.0
non_neural,ENSG00000162878,-0.0,52.66136,0.0
non_neural,ENSG00000152518,-0.0,52.66136,0.0
non_neural,ENSG00000119888,-0.0,52.66136,0.0
non_neural,ENSG00000115380,-0.0,52.66136,0.0
non_neural,ENSG00000143995,0.0,52.66136,0.0
non_neural,ENSG00000119865,0.0,52.66136,0.0
non_neural,ENSG00000115956,-0.0,52.66136,0.0
non_neural,ENSG00000163219,-0.0,52.66136,0.0
non_neural,ENSG00000183607,0.0,52.66136,0.0
non_neural,ENSG00000059728,-0.0,52.66136,0.0
non_neural,ENSG00000163235,0.0,52.66136,0.0
non_neural,ENSG00000116031,-0.0,52.66136,0.0
non_neural,ENSG00000159399,-0.0,52.66136,0.0
non_neural,ENSG00000042493,-0.0,52.66136,0.0
non_neural,ENSG00000168878,0.0,52.66136,0.0
non_neural,ENSG00000068615,0.0,52.66136,0.0
non_neural,ENSG00000163586,-0.0,52.66136,0.0
non_neural,ENSG00000290104,0.0,52.66136,0.0
non_neural,ENSG00000241755,0.0,52.66136,0.0
non_neural,ENSG00000243290,0.0,52.66136,0.0
non_neural,ENSG00000244116,-0.0,52.66136,0.0
non_neural,ENSG00000253998,-0.0,52.66136,0.0
non_neural,ENSG00000251546,-0.0,52.66136,0.0
non_neural,ENSG00000243264,0.0,52.66136,0.0
non_neural,ENSG00000172005,-0.0,52.66136,0.0
non_neural,ENSG00000155066,0.0,52.66136,0.0
non_neural,ENSG00000196843,0.0,52.66136,0.0
non_neural,ENSG00000115085,0.0,52.66136,0.0
non_neural,ENSG00000170500,-0.0,52.66136,0.0
non_neural,ENSG00000198914,0.0,52.66136,0.0
non_neural,ENSG00000289498,0.0,52.66136,0.0
non_neural,ENSG00000198203,0.0,52.66136,0.0
non_neural,ENSG00000186522,-0.0,52.66136,0.0
non_neural,ENSG00000125538,-0.0,52.66136,0.0
non_neural,ENSG00000136688,-0.0,52.66136,0.0
non_neural,ENSG00000136694,0.0,52.66136,0.0
non_neural,ENSG00000136695,0.0,52.66136,0.0
non_neural,ENSG00000125618,0.0,52.66136,0.0
non_neural,ENSG00000072163,0.0,52.66136,0.0
non_neural,ENSG00000163040,-0.0,52.66136,0.0
non_neural,ENSG00000152128,0.0,52.66136,0.0
non_neural,ENSG00000168280,-0.0,52.66136,0.0
non_neural,ENSG00000183091,-0.0,52.66136,0.0
non_neural,ENSG00000157827,-0.0,52.66136,0.0
non_neural,ENSG00000115165,0.0,52.66136,0.0
non_neural,ENSG00000115183,-0.0,52.66136,0.0
non_neural,ENSG00000197635,0.0,52.66136,0.0
non_neural,ENSG00000115271,0.0,52.66136,0.0
non_neural,ENSG00000115339,-0.0,52.66136,0.0
non_neural,ENSG00000163092,0.0,52.66136,0.0
non_neural,ENSG00000163072,0.0,52.66136,0.0
non_neural,ENSG00000091409,-0.0,52.66136,0.0
non_neural,ENSG00000091436,-0.0,52.66136,0.0
non_neural,ENSG00000144354,0.0,52.66136,0.0
non_neural,ENSG00000128656,-0.0,52.66136,0.0
non_neural,ENSG00000175879,0.0,52.66136,0.0
non_neural,ENSG00000170166,-0.0,52.66136,0.0
non_neural,ENSG00000115232,0.0,52.66136,0.0
non_neural,ENSG00000064989,-0.0,52.66136,0.0
non_neural,ENSG00000003436,0.0,52.66136,0.0
non_neural,ENSG00000204262,-0.0,52.66136,0.0
non_neural,ENSG00000128641,0.0,52.66136,0.0
non_neural,ENSG00000081320,-0.0,52.66136,0.0
non_neural,ENSG00000118257,0.0,52.66136,0.0
non_neural,ENSG00000138413,0.0,52.66136,0.0
non_neural,ENSG00000078018,0.0,52.66136,0.0
non_neural,ENSG00000168530,0.0,52.66136,0.0
non_neural,ENSG00000144452,0.0,52.66136,0.0
non_neural,ENSG00000118245,0.0,52.66136,0.0
non_neural,ENSG00000079308,-0.0,52.66136,0.0
non_neural,ENSG00000180871,0.0,52.66136,0.0
non_neural,ENSG00000163464,0.0,52.66136,0.0
non_neural,ENSG00000072195,0.0,52.66136,0.0
non_neural,ENSG00000124006,-0.0,52.66136,0.0
non_neural,ENSG00000116106,0.0,52.66136,0.0
non_neural,ENSG00000163082,-0.0,52.66136,0.0
non_neural,ENSG00000135919,0.0,52.66136,0.0
non_neural,ENSG00000135905,0.0,52.66136,0.0
non_neural,ENSG00000135917,-0.0,52.66136,0.0
non_neural,ENSG00000067066,0.0,52.66136,0.0
non_neural,ENSG00000123485,-0.0,52.66136,0.0
non_neural,ENSG00000188042,-0.0,52.66136,0.0
non_neural,ENSG00000130147,-0.0,52.66136,0.0
non_neural,ENSG00000144476,0.0,52.66136,0.0
non_neural,ENSG00000163359,0.0,52.66136,0.0
non_neural,ENSG00000115648,-0.0,52.66136,0.0
non_neural,ENSG00000063660,-0.0,52.66136,0.0
non_neural,ENSG00000130294,-0.0,52.66136,0.0
non_neural,ENSG00000172478,0.0,52.66136,0.0
non_neural,ENSG00000162804,-0.0,52.66136,0.0
non_neural,ENSG00000071282,-0.0,52.66136,0.0
non_neural,ENSG00000182533,-0.0,52.66136,0.0
non_neural,ENSG00000134072,0.0,52.66136,0.0
non_neural,ENSG00000088726,-0.0,52.66136,0.0
non_neural,ENSG00000144712,0.0,52.66136,0.0
non_neural,ENSG00000132182,0.0,52.66136,0.0
non_neural,ENSG00000163520,0.0,52.66136,0.0
non_neural,ENSG00000131389,-0.0,52.66136,0.0
non_neural,ENSG00000131378,-0.0,52.66136,0.0
non_neural,ENSG00000163513,-0.0,52.66136,0.0
non_neural,ENSG00000091317,0.0,52.66136,0.0
non_neural,ENSG00000173705,-0.0,52.66136,0.0
non_neural,ENSG00000172995,-0.0,52.66136,0.0
non_neural,ENSG00000144655,0.0,52.66136,0.0
non_neural,ENSG00000168334,-0.0,52.66136,0.0
non_neural,ENSG00000249992,0.0,52.66136,0.0
non_neural,ENSG00000163820,-0.0,52.66136,0.0
non_neural,ENSG00000178038,-0.0,52.66136,0.0
non_neural,ENSG00000164050,-0.0,52.66136,0.0
non_neural,ENSG00000173531,-0.0,52.66136,0.0
non_neural,ENSG00000164076,0.0,52.66136,0.0
non_neural,ENSG00000012171,-0.0,52.66136,0.0
non_neural,ENSG00000004838,-0.0,52.66136,0.0
non_neural,ENSG00000010318,0.0,52.66136,0.0
non_neural,ENSG00000114854,0.0,52.66136,0.0
non_neural,ENSG00000162267,0.0,52.66136,0.0
non_neural,ENSG00000163932,0.0,52.66136,0.0
non_neural,ENSG00000163931,-0.0,52.66136,0.0
non_neural,ENSG00000168309,0.0,52.66136,0.0
non_neural,ENSG00000198643,0.0,52.66136,0.0
non_neural,ENSG00000163638,-0.0,52.66136,0.0
non_neural,ENSG00000144749,-0.0,52.66136,0.0
non_neural,ENSG00000163378,0.0,52.66136,0.0
non_neural,ENSG00000163380,-0.0,52.66136,0.0
non_neural,ENSG00000114541,0.0,52.66136,0.0
non_neural,ENSG00000187098,-0.0,52.66136,0.0
non_neural,ENSG00000163421,-0.0,52.66136,0.0
non_neural,ENSG00000144810,0.0,52.66136,0.0
non_neural,ENSG00000181458,-0.0,52.66136,0.0
non_neural,ENSG00000154175,-0.0,52.66136,0.0
non_neural,ENSG00000144824,-0.0,52.66136,0.0
non_neural,ENSG00000144834,-0.0,52.66136,0.0
non_neural,ENSG00000114529,0.0,52.66136,0.0
non_neural,ENSG00000144857,-0.0,52.66136,0.0
non_neural,ENSG00000072858,0.0,52.66136,0.0
non_neural,ENSG00000185565,0.0,52.66136,0.0
non_neural,ENSG00000144847,0.0,52.66136,0.0
non_neural,ENSG00000183833,0.0,52.66136,0.0
non_neural,ENSG00000121552,0.0,52.66136,0.0
non_neural,ENSG00000173175,0.0,52.66136,0.0
non_neural,ENSG00000065534,0.0,52.66136,0.0
non_neural,ENSG00000173702,0.0,52.66136,0.0
non_neural,ENSG00000173706,0.0,52.66136,0.0
non_neural,ENSG00000144908,0.0,52.66136,0.0
non_neural,ENSG00000014257,-0.0,52.66136,0.0
non_neural,ENSG00000174640,-0.0,52.66136,0.0
non_neural,ENSG00000114019,-0.0,52.66136,0.0
non_neural,ENSG00000174564,-0.0,52.66136,0.0
non_neural,ENSG00000066405,0.0,52.66136,0.0
non_neural,ENSG00000158220,-0.0,52.66136,0.0
non_neural,ENSG00000188313,-0.0,52.66136,0.0
non_neural,ENSG00000144891,0.0,52.66136,0.0
non_neural,ENSG00000169908,-0.0,52.66136,0.0
non_neural,ENSG00000138271,0.0,52.66136,0.0
non_neural,ENSG00000114771,-0.0,52.66136,0.0
non_neural,ENSG00000229619,-0.0,52.66136,0.0
non_neural,ENSG00000196549,0.0,52.66136,0.0
non_neural,ENSG00000240045,-0.0,52.66136,0.0
non_neural,ENSG00000169282,-0.0,52.66136,0.0
non_neural,ENSG00000075420,-0.0,52.66136,0.0
non_neural,ENSG00000121858,-0.0,52.66136,0.0
non_neural,ENSG00000078081,-0.0,52.66136,0.0
non_neural,ENSG00000053524,-0.0,52.66136,0.0
non_neural,ENSG00000145194,-0.0,52.66136,0.0
non_neural,ENSG00000090539,-0.0,52.66136,0.0
non_neural,ENSG00000187068,0.0,52.66136,0.0
non_neural,ENSG00000073792,0.0,52.66136,0.0
non_neural,ENSG00000145192,-0.0,52.66136,0.0
non_neural,ENSG00000114279,-0.0,52.66136,0.0
non_neural,ENSG00000127249,-0.0,52.66136,0.0
non_neural,ENSG00000228109,0.0,52.66136,0.0
non_neural,ENSG00000168824,-0.0,52.66136,0.0
non_neural,ENSG00000163132,0.0,52.66136,0.0
non_neural,ENSG00000072832,-0.0,52.66136,0.0
non_neural,ENSG00000074211,0.0,52.66136,0.0
non_neural,ENSG00000178597,-0.0,52.66136,0.0
non_neural,ENSG00000305512,0.0,52.66136,0.0
non_neural,ENSG00000007062,-0.0,52.66136,0.0
non_neural,ENSG00000169744,0.0,52.66136,0.0
non_neural,ENSG00000151552,-0.0,52.66136,0.0
non_neural,ENSG00000109805,0.0,52.66136,0.0
non_neural,ENSG00000157765,-0.0,52.66136,0.0
non_neural,ENSG00000091490,0.0,52.66136,0.0
non_neural,ENSG00000163694,0.0,52.66136,0.0
non_neural,ENSG00000163293,-0.0,52.66136,0.0
non_neural,ENSG00000163069,-0.0,52.66136,0.0
non_neural,ENSG00000128045,-0.0,52.66136,0.0
non_neural,ENSG00000157404,0.0,52.66136,0.0
non_neural,ENSG00000171476,-0.0,52.66136,0.0
non_neural,ENSG00000163453,-0.0,52.66136,0.0
non_neural,ENSG00000153802,0.0,52.66136,0.0
non_neural,ENSG00000087128,-0.0,52.66136,0.0
non_neural,ENSG00000197888,-0.0,52.66136,0.0
non_neural,ENSG00000145321,0.0,52.66136,0.0
non_neural,ENSG00000169429,0.0,52.66136,0.0
non_neural,ENSG00000163739,0.0,52.66136,0.0
non_neural,ENSG00000163734,0.0,52.66136,0.0
non_neural,ENSG00000174808,-0.0,52.66136,0.0
non_neural,ENSG00000169116,0.0,52.66136,0.0
non_neural,ENSG00000169245,0.0,52.66136,0.0
non_neural,ENSG00000138758,0.0,52.66136,0.0
non_neural,ENSG00000138772,0.0,52.66136,0.0
non_neural,ENSG00000249242,-0.0,52.66136,0.0
non_neural,ENSG00000138678,0.0,52.66136,0.0
non_neural,ENSG00000163624,-0.0,52.66136,0.0
non_neural,ENSG00000152583,-0.0,52.66136,0.0
non_neural,ENSG00000118762,-0.0,52.66136,0.0
non_neural,ENSG00000248144,-0.0,52.66136,0.0
non_neural,ENSG00000196344,0.0,52.66136,0.0
non_neural,ENSG00000070190,-0.0,52.66136,0.0
non_neural,ENSG00000164035,0.0,52.66136,0.0
non_neural,ENSG00000138821,0.0,52.66136,0.0
non_neural,ENSG00000145390,-0.0,52.66136,0.0
non_neural,ENSG00000138735,0.0,52.66136,0.0
non_neural,ENSG00000145386,0.0,52.66136,0.0
non_neural,ENSG00000138685,0.0,52.66136,0.0
non_neural,ENSG00000164056,0.0,52.66136,0.0
non_neural,ENSG00000170153,-0.0,52.66136,0.0
non_neural,ENSG00000109686,-0.0,52.66136,0.0
non_neural,ENSG00000164142,-0.0,52.66136,0.0
non_neural,ENSG00000171560,-0.0,52.66136,0.0
non_neural,ENSG00000061918,0.0,52.66136,0.0
non_neural,ENSG00000052802,0.0,52.66136,0.0
non_neural,ENSG00000129116,0.0,52.66136,0.0
non_neural,ENSG00000164106,0.0,52.66136,0.0
non_neural,ENSG00000237125,0.0,52.66136,0.0
non_neural,ENSG00000151725,-0.0,52.66136,0.0
non_neural,ENSG00000151726,0.0,52.66136,0.0
non_neural,ENSG00000151729,-0.0,52.66136,0.0
non_neural,ENSG00000154556,0.0,52.66136,0.0
non_neural,ENSG00000083857,-0.0,52.66136,0.0
non_neural,ENSG00000206077,0.0,52.66136,0.0
non_neural,ENSG00000113430,0.0,52.66136,0.0
non_neural,ENSG00000133401,0.0,52.66136,0.0
non_neural,ENSG00000164318,-0.0,52.66136,0.0
non_neural,ENSG00000113594,-0.0,52.66136,0.0
non_neural,ENSG00000145623,-0.0,52.66136,0.0
non_neural,ENSG00000250722,-0.0,52.66136,0.0
non_neural,ENSG00000112972,-0.0,52.66136,0.0
non_neural,ENSG00000067113,-0.0,52.66136,0.0
non_neural,ENSG00000250978,-0.0,52.66136,0.0
non_neural,ENSG00000145703,-0.0,52.66136,0.0
non_neural,ENSG00000132840,-0.0,52.66136,0.0
non_neural,ENSG00000164309,-0.0,52.66136,0.0
non_neural,ENSG00000038427,-0.0,52.66136,0.0
non_neural,ENSG00000081189,0.0,52.66136,0.0
non_neural,ENSG00000173221,0.0,52.66136,0.0
non_neural,ENSG00000287148,0.0,52.66136,0.0
non_neural,ENSG00000145779,-0.0,52.66136,0.0
non_neural,ENSG00000061455,0.0,52.66136,0.0
non_neural,ENSG00000069011,0.0,52.66136,0.0
non_neural,ENSG00000249082,-0.0,52.66136,0.0
non_neural,ENSG00000145824,0.0,52.66136,0.0
non_neural,ENSG00000120729,0.0,52.66136,0.0
non_neural,ENSG00000112984,-0.0,52.66136,0.0
non_neural,ENSG00000170458,0.0,52.66136,0.0
non_neural,ENSG00000293627,-0.0,52.66136,0.0
non_neural,ENSG00000156453,0.0,52.66136,0.0
non_neural,ENSG00000113657,-0.0,52.66136,0.0
non_neural,ENSG00000164266,-0.0,52.66136,0.0
non_neural,ENSG00000164265,0.0,52.66136,0.0
non_neural,ENSG00000310501,-0.0,52.66136,0.0
non_neural,ENSG00000276365,-0.0,52.66136,0.0
non_neural,ENSG00000182578,-0.0,52.66136,0.0
non_neural,ENSG00000011083,0.0,52.66136,0.0
non_neural,ENSG00000070808,0.0,52.66136,0.0
non_neural,ENSG00000019582,-0.0,52.66136,0.0
non_neural,ENSG00000086570,-0.0,52.66136,0.0
non_neural,ENSG00000155511,-0.0,52.66136,0.0
non_neural,ENSG00000135074,0.0,52.66136,0.0
non_neural,ENSG00000164611,-0.0,52.66136,0.0
non_neural,ENSG00000118322,-0.0,52.66136,0.0
non_neural,ENSG00000145864,-0.0,52.66136,0.0
non_neural,ENSG00000134516,-0.0,52.66136,0.0
non_neural,ENSG00000214357,-0.0,52.66136,0.0
non_neural,ENSG00000074317,0.0,52.66136,0.0
non_neural,ENSG00000160883,-0.0,52.66136,0.0
non_neural,ENSG00000196923,0.0,52.66136,0.0
non_neural,ENSG00000124491,-0.0,52.66136,0.0
non_neural,ENSG00000096696,0.0,52.66136,0.0
non_neural,ENSG00000239264,0.0,52.66136,0.0
non_neural,ENSG00000112183,-0.0,52.66136,0.0
non_neural,ENSG00000172197,-0.0,52.66136,0.0
non_neural,ENSG00000079689,-0.0,52.66136,0.0
non_neural,ENSG00000204681,0.0,52.66136,0.0
non_neural,ENSG00000146112,-0.0,52.66136,0.0
non_neural,ENSG00000204544,-0.0,52.66136,0.0
non_neural,ENSG00000204539,0.0,52.66136,0.0
non_neural,ENSG00000234745,0.0,52.66136,0.0
non_neural,ENSG00000227507,0.0,52.66136,0.0
non_neural,ENSG00000204421,0.0,52.66136,0.0
non_neural,ENSG00000213722,-0.0,52.66136,0.0
non_neural,ENSG00000204389,0.0,52.66136,0.0
non_neural,ENSG00000204385,-0.0,52.66136,0.0
non_neural,ENSG00000243649,0.0,52.66136,0.0
non_neural,ENSG00000231852,-0.0,52.66136,0.0
non_neural,ENSG00000204305,0.0,52.66136,0.0
non_neural,ENSG00000204287,0.0,52.66136,0.0
non_neural,ENSG00000237541,-0.0,52.66136,0.0
non_neural,ENSG00000242574,0.0,52.66136,0.0
non_neural,ENSG00000204257,0.0,52.66136,0.0
non_neural,ENSG00000231389,-0.0,52.66136,0.0
non_neural,ENSG00000237649,-0.0,52.66136,0.0
non_neural,ENSG00000124493,0.0,52.66136,0.0
non_neural,ENSG00000023892,-0.0,52.66136,0.0
non_neural,ENSG00000096060,0.0,52.66136,0.0
non_neural,ENSG00000112053,0.0,52.66136,0.0
non_neural,ENSG00000146192,0.0,52.66136,0.0
non_neural,ENSG00000124701,0.0,52.66136,0.0
non_neural,ENSG00000095970,0.0,52.66136,0.0
non_neural,ENSG00000112195,0.0,52.66136,0.0
non_neural,ENSG00000188112,0.0,52.66136,0.0
non_neural,ENSG00000112759,-0.0,52.66136,0.0
non_neural,ENSG00000112796,-0.0,52.66136,0.0
non_neural,ENSG00000172348,-0.0,52.66136,0.0
non_neural,ENSG00000146070,0.0,52.66136,0.0
non_neural,ENSG00000153294,-0.0,52.66136,0.0
non_neural,ENSG00000096006,0.0,52.66136,0.0
non_neural,ENSG00000065308,-0.0,52.66136,0.0
non_neural,ENSG00000243955,-0.0,52.66136,0.0
non_neural,ENSG00000124743,0.0,52.66136,0.0
non_neural,ENSG00000137269,0.0,52.66136,0.0
non_neural,ENSG00000151914,-0.0,52.66136,0.0
non_neural,ENSG00000285976,0.0,52.66136,0.0
non_neural,ENSG00000230910,0.0,52.66136,0.0
non_neural,ENSG00000135298,0.0,52.66136,0.0
non_neural,ENSG00000118407,-0.0,52.66136,0.0
non_neural,ENSG00000112837,0.0,52.66136,0.0
non_neural,ENSG00000135333,0.0,52.66136,0.0
non_neural,ENSG00000112214,0.0,52.66136,0.0
non_neural,ENSG00000132429,-0.0,52.66136,0.0
non_neural,ENSG00000112290,0.0,52.66136,0.0
non_neural,ENSG00000203778,0.0,52.66136,0.0
non_neural,ENSG00000172594,0.0,52.66136,0.0
non_neural,ENSG00000188580,0.0,52.66136,0.0
non_neural,ENSG00000146374,0.0,52.66136,0.0
non_neural,ENSG00000196569,-0.0,52.66136,0.0
non_neural,ENSG00000079819,-0.0,52.66136,0.0
non_neural,ENSG00000197594,-0.0,52.66136,0.0
non_neural,ENSG00000112299,-0.0,52.66136,0.0
non_neural,ENSG00000118515,-0.0,52.66136,0.0
non_neural,ENSG00000260418,0.0,52.66136,0.0
non_neural,ENSG00000135525,0.0,52.66136,0.0
non_neural,ENSG00000118503,-0.0,52.66136,0.0
non_neural,ENSG00000198729,0.0,52.66136,0.0
non_neural,ENSG00000009765,-0.0,52.66136,0.0
non_neural,ENSG00000131016,-0.0,52.66136,0.0
non_neural,ENSG00000120279,0.0,52.66136,0.0
non_neural,ENSG00000146469,0.0,52.66136,0.0
non_neural,ENSG00000164674,0.0,52.66136,0.0
non_neural,ENSG00000092820,0.0,52.66136,0.0
non_neural,ENSG00000198719,0.0,52.66136,0.0
non_neural,ENSG00000164855,0.0,52.66136,0.0
non_neural,ENSG00000198286,0.0,52.66136,0.0
non_neural,ENSG00000136297,-0.0,52.66136,0.0
non_neural,ENSG00000075618,0.0,52.66136,0.0
non_neural,ENSG00000006468,0.0,52.66136,0.0
non_neural,ENSG00000106537,0.0,52.66136,0.0
non_neural,ENSG00000106541,0.0,52.66136,0.0
non_neural,ENSG00000122691,-0.0,52.66136,0.0
non_neural,ENSG00000105855,0.0,52.66136,0.0
non_neural,ENSG00000136237,0.0,52.66136,0.0
non_neural,ENSG00000136235,-0.0,52.66136,0.0
non_neural,ENSG00000233429,0.0,52.66136,0.0
non_neural,ENSG00000197576,-0.0,52.66136,0.0
non_neural,ENSG00000078399,-0.0,52.66136,0.0
non_neural,ENSG00000253293,0.0,52.66136,0.0
non_neural,ENSG00000005073,0.0,52.66136,0.0
non_neural,ENSG00000240990,0.0,52.66136,0.0
non_neural,ENSG00000255690,0.0,52.66136,0.0
non_neural,ENSG00000176532,0.0,52.66136,0.0
non_neural,ENSG00000136193,-0.0,52.66136,0.0
non_neural,ENSG00000240583,-0.0,52.66136,0.0
non_neural,ENSG00000011426,-0.0,52.66136,0.0
non_neural,ENSG00000106624,-0.0,52.66136,0.0
non_neural,ENSG00000058404,-0.0,52.66136,0.0
non_neural,ENSG00000136274,-0.0,52.66136,0.0
non_neural,ENSG00000164742,0.0,52.66136,0.0
non_neural,ENSG00000185811,-0.0,52.66136,0.0
non_neural,ENSG00000146648,0.0,52.66136,0.0
non_neural,ENSG00000185290,-0.0,52.66136,0.0
non_neural,ENSG00000165215,-0.0,52.66136,0.0
non_neural,ENSG00000189143,-0.0,52.66136,0.0
non_neural,ENSG00000086730,0.0,52.66136,0.0
non_neural,ENSG00000106211,0.0,52.66136,0.0
non_neural,ENSG00000127951,0.0,52.66136,0.0
non_neural,ENSG00000234456,0.0,52.66136,0.0
non_neural,ENSG00000229436,-0.0,52.66136,0.0
non_neural,ENSG00000008277,0.0,52.66136,0.0
non_neural,ENSG00000157214,-0.0,52.66136,0.0
non_neural,ENSG00000157240,-0.0,52.66136,0.0
non_neural,ENSG00000004799,-0.0,52.66136,0.0
non_neural,ENSG00000106236,-0.0,52.66136,0.0
non_neural,ENSG00000130429,0.0,52.66136,0.0
non_neural,ENSG00000106258,0.0,52.66136,0.0
non_neural,ENSG00000205307,-0.0,52.66136,0.0
non_neural,ENSG00000106327,0.0,52.66136,0.0
non_neural,ENSG00000196411,-0.0,52.66136,0.0
non_neural,ENSG00000087077,0.0,52.66136,0.0
non_neural,ENSG00000005249,0.0,52.66136,0.0
non_neural,ENSG00000233705,0.0,52.66136,0.0
non_neural,ENSG00000091137,-0.0,52.66136,0.0
non_neural,ENSG00000135272,-0.0,52.66136,0.0
non_neural,ENSG00000105971,0.0,52.66136,0.0
non_neural,ENSG00000105974,-0.0,52.66136,0.0
non_neural,ENSG00000170807,-0.0,52.66136,0.0
non_neural,ENSG00000170775,-0.0,52.66136,0.0
non_neural,ENSG00000128594,-0.0,52.66136,0.0
non_neural,ENSG00000128595,-0.0,52.66136,0.0
non_neural,ENSG00000128596,-0.0,52.66136,0.0
non_neural,ENSG00000128604,-0.0,52.66136,0.0
non_neural,ENSG00000128578,0.0,52.66136,0.0
non_neural,ENSG00000091704,0.0,52.66136,0.0
non_neural,ENSG00000106484,-0.0,52.66136,0.0
non_neural,ENSG00000122786,-0.0,52.66136,0.0
non_neural,ENSG00000146859,-0.0,52.66136,0.0
non_neural,ENSG00000182158,0.0,52.66136,0.0
non_neural,ENSG00000146966,0.0,52.66136,0.0
non_neural,ENSG00000204983,-0.0,52.66136,0.0
non_neural,ENSG00000165125,0.0,52.66136,0.0
non_neural,ENSG00000159784,-0.0,52.66136,0.0
non_neural,ENSG00000133561,-0.0,52.66136,0.0
non_neural,ENSG00000196329,0.0,52.66136,0.0
non_neural,ENSG00000002933,0.0,52.66136,0.0
non_neural,ENSG00000290007,0.0,52.66136,0.0
non_neural,ENSG00000155093,0.0,52.66136,0.0
non_neural,ENSG00000180190,0.0,52.66136,0.0
non_neural,ENSG00000164821,-0.0,52.66136,0.0
non_neural,ENSG00000164816,0.0,52.66136,0.0
non_neural,ENSG00000275342,0.0,52.66136,0.0
non_neural,ENSG00000250305,-0.0,52.66136,0.0
non_neural,ENSG00000164741,-0.0,52.66136,0.0
non_neural,ENSG00000038945,-0.0,52.66136,0.0
non_neural,ENSG00000003989,0.0,52.66136,0.0
non_neural,ENSG00000104213,-0.0,52.66136,0.0
non_neural,ENSG00000158815,0.0,52.66136,0.0
non_neural,ENSG00000168476,0.0,52.66136,0.0
non_neural,ENSG00000168484,0.0,52.66136,0.0
non_neural,ENSG00000104635,-0.0,52.66136,0.0
non_neural,ENSG00000134020,0.0,52.66136,0.0
non_neural,ENSG00000092964,0.0,52.66136,0.0
non_neural,ENSG00000168078,0.0,52.66136,0.0
non_neural,ENSG00000303190,0.0,52.66136,0.0
non_neural,ENSG00000157110,-0.0,52.66136,0.0
non_neural,ENSG00000133874,-0.0,52.66136,0.0
non_neural,ENSG00000147465,-0.0,52.66136,0.0
non_neural,ENSG00000176907,0.0,52.66136,0.0
non_neural,ENSG00000019549,0.0,52.66136,0.0
non_neural,ENSG00000168333,-0.0,52.66136,0.0
non_neural,ENSG00000147509,0.0,52.66136,0.0
non_neural,ENSG00000254087,-0.0,52.66136,0.0
non_neural,ENSG00000178860,-0.0,52.66136,0.0
non_neural,ENSG00000121039,-0.0,52.66136,0.0
non_neural,ENSG00000154589,0.0,52.66136,0.0
non_neural,ENSG00000104369,-0.0,52.66136,0.0
non_neural,ENSG00000137558,-0.0,52.66136,0.0
non_neural,ENSG00000076554,-0.0,52.66136,0.0
non_neural,ENSG00000170323,-0.0,52.66136,0.0
non_neural,ENSG00000164695,0.0,52.66136,0.0
non_neural,ENSG00000123119,0.0,52.66136,0.0
non_neural,ENSG00000147606,-0.0,52.66136,0.0
non_neural,ENSG00000164949,0.0,52.66136,0.0
non_neural,ENSG00000104413,-0.0,52.66136,0.0
non_neural,ENSG00000083307,-0.0,52.66136,0.0
non_neural,ENSG00000155090,0.0,52.66136,0.0
non_neural,ENSG00000164929,0.0,52.66136,0.0
non_neural,ENSG00000164932,-0.0,52.66136,0.0
non_neural,ENSG00000174429,0.0,52.66136,0.0
non_neural,ENSG00000154188,-0.0,52.66136,0.0
non_neural,ENSG00000147676,0.0,52.66136,0.0
non_neural,ENSG00000136999,0.0,52.66136,0.0
non_neural,ENSG00000147689,0.0,52.66136,0.0
non_neural,ENSG00000156804,-0.0,52.66136,0.0
non_neural,ENSG00000175946,0.0,52.66136,0.0
non_neural,ENSG00000104549,-0.0,52.66136,0.0
non_neural,ENSG00000147697,0.0,52.66136,0.0
non_neural,ENSG00000042832,-0.0,52.66136,0.0
non_neural,ENSG00000240237,0.0,52.66136,0.0
non_neural,ENSG00000198576,0.0,52.66136,0.0
non_neural,ENSG00000167653,0.0,52.66136,0.0
non_neural,ENSG00000126233,0.0,52.66136,0.0
non_neural,ENSG00000197353,-0.0,52.66136,0.0
non_neural,ENSG00000167656,0.0,52.66136,0.0
non_neural,ENSG00000204839,-0.0,52.66136,0.0
non_neural,ENSG00000203499,0.0,52.66136,0.0
non_neural,ENSG00000185189,0.0,52.66136,0.0
non_neural,ENSG00000260428,-0.0,52.66136,0.0
non_neural,ENSG00000167702,0.0,52.66136,0.0
non_neural,ENSG00000147799,0.0,52.66136,0.0
non_neural,ENSG00000107186,-0.0,52.66136,0.0
non_neural,ENSG00000147872,-0.0,52.66136,0.0
non_neural,ENSG00000120156,-0.0,52.66136,0.0
non_neural,ENSG00000231991,-0.0,52.66136,0.0
non_neural,ENSG00000010438,-0.0,52.66136,0.0
non_neural,ENSG00000164972,-0.0,52.66136,0.0
non_neural,ENSG00000122756,0.0,52.66136,0.0
non_neural,ENSG00000137094,-0.0,52.66136,0.0
non_neural,ENSG00000159899,-0.0,52.66136,0.0
non_neural,ENSG00000122707,-0.0,52.66136,0.0
non_neural,ENSG00000137142,0.0,52.66136,0.0
non_neural,ENSG00000154330,0.0,52.66136,0.0
non_neural,ENSG00000119138,-0.0,52.66136,0.0
non_neural,ENSG00000119125,-0.0,52.66136,0.0
non_neural,ENSG00000135069,-0.0,52.66136,0.0
non_neural,ENSG00000165105,0.0,52.66136,0.0
non_neural,ENSG00000123975,0.0,52.66136,0.0
non_neural,ENSG00000130222,-0.0,52.66136,0.0
non_neural,ENSG00000165025,0.0,52.66136,0.0
non_neural,ENSG00000165030,-0.0,52.66136,0.0
non_neural,ENSG00000169071,-0.0,52.66136,0.0
non_neural,ENSG00000106809,0.0,52.66136,0.0
non_neural,ENSG00000127083,-0.0,52.66136,0.0
non_neural,ENSG00000106819,0.0,52.66136,0.0
non_neural,ENSG00000165238,0.0,52.66136,0.0
non_neural,ENSG00000130957,-0.0,52.66136,0.0
non_neural,ENSG00000136842,0.0,52.66136,0.0
non_neural,ENSG00000178919,0.0,52.66136,0.0
non_neural,ENSG00000106789,-0.0,52.66136,0.0
non_neural,ENSG00000204291,-0.0,52.66136,0.0
non_neural,ENSG00000119508,-0.0,52.66136,0.0
non_neural,ENSG00000136826,-0.0,52.66136,0.0
non_neural,ENSG00000119326,0.0,52.66136,0.0
non_neural,ENSG00000157654,-0.0,52.66136,0.0
non_neural,ENSG00000188959,-0.0,52.66136,0.0
non_neural,ENSG00000198121,-0.0,52.66136,0.0
non_neural,ENSG00000119457,0.0,52.66136,0.0
non_neural,ENSG00000136883,0.0,52.66136,0.0
non_neural,ENSG00000106948,-0.0,52.66136,0.0
non_neural,ENSG00000095397,0.0,52.66136,0.0
non_neural,ENSG00000148180,-0.0,52.66136,0.0
non_neural,ENSG00000148175,-0.0,52.66136,0.0
non_neural,ENSG00000204136,0.0,52.66136,0.0
non_neural,ENSG00000185681,-0.0,52.66136,0.0
non_neural,ENSG00000095303,0.0,52.66136,0.0
non_neural,ENSG00000106689,-0.0,52.66136,0.0
non_neural,ENSG00000136859,-0.0,52.66136,0.0
non_neural,ENSG00000136854,0.0,52.66136,0.0
non_neural,ENSG00000095370,-0.0,52.66136,0.0
non_neural,ENSG00000106991,-0.0,52.66136,0.0
non_neural,ENSG00000188483,-0.0,52.66136,0.0
non_neural,ENSG00000107130,0.0,52.66136,0.0
non_neural,ENSG00000160539,-0.0,52.66136,0.0
non_neural,ENSG00000196990,0.0,52.66136,0.0
non_neural,ENSG00000130635,-0.0,52.66136,0.0
non_neural,ENSG00000172889,0.0,52.66136,0.0
non_neural,ENSG00000169692,-0.0,52.66136,0.0
non_neural,ENSG00000184925,-0.0,52.66136,0.0
non_neural,ENSG00000107317,-0.0,52.66136,0.0
non_neural,ENSG00000214402,0.0,52.66136,0.0
non_neural,ENSG00000107331,0.0,52.66136,0.0
non_neural,ENSG00000197191,-0.0,52.66136,0.0
non_neural,ENSG00000198435,0.0,52.66136,0.0
non_neural,ENSG00000148408,-0.0,52.66136,0.0
non_neural,ENSG00000067082,-0.0,52.66136,0.0
non_neural,ENSG00000170525,-0.0,52.66136,0.0
non_neural,ENSG00000183049,-0.0,52.66136,0.0
non_neural,ENSG00000152463,0.0,52.66136,0.0
non_neural,ENSG00000026025,-0.0,52.66136,0.0
non_neural,ENSG00000234961,-0.0,52.66136,0.0
non_neural,ENSG00000260314,-0.0,52.66136,0.0
non_neural,ENSG00000099256,0.0,52.66136,0.0
non_neural,ENSG00000077420,-0.0,52.66136,0.0
non_neural,ENSG00000197321,-0.0,52.66136,0.0
non_neural,ENSG00000150093,0.0,52.66136,0.0
non_neural,ENSG00000283000,0.0,52.66136,0.0
non_neural,ENSG00000012779,-0.0,52.66136,0.0
non_neural,ENSG00000264230,0.0,52.66136,0.0
non_neural,ENSG00000273760,0.0,52.66136,0.0
non_neural,ENSG00000177354,0.0,52.66136,0.0
non_neural,ENSG00000197444,0.0,52.66136,0.0
non_neural,ENSG00000185532,-0.0,52.66136,0.0
non_neural,ENSG00000165443,0.0,52.66136,0.0
non_neural,ENSG00000170312,-0.0,52.66136,0.0
non_neural,ENSG00000150347,0.0,52.66136,0.0
non_neural,ENSG00000138347,-0.0,52.66136,0.0
non_neural,ENSG00000172731,-0.0,52.66136,0.0
non_neural,ENSG00000177791,-0.0,52.66136,0.0
non_neural,ENSG00000035403,0.0,52.66136,0.0
non_neural,ENSG00000156113,0.0,52.66136,0.0
non_neural,ENSG00000151208,0.0,52.66136,0.0
non_neural,ENSG00000165424,0.0,52.66136,0.0
non_neural,ENSG00000188373,0.0,52.66136,0.0
non_neural,ENSG00000148600,-0.0,52.66136,0.0
non_neural,ENSG00000122367,0.0,52.66136,0.0
non_neural,ENSG00000272734,-0.0,52.66136,0.0
non_neural,ENSG00000182333,-0.0,52.66136,0.0
non_neural,ENSG00000152766,-0.0,52.66136,0.0
non_neural,ENSG00000107796,-0.0,52.66136,0.0
non_neural,ENSG00000119938,-0.0,52.66136,0.0
non_neural,ENSG00000138119,0.0,52.66136,0.0
non_neural,ENSG00000138109,0.0,52.66136,0.0
non_neural,ENSG00000095637,-0.0,52.66136,0.0
non_neural,ENSG00000197430,-0.0,52.66136,0.0
non_neural,ENSG00000203942,-0.0,52.66136,0.0
non_neural,ENSG00000119986,-0.0,52.66136,0.0
non_neural,ENSG00000155254,0.0,52.66136,0.0
non_neural,ENSG00000155265,-0.0,52.66136,0.0
non_neural,ENSG00000095713,-0.0,52.66136,0.0
non_neural,ENSG00000119919,0.0,52.66136,0.0
non_neural,ENSG00000099194,0.0,52.66136,0.0
non_neural,ENSG00000148798,0.0,52.66136,0.0
non_neural,ENSG00000107954,-0.0,52.66136,0.0
non_neural,ENSG00000138166,0.0,52.66136,0.0
non_neural,ENSG00000197142,-0.0,52.66136,0.0
non_neural,ENSG00000197893,0.0,52.66136,0.0
non_neural,ENSG00000169129,0.0,52.66136,0.0
non_neural,ENSG00000203837,0.0,52.66136,0.0
non_neural,ENSG00000175535,-0.0,52.66136,0.0
non_neural,ENSG00000187021,-0.0,52.66136,0.0
non_neural,ENSG00000266200,-0.0,52.66136,0.0
non_neural,ENSG00000229847,-0.0,52.66136,0.0
non_neural,ENSG00000170370,-0.0,52.66136,0.0
non_neural,ENSG00000148908,-0.0,52.66136,0.0
non_neural,ENSG00000166033,0.0,52.66136,0.0
non_neural,ENSG00000171798,0.0,52.66136,0.0
non_neural,ENSG00000166917,-0.0,52.66136,0.0
non_neural,ENSG00000151651,-0.0,52.66136,0.0
non_neural,ENSG00000255026,-0.0,52.66136,0.0
non_neural,ENSG00000185201,0.0,52.66136,0.0
non_neural,ENSG00000184363,0.0,52.66136,0.0
non_neural,ENSG00000254815,-0.0,52.66136,0.0
non_neural,ENSG00000099849,0.0,52.66136,0.0
non_neural,ENSG00000177106,-0.0,52.66136,0.0
non_neural,ENSG00000177542,0.0,52.66136,0.0
non_neural,ENSG00000177666,0.0,52.66136,0.0
non_neural,ENSG00000177697,0.0,52.66136,0.0
non_neural,ENSG00000184956,0.0,52.66136,0.0
non_neural,ENSG00000174672,0.0,52.66136,0.0
non_neural,ENSG00000149043,-0.0,52.66136,0.0
non_neural,ENSG00000130598,0.0,52.66136,0.0
non_neural,ENSG00000130600,-0.0,52.66136,0.0
non_neural,ENSG00000167244,-0.0,52.66136,0.0
non_neural,ENSG00000181649,-0.0,52.66136,0.0
non_neural,ENSG00000021762,0.0,52.66136,0.0
non_neural,ENSG00000177105,-0.0,52.66136,0.0
non_neural,ENSG00000223609,-0.0,52.66136,0.0
non_neural,ENSG00000166483,0.0,52.66136,0.0
non_neural,ENSG00000133800,-0.0,52.66136,0.0
non_neural,ENSG00000110328,0.0,52.66136,0.0
non_neural,ENSG00000050165,-0.0,52.66136,0.0
non_neural,ENSG00000133816,0.0,52.66136,0.0
non_neural,ENSG00000197702,-0.0,52.66136,0.0
non_neural,ENSG00000006611,0.0,52.66136,0.0
non_neural,ENSG00000148965,-0.0,52.66136,0.0
non_neural,ENSG00000129170,0.0,52.66136,0.0
non_neural,ENSG00000166833,-0.0,52.66136,0.0
non_neural,ENSG00000270607,-0.0,52.66136,0.0
non_neural,ENSG00000176971,0.0,52.66136,0.0
non_neural,ENSG00000135378,-0.0,52.66136,0.0
non_neural,ENSG00000026508,0.0,52.66136,0.0
non_neural,ENSG00000179431,-0.0,52.66136,0.0
non_neural,ENSG00000175264,0.0,52.66136,0.0
non_neural,ENSG00000165905,0.0,52.66136,0.0
non_neural,ENSG00000157613,0.0,52.66136,0.0
non_neural,ENSG00000180720,-0.0,52.66136,0.0
non_neural,ENSG00000134569,-0.0,52.66136,0.0
non_neural,ENSG00000134571,0.0,52.66136,0.0
non_neural,ENSG00000066336,0.0,52.66136,0.0
non_neural,ENSG00000134817,0.0,52.66136,0.0
non_neural,ENSG00000214872,-0.0,52.66136,0.0
non_neural,ENSG00000166801,-0.0,52.66136,0.0
non_neural,ENSG00000197629,-0.0,52.66136,0.0
non_neural,ENSG00000013725,-0.0,52.66136,0.0
non_neural,ENSG00000229859,0.0,52.66136,0.0
non_neural,ENSG00000256713,0.0,52.66136,0.0
non_neural,ENSG00000011347,0.0,52.66136,0.0
non_neural,ENSG00000134824,0.0,52.66136,0.0
non_neural,ENSG00000167994,0.0,52.66136,0.0
non_neural,ENSG00000167995,-0.0,52.66136,0.0
non_neural,ENSG00000124939,0.0,52.66136,0.0
non_neural,ENSG00000110484,0.0,52.66136,0.0
non_neural,ENSG00000124942,-0.0,52.66136,0.0
non_neural,ENSG00000177363,0.0,52.66136,0.0
non_neural,ENSG00000168004,0.0,52.66136,0.0
non_neural,ENSG00000133317,0.0,52.66136,0.0
non_neural,ENSG00000133321,-0.0,52.66136,0.0
non_neural,ENSG00000176485,0.0,52.66136,0.0
non_neural,ENSG00000184743,0.0,52.66136,0.0
non_neural,ENSG00000149781,0.0,52.66136,0.0
non_neural,ENSG00000168071,-0.0,52.66136,0.0
non_neural,ENSG00000110076,0.0,52.66136,0.0
non_neural,ENSG00000068976,0.0,52.66136,0.0
non_neural,ENSG00000171219,-0.0,52.66136,0.0
non_neural,ENSG00000146670,0.0,52.66136,0.0
non_neural,ENSG00000149809,0.0,52.66136,0.0
non_neural,ENSG00000245532,-0.0,52.66136,0.0
non_neural,ENSG00000168056,0.0,52.66136,0.0
non_neural,ENSG00000173338,0.0,52.66136,0.0
non_neural,ENSG00000172818,0.0,52.66136,0.0
non_neural,ENSG00000175592,0.0,52.66136,0.0
non_neural,ENSG00000175315,0.0,52.66136,0.0
non_neural,ENSG00000179292,-0.0,52.66136,0.0
non_neural,ENSG00000173715,0.0,52.66136,0.0
non_neural,ENSG00000173227,-0.0,52.66136,0.0
non_neural,ENSG00000173156,0.0,52.66136,0.0
non_neural,ENSG00000175463,-0.0,52.66136,0.0
non_neural,ENSG00000132746,-0.0,52.66136,0.0
non_neural,ENSG00000255031,0.0,52.66136,0.0
non_neural,ENSG00000162337,-0.0,52.66136,0.0
non_neural,ENSG00000172935,0.0,52.66136,0.0
non_neural,ENSG00000110195,-0.0,52.66136,0.0
non_neural,ENSG00000165457,0.0,52.66136,0.0
non_neural,ENSG00000110237,-0.0,52.66136,0.0
non_neural,ENSG00000175567,0.0,52.66136,0.0
non_neural,ENSG00000175564,0.0,52.66136,0.0
non_neural,ENSG00000137491,0.0,52.66136,0.0
non_neural,ENSG00000149257,-0.0,52.66136,0.0
non_neural,ENSG00000171533,-0.0,52.66136,0.0
non_neural,ENSG00000062282,0.0,52.66136,0.0
non_neural,ENSG00000137501,0.0,52.66136,0.0
non_neural,ENSG00000174804,0.0,52.66136,0.0
non_neural,ENSG00000137752,0.0,52.66136,0.0
non_neural,ENSG00000170290,0.0,52.66136,0.0
non_neural,ENSG00000178202,-0.0,52.66136,0.0
non_neural,ENSG00000110723,0.0,52.66136,0.0
non_neural,ENSG00000110777,0.0,52.66136,0.0
non_neural,ENSG00000204381,-0.0,52.66136,0.0
non_neural,ENSG00000149300,0.0,52.66136,0.0
non_neural,ENSG00000150764,-0.0,52.66136,0.0
non_neural,ENSG00000150782,-0.0,52.66136,0.0
non_neural,ENSG00000149294,-0.0,52.66136,0.0
non_neural,ENSG00000149591,0.0,52.66136,0.0
non_neural,ENSG00000137726,0.0,52.66136,0.0
non_neural,ENSG00000137747,-0.0,52.66136,0.0
non_neural,ENSG00000137648,-0.0,52.66136,0.0
non_neural,ENSG00000160593,-0.0,52.66136,0.0
non_neural,ENSG00000198851,0.0,52.66136,0.0
non_neural,ENSG00000019144,0.0,52.66136,0.0
non_neural,ENSG00000036672,0.0,52.66136,0.0
non_neural,ENSG00000184232,-0.0,52.66136,0.0
non_neural,ENSG00000137642,0.0,52.66136,0.0
non_neural,ENSG00000166250,-0.0,52.66136,0.0
non_neural,ENSG00000023171,0.0,52.66136,0.0
non_neural,ENSG00000166257,-0.0,52.66136,0.0
non_neural,ENSG00000019102,0.0,52.66136,0.0
non_neural,ENSG00000149564,-0.0,52.66136,0.0
non_neural,ENSG00000134955,-0.0,52.66136,0.0
non_neural,ENSG00000149571,0.0,52.66136,0.0
non_neural,ENSG00000151715,0.0,52.66136,0.0
non_neural,ENSG00000149418,-0.0,52.66136,0.0
non_neural,ENSG00000166086,-0.0,52.66136,0.0
non_neural,ENSG00000151067,0.0,52.66136,0.0
non_neural,ENSG00000111206,0.0,52.66136,0.0
non_neural,ENSG00000197905,0.0,52.66136,0.0
non_neural,ENSG00000011105,-0.0,52.66136,0.0
non_neural,ENSG00000008323,-0.0,52.66136,0.0
non_neural,ENSG00000111319,-0.0,52.66136,0.0
non_neural,ENSG00000184574,0.0,52.66136,0.0
non_neural,ENSG00000111644,-0.0,52.66136,0.0
non_neural,ENSG00000089692,0.0,52.66136,0.0
non_neural,ENSG00000139194,0.0,52.66136,0.0
non_neural,ENSG00000139182,0.0,52.66136,0.0
non_neural,ENSG00000171860,0.0,52.66136,0.0
non_neural,ENSG00000175899,0.0,52.66136,0.0
non_neural,ENSG00000172322,0.0,52.66136,0.0
non_neural,ENSG00000150048,-0.0,52.66136,0.0
non_neural,ENSG00000173391,-0.0,52.66136,0.0
non_neural,ENSG00000060138,-0.0,52.66136,0.0
non_neural,ENSG00000111215,0.0,52.66136,0.0
non_neural,ENSG00000139083,-0.0,52.66136,0.0
non_neural,ENSG00000178878,0.0,52.66136,0.0
non_neural,ENSG00000013588,-0.0,52.66136,0.0
non_neural,ENSG00000134531,0.0,52.66136,0.0
non_neural,ENSG00000246705,0.0,52.66136,0.0
non_neural,ENSG00000111404,-0.0,52.66136,0.0
non_neural,ENSG00000069431,-0.0,52.66136,0.0
non_neural,ENSG00000118308,0.0,52.66136,0.0
non_neural,ENSG00000211455,0.0,52.66136,0.0
non_neural,ENSG00000018236,0.0,52.66136,0.0
non_neural,ENSG00000177119,0.0,52.66136,0.0
non_neural,ENSG00000139209,0.0,52.66136,0.0
non_neural,ENSG00000179715,-0.0,52.66136,0.0
non_neural,ENSG00000247774,0.0,52.66136,0.0
non_neural,ENSG00000111405,0.0,52.66136,0.0
non_neural,ENSG00000079337,-0.0,52.66136,0.0
non_neural,ENSG00000061273,-0.0,52.66136,0.0
non_neural,ENSG00000152556,0.0,52.66136,0.0
non_neural,ENSG00000134285,0.0,52.66136,0.0
non_neural,ENSG00000181418,0.0,52.66136,0.0
non_neural,ENSG00000135406,-0.0,52.66136,0.0
non_neural,ENSG00000135451,-0.0,52.66136,0.0
non_neural,ENSG00000135472,-0.0,52.66136,0.0
non_neural,ENSG00000110934,-0.0,52.66136,0.0
non_neural,ENSG00000139567,0.0,52.66136,0.0
non_neural,ENSG00000123358,-0.0,52.66136,0.0
non_neural,ENSG00000259884,-0.0,52.66136,0.0
non_neural,ENSG00000167767,-0.0,52.66136,0.0
non_neural,ENSG00000170465,-0.0,52.66136,0.0
non_neural,ENSG00000186081,-0.0,52.66136,0.0
non_neural,ENSG00000170421,0.0,52.66136,0.0
non_neural,ENSG00000139626,0.0,52.66136,0.0
non_neural,ENSG00000135476,0.0,52.66136,0.0
non_neural,ENSG00000180818,0.0,52.66136,0.0
non_neural,ENSG00000197757,-0.0,52.66136,0.0
non_neural,ENSG00000180806,0.0,52.66136,0.0
non_neural,ENSG00000250451,-0.0,52.66136,0.0
non_neural,ENSG00000161638,0.0,52.66136,0.0
non_neural,ENSG00000123360,0.0,52.66136,0.0
non_neural,ENSG00000135447,-0.0,52.66136,0.0
non_neural,ENSG00000289965,-0.0,52.66136,0.0
non_neural,ENSG00000065361,0.0,52.66136,0.0
non_neural,ENSG00000166886,0.0,52.66136,0.0
non_neural,ENSG00000123384,0.0,52.66136,0.0
non_neural,ENSG00000185633,-0.0,52.66136,0.0
non_neural,ENSG00000155980,0.0,52.66136,0.0
non_neural,ENSG00000178498,-0.0,52.66136,0.0
non_neural,ENSG00000240771,-0.0,52.66136,0.0
non_neural,ENSG00000135439,0.0,52.66136,0.0
non_neural,ENSG00000166148,-0.0,52.66136,0.0
non_neural,ENSG00000177990,0.0,52.66136,0.0
non_neural,ENSG00000135678,0.0,52.66136,0.0
non_neural,ENSG00000135643,-0.0,52.66136,0.0
non_neural,ENSG00000177425,-0.0,52.66136,0.0
non_neural,ENSG00000049130,0.0,52.66136,0.0
non_neural,ENSG00000139318,-0.0,52.66136,0.0
non_neural,ENSG00000011465,-0.0,52.66136,0.0
non_neural,ENSG00000074527,0.0,52.66136,0.0
non_neural,ENSG00000084110,-0.0,52.66136,0.0
non_neural,ENSG00000166130,-0.0,52.66136,0.0
non_neural,ENSG00000196091,0.0,52.66136,0.0
non_neural,ENSG00000017427,-0.0,52.66136,0.0
non_neural,ENSG00000120820,-0.0,52.66136,0.0
non_neural,ENSG00000198431,-0.0,52.66136,0.0
non_neural,ENSG00000235162,-0.0,52.66136,0.0
non_neural,ENSG00000111783,0.0,52.66136,0.0
non_neural,ENSG00000075035,0.0,52.66136,0.0
non_neural,ENSG00000183160,0.0,52.66136,0.0
non_neural,ENSG00000110876,-0.0,52.66136,0.0
non_neural,ENSG00000166111,0.0,52.66136,0.0
non_neural,ENSG00000139433,0.0,52.66136,0.0
non_neural,ENSG00000174437,-0.0,52.66136,0.0
non_neural,ENSG00000089169,-0.0,52.66136,0.0
non_neural,ENSG00000089127,0.0,52.66136,0.0
non_neural,ENSG00000135111,0.0,52.66136,0.0
non_neural,ENSG00000240342,-0.0,52.66136,0.0
non_neural,ENSG00000224982,0.0,52.66136,0.0
non_neural,ENSG00000089159,0.0,52.66136,0.0
non_neural,ENSG00000170890,0.0,52.66136,0.0
non_neural,ENSG00000178882,-0.0,52.66136,0.0
non_neural,ENSG00000073060,-0.0,52.66136,0.0
non_neural,ENSG00000181234,0.0,52.66136,0.0
non_neural,ENSG00000182870,0.0,52.66136,0.0
non_neural,ENSG00000187848,-0.0,52.66136,0.0
non_neural,ENSG00000198033,0.0,52.66136,0.0
non_neural,ENSG00000122035,-0.0,52.66136,0.0
non_neural,ENSG00000102755,-0.0,52.66136,0.0
non_neural,ENSG00000132938,0.0,52.66136,0.0
non_neural,ENSG00000102802,-0.0,52.66136,0.0
non_neural,ENSG00000183722,0.0,52.66136,0.0
non_neural,ENSG00000120690,0.0,52.66136,0.0
non_neural,ENSG00000151778,-0.0,52.66136,0.0
non_neural,ENSG00000102837,0.0,52.66136,0.0
non_neural,ENSG00000136155,-0.0,52.66136,0.0
non_neural,ENSG00000125285,-0.0,52.66136,0.0
non_neural,ENSG00000134874,0.0,52.66136,0.0
non_neural,ENSG00000125266,-0.0,52.66136,0.0
non_neural,ENSG00000187498,0.0,52.66136,0.0
non_neural,ENSG00000186009,-0.0,52.66136,0.0
non_neural,ENSG00000258818,0.0,52.66136,0.0
non_neural,ENSG00000155465,0.0,52.66136,0.0
non_neural,ENSG00000197324,-0.0,52.66136,0.0
non_neural,ENSG00000197616,-0.0,52.66136,0.0
non_neural,ENSG00000092054,0.0,52.66136,0.0
non_neural,ENSG00000213983,-0.0,52.66136,0.0
non_neural,ENSG00000186648,0.0,52.66136,0.0
non_neural,ENSG00000100889,-0.0,52.66136,0.0
non_neural,ENSG00000092295,-0.0,52.66136,0.0
non_neural,ENSG00000129467,-0.0,52.66136,0.0
non_neural,ENSG00000205978,-0.0,52.66136,0.0
non_neural,ENSG00000139910,-0.0,52.66136,0.0
non_neural,ENSG00000176165,-0.0,52.66136,0.0
non_neural,ENSG00000184304,0.0,52.66136,0.0
non_neural,ENSG00000165410,-0.0,52.66136,0.0
non_neural,ENSG00000129514,-0.0,52.66136,0.0
non_neural,ENSG00000073712,-0.0,52.66136,0.0
non_neural,ENSG00000126787,-0.0,52.66136,0.0
non_neural,ENSG00000259969,-0.0,52.66136,0.0
non_neural,ENSG00000139970,-0.0,52.66136,0.0
non_neural,ENSG00000100644,0.0,52.66136,0.0
non_neural,ENSG00000054690,-0.0,52.66136,0.0
non_neural,ENSG00000165548,0.0,52.66136,0.0
non_neural,ENSG00000177108,-0.0,52.66136,0.0
non_neural,ENSG00000211448,-0.0,52.66136,0.0
non_neural,ENSG00000070778,0.0,52.66136,0.0
non_neural,ENSG00000140092,0.0,52.66136,0.0
non_neural,ENSG00000100599,-0.0,52.66136,0.0
non_neural,ENSG00000100600,-0.0,52.66136,0.0
non_neural,ENSG00000175785,-0.0,52.66136,0.0
non_neural,ENSG00000140067,0.0,52.66136,0.0
non_neural,ENSG00000100665,-0.0,52.66136,0.0
non_neural,ENSG00000100721,-0.0,52.66136,0.0
non_neural,ENSG00000227051,-0.0,52.66136,0.0
non_neural,ENSG00000127152,-0.0,52.66136,0.0
non_neural,ENSG00000197119,-0.0,52.66136,0.0
non_neural,ENSG00000214548,-0.0,52.66136,0.0
non_neural,ENSG00000258498,-0.0,52.66136,0.0
non_neural,ENSG00000197406,-0.0,52.66136,0.0
non_neural,ENSG00000166126,0.0,52.66136,0.0
non_neural,ENSG00000258986,0.0,52.66136,0.0
non_neural,ENSG00000099814,0.0,52.66136,0.0
non_neural,ENSG00000185567,0.0,52.66136,0.0
non_neural,ENSG00000170779,0.0,52.66136,0.0
non_neural,ENSG00000182809,0.0,52.66136,0.0
non_neural,ENSG00000211893,0.0,52.66136,0.0
non_neural,ENSG00000253755,-0.0,52.66136,0.0
non_neural,ENSG00000242472,-0.0,52.66136,0.0
non_neural,ENSG00000242887,0.0,52.66136,0.0
non_neural,ENSG00000211905,0.0,52.66136,0.0
non_neural,ENSG00000211930,-0.0,52.66136,0.0
non_neural,ENSG00000282639,-0.0,52.66136,0.0
non_neural,ENSG00000211949,0.0,52.66136,0.0
non_neural,ENSG00000211962,0.0,52.66136,0.0
non_neural,ENSG00000211967,0.0,52.66136,0.0
non_neural,ENSG00000211970,-0.0,52.66136,0.0
non_neural,ENSG00000211973,0.0,52.66136,0.0
non_neural,ENSG00000274576,0.0,52.66136,0.0
non_neural,ENSG00000104067,-0.0,52.66136,0.0
non_neural,ENSG00000137801,-0.0,52.66136,0.0
non_neural,ENSG00000276107,0.0,52.66136,0.0
non_neural,ENSG00000278621,0.0,52.66136,0.0
non_neural,ENSG00000156970,-0.0,52.66136,0.0
non_neural,ENSG00000188549,-0.0,52.66136,0.0
non_neural,ENSG00000261183,-0.0,52.66136,0.0
non_neural,ENSG00000104140,0.0,52.66136,0.0
non_neural,ENSG00000092445,-0.0,52.66136,0.0
non_neural,ENSG00000188089,-0.0,52.66136,0.0
non_neural,ENSG00000159337,0.0,52.66136,0.0
non_neural,ENSG00000168907,0.0,52.66136,0.0
non_neural,ENSG00000166947,0.0,52.66136,0.0
non_neural,ENSG00000104055,0.0,52.66136,0.0
non_neural,ENSG00000237289,0.0,52.66136,0.0
non_neural,ENSG00000171877,0.0,52.66136,0.0
non_neural,ENSG00000137857,-0.0,52.66136,0.0
non_neural,ENSG00000137767,0.0,52.66136,0.0
non_neural,ENSG00000166147,0.0,52.66136,0.0
non_neural,ENSG00000185634,-0.0,52.66136,0.0
non_neural,ENSG00000140287,-0.0,52.66136,0.0
non_neural,ENSG00000263155,0.0,52.66136,0.0
non_neural,ENSG00000157456,-0.0,52.66136,0.0
non_neural,ENSG00000157483,-0.0,52.66136,0.0
non_neural,ENSG00000304541,-0.0,52.66136,0.0
non_neural,ENSG00000074410,-0.0,52.66136,0.0
non_neural,ENSG00000197361,-0.0,52.66136,0.0
non_neural,ENSG00000157734,0.0,52.66136,0.0
non_neural,ENSG00000103710,-0.0,52.66136,0.0
non_neural,ENSG00000137807,0.0,52.66136,0.0
non_neural,ENSG00000166173,0.0,52.66136,0.0
non_neural,ENSG00000213578,0.0,52.66136,0.0
non_neural,ENSG00000140368,0.0,52.66136,0.0
non_neural,ENSG00000136378,-0.0,52.66136,0.0
non_neural,ENSG00000140379,0.0,52.66136,0.0
non_neural,ENSG00000172379,0.0,52.66136,0.0
non_neural,ENSG00000140600,0.0,52.66136,0.0
non_neural,ENSG00000156218,-0.0,52.66136,0.0
non_neural,ENSG00000140511,0.0,52.66136,0.0
non_neural,ENSG00000166823,0.0,52.66136,0.0
non_neural,ENSG00000259291,-0.0,52.66136,0.0
non_neural,ENSG00000182511,-0.0,52.66136,0.0
non_neural,ENSG00000185518,-0.0,52.66136,0.0
non_neural,ENSG00000140563,0.0,52.66136,0.0
non_neural,ENSG00000154227,0.0,52.66136,0.0
non_neural,ENSG00000184254,0.0,52.66136,0.0
non_neural,ENSG00000007384,-0.0,52.66136,0.0
non_neural,ENSG00000206177,-0.0,52.66136,0.0
non_neural,ENSG00000185615,-0.0,52.66136,0.0
non_neural,ENSG00000103260,0.0,52.66136,0.0
non_neural,ENSG00000102854,0.0,52.66136,0.0
non_neural,ENSG00000162040,-0.0,52.66136,0.0
non_neural,ENSG00000198736,0.0,52.66136,0.0
non_neural,ENSG00000140986,-0.0,52.66136,0.0
non_neural,ENSG00000065054,0.0,52.66136,0.0
non_neural,ENSG00000008710,-0.0,52.66136,0.0
non_neural,ENSG00000167971,0.0,52.66136,0.0
non_neural,ENSG00000005001,0.0,52.66136,0.0
non_neural,ENSG00000213937,-0.0,52.66136,0.0
non_neural,ENSG00000162069,-0.0,52.66136,0.0
non_neural,ENSG00000205890,-0.0,52.66136,0.0
non_neural,ENSG00000185739,-0.0,52.66136,0.0
non_neural,ENSG00000126603,-0.0,52.66136,0.0
non_neural,ENSG00000267795,-0.0,52.66136,0.0
non_neural,ENSG00000122304,-0.0,52.66136,0.0
non_neural,ENSG00000189067,-0.0,52.66136,0.0
non_neural,ENSG00000133392,-0.0,52.66136,0.0
non_neural,ENSG00000103222,0.0,52.66136,0.0
non_neural,ENSG00000205730,-0.0,52.66136,0.0
non_neural,ENSG00000168447,0.0,52.66136,0.0
non_neural,ENSG00000103375,0.0,52.66136,0.0
non_neural,ENSG00000188322,-0.0,52.66136,0.0
non_neural,ENSG00000177455,0.0,52.66136,0.0
non_neural,ENSG00000213658,0.0,52.66136,0.0
non_neural,ENSG00000197471,-0.0,52.66136,0.0
non_neural,ENSG00000174992,-0.0,52.66136,0.0
non_neural,ENSG00000174939,0.0,52.66136,0.0
non_neural,ENSG00000102879,0.0,52.66136,0.0
non_neural,ENSG00000180209,-0.0,52.66136,0.0
non_neural,ENSG00000180096,0.0,52.66136,0.0
non_neural,ENSG00000005844,0.0,52.66136,0.0
non_neural,ENSG00000052344,-0.0,52.66136,0.0
non_neural,ENSG00000140678,0.0,52.66136,0.0
non_neural,ENSG00000156885,-0.0,52.66136,0.0
non_neural,ENSG00000140795,-0.0,52.66136,0.0
non_neural,ENSG00000166123,-0.0,52.66136,0.0
non_neural,ENSG00000167208,0.0,52.66136,0.0
non_neural,ENSG00000176842,0.0,52.66136,0.0
non_neural,ENSG00000159387,-0.0,52.66136,0.0
non_neural,ENSG00000256812,-0.0,52.66136,0.0
non_neural,ENSG00000087258,0.0,52.66136,0.0
non_neural,ENSG00000205364,0.0,52.66136,0.0
non_neural,ENSG00000187193,-0.0,52.66136,0.0
non_neural,ENSG00000006210,-0.0,52.66136,0.0
non_neural,ENSG00000125170,0.0,52.66136,0.0
non_neural,ENSG00000205336,-0.0,52.66136,0.0
non_neural,ENSG00000102996,0.0,52.66136,0.0
non_neural,ENSG00000179776,-0.0,52.66136,0.0
non_neural,ENSG00000140931,0.0,52.66136,0.0
non_neural,ENSG00000168748,-0.0,52.66136,0.0
non_neural,ENSG00000237172,0.0,52.66136,0.0
non_neural,ENSG00000103067,-0.0,52.66136,0.0
non_neural,ENSG00000039068,-0.0,52.66136,0.0
non_neural,ENSG00000168925,-0.0,52.66136,0.0
non_neural,ENSG00000290455,-0.0,52.66136,0.0
non_neural,ENSG00000103154,0.0,52.66136,0.0
non_neural,ENSG00000064270,0.0,52.66136,0.0
non_neural,ENSG00000140968,-0.0,52.66136,0.0
non_neural,ENSG00000103241,0.0,52.66136,0.0
non_neural,ENSG00000167513,0.0,52.66136,0.0
non_neural,ENSG00000167693,-0.0,52.66136,0.0
non_neural,ENSG00000186594,-0.0,52.66136,0.0
non_neural,ENSG00000167711,-0.0,52.66136,0.0
non_neural,ENSG00000213977,-0.0,52.66136,0.0
non_neural,ENSG00000108405,-0.0,52.66136,0.0
non_neural,ENSG00000167741,-0.0,52.66136,0.0
non_neural,ENSG00000161921,-0.0,52.66136,0.0
non_neural,ENSG00000091622,0.0,52.66136,0.0
non_neural,ENSG00000141485,0.0,52.66136,0.0
non_neural,ENSG00000108839,0.0,52.66136,0.0
non_neural,ENSG00000161944,0.0,52.66136,0.0
non_neural,ENSG00000181885,0.0,52.66136,0.0
non_neural,ENSG00000169992,-0.0,52.66136,0.0
non_neural,ENSG00000238917,-0.0,52.66136,0.0
non_neural,ENSG00000108947,0.0,52.66136,0.0
non_neural,ENSG00000167874,0.0,52.66136,0.0
non_neural,ENSG00000179593,-0.0,52.66136,0.0
non_neural,ENSG00000179477,-0.0,52.66136,0.0
non_neural,ENSG00000179094,0.0,52.66136,0.0
non_neural,ENSG00000141506,-0.0,52.66136,0.0
non_neural,ENSG00000065320,-0.0,52.66136,0.0
non_neural,ENSG00000184544,0.0,52.66136,0.0
non_neural,ENSG00000109061,-0.0,52.66136,0.0
non_neural,ENSG00000006740,-0.0,52.66136,0.0
non_neural,ENSG00000187688,0.0,52.66136,0.0
non_neural,ENSG00000176974,0.0,52.66136,0.0
non_neural,ENSG00000168961,-0.0,52.66136,0.0
non_neural,ENSG00000109101,0.0,52.66136,0.0
non_neural,ENSG00000076382,-0.0,52.66136,0.0
non_neural,ENSG00000109113,-0.0,52.66136,0.0
non_neural,ENSG00000076604,-0.0,52.66136,0.0
non_neural,ENSG00000006042,-0.0,52.66136,0.0
non_neural,ENSG00000181374,0.0,52.66136,0.0
non_neural,ENSG00000172716,0.0,52.66136,0.0
non_neural,ENSG00000271447,0.0,52.66136,0.0
non_neural,ENSG00000275832,-0.0,52.66136,0.0
non_neural,ENSG00000277363,-0.0,52.66136,0.0
non_neural,ENSG00000067191,-0.0,52.66136,0.0
non_neural,ENSG00000141750,-0.0,52.66136,0.0
non_neural,ENSG00000141738,-0.0,52.66136,0.0
non_neural,ENSG00000126368,0.0,52.66136,0.0
non_neural,ENSG00000108352,-0.0,52.66136,0.0
non_neural,ENSG00000131747,0.0,52.66136,0.0
non_neural,ENSG00000141753,-0.0,52.66136,0.0
non_neural,ENSG00000305154,0.0,52.66136,0.0
non_neural,ENSG00000131746,-0.0,52.66136,0.0
non_neural,ENSG00000167916,-0.0,52.66136,0.0
non_neural,ENSG00000186395,-0.0,52.66136,0.0
non_neural,ENSG00000171401,-0.0,52.66136,0.0
non_neural,ENSG00000171346,-0.0,52.66136,0.0
non_neural,ENSG00000171345,-0.0,52.66136,0.0
non_neural,ENSG00000173801,-0.0,52.66136,0.0
non_neural,ENSG00000141756,-0.0,52.66136,0.0
non_neural,ENSG00000173786,0.0,52.66136,0.0
non_neural,ENSG00000126561,-0.0,52.66136,0.0
non_neural,ENSG00000131477,0.0,52.66136,0.0
non_neural,ENSG00000126562,0.0,52.66136,0.0
non_neural,ENSG00000131471,0.0,52.66136,0.0
non_neural,ENSG00000108830,0.0,52.66136,0.0
non_neural,ENSG00000161647,0.0,52.66136,0.0
non_neural,ENSG00000108852,-0.0,52.66136,0.0
non_neural,ENSG00000004939,0.0,52.66136,0.0
non_neural,ENSG00000108309,0.0,52.66136,0.0
non_neural,ENSG00000005961,-0.0,52.66136,0.0
non_neural,ENSG00000131095,-0.0,52.66136,0.0
non_neural,ENSG00000159314,0.0,52.66136,0.0
non_neural,ENSG00000186868,-0.0,52.66136,0.0
non_neural,ENSG00000259207,-0.0,52.66136,0.0
non_neural,ENSG00000189120,-0.0,52.66136,0.0
non_neural,ENSG00000167183,-0.0,52.66136,0.0
non_neural,ENSG00000005243,0.0,52.66136,0.0
non_neural,ENSG00000141293,-0.0,52.66136,0.0
non_neural,ENSG00000120093,0.0,52.66136,0.0
non_neural,ENSG00000173868,0.0,52.66136,0.0
non_neural,ENSG00000064195,-0.0,52.66136,0.0
non_neural,ENSG00000005884,-0.0,52.66136,0.0
non_neural,ENSG00000108823,-0.0,52.66136,0.0
non_neural,ENSG00000049283,0.0,52.66136,0.0
non_neural,ENSG00000108846,-0.0,52.66136,0.0
non_neural,ENSG00000154975,0.0,52.66136,0.0
non_neural,ENSG00000005379,-0.0,52.66136,0.0
non_neural,ENSG00000265206,0.0,52.66136,0.0
non_neural,ENSG00000108375,0.0,52.66136,0.0
non_neural,ENSG00000261371,-0.0,52.66136,0.0
non_neural,ENSG00000091583,-0.0,52.66136,0.0
non_neural,ENSG00000108878,0.0,52.66136,0.0
non_neural,ENSG00000108950,-0.0,52.66136,0.0
non_neural,ENSG00000141338,-0.0,52.66136,0.0
non_neural,ENSG00000154262,0.0,52.66136,0.0
non_neural,ENSG00000196169,0.0,52.66136,0.0
non_neural,ENSG00000186074,0.0,52.66136,0.0
non_neural,ENSG00000109062,0.0,52.66136,0.0
non_neural,ENSG00000161513,0.0,52.66136,0.0
non_neural,ENSG00000167861,-0.0,52.66136,0.0
non_neural,ENSG00000170190,-0.0,52.66136,0.0
non_neural,ENSG00000177303,-0.0,52.66136,0.0
non_neural,ENSG00000070731,0.0,52.66136,0.0
non_neural,ENSG00000167889,-0.0,52.66136,0.0
non_neural,ENSG00000141524,0.0,52.66136,0.0
non_neural,ENSG00000167895,-0.0,52.66136,0.0
non_neural,ENSG00000167900,-0.0,52.66136,0.0
non_neural,ENSG00000089685,-0.0,52.66136,0.0
non_neural,ENSG00000184557,-0.0,52.66136,0.0
non_neural,ENSG00000173918,-0.0,52.66136,0.0
non_neural,ENSG00000181409,-0.0,52.66136,0.0
non_neural,ENSG00000183048,-0.0,52.66136,0.0
non_neural,ENSG00000169750,-0.0,52.66136,0.0
non_neural,ENSG00000141574,0.0,52.66136,0.0
non_neural,ENSG00000154856,-0.0,52.66136,0.0
non_neural,ENSG00000176014,-0.0,52.66136,0.0
non_neural,ENSG00000053747,-0.0,52.66136,0.0
non_neural,ENSG00000170558,0.0,52.66136,0.0
non_neural,ENSG00000134762,-0.0,52.66136,0.0
non_neural,ENSG00000134755,0.0,52.66136,0.0
non_neural,ENSG00000134765,-0.0,52.66136,0.0
non_neural,ENSG00000134760,0.0,52.66136,0.0
non_neural,ENSG00000134757,0.0,52.66136,0.0
non_neural,ENSG00000134769,-0.0,52.66136,0.0
non_neural,ENSG00000134775,-0.0,52.66136,0.0
non_neural,ENSG00000141469,-0.0,52.66136,0.0
non_neural,ENSG00000152229,-0.0,52.66136,0.0
non_neural,ENSG00000299449,0.0,52.66136,0.0
non_neural,ENSG00000167306,-0.0,52.66136,0.0
non_neural,ENSG00000074657,-0.0,52.66136,0.0
non_neural,ENSG00000183287,-0.0,52.66136,0.0
non_neural,ENSG00000206075,-0.0,52.66136,0.0
non_neural,ENSG00000166634,0.0,52.66136,0.0
non_neural,ENSG00000197641,0.0,52.66136,0.0
non_neural,ENSG00000166396,0.0,52.66136,0.0
non_neural,ENSG00000197632,0.0,52.66136,0.0
non_neural,ENSG00000099812,-0.0,52.66136,0.0
non_neural,ENSG00000196415,-0.0,52.66136,0.0
non_neural,ENSG00000197766,-0.0,52.66136,0.0
non_neural,ENSG00000064932,0.0,52.66136,0.0
non_neural,ENSG00000099875,-0.0,52.66136,0.0
non_neural,ENSG00000167476,0.0,52.66136,0.0
non_neural,ENSG00000176533,-0.0,52.66136,0.0
non_neural,ENSG00000176490,0.0,52.66136,0.0
non_neural,ENSG00000065717,-0.0,52.66136,0.0
non_neural,ENSG00000060558,-0.0,52.66136,0.0
non_neural,ENSG00000007264,0.0,52.66136,0.0
non_neural,ENSG00000105246,0.0,52.66136,0.0
non_neural,ENSG00000214456,-0.0,52.66136,0.0
non_neural,ENSG00000223573,0.0,52.66136,0.0
non_neural,ENSG00000171124,-0.0,52.66136,0.0
non_neural,ENSG00000167769,-0.0,52.66136,0.0
non_neural,ENSG00000130545,-0.0,52.66136,0.0
non_neural,ENSG00000275234,-0.0,52.66136,0.0
non_neural,ENSG00000104833,0.0,52.66136,0.0
non_neural,ENSG00000125735,-0.0,52.66136,0.0
non_neural,ENSG00000125733,-0.0,52.66136,0.0
non_neural,ENSG00000076826,-0.0,52.66136,0.0
non_neural,ENSG00000104921,-0.0,52.66136,0.0
non_neural,ENSG00000090659,0.0,52.66136,0.0
non_neural,ENSG00000178531,0.0,52.66136,0.0
non_neural,ENSG00000142347,-0.0,52.66136,0.0
non_neural,ENSG00000142303,-0.0,52.66136,0.0
non_neural,ENSG00000080573,0.0,52.66136,0.0
non_neural,ENSG00000076662,0.0,52.66136,0.0
non_neural,ENSG00000180739,0.0,52.66136,0.0
non_neural,ENSG00000130164,0.0,52.66136,0.0
non_neural,ENSG00000130158,0.0,52.66136,0.0
non_neural,ENSG00000130176,0.0,52.66136,0.0
non_neural,ENSG00000171223,-0.0,52.66136,0.0
non_neural,ENSG00000105011,-0.0,52.66136,0.0
non_neural,ENSG00000132002,-0.0,52.66136,0.0
non_neural,ENSG00000127507,0.0,52.66136,0.0
non_neural,ENSG00000105141,-0.0,52.66136,0.0
non_neural,ENSG00000074181,-0.0,52.66136,0.0
non_neural,ENSG00000105122,-0.0,52.66136,0.0
non_neural,ENSG00000171903,-0.0,52.66136,0.0
non_neural,ENSG00000196684,-0.0,52.66136,0.0
non_neural,ENSG00000072954,0.0,52.66136,0.0
non_neural,ENSG00000130477,0.0,52.66136,0.0
non_neural,ENSG00000130475,-0.0,52.66136,0.0
non_neural,ENSG00000179913,-0.0,52.66136,0.0
non_neural,ENSG00000175489,-0.0,52.66136,0.0
non_neural,ENSG00000105664,0.0,52.66136,0.0
non_neural,ENSG00000089639,-0.0,52.66136,0.0
non_neural,ENSG00000121297,-0.0,52.66136,0.0
non_neural,ENSG00000130876,0.0,52.66136,0.0
non_neural,ENSG00000245848,-0.0,52.66136,0.0
non_neural,ENSG00000124302,0.0,52.66136,0.0
non_neural,ENSG00000153902,0.0,52.66136,0.0
non_neural,ENSG00000266964,-0.0,52.66136,0.0
non_neural,ENSG00000189001,0.0,52.66136,0.0
non_neural,ENSG00000105675,-0.0,52.66136,0.0
non_neural,ENSG00000105290,-0.0,52.66136,0.0
non_neural,ENSG00000126264,-0.0,52.66136,0.0
non_neural,ENSG00000011600,0.0,52.66136,0.0
non_neural,ENSG00000181392,-0.0,52.66136,0.0
non_neural,ENSG00000105270,-0.0,52.66136,0.0
non_neural,ENSG00000167642,-0.0,52.66136,0.0
non_neural,ENSG00000099337,-0.0,52.66136,0.0
non_neural,ENSG00000171777,0.0,52.66136,0.0
non_neural,ENSG00000196218,-0.0,52.66136,0.0
non_neural,ENSG00000104814,0.0,52.66136,0.0
non_neural,ENSG00000130402,-0.0,52.66136,0.0
non_neural,ENSG00000178934,0.0,52.66136,0.0
non_neural,ENSG00000161243,-0.0,52.66136,0.0
non_neural,ENSG00000188505,0.0,52.66136,0.0
non_neural,ENSG00000179751,0.0,52.66136,0.0
non_neural,ENSG00000128016,0.0,52.66136,0.0
non_neural,ENSG00000105227,0.0,52.66136,0.0
non_neural,ENSG00000160410,0.0,52.66136,0.0
non_neural,ENSG00000167600,-0.0,52.66136,0.0
non_neural,ENSG00000105329,0.0,52.66136,0.0
non_neural,ENSG00000105352,0.0,52.66136,0.0
non_neural,ENSG00000105388,0.0,52.66136,0.0
non_neural,ENSG00000086548,-0.0,52.66136,0.0
non_neural,ENSG00000170956,0.0,52.66136,0.0
non_neural,ENSG00000105369,-0.0,52.66136,0.0
non_neural,ENSG00000079435,-0.0,52.66136,0.0
non_neural,ENSG00000104783,-0.0,52.66136,0.0
non_neural,ENSG00000142273,-0.0,52.66136,0.0
non_neural,ENSG00000187244,0.0,52.66136,0.0
non_neural,ENSG00000283632,-0.0,52.66136,0.0
non_neural,ENSG00000104879,-0.0,52.66136,0.0
non_neural,ENSG00000104892,0.0,52.66136,0.0
non_neural,ENSG00000299344,0.0,52.66136,0.0
non_neural,ENSG00000177045,0.0,52.66136,0.0
non_neural,ENSG00000170608,0.0,52.66136,0.0
non_neural,ENSG00000188624,0.0,52.66136,0.0
non_neural,ENSG00000124440,0.0,52.66136,0.0
non_neural,ENSG00000160013,-0.0,52.66136,0.0
non_neural,ENSG00000105419,-0.0,52.66136,0.0
non_neural,ENSG00000024422,-0.0,52.66136,0.0
non_neural,ENSG00000088002,0.0,52.66136,0.0
non_neural,ENSG00000177202,-0.0,52.66136,0.0
non_neural,ENSG00000087074,-0.0,52.66136,0.0
non_neural,ENSG00000225950,-0.0,52.66136,0.0
non_neural,ENSG00000130529,-0.0,52.66136,0.0
non_neural,ENSG00000074219,-0.0,52.66136,0.0
non_neural,ENSG00000126460,0.0,52.66136,0.0
non_neural,ENSG00000105357,0.0,52.66136,0.0
non_neural,ENSG00000131400,-0.0,52.66136,0.0
non_neural,ENSG00000142515,-0.0,52.66136,0.0
non_neural,ENSG00000167754,-0.0,52.66136,0.0
non_neural,ENSG00000167755,0.0,52.66136,0.0
non_neural,ENSG00000129455,0.0,52.66136,0.0
non_neural,ENSG00000167759,0.0,52.66136,0.0
non_neural,ENSG00000142549,0.0,52.66136,0.0
non_neural,ENSG00000186806,-0.0,52.66136,0.0
non_neural,ENSG00000142512,0.0,52.66136,0.0
non_neural,ENSG00000268500,0.0,52.66136,0.0
non_neural,ENSG00000171051,0.0,52.66136,0.0
non_neural,ENSG00000171049,0.0,52.66136,0.0
non_neural,ENSG00000204577,0.0,52.66136,0.0
non_neural,ENSG00000244482,0.0,52.66136,0.0
non_neural,ENSG00000105609,-0.0,52.66136,0.0
non_neural,ENSG00000131042,0.0,52.66136,0.0
non_neural,ENSG00000167614,-0.0,52.66136,0.0
non_neural,ENSG00000239998,-0.0,52.66136,0.0
non_neural,ENSG00000104972,0.0,52.66136,0.0
non_neural,ENSG00000131037,-0.0,52.66136,0.0
non_neural,ENSG00000080031,-0.0,52.66136,0.0
non_neural,ENSG00000233493,0.0,52.66136,0.0
non_neural,ENSG00000268307,0.0,52.66136,0.0
non_neural,ENSG00000125841,0.0,52.66136,0.0
non_neural,ENSG00000125898,-0.0,52.66136,0.0
non_neural,ENSG00000101298,0.0,52.66136,0.0
non_neural,ENSG00000132622,-0.0,52.66136,0.0
non_neural,ENSG00000171867,0.0,52.66136,0.0
non_neural,ENSG00000125851,-0.0,52.66136,0.0
non_neural,ENSG00000125850,0.0,52.66136,0.0
non_neural,ENSG00000259974,0.0,52.66136,0.0
non_neural,ENSG00000125798,-0.0,52.66136,0.0
non_neural,ENSG00000178726,0.0,52.66136,0.0
non_neural,ENSG00000125810,-0.0,52.66136,0.0
non_neural,ENSG00000100994,0.0,52.66136,0.0
non_neural,ENSG00000088325,0.0,52.66136,0.0
non_neural,ENSG00000101331,0.0,52.66136,0.0
non_neural,ENSG00000125999,-0.0,52.66136,0.0
non_neural,ENSG00000101400,0.0,52.66136,0.0
non_neural,ENSG00000078804,0.0,52.66136,0.0
non_neural,ENSG00000125998,0.0,52.66136,0.0
non_neural,ENSG00000101335,-0.0,52.66136,0.0
non_neural,ENSG00000053438,0.0,52.66136,0.0
non_neural,ENSG00000132821,0.0,52.66136,0.0
non_neural,ENSG00000149596,0.0,52.66136,0.0
non_neural,ENSG00000124194,-0.0,52.66136,0.0
non_neural,ENSG00000101104,-0.0,52.66136,0.0
non_neural,ENSG00000175121,0.0,52.66136,0.0
non_neural,ENSG00000124102,0.0,52.66136,0.0
non_neural,ENSG00000124107,-0.0,52.66136,0.0
non_neural,ENSG00000244274,-0.0,52.66136,0.0
non_neural,ENSG00000124126,-0.0,52.66136,0.0
non_neural,ENSG00000158445,0.0,52.66136,0.0
non_neural,ENSG00000124212,-0.0,52.66136,0.0
non_neural,ENSG00000172216,0.0,52.66136,0.0
non_neural,ENSG00000101144,0.0,52.66136,0.0
non_neural,ENSG00000132819,-0.0,52.66136,0.0
non_neural,ENSG00000124225,-0.0,52.66136,0.0
non_neural,ENSG00000124205,-0.0,52.66136,0.0
non_neural,ENSG00000075043,-0.0,52.66136,0.0
non_neural,ENSG00000203883,-0.0,52.66136,0.0
non_neural,ENSG00000155307,0.0,52.66136,0.0
non_neural,ENSG00000154640,-0.0,52.66136,0.0
non_neural,ENSG00000154734,0.0,52.66136,0.0
non_neural,ENSG00000154736,0.0,52.66136,0.0
non_neural,ENSG00000156284,0.0,52.66136,0.0
non_neural,ENSG00000205927,-0.0,52.66136,0.0
non_neural,ENSG00000159216,-0.0,52.66136,0.0
non_neural,ENSG00000157551,0.0,52.66136,0.0
non_neural,ENSG00000185437,0.0,52.66136,0.0
non_neural,ENSG00000157601,-0.0,52.66136,0.0
non_neural,ENSG00000184012,0.0,52.66136,0.0
non_neural,ENSG00000183421,-0.0,52.66136,0.0
non_neural,ENSG00000157617,0.0,52.66136,0.0
non_neural,ENSG00000160182,-0.0,52.66136,0.0
non_neural,ENSG00000160191,0.0,52.66136,0.0
non_neural,ENSG00000160213,0.0,52.66136,0.0
non_neural,ENSG00000227039,0.0,52.66136,0.0
non_neural,ENSG00000182871,0.0,52.66136,0.0
non_neural,ENSG00000160282,0.0,52.66136,0.0
non_neural,ENSG00000093009,0.0,52.66136,0.0
non_neural,ENSG00000184702,0.0,52.66136,0.0
non_neural,ENSG00000203618,0.0,52.66136,0.0
non_neural,ENSG00000223350,-0.0,52.66136,0.0
non_neural,ENSG00000211652,0.0,52.66136,0.0
non_neural,ENSG00000211659,0.0,52.66136,0.0
non_neural,ENSG00000211666,-0.0,52.66136,0.0
non_neural,ENSG00000211670,0.0,52.66136,0.0
non_neural,ENSG00000211673,0.0,52.66136,0.0
non_neural,ENSG00000211677,-0.0,52.66136,0.0
non_neural,ENSG00000211685,0.0,52.66136,0.0
non_neural,ENSG00000128266,0.0,52.66136,0.0
non_neural,ENSG00000128218,-0.0,52.66136,0.0
non_neural,ENSG00000099958,-0.0,52.66136,0.0
non_neural,ENSG00000197077,0.0,52.66136,0.0
non_neural,ENSG00000133454,-0.0,52.66136,0.0
non_neural,ENSG00000128203,-0.0,52.66136,0.0
non_neural,ENSG00000225783,0.0,52.66136,0.0
non_neural,ENSG00000169184,-0.0,52.66136,0.0
non_neural,ENSG00000128242,0.0,52.66136,0.0
non_neural,ENSG00000100078,-0.0,52.66136,0.0
non_neural,ENSG00000184459,-0.0,52.66136,0.0
non_neural,ENSG00000100234,0.0,52.66136,0.0
non_neural,ENSG00000198125,-0.0,52.66136,0.0
non_neural,ENSG00000100320,0.0,52.66136,0.0
non_neural,ENSG00000100345,-0.0,52.66136,0.0
non_neural,ENSG00000100368,-0.0,52.66136,0.0
non_neural,ENSG00000100060,0.0,52.66136,0.0
non_neural,ENSG00000100065,-0.0,52.66136,0.0
non_neural,ENSG00000128283,0.0,52.66136,0.0
non_neural,ENSG00000100092,0.0,52.66136,0.0
non_neural,ENSG00000100321,-0.0,52.66136,0.0
non_neural,ENSG00000100399,-0.0,52.66136,0.0
non_neural,ENSG00000167074,-0.0,52.66136,0.0
non_neural,ENSG00000159958,-0.0,52.66136,0.0
non_neural,ENSG00000100162,-0.0,52.66136,0.0
non_neural,ENSG00000100300,-0.0,52.66136,0.0
non_neural,ENSG00000130540,0.0,52.66136,0.0
non_neural,ENSG00000188064,-0.0,52.66136,0.0
non_neural,ENSG00000073150,-0.0,52.66136,0.0
non_neural,ENSG00000177989,-0.0,52.66136,0.0
non_neural,ENSG00000251322,0.0,52.66136,0.0
non_neural,ENSG00000056998,-0.0,52.66136,0.0
non_neural,ENSG00000101916,0.0,52.66136,0.0
non_neural,ENSG00000131831,0.0,52.66136,0.0
non_neural,ENSG00000004848,0.0,52.66136,0.0
non_neural,ENSG00000124479,0.0,52.66136,0.0
non_neural,ENSG00000147113,0.0,52.66136,0.0
non_neural,ENSG00000102265,0.0,52.66136,0.0
non_neural,ENSG00000126759,0.0,52.66136,0.0
non_neural,ENSG00000017483,0.0,52.66136,0.0
non_neural,ENSG00000015285,0.0,52.66136,0.0
non_neural,ENSG00000102096,-0.0,52.66136,0.0
non_neural,ENSG00000147144,-0.0,52.66136,0.0
non_neural,ENSG00000158578,-0.0,52.66136,0.0
non_neural,ENSG00000102349,-0.0,52.66136,0.0
non_neural,ENSG00000165591,-0.0,52.66136,0.0
non_neural,ENSG00000147065,-0.0,52.66136,0.0
non_neural,ENSG00000274536,0.0,52.66136,0.0
non_neural,ENSG00000155659,0.0,52.66136,0.0
non_neural,ENSG00000169083,0.0,52.66136,0.0
non_neural,ENSG00000147168,0.0,52.66136,0.0
non_neural,ENSG00000169562,-0.0,52.66136,0.0
non_neural,ENSG00000147100,0.0,52.66136,0.0
non_neural,ENSG00000078596,0.0,52.66136,0.0
non_neural,ENSG00000131171,0.0,52.66136,0.0
non_neural,ENSG00000000003,0.0,52.66136,0.0
non_neural,ENSG00000010671,0.0,52.66136,0.0
non_neural,ENSG00000126947,0.0,52.66136,0.0
non_neural,ENSG00000184867,-0.0,52.66136,0.0
non_neural,ENSG00000204065,0.0,52.66136,0.0
non_neural,ENSG00000182916,0.0,52.66136,0.0
non_neural,ENSG00000196507,-0.0,52.66136,0.0
non_neural,ENSG00000123570,-0.0,52.66136,0.0
non_neural,ENSG00000197565,0.0,52.66136,0.0
non_neural,ENSG00000188153,0.0,52.66136,0.0
non_neural,ENSG00000101938,0.0,52.66136,0.0
non_neural,ENSG00000102024,0.0,52.66136,0.0
non_neural,ENSG00000125675,-0.0,52.66136,0.0
non_neural,ENSG00000102038,0.0,52.66136,0.0
non_neural,ENSG00000122122,-0.0,52.66136,0.0
non_neural,ENSG00000102034,0.0,52.66136,0.0
non_neural,ENSG00000147256,-0.0,52.66136,0.0
non_neural,ENSG00000134602,-0.0,52.66136,0.0
non_neural,ENSG00000147257,0.0,52.66136,0.0
non_neural,ENSG00000184785,-0.0,52.66136,0.0
non_neural,ENSG00000212747,-0.0,52.66136,0.0
non_neural,ENSG00000196972,0.0,52.66136,0.0
non_neural,ENSG00000022267,-0.0,52.66136,0.0
non_neural,ENSG00000147378,0.0,52.66136,0.0
non_neural,ENSG00000183837,0.0,52.66136,0.0
non_neural,ENSG00000183479,0.0,52.66136,0.0
non_neural,ENSG00000089820,-0.0,52.66136,0.0
non_neural,ENSG00000129824,-0.0,52.66136,0.0
non_neural,ENSG00000067048,-0.0,52.66136,0.0
